elapsed_s,phase,excitation_torque,ff_torque,reference_angle,reference_velocity,reference_acceleration,measured_torque,measured_velocity,measured_velocity_imu,measured_angle,pitch_angle,temperature,condition_id,condition_type,condition_elapsed_s,wallclock_s,pitch_torque,pitch_temperature,pitch_world_angle
0,2,2,nan,nan,nan,nan,-0.575244,0,-0.00213059,3.93102,5.91743,33,20,step,0,1.79069e+09,-3.68833,52,0.262174
0.001,2,2,nan,nan,nan,nan,-0.575244,0,-0.00319589,3.93102,5.91743,33,20,step,0.001,1.79069e+09,-3.66577,52,0.262168
0.002,2,2,nan,nan,nan,nan,-0.541406,0,-0.00532648,3.93102,5.91743,33,20,step,0.002,1.79069e+09,-3.55298,52,0.262155
0.003,2,2,nan,nan,nan,nan,-0.541406,0,0.0010653,3.93102,5.91743,33,20,step,0.003,1.79069e+09,-3.68833,52,0.262138
0.004,2,2,nan,nan,nan,nan,0.124072,0.0471239,0.00426119,3.93102,5.91743,33,20,step,0.004,1.79069e+09,-3.71089,52,0.262164
0.005,2,2,nan,nan,nan,nan,0.124072,0.0471239,-0.00958767,3.93102,5.91743,33,20,step,0.005,1.79069e+09,-3.72217,52,0.262183
0.006,2,2,nan,nan,nan,nan,0.597803,0.221657,-0.00958767,3.9315,5.91743,33,20,step,0.006,1.79069e+09,-3.66577,52,0.262183
0.007,2,2,nan,nan,nan,nan,0.597803,0.221657,0.00426119,3.9315,5.91743,33,20,step,0.007,1.79069e+09,-3.66577,52,0.262183
0.008,2,2,nan,nan,nan,nan,0.981299,0.432842,0.0223712,3.93226,5.91743,33,20,step,0.008,1.79069e+09,-3.55298,52,0.262183
0.009,2,2,nan,nan,nan,nan,0.981299,0.432842,0.0138489,3.93226,5.91743,33,20,step,0.009,1.79069e+09,-3.55298,52,0.262182
0.01,2,2,nan,nan,nan,nan,1.252,0.712094,0.00319589,3.93361,5.91743,33,20,step,0.01,1.79069e+09,-3.57554,52,0.262191
0.011,2,2,nan,nan,nan,nan,1.252,0.712094,0.00532648,3.93361,5.91743,33,20,step,0.011,1.79069e+09,-3.69961,52,0.262236
0.012,2,2,nan,nan,nan,nan,1.65806,0.659734,0.0340895,3.93495,5.91743,33,20,step,0.012,1.79069e+09,-3.55298,52,0.262256
0.013,2,2,nan,nan,nan,nan,1.65806,0.659734,0.0447425,3.93495,5.91743,33,20,step,0.013,1.79069e+09,-3.63193,52,0.262275
0.014,2,2,nan,nan,nan,nan,2.04155,0.141372,0.0532648,3.93543,5.91743,33,20,step,0.014,1.79069e+09,-3.67705,52,0.262282
0.015,2,2,nan,nan,nan,nan,2.04155,0.141372,0.0724402,3.93543,5.91743,33,20,step,0.015,1.79069e+09,-3.57554,52,0.26232
0.016,2,2,nan,nan,nan,nan,2.05283,-0.195477,0.0777667,3.93514,5.91743,33,20,step,0.016,1.79069e+09,-3.72217,52,0.262374
0.017,2,2,nan,nan,nan,nan,2.05283,-0.195477,0.0905502,3.93514,5.91743,33,20,step,0.017,1.79069e+09,-3.5417,52,0.262402
0.018,2,2,nan,nan,nan,nan,1.98516,-0.0314159,0.109726,3.93504,5.91743,33,20,step,0.018,1.79069e+09,-3.57554,52,0.262476
0.019,2,2,nan,nan,nan,nan,1.98516,-0.0314159,0.119313,3.93504,5.91743,33,20,step,0.019,1.79069e+09,-3.55298,52,0.262515
0.02,2,2,nan,nan,nan,nan,1.95132,0.174533,0.118248,3.93533,5.91743,33,20,step,0.02,1.79069e+09,-3.53042,52,0.262602
0.021,2,2,nan,nan,nan,nan,1.95132,0.174533,0.137423,3.93533,5.91743,33,20,step,0.021,1.79069e+09,-3.49658,52,0.262633
0.022,2,2,nan,nan,nan,nan,1.97388,0.191986,0.16086,3.93572,5.91743,33,20,step,0.022,1.79069e+09,-3.58682,52,0.262628
0.023,2,2,nan,nan,nan,nan,1.97388,0.191986,0.155533,3.93572,5.91743,33,20,step,0.023,1.79069e+09,-3.63193,52,0.262597
0.024,2,2,nan,nan,nan,nan,1.94004,0.197222,0.159795,3.9361,5.91743,33,20,step,0.024,1.79069e+09,-3.5417,52,0.262597
0.025,2,2,nan,nan,nan,nan,1.94004,0.197222,0.17897,3.9361,5.91743,33,20,step,0.025,1.79069e+09,-3.57554,52,0.262648
0.026,2,2,nan,nan,nan,nan,1.95132,0.191986,0.183231,3.93648,5.91743,33,20,step,0.026,1.79069e+09,-3.57554,52,0.262693
0.027,2,2,nan,nan,nan,nan,1.95132,0.191986,0.201341,3.93648,5.91743,33,20,step,0.027,1.79069e+09,-3.63193,52,0.26273
0.028,2,2,nan,nan,nan,nan,1.94004,0.242601,0.207733,3.93696,5.91743,33,20,step,0.028,1.79069e+09,-3.64321,52,0.262774
0.029,2,2,nan,nan,nan,nan,1.94004,0.242601,0.208798,3.93696,5.91743,33,20,step,0.029,1.79069e+09,-3.49658,52,0.262811
0.03,2,2,nan,nan,nan,nan,1.95132,0.256563,0.222647,3.93744,5.91743,33,20,step,0.03,1.79069e+09,-3.49658,52,0.262818
0.031,2,2,nan,nan,nan,nan,1.95132,0.256563,0.238627,3.93744,5.91743,33,20,step,0.031,1.79069e+09,-3.51914,52,0.262853
0.032,2,2,nan,nan,nan,nan,2.06411,0.26529,0.279108,3.93802,5.91743,33,20,step,0.032,1.79069e+09,-3.51914,52,0.262877
0.033,2,2,nan,nan,nan,nan,2.06411,0.26529,0.272716,3.93802,5.91743,33,20,step,0.033,1.79069e+09,-3.62065,52,0.262922
0.034,2,2,nan,nan,nan,nan,2.07539,0.289725,0.280173,3.93859,5.91743,33,20,step,0.034,1.79069e+09,-3.49658,52,0.262953
0.035,2,2,nan,nan,nan,nan,2.07539,0.289725,0.291891,3.93859,5.91743,33,20,step,0.035,1.79069e+09,-3.47402,52,0.26295
0.036,2,2,nan,nan,nan,nan,2.08667,0.315905,0.289761,3.93917,5.91743,33,20,step,0.036,1.79069e+09,-3.4853,52,0.262984
0.037,2,2,nan,nan,nan,nan,2.08667,0.315905,0.297218,3.93917,5.91743,33,20,step,0.037,1.79069e+09,-3.5417,52,0.263019
0.038,2,2,nan,nan,nan,nan,2.07539,0.331613,0.318524,3.93984,5.91743,33,20,step,0.038,1.79069e+09,-3.51914,52,0.263024
0.039,2,2,nan,nan,nan,nan,2.07539,0.331613,0.324916,3.93984,5.91743,33,20,step,0.039,1.79069e+09,-3.49658,52,0.26304
0.04,2,2,nan,nan,nan,nan,2.03027,0.315905,0.313197,3.94051,5.91743,33,20,step,0.04,1.79069e+09,-3.51914,52,0.263085
0.041,2,2,nan,nan,nan,nan,2.03027,0.315905,0.331307,3.94051,5.91743,33,20,step,0.041,1.79069e+09,-3.49658,52,0.263105
0.042,2,2,nan,nan,nan,nan,1.99644,0.345575,0.345156,3.94118,5.91743,33,20,step,0.042,1.79069e+09,-3.44019,52,0.263125
0.043,2,2,nan,nan,nan,nan,1.99644,0.345575,0.345156,3.94118,5.91743,33,20,step,0.043,1.79069e+09,-3.47402,52,0.263118
0.044,2,2,nan,nan,nan,nan,1.97388,0.418879,0.333438,3.94195,5.91743,33,20,step,0.044,1.79069e+09,-3.4853,52,0.263128
0.045,2,2,nan,nan,nan,nan,1.97388,0.418879,0.361136,3.94195,5.91743,33,20,step,0.045,1.79069e+09,-3.49658,52,0.263143
0.046,2,2,nan,nan,nan,nan,1.89492,0.47822,0.385637,3.94291,5.91743,33,20,step,0.046,1.79069e+09,-3.57554,52,0.263189
0.047,2,2,nan,nan,nan,nan,1.89492,0.47822,0.392029,3.94291,5.91743,33,20,step,0.047,1.79069e+09,-3.47402,52,0.263237
0.048,2,2,nan,nan,nan,nan,2.05283,0.479966,0.389899,3.94396,5.91743,33,20,step,0.048,1.79069e+09,-3.45146,52,0.263246
0.049,2,2,nan,nan,nan,nan,2.05283,0.479966,0.414401,3.94396,5.91743,33,20,step,0.049,1.79069e+09,-3.47402,52,0.263259
0.05,2,2,nan,nan,nan,nan,2.00771,0.439823,0.420792,3.94482,5.91743,33,20,step,0.05,1.79069e+09,-3.49658,52,0.263263
0.051,2,2,nan,nan,nan,nan,2.00771,0.439823,0.411205,3.94482,5.91743,33,20,step,0.051,1.79069e+09,-3.49658,52,0.263266
0.052,2,2,nan,nan,nan,nan,2.03027,0.439823,0.457012,3.94559,5.91743,33,20,step,0.052,1.79069e+09,-3.4853,52,0.263269
0.053,2,2,nan,nan,nan,nan,2.03027,0.439823,0.467665,3.94559,5.91743,33,20,step,0.053,1.79069e+09,-3.66577,52,0.263298
0.054,2,2,nan,nan,nan,nan,1.99644,0.499164,0.459143,3.94664,5.91743,33,20,step,0.054,1.79069e+09,-3.49658,52,0.263316
0.055,2,2,nan,nan,nan,nan,1.99644,0.499164,0.477253,3.94664,5.91743,33,20,step,0.055,1.79069e+09,-3.47402,52,0.263324
0.056,2,2,nan,nan,nan,nan,2.05283,0.516617,0.472992,3.9477,5.91743,33,20,step,0.056,1.79069e+09,-3.63193,52,0.263368
0.057,2,2,nan,nan,nan,nan,2.05283,0.516617,0.481514,3.9477,5.91743,33,20,step,0.057,1.79069e+09,-3.47402,52,0.263398
0.058,2,2,nan,nan,nan,nan,1.95132,0.483456,0.504951,3.94866,5.91743,33,20,step,0.058,1.79069e+09,-3.4853,52,0.263411
0.059,2,2,nan,nan,nan,nan,1.95132,0.483456,0.529453,3.94866,5.91743,33,20,step,0.059,1.79069e+09,-3.58682,52,0.26344
0.06,2,2,nan,nan,nan,nan,1.98516,0.493928,0.525191,3.94962,5.91743,33,20,step,0.06,1.79069e+09,-3.45146,52,0.263484
0.061,2,2,nan,nan,nan,nan,1.98516,0.493928,0.528387,3.94962,5.91743,33,20,step,0.061,1.79069e+09,-3.45146,52,0.263527
0.062,2,2,nan,nan,nan,nan,1.97388,0.574213,0.542236,3.95077,5.91743,33,20,step,0.062,1.79069e+09,-3.42891,52,0.263538
0.063,2,2,nan,nan,nan,nan,1.97388,0.574213,0.537975,3.95077,5.91743,33,20,step,0.063,1.79069e+09,-3.55298,52,0.263504
0.064,2,2,nan,nan,nan,nan,1.98516,0.621337,0.565673,3.95201,5.91743,33,20,step,0.064,1.79069e+09,-3.60938,52,0.263489
0.065,2,2,nan,nan,nan,nan,1.98516,0.621337,0.586979,3.95201,5.91743,33,20,step,0.065,1.79069e+09,-3.65449,52,0.263469
0.066,2,2,nan,nan,nan,nan,2.03027,0.621337,0.572064,3.95326,5.91743,33,20,step,0.066,1.79069e+09,-3.63193,52,0.263471
0.067,2,2,nan,nan,nan,nan,2.03027,0.621337,0.579522,3.95326,5.91743,33,20,step,0.067,1.79069e+09,-3.47402,52,0.26349
0.068,2,2,nan,nan,nan,nan,2.04155,0.628319,0.598697,3.95451,5.91743,33,20,step,0.068,1.79069e+09,-3.44019,52,0.263525
0.069,2,2,nan,nan,nan,nan,2.04155,0.628319,0.614676,3.95451,5.91743,33,20,step,0.069,1.79069e+09,-3.53042,52,0.263548
0.07,2,2,nan,nan,nan,nan,1.9626,0.614356,0.61148,3.95575,5.91743,33,20,step,0.07,1.79069e+09,-3.58682,52,0.263571
0.071,2,2,nan,nan,nan,nan,1.9626,0.614356,0.612546,3.95575,5.91743,33,20,step,0.071,1.79069e+09,-3.49658,52,0.263586
0.072,2,2,nan,nan,nan,nan,1.94004,0.561996,0.637048,3.9569,5.91743,33,20,step,0.072,1.79069e+09,-3.45146,52,0.263628
0.073,2,2,nan,nan,nan,nan,1.94004,0.561996,0.650896,3.9569,5.91743,33,20,step,0.073,1.79069e+09,-3.44019,52,0.26368
0.074,2,2,nan,nan,nan,nan,1.94004,0.607375,0.635982,3.95805,5.91743,33,20,step,0.074,1.79069e+09,-3.58682,52,0.263726
0.075,2,2,nan,nan,nan,nan,1.94004,0.607375,0.644505,3.95805,5.91743,33,20,step,0.075,1.79069e+09,-3.37251,52,0.263747
0.076,2,2,nan,nan,nan,nan,1.88364,0.706858,0.672202,3.95949,5.91743,33,20,step,0.076,1.79069e+09,-3.41763,52,0.263729
0.077,2,2,nan,nan,nan,nan,1.88364,0.706858,0.658354,3.95949,5.91743,33,20,step,0.077,1.79069e+09,-3.56426,52,0.263726
0.078,2,2,nan,nan,nan,nan,2.05283,0.776672,0.671137,3.96103,5.91743,33,20,step,0.078,1.79069e+09,-3.62065,52,0.263717
0.079,2,2,nan,nan,nan,nan,2.05283,0.776672,0.68179,3.96103,5.91743,33,20,step,0.079,1.79069e+09,-3.56426,52,0.263724
0.08,2,2,nan,nan,nan,nan,1.9062,0.788889,0.691378,3.96256,5.91743,33,20,step,0.08,1.79069e+09,-3.44019,52,0.263753
0.081,2,2,nan,nan,nan,nan,1.9062,0.788889,0.691378,3.96256,5.91743,33,20,step,0.081,1.79069e+09,-3.5417,52,0.263774
0.082,2,2,nan,nan,nan,nan,2.04155,0.68766,0.691378,3.964,5.91743,33,20,step,0.082,1.79069e+09,-3.53042,52,0.263807
0.083,2,2,nan,nan,nan,nan,2.04155,0.68766,0.719075,3.964,5.91743,33,20,step,0.083,1.79069e+09,-3.56426,52,0.263827
0.084,2,2,nan,nan,nan,nan,1.89492,0.638791,0.73612,3.96524,5.91743,33,20,step,0.084,1.79069e+09,-3.56426,52,0.263827
0.085,2,2,nan,nan,nan,nan,1.89492,0.638791,0.735055,3.96524,5.91743,33,20,step,0.085,1.79069e+09,-3.58682,52,0.263849
0.086,2,2,nan,nan,nan,nan,1.8498,0.715585,0.744643,3.96668,5.91743,33,20,step,0.086,1.79069e+09,-3.56426,52,0.263864
0.087,2,2,nan,nan,nan,nan,1.8498,0.715585,0.743577,3.96668,5.91743,33,20,step,0.087,1.79069e+09,-3.56426,52,0.263886
0.088,2,2,nan,nan,nan,nan,1.89492,0.825541,0.748904,3.96831,5.91743,33,20,step,0.088,1.79069e+09,-3.56426,52,0.263903
0.089,2,2,nan,nan,nan,nan,1.89492,0.825541,0.7521,3.96831,5.91743,33,20,step,0.089,1.79069e+09,-3.38379,52,0.263913
0.09,2,2,nan,nan,nan,nan,1.88364,0.919789,0.761687,3.97013,5.91743,33,20,step,0.09,1.79069e+09,-3.53042,52,0.263921
0.091,2,2,nan,nan,nan,nan,1.88364,0.919789,0.787254,3.97013,5.91743,33,20,step,0.091,1.79069e+09,-3.5417,52,0.263897
0.092,2,2,nan,nan,nan,nan,1.97388,0.855211,0.802169,3.97186,5.91743,33,20,step,0.092,1.79069e+09,-3.55298,52,0.263917
0.093,2,2,nan,nan,nan,nan,1.97388,0.855211,0.795777,3.97186,5.91743,33,20,step,0.093,1.79069e+09,-3.5981,52,0.263956
0.094,2,2,nan,nan,nan,nan,1.95132,0.753982,0.801103,3.97339,5.91743,33,20,step,0.094,1.79069e+09,-3.41763,52,0.263994
0.095,2,2,nan,nan,nan,nan,1.95132,0.753982,0.810691,3.97339,5.91743,33,20,step,0.095,1.79069e+09,-3.55298,52,0.26403
0.096,2,2,nan,nan,nan,nan,2.01899,0.773181,0.82454,3.97493,5.91743,33,20,step,0.096,1.79069e+09,-3.50786,52,0.264047
0.097,2,2,nan,nan,nan,nan,2.01899,0.773181,0.838389,3.97493,5.91743,33,20,step,0.097,1.79069e+09,-3.53042,52,0.264066
0.098,2,2,nan,nan,nan,nan,1.99644,0.856957,0.835193,3.97665,5.91743,33,20,step,0.098,1.79069e+09,-3.53042,52,0.264069
0.099,2,2,nan,nan,nan,nan,1.99644,0.856957,0.84265,3.97665,5.91743,33,20,step,0.099,1.79069e+09,-3.53042,52,0.264082
0.1,2,2,nan,nan,nan,nan,1.94004,0.928515,0.845846,3.97857,5.91743,33,20,step,0.1,1.79069e+09,-3.56426,52,0.264093
0.101,2,2,nan,nan,nan,nan,1.94004,0.928515,0.853303,3.97857,5.91743,33,20,step,0.101,1.79069e+09,-3.51914,52,0.264082
0.102,2,2,nan,nan,nan,nan,1.92876,0.886627,0.875674,3.9803,5.91743,33,20,step,0.102,1.79069e+09,-3.53042,52,0.264075
0.103,2,2,nan,nan,nan,nan,1.92876,0.886627,0.855433,3.9803,5.91743,33,20,step,0.103,1.79069e+09,-3.53042,52,0.264073
0.104,2,2,nan,nan,nan,nan,1.94004,0.895354,0.879935,3.98202,5.91743,33,20,step,0.104,1.79069e+09,-3.49658,52,0.26406
0.105,2,2,nan,nan,nan,nan,1.94004,0.895354,0.884196,3.98202,5.91743,33,20,step,0.105,1.79069e+09,-3.55298,52,0.264039
0.106,2,2,nan,nan,nan,nan,1.98516,0.93026,0.882066,3.98384,5.91743,33,20,step,0.106,1.79069e+09,-3.58682,52,0.264048
0.107,2,2,nan,nan,nan,nan,1.98516,0.93026,0.895915,3.98384,5.91743,33,20,step,0.107,1.79069e+09,-3.62065,52,0.264079
0.108,2,2,nan,nan,nan,nan,1.86108,0.987856,0.900176,3.98586,5.91743,33,20,step,0.108,1.79069e+09,-3.51914,52,0.264102
0.109,2,2,nan,nan,nan,nan,1.86108,0.987856,0.910829,3.98586,5.91743,33,20,step,0.109,1.79069e+09,-3.49658,52,0.264108
0.11,2,2,nan,nan,nan,nan,1.89492,0.966912,0.921482,3.98777,5.91743,33,20,step,0.11,1.79069e+09,-3.50786,52,0.264119
0.111,2,2,nan,nan,nan,nan,1.89492,0.966912,0.923612,3.98777,5.91743,33,20,step,0.111,1.79069e+09,-3.5417,52,0.264125
0.112,2,2,nan,nan,nan,nan,1.94004,0.973894,0.927874,3.98988,5.91743,33,20,step,0.112,1.79069e+09,-3.50786,52,0.264131
0.113,2,2,nan,nan,nan,nan,1.94004,0.973894,0.950245,3.98988,5.91743,33,20,step,0.113,1.79069e+09,-3.50786,52,0.264147
0.114,2,2,nan,nan,nan,nan,2.05283,0.973894,0.938527,3.99171,5.91743,33,20,step,0.114,1.79069e+09,-3.49658,52,0.264169
0.115,2,2,nan,nan,nan,nan,2.05283,0.973894,0.950245,3.99171,5.91743,33,20,step,0.115,1.79069e+09,-3.53042,52,0.264216
0.116,2,2,nan,nan,nan,nan,1.92876,1.01578,0.968355,3.99372,5.91743,33,20,step,0.116,1.79069e+09,-3.45146,52,0.264245
0.117,2,2,nan,nan,nan,nan,1.92876,1.01578,0.968355,3.99372,5.91743,33,20,step,0.117,1.79069e+09,-3.46274,52,0.26424
0.118,2,2,nan,nan,nan,nan,1.98516,1.01229,0.975812,3.99583,5.91743,33,20,step,0.118,1.79069e+09,-3.47402,52,0.264215
0.119,2,2,nan,nan,nan,nan,1.98516,1.01229,0.990726,3.99583,5.91743,33,20,step,0.119,1.79069e+09,-3.38379,52,0.264182
0.12,2,2,nan,nan,nan,nan,1.98516,1.06465,1.01629,3.99784,5.91743,33,20,step,0.12,1.79069e+09,-3.57554,52,0.264181
0.121,2,2,nan,nan,nan,nan,1.98516,1.06465,1.01842,3.99784,5.91743,33,20,step,0.121,1.79069e+09,-3.53042,52,0.264207
0.122,2,2,nan,nan,nan,nan,2.01899,1.10479,1.01842,4.00005,5.91743,33,20,step,0.122,1.79069e+09,-3.53042,52,0.264224
0.123,2,2,nan,nan,nan,nan,2.01899,1.10479,1.02908,4.00005,5.91743,33,20,step,0.123,1.79069e+09,-3.45146,52,0.264243
0.124,2,2,nan,nan,nan,nan,2.01899,1.04371,1.03014,4.00216,5.91743,33,20,step,0.124,1.79069e+09,-3.42891,52,0.264257
0.125,2,2,nan,nan,nan,nan,2.01899,1.04371,1.05784,4.00216,5.91743,33,20,step,0.125,1.79069e+09,-3.47402,52,0.264262
0.126,2,2,nan,nan,nan,nan,2.04155,1.01753,1.0376,4.00417,5.91743,33,20,step,0.126,1.79069e+09,-3.4853,52,0.264281
0.127,2,2,nan,nan,nan,nan,2.04155,1.01753,1.03334,4.00417,5.91743,33,20,step,0.127,1.79069e+09,-3.47402,52,0.264298
0.128,2,2,nan,nan,nan,nan,2.06411,1.09083,1.05038,4.00637,5.91743,33,20,step,0.128,1.79069e+09,-3.50786,52,0.264329
0.129,2,2,nan,nan,nan,nan,2.06411,1.09083,1.04506,4.00637,5.91743,33,20,step,0.129,1.79069e+09,-3.45146,52,0.264347
0.13,2,2,nan,nan,nan,nan,1.99644,1.14668,1.05571,4.00868,5.91743,33,20,step,0.13,1.79069e+09,-3.42891,52,0.264341
0.131,2,2,nan,nan,nan,nan,1.99644,1.14668,1.07062,4.00868,5.91743,33,20,step,0.131,1.79069e+09,-3.42891,52,0.264334
0.132,2,2,nan,nan,nan,nan,1.98516,1.11527,1.08128,4.01088,5.91752,33,20,step,0.132,1.79069e+09,-3.4853,52,0.264312
0.133,2,2,nan,nan,nan,nan,1.98516,1.11527,1.09939,4.01088,5.91752,33,20,step,0.133,1.79069e+09,-3.49658,52,0.264315
0.134,2,2,nan,nan,nan,nan,2.07539,1.15541,1.10258,4.01318,5.91752,33,20,step,0.134,1.79069e+09,-3.53042,52,0.264332
0.135,2,2,nan,nan,nan,nan,2.07539,1.15541,1.10045,4.01318,5.91752,33,20,step,0.135,1.79069e+09,-3.44019,52,0.264337
0.136,2,2,nan,nan,nan,nan,1.98516,1.21649,1.08873,4.01558,5.91752,33,20,step,0.136,1.79069e+09,-3.47402,52,0.264374
0.137,2,2,nan,nan,nan,nan,1.98516,1.21649,1.09619,4.01558,5.91752,33,20,step,0.137,1.79069e+09,-3.4853,52,0.26438
0.138,2,2,nan,nan,nan,nan,1.97388,1.16763,1.1175,4.01798,5.91752,33,20,step,0.138,1.79069e+09,-3.41763,52,0.264379
0.139,2,2,nan,nan,nan,nan,1.97388,1.16763,1.14413,4.01798,5.91752,33,20,step,0.139,1.79069e+09,-3.45146,52,0.264393
0.14,2,2,nan,nan,nan,nan,2.00771,1.1589,1.13667,4.02028,5.91752,33,20,step,0.14,1.79069e+09,-3.49658,52,0.26441
0.141,2,2,nan,nan,nan,nan,2.00771,1.1589,1.13667,4.02028,5.91752,33,20,step,0.141,1.79069e+09,-3.45146,52,0.264418
0.142,2,2,nan,nan,nan,nan,1.89492,1.23395,1.15585,4.02277,5.91752,33,20,step,0.142,1.79069e+09,-3.30483,52,0.264431
0.143,2,2,nan,nan,nan,nan,1.89492,1.23395,1.17715,4.02277,5.91752,33,20,step,0.143,1.79069e+09,-3.47402,52,0.264468
0.144,2,2,nan,nan,nan,nan,1.88364,1.30027,1.15585,4.02536,5.91752,33,20,step,0.144,1.79069e+09,-3.42891,52,0.264477
0.145,2,2,nan,nan,nan,nan,1.88364,1.30027,1.16224,4.02536,5.91752,33,20,step,0.145,1.79069e+09,-3.41763,52,0.264469
0.146,2,2,nan,nan,nan,nan,1.98516,1.24267,1.18461,4.02785,5.91752,33,20,step,0.146,1.79069e+09,-3.47402,52,0.264481
0.147,2,2,nan,nan,nan,nan,1.98516,1.24267,1.20272,4.02785,5.91752,33,20,step,0.147,1.79069e+09,-3.45146,52,0.264473
0.148,2,2,nan,nan,nan,nan,1.9062,1.23046,1.2187,4.03034,5.91752,33,20,step,0.148,1.79069e+09,-3.47402,52,0.264517
0.149,2,2,nan,nan,nan,nan,1.9062,1.23046,1.21231,4.03034,5.91752,33,20,step,0.149,1.79069e+09,-3.44019,52,0.264556
0.15,2,2,nan,nan,nan,nan,1.9062,1.24617,1.21018,4.03284,5.91752,33,20,step,0.15,1.79069e+09,-3.39507,52,0.264556
0.151,2,2,nan,nan,nan,nan,1.9062,1.24617,1.21444,4.03284,5.91752,33,20,step,0.151,1.79069e+09,-3.41763,52,0.264568
0.152,2,2,nan,nan,nan,nan,1.99644,1.26187,1.21657,4.03533,5.91752,33,20,step,0.152,1.79069e+09,-3.42891,52,0.264576
0.153,2,2,nan,nan,nan,nan,1.99644,1.26187,1.22722,4.03533,5.91752,33,20,step,0.153,1.79069e+09,-3.40635,52,0.264585
0.154,2,2,nan,nan,nan,nan,1.9062,1.30551,1.26131,4.03792,5.91752,33,20,step,0.154,1.79069e+09,-3.41763,52,0.264583
0.155,2,2,nan,nan,nan,nan,1.9062,1.30551,1.2464,4.03792,5.91752,33,20,step,0.155,1.79069e+09,-3.44019,52,0.264595
0.156,2,2,nan,nan,nan,nan,1.92876,1.35263,1.25492,4.04079,5.91752,33,20,step,0.156,1.79069e+09,-3.28228,52,0.264597
0.157,2,2,nan,nan,nan,nan,1.92876,1.35263,1.25385,4.04079,5.91752,33,20,step,0.157,1.79069e+09,-3.41763,52,0.26461
0.158,2,2,nan,nan,nan,nan,2.06411,1.33169,1.26983,4.04329,5.91752,33,20,step,0.158,1.79069e+09,-3.41763,52,0.264611
0.159,2,2,nan,nan,nan,nan,2.06411,1.33169,1.29221,4.04329,5.91752,33,20,step,0.159,1.79069e+09,-3.41763,52,0.264622
0.16,2,2,nan,nan,nan,nan,1.99644,1.33692,1.28901,4.04597,5.91752,33,20,step,0.16,1.79069e+09,-3.41763,52,0.264613
0.161,2,2,nan,nan,nan,nan,1.99644,1.33692,1.30605,4.04597,5.91752,33,20,step,0.161,1.79069e+09,-3.40635,52,0.264631
0.162,2,2,nan,nan,nan,nan,1.98516,1.33867,1.32629,4.04865,5.91752,33,20,step,0.162,1.79069e+09,-3.44019,52,0.264664
0.163,2,2,nan,nan,nan,nan,1.98516,1.33867,1.3231,4.04865,5.91752,33,20,step,0.163,1.79069e+09,-3.37251,52,0.264665
0.164,2,2,nan,nan,nan,nan,2.05283,1.38579,1.32097,4.05134,5.91752,33,20,step,0.164,1.79069e+09,-3.39507,52,0.264669
0.165,2,2,nan,nan,nan,nan,2.05283,1.38579,1.31671,4.05134,5.91752,33,20,step,0.165,1.79069e+09,-3.41763,52,0.264659
0.166,2,2,nan,nan,nan,nan,1.97388,1.40324,1.33162,4.05422,5.91752,33,20,step,0.166,1.79069e+09,-3.40635,52,0.264643
0.167,2,2,nan,nan,nan,nan,1.97388,1.40324,1.36038,4.05422,5.91762,33,20,step,0.167,1.79069e+09,-3.28228,52,0.264661
0.168,2,2,nan,nan,nan,nan,2.06411,1.35088,1.33269,4.0569,5.91762,33,20,step,0.168,1.79069e+09,-3.42891,52,0.264664
0.169,2,2,nan,nan,nan,nan,2.06411,1.35088,1.34121,4.0569,5.91762,33,20,step,0.169,1.79069e+09,-3.37251,52,0.264679
0.17,2,2,nan,nan,nan,nan,2.01899,1.3823,1.34867,4.05968,5.91762,33,20,step,0.17,1.79069e+09,-3.37251,52,0.264697
0.171,2,2,nan,nan,nan,nan,2.01899,1.3823,1.35186,4.05968,5.91762,33,20,step,0.171,1.79069e+09,-3.37251,52,0.264693
0.172,2,2,nan,nan,nan,nan,1.92876,1.41546,1.37104,4.06246,5.91762,33,20,step,0.172,1.79069e+09,-3.33867,52,0.264687
0.173,2,2,nan,nan,nan,nan,1.92876,1.41546,1.35506,4.06246,5.91762,33,20,step,0.173,1.79069e+09,-3.38379,52,0.264681
0.174,2,2,nan,nan,nan,nan,1.97388,1.46084,1.39554,4.06543,5.91762,33,20,step,0.174,1.79069e+09,-3.36123,52,0.264663
0.175,2,2,nan,nan,nan,nan,1.97388,1.46084,1.40619,4.06543,5.91762,33,20,step,0.175,1.79069e+09,-3.37251,52,0.264642
0.176,2,2,nan,nan,nan,nan,1.89492,1.52367,1.38915,4.0684,5.91762,33,20,step,0.176,1.79069e+09,-3.36123,52,0.264643
0.177,2,2,nan,nan,nan,nan,1.89492,1.52367,1.38062,4.0684,5.91762,33,20,step,0.177,1.79069e+09,-3.41763,52,0.264653
0.178,2,2,nan,nan,nan,nan,1.9062,1.48702,1.41365,4.07147,5.91762,33,20,step,0.178,1.79069e+09,-3.37251,52,0.264664
0.179,2,2,nan,nan,nan,nan,1.9062,1.48702,1.41578,4.07147,5.91762,33,20,step,0.179,1.79069e+09,-3.38379,52,0.264665
0.18,2,2,nan,nan,nan,nan,1.95132,1.46433,1.42111,4.07435,5.91762,33,20,step,0.18,1.79069e+09,-3.30483,52,0.264684
0.181,2,2,nan,nan,nan,nan,1.95132,1.46433,1.45733,4.07435,5.91762,33,20,step,0.181,1.79069e+09,-3.38379,52,0.264682
0.182,2,2,nan,nan,nan,nan,1.9062,1.5324,1.45626,4.07742,5.91762,33,20,step,0.182,1.79069e+09,-3.34995,52,0.264693
0.183,2,2,nan,nan,nan,nan,1.9062,1.5324,1.42856,4.07742,5.91762,33,20,step,0.183,1.79069e+09,-3.38379,52,0.2647
0.184,2,2,nan,nan,nan,nan,2.03027,1.51146,1.44348,4.08048,5.91762,33,20,step,0.184,1.79069e+09,-3.36123,52,0.264706
0.185,2,2,nan,nan,nan,nan,2.03027,1.51146,1.46904,4.08048,5.91762,33,20,step,0.185,1.79069e+09,-3.29355,52,0.264711
0.186,2,2,nan,nan,nan,nan,1.9626,1.49924,1.47757,4.08346,5.91762,33,20,step,0.186,1.79069e+09,-3.36123,52,0.2647
0.187,2,2,nan,nan,nan,nan,1.9626,1.49924,1.45946,4.08346,5.91762,33,20,step,0.187,1.79069e+09,-3.32739,52,0.264688
0.188,2,2,nan,nan,nan,nan,1.98516,1.48178,1.4797,4.08662,5.91762,33,20,step,0.188,1.79069e+09,-3.36123,52,0.264697
0.189,2,2,nan,nan,nan,nan,1.98516,1.48178,1.49781,4.08662,5.91771,33,20,step,0.189,1.79069e+09,-3.33867,52,0.26472
0.19,2,2,nan,nan,nan,nan,2.03027,1.50796,1.5042,4.08959,5.91771,33,20,step,0.19,1.79069e+09,-3.31611,52,0.264734
0.191,2,2,nan,nan,nan,nan,2.03027,1.50796,1.51059,4.08959,5.91771,33,20,step,0.191,1.79069e+09,-3.29355,52,0.264734
0.192,2,2,nan,nan,nan,nan,1.88364,1.59698,1.49994,4.09276,5.91771,33,20,step,0.192,1.79069e+09,-3.31611,52,0.264739
0.193,2,2,nan,nan,nan,nan,1.88364,1.59698,1.53296,4.09276,5.91771,33,20,step,0.193,1.79069e+09,-3.33867,52,0.264721
0.194,2,2,nan,nan,nan,nan,2.07539,1.58999,1.54681,4.09573,5.91771,33,20,step,0.194,1.79069e+09,-3.30483,52,0.264704
0.195,2,2,nan,nan,nan,nan,2.07539,1.58999,1.51698,4.09573,5.91771,33,20,step,0.195,1.79069e+09,-3.36123,52,0.264706
0.196,2,2,nan,nan,nan,nan,2.01899,1.59349,1.53829,4.09899,5.91771,33,20,step,0.196,1.79069e+09,-3.32739,52,0.26471
0.197,2,2,nan,nan,nan,nan,2.01899,1.59349,1.54894,4.09899,5.91771,33,20,step,0.197,1.79069e+09,-3.24844,52,0.264706
0.198,2,2,nan,nan,nan,nan,1.98516,1.59523,1.54255,4.10215,5.91771,33,20,step,0.198,1.79069e+09,-3.28228,52,0.264706
0.199,2,2,nan,nan,nan,nan,1.98516,1.59523,1.55107,4.10215,5.91771,33,20,step,0.199,1.79069e+09,-3.30483,52,0.264709
0.2,2,2,nan,nan,nan,nan,1.97388,1.65632,1.57131,4.1056,5.91771,33,20,step,0.2,1.79069e+09,-3.30483,52,0.26471
0.201,2,2,nan,nan,nan,nan,1.97388,1.65632,1.55107,4.1056,5.91781,33,20,step,0.201,1.79069e+09,-3.29355,52,0.264698
0.202,2,2,nan,nan,nan,nan,1.94004,1.58999,1.57025,4.10886,5.91781,33,20,step,0.202,1.79069e+09,-3.31611,52,0.264709
0.203,2,2,nan,nan,nan,nan,1.94004,1.58999,1.57984,4.10886,5.91781,33,20,step,0.203,1.79069e+09,-3.20332,52,0.264712
0.204,2,2,nan,nan,nan,nan,1.99644,1.5865,1.60114,4.11203,5.91781,33,20,step,0.204,1.79069e+09,-3.29355,52,0.264711
0.205,2,2,nan,nan,nan,nan,1.99644,1.5865,1.60434,4.11203,5.91781,33,20,step,0.205,1.79069e+09,-3.31611,52,0.264706
0.206,2,2,nan,nan,nan,nan,1.9062,1.62839,1.62351,4.1151,5.91781,33,20,step,0.206,1.79069e+09,-3.24844,52,0.264696
0.207,2,2,nan,nan,nan,nan,1.9062,1.62839,1.62351,4.1151,5.91781,33,20,step,0.207,1.79069e+09,-3.31611,52,0.264681
0.208,2,2,nan,nan,nan,nan,1.95132,1.67726,1.6086,4.11845,5.91781,33,20,step,0.208,1.79069e+09,-3.29355,52,0.264662
0.209,2,2,nan,nan,nan,nan,1.95132,1.67726,1.62671,4.11845,5.91781,33,20,step,0.209,1.79069e+09,-3.33867,52,0.264655
0.21,2,2,nan,nan,nan,nan,1.89492,1.7558,1.64162,4.1219,5.91781,33,20,step,0.21,1.79069e+09,-3.29355,52,0.264662
0.211,2,2,nan,nan,nan,nan,1.89492,1.7558,1.6331,4.1219,5.91781,33,20,step,0.211,1.79069e+09,-3.271,52,0.264687
0.212,2,2,nan,nan,nan,nan,2.00771,1.70693,1.62351,4.12535,5.91781,33,20,step,0.212,1.79069e+09,-3.271,52,0.264691
0.213,2,2,nan,nan,nan,nan,2.00771,1.70693,1.63417,4.12535,5.91781,33,20,step,0.213,1.79069e+09,-3.23716,52,0.264659
0.214,2,2,nan,nan,nan,nan,1.94004,1.74184,1.64162,4.12881,5.91791,33,20,step,0.214,1.79069e+09,-3.29355,52,0.264639
0.215,2,2,nan,nan,nan,nan,1.94004,1.74184,1.6608,4.12881,5.91791,33,20,step,0.215,1.79069e+09,-3.31611,52,0.264627
0.216,2,2,nan,nan,nan,nan,2.04155,1.68773,1.67358,4.13226,5.91791,33,20,step,0.216,1.79069e+09,-3.28228,52,0.26464
0.217,2,2,nan,nan,nan,nan,2.04155,1.68773,1.68423,4.13226,5.91791,33,20,step,0.217,1.79069e+09,-3.31611,52,0.264687
0.218,2,2,nan,nan,nan,nan,2.03027,1.66853,1.69169,4.13552,5.91791,33,20,step,0.218,1.79069e+09,-3.10181,52,0.264698
0.219,2,2,nan,nan,nan,nan,2.03027,1.66853,1.69808,4.13552,5.91791,33,20,step,0.219,1.79069e+09,-3.2146,52,0.264693
0.22,2,2,nan,nan,nan,nan,2.00771,1.66853,1.69915,4.13887,5.918,33,20,step,0.22,1.79069e+09,-3.24844,52,0.264691
0.221,2,2,nan,nan,nan,nan,2.00771,1.66853,1.71406,4.13887,5.918,33,20,step,0.221,1.79069e+09,-3.22588,52,0.26468
0.222,2,2,nan,nan,nan,nan,1.88364,1.74707,1.72685,4.14252,5.918,33,20,step,0.222,1.79069e+09,-3.22588,52,0.264676
0.223,2,2,nan,nan,nan,nan,1.88364,1.74707,1.73111,4.14252,5.918,33,20,step,0.223,1.79069e+09,-3.24844,52,0.264677
0.224,2,2,nan,nan,nan,nan,1.94004,1.81514,1.72472,4.14597,5.918,33,20,step,0.224,1.79069e+09,-3.24844,52,0.264673
0.225,2,2,nan,nan,nan,nan,1.94004,1.81514,1.75241,4.14597,5.918,33,20,step,0.225,1.79069e+09,-3.2146,52,0.264663
0.226,2,2,nan,nan,nan,nan,1.98516,1.85528,1.7407,4.14961,5.918,33,20,step,0.226,1.79069e+09,-3.22588,52,0.26466
0.227,2,2,nan,nan,nan,nan,1.98516,1.85528,1.72898,4.14961,5.918,33,20,step,0.227,1.79069e+09,-3.23716,52,0.264636
0.228,2,2,nan,nan,nan,nan,1.92876,1.85354,1.76094,4.15335,5.9181,33,20,step,0.228,1.79069e+09,-3.22588,52,0.264602
0.229,2,2,nan,nan,nan,nan,1.92876,1.85354,1.75348,4.15335,5.9181,33,20,step,0.229,1.79069e+09,-3.22588,52,0.264604
0.23,2,2,nan,nan,nan,nan,1.95132,1.8675,1.762,4.15709,5.9181,33,20,step,0.23,1.79069e+09,-3.271,52,0.264625
0.231,2,2,nan,nan,nan,nan,1.95132,1.8675,1.76626,4.15709,5.9181,33,20,step,0.231,1.79069e+09,-3.2146,52,0.264621
0.232,2,2,nan,nan,nan,nan,1.95132,1.82038,1.77159,4.16073,5.9181,33,20,step,0.232,1.79069e+09,-3.20332,52,0.264613
0.233,2,2,nan,nan,nan,nan,1.95132,1.82038,1.78544,4.16073,5.91819,33,20,step,0.233,1.79069e+09,-3.2146,52,0.264621
0.234,2,2,nan,nan,nan,nan,1.9626,1.81863,1.80461,4.16437,5.91819,33,20,step,0.234,1.79069e+09,-3.22588,52,0.264582
0.235,2,2,nan,nan,nan,nan,1.9626,1.81863,1.79929,4.16437,5.91819,33,20,step,0.235,1.79069e+09,-3.2146,52,0.264568
0.236,2,2,nan,nan,nan,nan,1.9062,1.83958,1.81953,4.16811,5.91819,33,20,step,0.236,1.79069e+09,-3.20332,52,0.264558
0.237,2,2,nan,nan,nan,nan,1.9062,1.83958,1.83231,4.16811,5.91819,33,20,step,0.237,1.79069e+09,-3.2146,52,0.264546
0.238,2,2,nan,nan,nan,nan,1.97388,1.92684,1.80887,4.17195,5.91819,33,20,step,0.238,1.79069e+09,-3.2146,52,0.264531
0.239,2,2,nan,nan,nan,nan,1.97388,1.92684,1.82272,4.17195,5.91829,33,20,step,0.239,1.79069e+09,-3.18076,52,0.264502
0.24,2,2,nan,nan,nan,nan,1.98516,1.9443,1.84296,4.17607,5.91829,33,20,step,0.24,1.79069e+09,-3.07925,52,0.2645
0.241,2,2,nan,nan,nan,nan,1.98516,1.9443,1.85255,4.17607,5.91829,33,20,step,0.241,1.79069e+09,-3.18076,52,0.264474
0.242,2,2,nan,nan,nan,nan,2.00771,1.93906,1.84936,4.17971,5.91829,33,20,step,0.242,1.79069e+09,-3.12437,52,0.264431
0.243,2,2,nan,nan,nan,nan,2.00771,1.93906,1.85255,4.17971,5.91829,33,20,step,0.243,1.79069e+09,-3.2146,52,0.264434
0.244,2,2,nan,nan,nan,nan,2.01899,1.98269,1.86427,4.18364,5.91829,33,20,step,0.244,1.79069e+09,-3.22588,52,0.264447
0.245,2,2,nan,nan,nan,nan,2.01899,1.98269,1.8632,4.18364,5.91839,33,20,step,0.245,1.79069e+09,-3.18076,52,0.264441
0.246,2,2,nan,nan,nan,nan,2.04155,1.91114,1.86533,4.18748,5.91839,33,20,step,0.246,1.79069e+09,-3.16948,52,0.264437
0.247,2,2,nan,nan,nan,nan,2.04155,1.91114,1.87386,4.18748,5.91839,33,20,step,0.247,1.79069e+09,-3.14692,52,0.264417
0.248,2,2,nan,nan,nan,nan,2.03027,1.87972,1.88984,4.19131,5.91848,33,20,step,0.248,1.79069e+09,-3.16948,52,0.264395
0.249,2,2,nan,nan,nan,nan,2.03027,1.87972,1.90582,4.19131,5.91848,33,20,step,0.249,1.79069e+09,-3.06797,52,0.264367
0.25,2,2,nan,nan,nan,nan,1.97388,1.89368,1.90049,4.19505,5.91848,33,20,step,0.25,1.79069e+09,-3.19204,52,0.264354
0.251,2,2,nan,nan,nan,nan,1.97388,1.89368,1.91327,4.19505,5.91858,33,20,step,0.251,1.79069e+09,-3.16948,52,0.264337
0.252,2,2,nan,nan,nan,nan,1.91748,1.99142,1.92393,4.19898,5.91858,33,20,step,0.252,1.79069e+09,-3.14692,52,0.264309
0.253,2,2,nan,nan,nan,nan,1.91748,1.99142,1.91967,4.19898,5.91858,33,20,step,0.253,1.79069e+09,-3.1582,52,0.264277
0.254,2,2,nan,nan,nan,nan,1.89492,2.04553,1.92073,4.20311,5.91858,33,20,step,0.254,1.79069e+09,-3.1582,52,0.264243
0.255,2,2,nan,nan,nan,nan,1.89492,2.04553,1.91967,4.20311,5.91858,33,20,step,0.255,1.79069e+09,-3.04541,52,0.264208
0.256,2,2,nan,nan,nan,nan,1.9626,2.0944,1.96121,4.20723,5.91858,33,20,step,0.256,1.79069e+09,-3.1582,52,0.264189
0.257,2,2,nan,nan,nan,nan,1.9626,2.0944,1.95162,4.20723,5.91867,33,20,step,0.257,1.79069e+09,-3.1582,52,0.264176
0.258,2,2,nan,nan,nan,nan,1.9062,2.07694,1.95056,4.21145,5.91867,33,20,step,0.258,1.79069e+09,-3.12437,52,0.264169
0.259,2,2,nan,nan,nan,nan,1.9062,2.07694,1.95375,4.21145,5.91867,33,20,step,0.259,1.79069e+09,-3.13564,52,0.264168
0.26,2,2,nan,nan,nan,nan,2.07539,2.00364,1.94523,4.21548,5.91867,33,20,step,0.26,1.79069e+09,-3.13564,52,0.264154
0.261,2,2,nan,nan,nan,nan,2.07539,2.00364,1.9708,4.21548,5.91877,33,20,step,0.261,1.79069e+09,-3.00029,52,0.264139
0.262,2,2,nan,nan,nan,nan,1.97388,1.99666,1.9953,4.21941,5.91877,33,20,step,0.262,1.79069e+09,-3.13564,52,0.264102
0.263,2,2,nan,nan,nan,nan,1.97388,1.99666,1.98784,4.21941,5.91886,33,20,step,0.263,1.79069e+09,-3.04541,52,0.264098
0.264,2,2,nan,nan,nan,nan,2.05283,2.02982,1.98784,4.22343,5.91886,33,20,step,0.264,1.79069e+09,-3.03413,52,0.264058
0.265,2,2,nan,nan,nan,nan,2.05283,2.02982,1.98465,4.22343,5.91886,33,20,step,0.265,1.79069e+09,-3.10181,52,0.264035
0.266,2,2,nan,nan,nan,nan,1.9062,2.11185,1.99743,4.22794,5.91896,33,20,step,0.266,1.79069e+09,-3.03413,52,0.264023
0.267,2,2,nan,nan,nan,nan,1.9062,2.11185,2.01448,4.22794,5.91896,33,20,step,0.267,1.79069e+09,-2.97773,52,0.263973
0.268,2,2,nan,nan,nan,nan,1.88364,2.12058,2.01767,4.23216,5.91896,33,20,step,0.268,1.79069e+09,-2.98901,52,0.263918
0.269,2,2,nan,nan,nan,nan,1.88364,2.12058,2.02406,4.23216,5.91906,33,20,step,0.269,1.79069e+09,-3.03413,52,0.263873
0.27,2,2,nan,nan,nan,nan,1.97388,2.18166,2.04857,4.23647,5.91906,33,20,step,0.27,1.79069e+09,-3.04541,52,0.26385
0.271,2,2,nan,nan,nan,nan,1.97388,2.18166,2.023,4.23647,5.91906,33,20,step,0.271,1.79069e+09,-3.02285,52,0.263833
0.272,2,2,nan,nan,nan,nan,1.97388,2.14675,2.03791,4.24059,5.91906,33,20,step,0.272,1.79069e+09,-3.09053,52,0.263808
0.273,2,2,nan,nan,nan,nan,1.97388,2.14675,2.06987,4.24059,5.91915,33,20,step,0.273,1.79069e+09,-3.00029,52,0.263798
0.274,2,2,nan,nan,nan,nan,2.05283,2.11185,2.05922,4.2451,5.91915,33,20,step,0.274,1.79069e+09,-2.97773,52,0.263766
0.275,2,2,nan,nan,nan,nan,2.05283,2.11185,2.04111,4.2451,5.91915,33,20,step,0.275,1.79069e+09,-2.98901,52,0.263721
0.276,2,2,nan,nan,nan,nan,1.89492,2.12407,2.0475,4.24932,5.91925,33,20,step,0.276,1.79069e+09,-2.98901,52,0.263692
0.277,2,2,nan,nan,nan,nan,1.89492,2.12407,2.07413,4.24932,5.91925,33,20,step,0.277,1.79069e+09,-3.02285,52,0.263667
0.278,2,2,nan,nan,nan,nan,1.94004,2.1869,2.08905,4.25363,5.91934,33,20,step,0.278,1.79069e+09,-2.98901,52,0.263644
0.279,2,2,nan,nan,nan,nan,1.94004,2.1869,2.11248,4.25363,5.91934,33,20,step,0.279,1.79069e+09,-2.96646,52,0.263612
0.28,2,2,nan,nan,nan,nan,1.83853,2.22704,2.10503,4.25814,5.91944,33,20,step,0.28,1.79069e+09,-3.07925,52,0.26357
0.281,2,2,nan,nan,nan,nan,1.83853,2.22704,2.09118,4.25814,5.91944,33,20,step,0.281,1.79069e+09,-2.96646,52,0.263504
0.282,2,2,nan,nan,nan,nan,1.99644,2.26893,2.0997,4.26293,5.91954,33,20,step,0.282,1.79069e+09,-3.00029,52,0.263463
0.283,2,2,nan,nan,nan,nan,1.99644,2.26893,2.1274,4.26293,5.91954,33,20,step,0.283,1.79069e+09,-3.11309,52,0.263422
0.284,2,2,nan,nan,nan,nan,2.05283,2.2218,2.14444,4.26706,5.91954,33,20,step,0.284,1.79069e+09,-2.97773,52,0.263401
0.285,2,2,nan,nan,nan,nan,2.05283,2.2218,2.13379,4.26706,5.91963,33,20,step,0.285,1.79069e+09,-2.96646,52,0.263384
0.286,2,2,nan,nan,nan,nan,2.00771,2.16595,2.1274,4.27147,5.91963,33,20,step,0.286,1.79069e+09,-2.95518,52,0.263376
0.287,2,2,nan,nan,nan,nan,2.00771,2.16595,2.15616,4.27147,5.91973,33,20,step,0.287,1.79069e+09,-2.91006,52,0.263358
0.288,2,2,nan,nan,nan,nan,1.9626,2.18341,2.16149,4.27578,5.91973,33,20,step,0.288,1.79069e+09,-2.89878,52,0.263299
0.289,2,2,nan,nan,nan,nan,1.9626,2.18341,2.16681,4.27578,5.91982,33,20,step,0.289,1.79069e+09,-2.9439,52,0.263251
0.29,2,2,nan,nan,nan,nan,1.86108,2.28813,2.1764,4.28038,5.91992,33,20,step,0.29,1.79069e+09,-2.95518,52,0.263202
0.291,2,2,nan,nan,nan,nan,1.86108,2.28813,2.17427,4.28038,5.91992,33,20,step,0.291,1.79069e+09,-2.95518,52,0.263144
0.292,2,2,nan,nan,nan,nan,1.89492,2.30383,2.17747,4.28489,5.92002,33,20,step,0.292,1.79069e+09,-2.92134,52,0.263092
0.293,2,2,nan,nan,nan,nan,1.89492,2.30383,2.17214,4.28489,5.92011,33,20,step,0.293,1.79069e+09,-2.93262,52,0.263053
0.294,2,2,nan,nan,nan,nan,1.9626,2.34398,2.19451,4.28959,5.92011,33,20,step,0.294,1.79069e+09,-2.89878,52,0.262979
0.295,2,2,nan,nan,nan,nan,1.9626,2.34398,2.2009,4.28959,5.92021,33,20,step,0.295,1.79069e+09,-2.89878,52,0.26291
0.296,2,2,nan,nan,nan,nan,1.98516,2.32129,2.19558,4.29428,5.9203,33,20,step,0.296,1.79069e+09,-2.96646,52,0.262865
0.297,2,2,nan,nan,nan,nan,1.98516,2.32129,2.2041,4.29428,5.9203,33,20,step,0.297,1.79069e+09,-2.92134,52,0.262826
0.298,2,2,nan,nan,nan,nan,1.94004,2.32303,2.23393,4.29889,5.9204,33,20,step,0.298,1.79069e+09,-2.91006,52,0.26275
0.299,2,2,nan,nan,nan,nan,1.94004,2.32303,2.23499,4.29889,5.92049,33,20,step,0.299,1.79069e+09,-3.03413,52,0.262686
0.3,2,-2,nan,nan,nan,nan,2.01899,2.37365,2.2318,4.30368,5.92049,33,20,step,0.3,1.79069e+09,-2.96646,52,0.262638
0.301,2,-2,nan,nan,nan,nan,2.01899,2.37365,2.23286,4.30368,5.92059,33,20,step,0.301,1.79069e+09,-2.92134,52,0.262576
0.302,2,-2,nan,nan,nan,nan,1.99644,2.37714,2.23712,4.30838,5.92069,33,20,step,0.302,1.79069e+09,-2.9439,52,0.262519
0.303,2,-2,nan,nan,nan,nan,1.99644,2.37714,2.22967,4.30838,5.92069,33,20,step,0.303,1.79069e+09,-2.95518,52,0.262447
0.304,2,-2,nan,nan,nan,nan,0,2.08392,2.26908,4.31279,5.92078,33,20,step,0.304,1.79069e+09,-2.96646,52,0.262376
0.305,2,-2,nan,nan,nan,nan,0,2.08392,2.27974,4.31279,5.92088,33,20,step,0.305,1.79069e+09,-2.95518,52,0.262315
0.306,2,-2,nan,nan,nan,nan,-0.0563965,1.49924,2.26269,4.31585,5.92097,33,20,step,0.306,1.79069e+09,-3.07925,52,0.262253
0.307,2,-2,nan,nan,nan,nan,-0.0563965,1.49924,2.26695,4.31585,5.92097,33,20,step,0.307,1.79069e+09,-2.96646,52,0.262193
0.308,2,-2,nan,nan,nan,nan,-0.530127,1.48877,2.25204,4.31883,5.92107,33,20,step,0.308,1.79069e+09,-2.92134,52,0.262098
0.309,2,-2,nan,nan,nan,nan,-0.530127,1.48877,2.26482,4.31883,5.92107,33,20,step,0.309,1.79069e+09,-2.93262,52,0.261972
0.31,2,-2,nan,nan,nan,nan,-1.15049,1.50796,2.2808,4.3217,5.92117,33,20,step,0.31,1.79069e+09,-2.95518,52,0.261833
0.311,2,-2,nan,nan,nan,nan,-1.15049,1.50796,2.24032,4.3217,5.92117,33,20,step,0.311,1.79069e+09,-2.96646,52,0.261705
0.312,2,-2,nan,nan,nan,nan,-1.8498,2.03505,2.22221,4.32573,5.92126,33,20,step,0.312,1.79069e+09,-2.95518,52,0.261565
0.313,2,-2,nan,nan,nan,nan,-1.8498,2.03505,2.19771,4.32573,5.92126,33,20,step,0.313,1.79069e+09,-2.95518,52,0.261456
0.314,2,-2,nan,nan,nan,nan,-2.00771,2.56389,2.1764,4.33072,5.92136,33,20,step,0.314,1.79069e+09,-3.04541,52,0.261297
0.315,2,-2,nan,nan,nan,nan,-2.00771,2.56389,2.15616,4.33072,5.92145,33,20,step,0.315,1.79069e+09,-2.95518,52,0.261138
0.316,2,-2,nan,nan,nan,nan,-2.04155,2.53596,2.1551,4.33589,5.92145,33,20,step,0.316,1.79069e+09,-2.96646,52,0.260991
0.317,2,-2,nan,nan,nan,nan,-2.04155,2.53596,2.14125,4.33589,5.92155,33,20,step,0.317,1.79069e+09,-3.07925,52,0.26078
0.318,2,-2,nan,nan,nan,nan,-1.74829,2.17643,2.11035,4.3404,5.92165,33,20,step,0.318,1.79069e+09,-3.11309,52,0.260621
0.319,2,-2,nan,nan,nan,nan,-1.74829,2.17643,2.10183,4.3404,5.92174,33,20,step,0.319,1.79069e+09,-3.04541,52,0.260443
0.32,2,-2,nan,nan,nan,nan,-1.78213,1.9635,2.07307,4.34433,5.92184,33,20,step,0.32,1.79069e+09,-3.05669,52,0.260316
0.321,2,-2,nan,nan,nan,nan,-1.78213,1.9635,2.05176,4.34433,5.92203,33,20,step,0.321,1.79069e+09,-3.05669,52,0.260202
0.322,2,-2,nan,nan,nan,nan,-1.79341,1.94779,2.06348,4.34826,5.92212,33,20,step,0.322,1.79069e+09,-3.05669,52,0.260078
0.323,2,-2,nan,nan,nan,nan,-1.79341,1.94779,2.04537,4.34826,5.92222,33,20,step,0.323,1.79069e+09,-3.13564,52,0.259966
0.324,2,-2,nan,nan,nan,nan,-1.86108,1.99317,2.02513,4.35219,5.92232,33,20,step,0.324,1.79069e+09,-3.12437,52,0.259809
0.325,2,-2,nan,nan,nan,nan,-1.86108,1.99317,2.00595,4.35219,5.92251,33,20,step,0.325,1.79069e+09,-3.03413,52,0.259613
0.326,2,-2,nan,nan,nan,nan,-1.97388,2.03854,1.98465,4.35631,5.9226,33,20,step,0.326,1.79069e+09,-3.04541,52,0.259449
0.327,2,-2,nan,nan,nan,nan,-1.97388,2.03854,1.97932,4.35631,5.9228,33,20,step,0.327,1.79069e+09,-3.14692,52,0.259236
0.328,2,-2,nan,nan,nan,nan,-1.88364,1.99666,1.93245,4.36034,5.92299,33,20,step,0.328,1.79069e+09,-3.05669,52,0.259021
0.329,2,-2,nan,nan,nan,nan,-1.88364,1.99666,1.91008,4.36034,5.92308,33,20,step,0.329,1.79069e+09,-3.1582,52,0.258856
0.33,2,-2,nan,nan,nan,nan,-2.05283,1.94779,1.90582,4.36418,5.92318,33,20,step,0.33,1.79069e+09,-3.16948,52,0.25868
0.331,2,-2,nan,nan,nan,nan,-2.05283,1.94779,1.91008,4.36418,5.92337,33,20,step,0.331,1.79069e+09,-3.09053,52,0.258524
0.332,2,-2,nan,nan,nan,nan,-1.97388,1.92859,1.88771,4.36811,5.92347,33,20,step,0.332,1.79069e+09,-3.09053,52,0.258348
0.333,2,-2,nan,nan,nan,nan,-1.97388,1.92859,1.86853,4.36811,5.92356,33,20,step,0.333,1.79069e+09,-3.18076,52,0.258182
0.334,2,-2,nan,nan,nan,nan,-2.06411,1.89543,1.8664,4.37185,5.92366,33,20,step,0.334,1.79069e+09,-3.10181,52,0.258038
0.335,2,-2,nan,nan,nan,nan,-2.06411,1.89543,1.82698,4.37185,5.92375,33,20,step,0.335,1.79069e+09,-3.16948,52,0.257899
0.336,2,-2,nan,nan,nan,nan,-1.9062,1.79943,1.79609,4.37549,5.92385,33,20,step,0.336,1.79069e+09,-3.1582,52,0.257751
0.337,2,-2,nan,nan,nan,nan,-1.9062,1.79943,1.79822,4.37549,5.92395,33,20,step,0.337,1.79069e+09,-3.09053,52,0.25746
0.338,2,-2,nan,nan,nan,nan,-2.01899,1.79071,1.78757,4.37913,5.92404,33,20,step,0.338,1.79069e+09,-3.14692,52,0.257289
0.339,2,-2,nan,nan,nan,nan,-2.01899,1.79071,1.76946,4.37913,5.92414,33,20,step,0.339,1.79069e+09,-3.18076,52,0.25711
0.34,2,-2,nan,nan,nan,nan,-1.92876,1.82212,1.77478,4.38277,5.92414,33,20,step,0.34,1.79069e+09,-3.20332,52,0.257022
0.341,2,-2,nan,nan,nan,nan,-1.92876,1.82212,1.73856,4.38277,5.92423,33,20,step,0.341,1.79069e+09,-3.14692,52,0.256864
0.342,2,-2,nan,nan,nan,nan,-1.9626,1.82736,1.71726,4.38642,5.92423,33,20,step,0.342,1.79069e+09,-3.13564,52,0.256543
0.343,2,-2,nan,nan,nan,nan,-1.9626,1.82736,1.70661,4.38642,5.92433,33,20,step,0.343,1.79069e+09,-3.13564,52,0.256349
0.344,2,-2,nan,nan,nan,nan,-1.99644,1.74358,1.69276,4.38997,5.92433,33,20,step,0.344,1.79069e+09,-3.24844,52,0.256135
0.345,2,-2,nan,nan,nan,nan,-1.99644,1.74358,1.66826,4.38997,5.92433,33,20,step,0.345,1.79069e+09,-3.20332,52,0.255936
0.346,2,-2,nan,nan,nan,nan,-1.88364,1.75406,1.64801,4.39342,5.92433,33,20,step,0.346,1.79069e+09,-3.19204,52,0.255871
0.347,2,-2,nan,nan,nan,nan,-1.88364,1.75406,1.6331,4.39342,5.92443,33,20,step,0.347,1.79069e+09,-3.271,52,0.255676
0.348,2,-2,nan,nan,nan,nan,-1.82725,1.64585,1.6299,4.39677,5.92443,33,20,step,0.348,1.79069e+09,-3.25972,52,0.255609
0.349,2,-2,nan,nan,nan,nan,-1.82725,1.64585,1.61712,4.39677,5.92452,33,20,step,0.349,1.79069e+09,-3.22588,52,0.255436
0.35,2,-2,nan,nan,nan,nan,-1.82725,1.56207,1.59049,4.39994,5.92462,33,20,step,0.35,1.79069e+09,-3.20332,52,0.255319
0.351,2,-2,nan,nan,nan,nan,-1.82725,1.56207,1.57131,4.39994,5.92471,33,20,step,0.351,1.79069e+09,-3.18076,52,0.25525
0.352,2,-2,nan,nan,nan,nan,-1.97388,1.51495,1.56599,4.40291,5.92481,33,20,step,0.352,1.79069e+09,-3.18076,52,0.255061
0.353,2,-2,nan,nan,nan,nan,-1.97388,1.51495,1.56066,4.40291,5.9249,33,20,step,0.353,1.79069e+09,-3.24844,52,0.25499
0.354,2,-2,nan,nan,nan,nan,-1.86108,1.46782,1.51166,4.40588,5.9251,33,20,step,0.354,1.79069e+09,-3.2146,52,0.254825
0.355,2,-2,nan,nan,nan,nan,-1.86108,1.46782,1.49461,4.40588,5.92519,33,20,step,0.355,1.79069e+09,-3.12437,52,0.25465
0.356,2,-2,nan,nan,nan,nan,-2.08667,1.56032,1.49994,4.40904,5.92529,33,20,step,0.356,1.79069e+09,-3.13564,52,0.254563
0.357,2,-2,nan,nan,nan,nan,-2.08667,1.56032,1.47331,4.40904,5.92529,33,20,step,0.357,1.79069e+09,-3.1582,52,0.254337
0.358,2,-2,nan,nan,nan,nan,-1.86108,1.46957,1.45733,4.41202,5.92538,33,20,step,0.358,1.79069e+09,-3.13564,52,0.25419
0.359,2,-2,nan,nan,nan,nan,-1.86108,1.46957,1.43389,4.41202,5.92538,33,20,step,0.359,1.79069e+09,-3.20332,52,0.254092
0.36,2,-2,nan,nan,nan,nan,-1.9062,1.43815,1.41578,4.41489,5.92538,33,20,step,0.36,1.79069e+09,-3.1582,52,0.253999
0.361,2,-2,nan,nan,nan,nan,-1.9062,1.43815,1.40832,4.41489,5.92548,33,20,step,0.361,1.79069e+09,-3.11309,52,0.253965
0.362,2,-2,nan,nan,nan,nan,-1.99644,1.47655,1.40619,4.41777,5.92548,33,20,step,0.362,1.79069e+09,-3.12437,52,0.253875
0.363,2,-2,nan,nan,nan,nan,-1.99644,1.47655,1.37849,4.41777,5.92558,33,20,step,0.363,1.79069e+09,-3.09053,52,0.253806
0.364,2,-2,nan,nan,nan,nan,-1.86108,1.34041,1.36251,4.42055,5.92558,33,20,step,0.364,1.79069e+09,-3.12437,52,0.253771
0.365,2,-2,nan,nan,nan,nan,-1.86108,1.34041,1.33801,4.42055,5.92567,33,20,step,0.365,1.79069e+09,-3.12437,52,0.253658
0.366,2,-2,nan,nan,nan,nan,-1.94004,1.32645,1.3444,4.42314,5.92577,33,20,step,0.366,1.79069e+09,-3.06797,52,0.253603
0.367,2,-2,nan,nan,nan,nan,-1.94004,1.32645,1.30073,4.42314,5.92577,33,20,step,0.367,1.79069e+09,-3.12437,52,0.253502
0.368,2,-2,nan,nan,nan,nan,-2.05283,1.27584,1.30925,4.42573,5.92586,33,20,step,0.368,1.79069e+09,-3.11309,52,0.253425
0.369,2,-2,nan,nan,nan,nan,-2.05283,1.27584,1.29647,4.42573,5.92596,33,20,step,0.369,1.79069e+09,-3.05669,52,0.25337
0.37,2,-2,nan,nan,nan,nan,-1.91748,1.24617,1.28262,4.42841,5.92596,33,20,step,0.37,1.79069e+09,-3.04541,52,0.253285
0.371,2,-2,nan,nan,nan,nan,-1.91748,1.24617,1.25812,4.42841,5.92606,33,20,step,0.371,1.79069e+09,-3.06797,52,0.253162
0.372,2,-2,nan,nan,nan,nan,-1.9626,1.35263,1.2155,4.4309,5.92606,33,20,step,0.372,1.79069e+09,-3.10181,52,0.253042
0.373,2,-2,nan,nan,nan,nan,-1.9626,1.35263,1.20059,4.4309,5.92606,33,20,step,0.373,1.79069e+09,-3.07925,52,0.252976
0.374,2,-2,nan,nan,nan,nan,-1.92876,1.28107,1.18141,4.43368,5.92615,33,20,step,0.374,1.79069e+09,-3.06797,52,0.252972
0.375,2,-2,nan,nan,nan,nan,-1.92876,1.28107,1.16117,4.43368,5.92615,33,20,step,0.375,1.79069e+09,-3.03413,52,0.252909
0.376,2,-2,nan,nan,nan,nan,-1.91748,1.20777,1.16011,4.43598,5.92615,33,20,step,0.376,1.79069e+09,-2.98901,52,0.252869
0.377,2,-2,nan,nan,nan,nan,-1.91748,1.20777,1.13561,4.43598,5.92625,33,20,step,0.377,1.79069e+09,-3.04541,52,0.25279
0.378,2,-2,nan,nan,nan,nan,-1.9626,1.17286,1.12921,4.43829,5.92625,33,20,step,0.378,1.79069e+09,-3.05669,52,0.252728
0.379,2,-2,nan,nan,nan,nan,-1.9626,1.17286,1.12602,4.43829,5.92634,33,20,step,0.379,1.79069e+09,-3.02285,52,0.252689
0.38,2,-2,nan,nan,nan,nan,-2.04155,1.10305,1.10365,4.44059,5.92634,33,20,step,0.38,1.79069e+09,-3.03413,52,0.252646
0.381,2,-2,nan,nan,nan,nan,-2.04155,1.10305,1.05784,4.44059,5.92634,33,20,step,0.381,1.79069e+09,-3.00029,52,0.252596
0.382,2,-2,nan,nan,nan,nan,-1.9062,1.10654,1.03866,4.44279,5.92644,33,20,step,0.382,1.79069e+09,-2.96646,52,0.252562
0.383,2,-2,nan,nan,nan,nan,-1.9062,1.10654,1.05891,4.44279,5.92644,33,20,step,0.383,1.79069e+09,-2.96646,52,0.252479
0.384,2,-2,nan,nan,nan,nan,-1.95132,1.15017,1.04186,4.44509,5.92644,33,20,step,0.384,1.79069e+09,-2.97773,52,0.252415
0.385,2,-2,nan,nan,nan,nan,-1.95132,1.15017,1.00884,4.44509,5.92644,33,20,step,0.385,1.79069e+09,-3.01157,52,0.252339
0.386,2,-2,nan,nan,nan,nan,-1.97388,1.03323,1.0099,4.4472,5.92653,33,20,step,0.386,1.79069e+09,-3.00029,52,0.252313
0.387,2,-2,nan,nan,nan,nan,-1.97388,1.03323,1.00351,4.4472,5.92653,33,20,step,0.387,1.79069e+09,-2.98901,52,0.252268
0.388,2,-2,nan,nan,nan,nan,-1.88364,0.898845,0.993922,4.44902,5.92653,33,20,step,0.388,1.79069e+09,-2.96646,52,0.252245
0.389,2,-2,nan,nan,nan,nan,-1.88364,0.898845,0.930004,4.44902,5.92653,33,20,step,0.389,1.79069e+09,-2.96646,52,0.252222
0.39,2,-2,nan,nan,nan,nan,-1.89492,0.925025,0.966224,4.45085,5.92653,33,20,step,0.39,1.79069e+09,-2.95518,52,0.252164
0.391,2,-2,nan,nan,nan,nan,-1.89492,0.925025,0.932135,4.45085,5.92653,33,20,step,0.391,1.79069e+09,-2.9439,52,0.252086
0.392,2,-2,nan,nan,nan,nan,-1.9062,0.970403,0.887392,4.45276,5.92653,33,20,step,0.392,1.79069e+09,-2.97773,52,0.25203
0.393,2,-2,nan,nan,nan,nan,-1.9062,0.970403,0.881001,4.45276,5.92653,33,20,step,0.393,1.79069e+09,-2.97773,52,0.251934
0.394,2,-2,nan,nan,nan,nan,-1.95132,0.886627,0.876739,4.45458,5.92653,33,20,step,0.394,1.79069e+09,-2.98901,52,0.25189
0.395,2,-2,nan,nan,nan,nan,-1.95132,0.886627,0.863956,4.45458,5.92653,33,20,step,0.395,1.79069e+09,-2.98901,52,0.251814
0.396,2,-2,nan,nan,nan,nan,-1.91748,0.809833,0.816017,4.45621,5.92653,33,20,step,0.396,1.79069e+09,-2.96646,52,0.251737
0.397,2,-2,nan,nan,nan,nan,-1.91748,0.809833,0.796842,4.45621,5.92653,33,20,step,0.397,1.79069e+09,-2.97773,52,0.251689
0.398,2,-2,nan,nan,nan,nan,-1.87236,0.855211,0.798973,4.45794,5.92663,33,20,step,0.398,1.79069e+09,-2.97773,52,0.25162
0.399,2,-2,nan,nan,nan,nan,-1.87236,0.855211,0.800038,4.45794,5.92663,33,20,step,0.399,1.79069e+09,-2.98901,52,0.251541
0.4,2,-2,nan,nan,nan,nan,-1.88364,0.87441,0.77234,4.45967,5.92663,33,20,step,0.4,1.79069e+09,-2.98901,52,0.251506
0.401,2,-2,nan,nan,nan,nan,-1.88364,0.87441,0.75423,4.45967,5.92663,33,20,step,0.401,1.79069e+09,-2.98901,52,0.251446
0.402,2,-2,nan,nan,nan,nan,-1.89492,0.74351,0.732924,4.4612,5.92663,33,20,step,0.402,1.79069e+09,-2.97773,52,0.251408
0.403,2,-2,nan,nan,nan,nan,-1.89492,0.74351,0.704161,4.4612,5.92663,33,20,step,0.403,1.79069e+09,-2.97773,52,0.251344
0.404,2,-2,nan,nan,nan,nan,-1.91748,0.598648,0.711618,4.46245,5.92663,33,20,step,0.404,1.79069e+09,-2.97773,52,0.251282
0.405,2,-2,nan,nan,nan,nan,-1.91748,0.598648,0.675398,4.46245,5.92663,33,20,step,0.405,1.79069e+09,-2.98901,52,0.251227
0.406,2,-2,nan,nan,nan,nan,-1.94004,0.602139,0.672202,4.46369,5.92673,33,20,step,0.406,1.79069e+09,-3.00029,52,0.251182
0.407,2,-2,nan,nan,nan,nan,-1.94004,0.602139,0.656223,4.46369,5.92673,33,20,step,0.407,1.79069e+09,-3.00029,52,0.25116
0.408,2,-2,nan,nan,nan,nan,-1.94004,0.705113,0.650896,4.46503,5.92673,33,20,step,0.408,1.79069e+09,-2.9439,52,0.251067
0.409,2,-2,nan,nan,nan,nan,-1.94004,0.705113,0.614676,4.46503,5.92682,33,20,step,0.409,1.79069e+09,-2.96646,52,0.250983
0.41,2,-2,nan,nan,nan,nan,-1.95132,0.760964,0.59124,4.46657,5.92682,33,20,step,0.41,1.79069e+09,-3.01157,52,0.250932
0.411,2,-2,nan,nan,nan,nan,-1.95132,0.760964,0.583783,4.46657,5.92682,33,20,step,0.411,1.79069e+09,-2.96646,52,0.250822
0.412,2,-2,nan,nan,nan,nan,-1.94004,0.689405,0.55502,4.46791,5.92682,33,20,step,0.412,1.79069e+09,-2.97773,52,0.250774
0.413,2,-2,nan,nan,nan,nan,-1.94004,0.689405,0.565673,4.46791,5.92682,33,20,step,0.413,1.79069e+09,-3.02285,52,0.250694
0.414,2,-2,nan,nan,nan,nan,-1.92876,0.511381,0.55715,4.46906,5.92682,33,20,step,0.414,1.79069e+09,-2.97773,52,0.250627
0.415,2,-2,nan,nan,nan,nan,-1.92876,0.511381,0.533714,4.46906,5.92682,33,20,step,0.415,1.79069e+09,-3.00029,52,0.250604
0.416,2,-2,nan,nan,nan,nan,-1.97388,0.408407,0.521996,4.46983,5.92682,33,20,step,0.416,1.79069e+09,-2.98901,52,0.2506
0.417,2,-2,nan,nan,nan,nan,-1.97388,0.408407,0.48258,4.46983,5.92682,33,20,step,0.417,1.79069e+09,-2.96646,52,0.250561
0.418,2,-2,nan,nan,nan,nan,-2.03027,0.411898,0.475122,4.47069,5.92692,33,20,step,0.418,1.79069e+09,-2.93262,52,0.250498
0.419,2,-2,nan,nan,nan,nan,-2.03027,0.411898,0.451686,4.47069,5.92692,33,20,step,0.419,1.79069e+09,-2.98901,52,0.250417
0.42,2,-2,nan,nan,nan,nan,-1.99644,0.471239,0.431445,4.47165,5.92692,33,20,step,0.42,1.79069e+09,-2.98901,52,0.250352
0.421,2,-2,nan,nan,nan,nan,-1.99644,0.471239,0.442098,4.47165,5.92701,33,20,step,0.421,1.79069e+09,-2.98901,52,0.250288
0.422,2,-2,nan,nan,nan,nan,-1.97388,0.497419,0.41227,4.47261,5.92701,33,20,step,0.422,1.79069e+09,-2.98901,52,0.250241
0.423,2,-2,nan,nan,nan,nan,-1.97388,0.497419,0.406943,4.47261,5.92701,33,20,step,0.423,1.79069e+09,-2.95518,52,0.250191
0.424,2,-2,nan,nan,nan,nan,-1.95132,0.462512,0.37818,4.47357,5.92701,33,20,step,0.424,1.79069e+09,-2.9439,52,0.25011
0.425,2,-2,nan,nan,nan,nan,-1.95132,0.462512,0.362201,4.47357,5.92701,33,20,step,0.425,1.79069e+09,-2.98901,52,0.25005
0.426,2,-2,nan,nan,nan,nan,-1.94004,0.371755,0.355809,4.47433,5.92701,33,20,step,0.426,1.79069e+09,-2.96646,52,0.249958
0.427,2,-2,nan,nan,nan,nan,-1.94004,0.371755,0.34196,4.47433,5.92701,33,20,step,0.427,1.79069e+09,-3.00029,52,0.249909
0.428,2,-2,nan,nan,nan,nan,-1.95132,0.277507,0.304675,4.47491,5.92701,33,20,step,0.428,1.79069e+09,-3.01157,52,0.249897
0.429,2,-2,nan,nan,nan,nan,-1.95132,0.277507,0.299348,4.47491,5.92701,33,20,step,0.429,1.79069e+09,-2.9439,52,0.249833
0.43,2,-2,nan,nan,nan,nan,-1.97388,0.219911,0.306806,4.47539,5.92701,33,20,step,0.43,1.79069e+09,-2.95518,52,0.249791
0.431,2,-2,nan,nan,nan,nan,-1.97388,0.219911,0.278043,4.47539,5.92711,33,20,step,0.431,1.79069e+09,-2.98901,52,0.249734
0.432,2,-2,nan,nan,nan,nan,-2.00771,0.211185,0.248214,4.47577,5.92711,33,20,step,0.432,1.79069e+09,-2.98901,52,0.249652
0.433,2,-2,nan,nan,nan,nan,-2.00771,0.211185,0.250345,4.47577,5.92711,33,20,step,0.433,1.79069e+09,-3.00029,52,0.249588
0.434,2,-2,nan,nan,nan,nan,-2.05283,0.21293,0.25141,4.47616,5.92721,33,20,step,0.434,1.79069e+09,-3.01157,52,0.249504
0.435,2,-2,nan,nan,nan,nan,-2.05283,0.21293,0.200276,4.47616,5.92721,33,20,step,0.435,1.79069e+09,-3.01157,52,0.249472
0.436,2,-2,nan,nan,nan,nan,-2.03027,0.200713,0.17897,4.47664,5.92721,33,20,step,0.436,1.79069e+09,-2.98901,52,0.249399
0.437,2,-2,nan,nan,nan,nan,-2.03027,0.200713,0.186427,4.47664,5.92721,33,20,step,0.437,1.79069e+09,-2.96646,52,0.249314
0.438,2,-2,nan,nan,nan,nan,-2.00771,0.164061,0.153403,4.47692,5.9273,33,20,step,0.438,1.79069e+09,-2.97773,52,0.249254
0.439,2,-2,nan,nan,nan,nan,-2.00771,0.164061,0.133162,4.47692,5.9273,33,20,step,0.439,1.79069e+09,-2.98901,52,0.249174
0.44,2,-2,nan,nan,nan,nan,-2.00771,0.123918,0.122509,4.47721,5.9273,33,20,step,0.44,1.79069e+09,-2.98901,52,0.249131
0.441,2,-2,nan,nan,nan,nan,-2.00771,0.123918,0.123574,4.47721,5.9273,33,20,step,0.441,1.79069e+09,-2.97773,52,0.249062
0.442,2,-2,nan,nan,nan,nan,-1.9062,0.0837758,0.0948114,4.4774,5.9273,33,20,step,0.442,1.79069e+09,-2.97773,52,0.249001
0.443,2,-2,nan,nan,nan,nan,-1.9062,0.0837758,0.0703096,4.4774,5.9273,33,20,step,0.443,1.79069e+09,-2.98901,52,0.248965
0.444,2,-2,nan,nan,nan,nan,-1.99644,0.0436332,0.0735055,4.47759,5.9273,33,20,step,0.444,1.79069e+09,-2.98901,52,0.248921
0.445,2,-2,nan,nan,nan,nan,-1.99644,0.0436332,0.0255671,4.47759,5.9274,33,20,step,0.445,1.79069e+09,-2.97773,52,0.248854
0.446,2,-2,nan,nan,nan,nan,-2.00771,0.0174533,0.0223712,4.47759,5.9274,33,20,step,0.446,1.79069e+09,-2.98901,52,0.248811
0.447,2,-2,nan,nan,nan,nan,-2.00771,0.0174533,0.0330242,4.47759,5.9274,33,20,step,0.447,1.79069e+09,-3.03413,52,0.248737
0.448,2,-2,nan,nan,nan,nan,-1.98516,0,0.00745708,4.47759,5.92749,33,20,step,0.448,1.79069e+09,-2.98901,52,0.248673
0.449,2,-2,nan,nan,nan,nan,-1.98516,0,-0.0117183,4.47759,5.92749,33,20,step,0.449,1.79069e+09,-3.01157,52,0.2486
0.45,2,-2,nan,nan,nan,nan,-1.99644,0,-0.0340895,4.47759,5.92749,33,20,step,0.45,1.79069e+09,-3.01157,52,0.248542
0.451,2,-2,nan,nan,nan,nan,-1.99644,0,-0.0468731,4.47759,5.92749,33,20,step,0.451,1.79069e+09,-2.98901,52,0.2485
0.452,2,-2,nan,nan,nan,nan,-1.98516,-0.00523599,-0.0553954,4.47759,5.92749,33,20,step,0.452,1.79069e+09,-2.98901,52,0.248416
0.453,2,-2,nan,nan,nan,nan,-1.98516,-0.00523599,-0.068179,4.47759,5.92749,33,20,step,0.453,1.79069e+09,-3.01157,52,0.248351
0.454,2,-2,nan,nan,nan,nan,-1.99644,-0.0383972,-0.0649831,4.4775,5.92749,33,20,step,0.454,1.79069e+09,-3.04541,52,0.24827
0.455,2,-2,nan,nan,nan,nan,-1.99644,-0.0383972,-0.0937461,4.4775,5.92749,33,20,step,0.455,1.79069e+09,-3.06797,52,0.248219
0.456,2,-2,nan,nan,nan,nan,-1.97388,-0.0750492,-0.116117,4.4774,5.92749,33,20,step,0.456,1.79069e+09,-3.06797,52,0.248224
0.457,2,-2,nan,nan,nan,nan,-1.97388,-0.0750492,-0.137423,4.4774,5.92749,33,20,step,0.457,1.79069e+09,-3.03413,52,0.248203
0.458,2,-2,nan,nan,nan,nan,-1.9626,-0.144862,-0.131032,4.47711,5.92749,33,20,step,0.458,1.79069e+09,-3.01157,52,0.248183
0.459,2,-2,nan,nan,nan,nan,-1.9626,-0.144862,-0.12464,4.47711,5.92749,33,20,step,0.459,1.79069e+09,-3.03413,52,0.248146
0.46,2,-2,nan,nan,nan,nan,-1.9626,-0.169297,-0.128901,4.47673,5.92749,33,20,step,0.46,1.79069e+09,-3.04541,52,0.248102
0.461,2,-2,nan,nan,nan,nan,-1.9626,-0.169297,-0.143815,4.47673,5.92759,33,20,step,0.461,1.79069e+09,-3.04541,52,0.248068
0.462,2,-2,nan,nan,nan,nan,-1.9626,-0.188496,-0.185362,4.47644,5.92759,33,20,step,0.462,1.79069e+09,-3.03413,52,0.248011
0.463,2,-2,nan,nan,nan,nan,-1.9626,-0.188496,-0.186427,4.47644,5.92759,33,20,step,0.463,1.79069e+09,-3.04541,52,0.24798
0.464,2,-2,nan,nan,nan,nan,-1.86108,-0.197222,-0.192819,4.47606,5.92759,33,20,step,0.464,1.79069e+09,-3.03413,52,0.247927
0.465,2,-2,nan,nan,nan,nan,-1.86108,-0.197222,-0.187492,4.47606,5.92759,33,20,step,0.465,1.79069e+09,-3.04541,52,0.24787
0.466,2,-2,nan,nan,nan,nan,-1.9626,-0.205949,-0.202406,4.47558,5.92759,33,20,step,0.466,1.79069e+09,-3.04541,52,0.247826
0.467,2,-2,nan,nan,nan,nan,-1.9626,-0.205949,-0.203472,4.47558,5.92759,33,20,step,0.467,1.79069e+09,-3.07925,52,0.247806
0.468,2,-2,nan,nan,nan,nan,-1.9626,-0.216421,-0.224778,4.4752,5.92759,33,20,step,0.468,1.79069e+09,-3.06797,52,0.247787
0.469,2,-2,nan,nan,nan,nan,-1.9626,-0.216421,-0.246084,4.4752,5.92759,33,20,step,0.469,1.79069e+09,-3.03413,52,0.24778
0.47,2,-2,nan,nan,nan,nan,-1.9626,-0.242601,-0.25141,4.47472,5.92759,33,20,step,0.47,1.79069e+09,-3.03413,52,0.247771
0.471,2,-2,nan,nan,nan,nan,-1.9626,-0.242601,-0.270585,4.47472,5.92759,33,20,step,0.471,1.79069e+09,-3.03413,52,0.247779
0.472,2,-2,nan,nan,nan,nan,-1.88364,-0.263545,-0.276977,4.47414,5.92759,33,20,step,0.472,1.79069e+09,-3.04541,52,0.247766
0.473,2,-2,nan,nan,nan,nan,-1.88364,-0.263545,-0.257802,4.47414,5.92759,33,20,step,0.473,1.79069e+09,-3.04541,52,0.247739
0.474,2,-2,nan,nan,nan,nan,-1.97388,-0.29147,-0.26952,4.47357,5.92759,33,20,step,0.474,1.79069e+09,-3.04541,52,0.247706
0.475,2,-2,nan,nan,nan,nan,-1.97388,-0.29147,-0.297218,4.47357,5.92759,33,20,step,0.475,1.79069e+09,-3.05669,52,0.247686
0.476,2,-2,nan,nan,nan,nan,-1.95132,-0.321141,-0.30574,4.47299,5.92759,33,20,step,0.476,1.79069e+09,-3.06797,52,0.247715
0.477,2,-2,nan,nan,nan,nan,-1.95132,-0.321141,-0.298283,4.47299,5.92759,33,20,step,0.477,1.79069e+09,-3.02285,52,0.2477
0.478,2,-2,nan,nan,nan,nan,-1.97388,-0.347321,-0.314263,4.47232,5.92759,33,20,step,0.478,1.79069e+09,-2.98901,52,0.247659
0.479,2,-2,nan,nan,nan,nan,-1.97388,-0.347321,-0.345156,4.47232,5.92769,33,20,step,0.479,1.79069e+09,-3.03413,52,0.247641
0.48,2,-2,nan,nan,nan,nan,-1.99644,-0.371755,-0.325981,4.47155,5.92769,33,20,step,0.48,1.79069e+09,-3.05669,52,0.247622
0.481,2,-2,nan,nan,nan,nan,-1.99644,-0.371755,-0.33983,4.47155,5.92769,33,20,step,0.481,1.79069e+09,-3.05669,52,0.247602
0.482,2,-2,nan,nan,nan,nan,-2.01899,-0.380482,-0.352613,4.47079,5.92769,33,20,step,0.482,1.79069e+09,-3.03413,52,0.247591
0.483,2,-2,nan,nan,nan,nan,-2.01899,-0.380482,-0.370723,4.47079,5.92769,33,20,step,0.483,1.79069e+09,-3.05669,52,0.247599
0.484,2,-2,nan,nan,nan,nan,-2.01899,-0.376991,-0.386703,4.47002,5.92769,33,20,step,0.484,1.79069e+09,-3.03413,52,0.247617
0.485,2,-2,nan,nan,nan,nan,-2.01899,-0.376991,-0.367527,4.47002,5.92769,33,20,step,0.485,1.79069e+09,-3.02285,52,0.247597
0.486,2,-2,nan,nan,nan,nan,-1.9626,-0.401426,-0.385637,4.46925,5.92769,33,20,step,0.486,1.79069e+09,-3.03413,52,0.247558
0.487,2,-2,nan,nan,nan,nan,-1.9626,-0.401426,-0.401617,4.46925,5.92769,33,20,step,0.487,1.79069e+09,-3.05669,52,0.247521
0.488,2,-2,nan,nan,nan,nan,-1.92876,-0.415388,-0.406943,4.46839,5.92769,33,20,step,0.488,1.79069e+09,-3.07925,52,0.247495
0.489,2,-2,nan,nan,nan,nan,-1.92876,-0.415388,-0.432511,4.46839,5.92769,33,20,step,0.489,1.79069e+09,-3.10181,52,0.247499
0.49,2,-2,nan,nan,nan,nan,-1.91748,-0.410152,-0.414401,4.46762,5.92769,33,20,step,0.49,1.79069e+09,-3.07925,52,0.247501
0.491,2,-2,nan,nan,nan,nan,-1.91748,-0.410152,-0.422923,4.46762,5.92769,33,20,step,0.491,1.79069e+09,-3.05669,52,0.247498
0.492,2,-2,nan,nan,nan,nan,-1.92876,-0.434587,-0.428249,4.46676,5.92769,33,20,step,0.492,1.79069e+09,-3.05669,52,0.2475
0.493,2,-2,nan,nan,nan,nan,-1.92876,-0.434587,-0.436772,4.46676,5.92769,33,20,step,0.493,1.79069e+09,-3.06797,52,0.247472
0.494,2,-2,nan,nan,nan,nan,-1.92876,-0.45204,-0.465535,4.4658,5.92769,33,20,step,0.494,1.79069e+09,-3.06797,52,0.247442
0.495,2,-2,nan,nan,nan,nan,-1.92876,-0.45204,-0.461274,4.4658,5.92769,33,20,step,0.495,1.79069e+09,-3.09053,52,0.247416
0.496,2,-2,nan,nan,nan,nan,-1.94004,-0.507891,-0.471927,4.46484,5.92769,33,20,step,0.496,1.79069e+09,-3.11309,52,0.247401
0.497,2,-2,nan,nan,nan,nan,-1.94004,-0.507891,-0.481514,4.46484,5.92769,33,20,step,0.497,1.79069e+09,-3.07925,52,0.247423
0.498,2,-2,nan,nan,nan,nan,-1.95132,-0.584685,-0.493232,4.46369,5.92769,33,20,step,0.498,1.79069e+09,-3.07925,52,0.247415
0.499,2,-2,nan,nan,nan,nan,-1.95132,-0.584685,-0.50282,4.46369,5.92769,33,20,step,0.499,1.79069e+09,-3.03413,52,0.247397
0.5,2,-2,nan,nan,nan,nan,-1.97388,-0.621337,-0.510277,4.46245,5.92769,33,20,step,0.5,1.79069e+09,-3.09053,52,0.247368
0.501,2,-2,nan,nan,nan,nan,-1.97388,-0.621337,-0.53691,4.46245,5.92769,33,20,step,0.501,1.79069e+09,-3.11309,52,0.247327
0.502,2,-2,nan,nan,nan,nan,-1.9626,-0.600393,-0.525191,4.4612,5.92769,33,20,step,0.502,1.79069e+09,-3.12437,52,0.247297
0.503,2,-2,nan,nan,nan,nan,-1.9626,-0.600393,-0.531583,4.4612,5.92769,33,20,step,0.503,1.79069e+09,-3.14692,52,0.247254
0.504,2,-2,nan,nan,nan,nan,-1.98516,-0.535816,-0.566738,4.46015,5.92769,33,20,step,0.504,1.79069e+09,-3.13564,52,0.247246
0.505,2,-2,nan,nan,nan,nan,-1.98516,-0.535816,-0.561411,4.46015,5.92769,33,20,step,0.505,1.79069e+09,-3.13564,52,0.247208
0.506,2,-2,nan,nan,nan,nan,-1.9626,-0.488692,-0.576326,4.45909,5.92769,33,20,step,0.506,1.79069e+09,-3.12437,52,0.247163
0.507,2,-2,nan,nan,nan,nan,-1.9626,-0.488692,-0.59337,4.45909,5.92769,33,20,step,0.507,1.79069e+09,-3.13564,52,0.247139
0.508,2,-2,nan,nan,nan,nan,-2.04155,-0.511381,-0.599762,4.45804,5.92769,33,20,step,0.508,1.79069e+09,-3.1582,52,0.247104
0.509,2,-2,nan,nan,nan,nan,-2.04155,-0.511381,-0.586979,4.45804,5.92769,33,20,step,0.509,1.79069e+09,-3.14692,52,0.247079
0.51,2,-2,nan,nan,nan,nan,-1.91748,-0.602139,-0.600827,4.45698,5.92769,33,20,step,0.51,1.79069e+09,-3.1582,52,0.247061
0.511,2,-2,nan,nan,nan,nan,-1.91748,-0.602139,-0.637048,4.45698,5.92769,33,20,step,0.511,1.79069e+09,-3.1582,52,0.247072
0.512,2,-2,nan,nan,nan,nan,-1.94004,-0.71733,-0.631721,4.45554,5.92769,33,20,step,0.512,1.79069e+09,-3.1582,52,0.247089
0.513,2,-2,nan,nan,nan,nan,-1.94004,-0.71733,-0.606154,4.45554,5.92769,33,20,step,0.513,1.79069e+09,-3.12437,52,0.247066
0.514,2,-2,nan,nan,nan,nan,-1.94004,-0.783653,-0.621068,4.45401,5.92769,33,20,step,0.514,1.79069e+09,-3.14692,52,0.247054
0.515,2,-2,nan,nan,nan,nan,-1.94004,-0.783653,-0.647701,4.45401,5.92769,33,20,step,0.515,1.79069e+09,-3.19204,52,0.247025
0.516,2,-2,nan,nan,nan,nan,-2.01899,-0.750492,-0.651962,4.45238,5.92769,33,20,step,0.516,1.79069e+09,-3.16948,52,0.246991
0.517,2,-2,nan,nan,nan,nan,-2.01899,-0.750492,-0.680725,4.45238,5.92769,33,20,step,0.517,1.79069e+09,-3.16948,52,0.246975
0.518,2,-2,nan,nan,nan,nan,-2.03027,-0.640536,-0.683921,4.45113,5.92769,33,20,step,0.518,1.79069e+09,-3.16948,52,0.24695
0.519,2,-2,nan,nan,nan,nan,-2.03027,-0.640536,-0.696704,4.45113,5.92769,33,20,step,0.519,1.79069e+09,-3.16948,52,0.246916
0.52,2,-2,nan,nan,nan,nan,-2.03027,-0.58294,-0.708422,4.44989,5.92769,33,20,step,0.52,1.79069e+09,-3.1582,52,0.246882
0.521,2,-2,nan,nan,nan,nan,-2.03027,-0.58294,-0.705227,4.44989,5.92769,33,20,step,0.521,1.79069e+09,-3.16948,52,0.246843
0.522,2,-2,nan,nan,nan,nan,-1.98516,-0.689405,-0.723337,4.44864,5.92769,33,20,step,0.522,1.79069e+09,-3.20332,52,0.246838
0.523,2,-2,nan,nan,nan,nan,-1.98516,-0.689405,-0.742512,4.44864,5.92769,33,20,step,0.523,1.79069e+09,-3.20332,52,0.246836
0.524,2,-2,nan,nan,nan,nan,-1.98516,-0.813323,-0.73399,4.44701,5.92769,33,20,step,0.524,1.79069e+09,-3.18076,52,0.246848
0.525,2,-2,nan,nan,nan,nan,-1.98516,-0.813323,-0.746773,4.44701,5.92769,33,20,step,0.525,1.79069e+09,-3.14692,52,0.24686
0.526,2,-2,nan,nan,nan,nan,-1.9062,-0.881391,-0.735055,4.44528,5.92769,33,20,step,0.526,1.79069e+09,-3.16948,52,0.246873
0.527,2,-2,nan,nan,nan,nan,-1.9062,-0.881391,-0.751034,4.44528,5.92769,33,20,step,0.527,1.79069e+09,-3.18076,52,0.246869
0.528,2,-2,nan,nan,nan,nan,-2.03027,-0.79587,-0.795777,4.44356,5.92769,33,20,step,0.528,1.79069e+09,-3.18076,52,0.246846
0.529,2,-2,nan,nan,nan,nan,-2.03027,-0.79587,-0.794712,4.44356,5.92769,33,20,step,0.529,1.79069e+09,-3.22588,52,0.246847
0.53,2,-2,nan,nan,nan,nan,-2.08667,-0.698132,-0.777667,4.44212,5.92769,33,20,step,0.53,1.79069e+09,-3.22588,52,0.246853
0.531,2,-2,nan,nan,nan,nan,-2.08667,-0.698132,-0.79045,4.44212,5.92769,33,20,step,0.531,1.79069e+09,-3.19204,52,0.246826
0.532,2,-2,nan,nan,nan,nan,-2.07539,-0.76969,-0.82454,4.44059,5.92769,33,20,step,0.532,1.79069e+09,-3.20332,52,0.246815
0.533,2,-2,nan,nan,nan,nan,-2.07539,-0.76969,-0.822409,4.44059,5.92769,33,20,step,0.533,1.79069e+09,-3.20332,52,0.246811
0.534,2,-2,nan,nan,nan,nan,-1.8498,-0.90059,-0.805364,4.43886,5.92769,33,20,step,0.534,1.79069e+09,-3.2146,52,0.246815
0.535,2,-2,nan,nan,nan,nan,-1.8498,-0.90059,-0.835193,4.43886,5.92769,33,20,step,0.535,1.79069e+09,-3.19204,52,0.246814
0.536,2,-2,nan,nan,nan,nan,-1.78213,-0.986111,-0.818148,4.43685,5.92769,33,20,step,0.536,1.79069e+09,-3.22588,52,0.246809
0.537,2,-2,nan,nan,nan,nan,-1.78213,-0.986111,-0.817083,4.43685,5.92769,33,20,step,0.537,1.79069e+09,-3.23716,52,0.24682
0.538,2,-2,nan,nan,nan,nan,-1.98516,-0.916298,-0.839454,4.43512,5.92769,33,20,step,0.538,1.79069e+09,-3.22588,52,0.24683
0.539,2,-2,nan,nan,nan,nan,-1.98516,-0.916298,-0.869282,4.43512,5.92769,33,20,step,0.539,1.79069e+09,-3.2146,52,0.24684
0.54,2,-2,nan,nan,nan,nan,-1.95132,-0.855211,-0.870348,4.4333,5.92769,33,20,step,0.54,1.79069e+09,-3.20332,52,0.246841
0.541,2,-2,nan,nan,nan,nan,-1.95132,-0.855211,-0.850107,4.4333,5.92769,33,20,step,0.541,1.79069e+09,-3.20332,52,0.246799
0.542,2,-2,nan,nan,nan,nan,-1.99644,-0.888373,-0.886327,4.43167,5.92769,33,20,step,0.542,1.79069e+09,-3.24844,52,0.246756
0.543,2,-2,nan,nan,nan,nan,-1.99644,-0.888373,-0.911894,4.43167,5.92769,33,20,step,0.543,1.79069e+09,-3.29355,52,0.246761
0.544,2,-2,nan,nan,nan,nan,-1.86108,-0.95295,-0.893784,4.42966,5.92769,33,20,step,0.544,1.79069e+09,-3.271,52,0.246751
0.545,2,-2,nan,nan,nan,nan,-1.86108,-0.95295,-0.89698,4.42966,5.92769,33,20,step,0.545,1.79069e+09,-3.25972,52,0.246747
0.546,2,-2,nan,nan,nan,nan,-1.91748,-0.944223,-0.907633,4.42774,5.92759,33,20,step,0.546,1.79069e+09,-3.25972,52,0.246723
0.547,2,-2,nan,nan,nan,nan,-1.91748,-0.944223,-0.902307,4.42774,5.92759,33,20,step,0.547,1.79069e+09,-3.28228,52,0.246712
0.548,2,-2,nan,nan,nan,nan,-1.99644,-0.961676,-0.934265,4.42582,5.92759,33,20,step,0.548,1.79069e+09,-3.29355,52,0.246698
0.549,2,-2,nan,nan,nan,nan,-1.99644,-0.961676,-0.934265,4.42582,5.92759,33,20,step,0.549,1.79069e+09,-3.271,52,0.246667
0.55,2,-2,nan,nan,nan,nan,-1.91748,-1.03847,-0.930004,4.42381,5.92759,33,20,step,0.55,1.79069e+09,-3.30483,52,0.246637
0.551,2,-2,nan,nan,nan,nan,-1.91748,-1.03847,-0.945984,4.42381,5.92759,33,20,step,0.551,1.79069e+09,-3.30483,52,0.246621
0.552,2,-2,nan,nan,nan,nan,-1.94004,-1.02102,-0.963028,4.4217,5.92759,33,20,step,0.552,1.79069e+09,-3.32739,52,0.24663
0.553,2,-2,nan,nan,nan,nan,-1.94004,-1.02102,-0.979008,4.4217,5.92759,33,20,step,0.553,1.79069e+09,-3.30483,52,0.246648
0.554,2,-2,nan,nan,nan,nan,-1.9626,-0.933751,-0.979008,4.41978,5.92759,33,20,step,0.554,1.79069e+09,-3.30483,52,0.246643
0.555,2,-2,nan,nan,nan,nan,-1.9626,-0.933751,-0.980073,4.41978,5.92759,33,20,step,0.555,1.79069e+09,-3.29355,52,0.246629
0.556,2,-2,nan,nan,nan,nan,-1.98516,-0.980875,-0.982204,4.41786,5.92759,33,20,step,0.556,1.79069e+09,-3.32739,52,0.246599
0.557,2,-2,nan,nan,nan,nan,-1.98516,-0.980875,-0.989661,4.41786,5.92759,33,20,step,0.557,1.79069e+09,-3.33867,52,0.246572
0.558,2,-2,nan,nan,nan,nan,-1.98516,-1.08559,-0.997118,4.41576,5.92759,33,20,step,0.558,1.79069e+09,-3.33867,52,0.246586
0.559,2,-2,nan,nan,nan,nan,-1.98516,-1.08559,-1.03866,4.41576,5.92759,33,20,step,0.559,1.79069e+09,-3.32739,52,0.246562
0.56,2,-2,nan,nan,nan,nan,-1.9062,-1.07338,-1.03973,4.41355,5.92759,33,20,step,0.56,1.79069e+09,-3.32739,52,0.246531
0.561,2,-2,nan,nan,nan,nan,-1.9062,-1.07338,-1.0344,4.41355,5.92759,33,20,step,0.561,1.79069e+09,-3.37251,52,0.2465
0.562,2,-2,nan,nan,nan,nan,-1.94004,-1.02974,-1.05571,4.41154,5.92759,33,20,step,0.562,1.79069e+09,-3.39507,52,0.246476
0.563,2,-2,nan,nan,nan,nan,-1.94004,-1.02974,-1.05038,4.41154,5.92759,33,20,step,0.563,1.79069e+09,-3.39507,52,0.246472
0.564,2,-2,nan,nan,nan,nan,-2.07539,-1.13097,-1.04825,4.40924,5.92759,33,20,step,0.564,1.79069e+09,-3.39507,52,0.246463
0.565,2,-2,nan,nan,nan,nan,-2.07539,-1.13097,-1.03866,4.40924,5.92759,33,20,step,0.565,1.79069e+09,-3.38379,52,0.246465
0.566,2,-2,nan,nan,nan,nan,-1.94004,-1.18333,-1.05358,4.40703,5.92759,33,20,step,0.566,1.79069e+09,-3.37251,52,0.246475
0.567,2,-2,nan,nan,nan,nan,-1.94004,-1.18333,-1.09619,4.40703,5.92759,33,20,step,0.567,1.79069e+09,-3.38379,52,0.246469
0.568,2,-2,nan,nan,nan,nan,-2.05283,-1.08036,-1.09193,4.40473,5.92759,33,20,step,0.568,1.79069e+09,-3.39507,52,0.246472
0.569,2,-2,nan,nan,nan,nan,-2.05283,-1.08036,-1.0898,4.40473,5.92759,33,20,step,0.569,1.79069e+09,-3.40635,52,0.24645
0.57,2,-2,nan,nan,nan,nan,-2.05283,-1.09258,-1.09299,4.40252,5.92759,33,20,step,0.57,1.79069e+09,-3.38379,52,0.246419
0.571,2,-2,nan,nan,nan,nan,-2.05283,-1.09258,-1.10258,4.40252,5.92759,33,20,step,0.571,1.79069e+09,-3.40635,52,0.246432
0.572,2,-2,nan,nan,nan,nan,-1.88364,-1.20602,-1.13028,4.40022,5.92759,33,20,step,0.572,1.79069e+09,-3.39507,52,0.246401
0.573,2,-2,nan,nan,nan,nan,-1.88364,-1.20602,-1.12602,4.40022,5.92759,33,20,step,0.573,1.79069e+09,-3.38379,52,0.246376
0.574,2,-2,nan,nan,nan,nan,-1.94004,-1.19031,-1.12389,4.39783,5.92759,33,20,step,0.574,1.79069e+09,-3.42891,52,0.246389
0.575,2,-2,nan,nan,nan,nan,-1.94004,-1.19031,-1.13348,4.39783,5.92749,33,20,step,0.575,1.79069e+09,-3.44019,52,0.246399
0.576,2,-2,nan,nan,nan,nan,-2.09795,-1.12399,-1.13561,4.39572,5.92749,33,20,step,0.576,1.79069e+09,-3.40635,52,0.246407
0.577,2,-2,nan,nan,nan,nan,-2.09795,-1.12399,-1.15372,4.39572,5.92749,33,20,step,0.577,1.79069e+09,-3.44019,52,0.246384
0.578,2,-2,nan,nan,nan,nan,-1.86108,-1.1973,-1.16863,4.39313,5.92749,33,20,step,0.578,1.79069e+09,-3.45146,52,0.246387
0.579,2,-2,nan,nan,nan,nan,-1.86108,-1.1973,-1.15691,4.39313,5.92749,33,20,step,0.579,1.79069e+09,-3.4853,52,0.246391
0.58,2,-2,nan,nan,nan,nan,-1.8498,-1.2322,-1.17502,4.39064,5.92749,33,20,step,0.58,1.79069e+09,-3.45146,52,0.246392
0.581,2,-2,nan,nan,nan,nan,-1.8498,-1.2322,-1.18674,4.39064,5.92749,33,20,step,0.581,1.79069e+09,-3.45146,52,0.246401
0.582,2,-2,nan,nan,nan,nan,-1.92876,-1.17984,-1.18568,4.38834,5.92749,33,20,step,0.582,1.79069e+09,-3.45146,52,0.246388
0.583,2,-2,nan,nan,nan,nan,-1.92876,-1.17984,-1.19952,4.38834,5.92749,33,20,step,0.583,1.79069e+09,-3.47402,52,0.24639
0.584,2,-2,nan,nan,nan,nan,-1.83853,-1.28282,-1.18248,4.38575,5.92749,33,20,step,0.584,1.79069e+09,-3.46274,52,0.246363
0.585,2,-2,nan,nan,nan,nan,-1.83853,-1.28282,-1.20592,4.38575,5.92749,33,20,step,0.585,1.79069e+09,-3.47402,52,0.246344
0.586,2,-2,nan,nan,nan,nan,-1.88364,-1.34739,-1.22083,4.38306,5.92749,33,20,step,0.586,1.79069e+09,-3.50786,52,0.246373
0.587,2,-2,nan,nan,nan,nan,-1.88364,-1.34739,-1.21018,4.38306,5.92749,33,20,step,0.587,1.79069e+09,-3.47402,52,0.24639
0.588,2,-2,nan,nan,nan,nan,-2.01899,-1.30027,-1.20379,4.38047,5.9274,33,20,step,0.588,1.79069e+09,-3.46274,52,0.246375
0.589,2,-2,nan,nan,nan,nan,-2.01899,-1.30027,-1.23255,4.38047,5.9274,33,20,step,0.589,1.79069e+09,-3.4853,52,0.246348
0.59,2,-2,nan,nan,nan,nan,-1.9062,-1.3247,-1.25918,4.37779,5.9274,33,20,step,0.59,1.79069e+09,-3.5417,52,0.246357
0.591,2,-2,nan,nan,nan,nan,-1.9062,-1.3247,-1.26664,4.37779,5.9274,33,20,step,0.591,1.79069e+09,-3.51914,52,0.246388
0.592,2,-2,nan,nan,nan,nan,-1.99644,-1.28456,-1.26238,4.3752,5.9274,33,20,step,0.592,1.79069e+09,-3.4853,52,0.246399
0.593,2,-2,nan,nan,nan,nan,-1.99644,-1.28456,-1.26664,4.3752,5.9274,33,20,step,0.593,1.79069e+09,-3.49658,52,0.246388
0.594,2,-2,nan,nan,nan,nan,-2.06411,-1.35263,-1.2986,4.37252,5.9273,33,20,step,0.594,1.79069e+09,-3.4853,52,0.246372
0.595,2,-2,nan,nan,nan,nan,-2.06411,-1.35263,-1.29007,4.37252,5.9273,33,20,step,0.595,1.79069e+09,-3.55298,52,0.246373
0.596,2,-2,nan,nan,nan,nan,-1.89492,-1.39975,-1.28155,4.36974,5.9273,33,20,step,0.596,1.79069e+09,-3.55298,52,0.246386
0.597,2,-2,nan,nan,nan,nan,-1.89492,-1.39975,-1.2954,4.36974,5.9273,33,20,step,0.597,1.79069e+09,-3.50786,52,0.246381
0.598,2,-2,nan,nan,nan,nan,-2.08667,-1.30376,-1.29434,4.36705,5.9273,33,20,step,0.598,1.79069e+09,-3.53042,52,0.246382
0.599,2,-2,nan,nan,nan,nan,-2.08667,-1.30376,-1.31032,4.36705,5.9273,33,20,step,0.599,1.79069e+09,-3.5417,52,0.246402
0.6,2,2,nan,nan,nan,nan,-1.97388,-1.32645,-1.33162,4.36446,5.92721,33,20,step,0.6,1.79069e+09,-3.53042,52,0.246405
0.601,2,2,nan,nan,nan,nan,-1.97388,-1.32645,-1.33695,4.36446,5.92721,33,20,step,0.601,1.79069e+09,-3.53042,52,0.24641
0.602,2,2,nan,nan,nan,nan,-2.01899,-1.39103,-1.32203,4.36168,5.92721,33,20,step,0.602,1.79069e+09,-3.55298,52,0.246387
0.603,2,2,nan,nan,nan,nan,-2.01899,-1.39103,-1.32843,4.36168,5.92721,33,20,step,0.603,1.79069e+09,-3.57554,52,0.246379
0.604,2,2,nan,nan,nan,nan,-0.0338379,-1.11003,-1.36465,4.35929,5.92721,33,20,step,0.604,1.79069e+09,-3.5981,52,0.246411
0.605,2,2,nan,nan,nan,nan,-0.0338379,-1.11003,-1.35399,4.35929,5.92711,33,20,step,0.605,1.79069e+09,-3.5981,52,0.246459
0.606,2,2,nan,nan,nan,nan,0.0789551,-0.633555,-1.32203,4.35794,5.92711,33,20,step,0.606,1.79069e+09,-3.5417,52,0.246485
0.607,2,2,nan,nan,nan,nan,0.0789551,-0.633555,-1.34334,4.35794,5.92711,33,20,step,0.607,1.79069e+09,-3.5417,52,0.246505
0.608,2,2,nan,nan,nan,nan,0.552686,-0.642281,-1.35506,4.3567,5.92701,33,20,step,0.608,1.79069e+09,-3.57554,52,0.246523
0.609,2,2,nan,nan,nan,nan,0.552686,-0.642281,-1.32949,4.3567,5.92701,33,20,step,0.609,1.79069e+09,-3.58682,52,0.246545
0.61,2,2,nan,nan,nan,nan,1.09409,-0.680678,-1.33908,4.35535,5.92701,33,20,step,0.61,1.79069e+09,-3.58682,52,0.246578
0.611,2,2,nan,nan,nan,nan,1.09409,-0.680678,-1.31884,4.35535,5.92701,33,20,step,0.611,1.79069e+09,-3.62065,52,0.246628
0.612,2,2,nan,nan,nan,nan,1.62422,-0.949459,-1.29647,4.35353,5.92701,33,20,step,0.612,1.79069e+09,-3.65449,52,0.246713
0.613,2,2,nan,nan,nan,nan,1.62422,-0.949459,-1.29647,4.35353,5.92701,33,20,step,0.613,1.79069e+09,-3.60938,52,0.246835
0.614,2,2,nan,nan,nan,nan,2.03027,-1.36834,-1.28475,4.35094,5.92701,33,20,step,0.614,1.79069e+09,-3.53042,52,0.246889
0.615,2,2,nan,nan,nan,nan,2.03027,-1.36834,-1.2464,4.35094,5.92701,33,20,step,0.615,1.79069e+09,-3.55298,52,0.246961
0.616,2,2,nan,nan,nan,nan,1.91748,-1.48178,-1.22829,4.34797,5.92701,33,20,step,0.616,1.79069e+09,-3.60938,52,0.24704
0.617,2,2,nan,nan,nan,nan,1.91748,-1.48178,-1.2219,4.34797,5.92701,33,20,step,0.617,1.79069e+09,-3.63193,52,0.247129
0.618,2,2,nan,nan,nan,nan,1.82725,-1.3631,-1.2155,4.34519,5.92701,33,20,step,0.618,1.79069e+09,-3.64321,52,0.247287
0.619,2,2,nan,nan,nan,nan,1.82725,-1.3631,-1.20272,4.34519,5.92701,33,20,step,0.619,1.79069e+09,-3.56426,52,0.247379
0.62,2,2,nan,nan,nan,nan,1.87236,-1.15366,-1.17183,4.3428,5.92692,33,20,step,0.62,1.79069e+09,-3.53042,52,0.247449
0.621,2,2,nan,nan,nan,nan,1.87236,-1.15366,-1.15265,4.3428,5.92692,33,20,step,0.621,1.79069e+09,-3.56426,52,0.247536
0.622,2,2,nan,nan,nan,nan,1.82725,-0.986111,-1.15372,4.34078,5.92692,33,20,step,0.622,1.79069e+09,-3.55298,52,0.247578
0.623,2,2,nan,nan,nan,nan,1.82725,-0.986111,-1.13348,4.34078,5.92682,33,20,step,0.623,1.79069e+09,-3.55298,52,0.247645
0.624,2,2,nan,nan,nan,nan,1.91748,-1.0472,-1.10791,4.33867,5.92682,33,20,step,0.624,1.79069e+09,-3.5981,52,0.247689
0.625,2,2,nan,nan,nan,nan,1.91748,-1.0472,-1.1175,4.33867,5.92682,33,20,step,0.625,1.79069e+09,-3.57554,52,0.247766
0.626,2,2,nan,nan,nan,nan,2.04155,-1.11876,-1.09726,4.33647,5.92682,33,20,step,0.626,1.79069e+09,-3.57554,52,0.247881
0.627,2,2,nan,nan,nan,nan,2.04155,-1.11876,-1.07808,4.33647,5.92673,33,20,step,0.627,1.79069e+09,-3.56426,52,0.247973
0.628,2,2,nan,nan,nan,nan,2.04155,-1.09432,-1.06104,4.33426,5.92673,33,20,step,0.628,1.79069e+09,-3.53042,52,0.248082
0.629,2,2,nan,nan,nan,nan,2.04155,-1.09432,-1.02588,4.33426,5.92673,33,20,step,0.629,1.79069e+09,-3.5417,52,0.24814
0.63,2,2,nan,nan,nan,nan,1.97388,-1.07338,-0.992857,4.33215,5.92663,33,20,step,0.63,1.79069e+09,-3.55298,52,0.248217
0.631,2,2,nan,nan,nan,nan,1.97388,-1.07338,-0.976877,4.33215,5.92663,33,20,step,0.631,1.79069e+09,-3.57554,52,0.248326
0.632,2,2,nan,nan,nan,nan,1.91748,-1.08036,-0.976877,4.32995,5.92663,33,20,step,0.632,1.79069e+09,-3.58682,52,0.248403
0.633,2,2,nan,nan,nan,nan,1.91748,-1.08036,-0.961963,4.32995,5.92663,33,20,step,0.633,1.79069e+09,-3.5417,52,0.24848
0.634,2,2,nan,nan,nan,nan,2.06411,-0.98262,-0.958767,4.32784,5.92663,33,20,step,0.634,1.79069e+09,-3.5417,52,0.248525
0.635,2,2,nan,nan,nan,nan,2.06411,-0.98262,-0.945984,4.32784,5.92663,33,20,step,0.635,1.79069e+09,-3.55298,52,0.248589
0.636,2,2,nan,nan,nan,nan,1.9626,-0.862193,-0.937461,4.32611,5.92653,33,20,step,0.636,1.79069e+09,-3.57554,52,0.248643
0.637,2,2,nan,nan,nan,nan,1.9626,-0.862193,-0.918286,4.32611,5.92653,33,20,step,0.637,1.79069e+09,-3.58682,52,0.248694
0.638,2,2,nan,nan,nan,nan,1.80469,-0.849975,-0.888458,4.32439,5.92644,33,20,step,0.638,1.79069e+09,-3.5981,52,0.248777
0.639,2,2,nan,nan,nan,nan,1.80469,-0.849975,-0.888458,4.32439,5.92634,33,20,step,0.639,1.79069e+09,-3.56426,52,0.248864
0.64,2,2,nan,nan,nan,nan,1.87236,-0.921534,-0.883131,4.32266,5.92634,33,20,step,0.64,1.79069e+09,-3.57554,52,0.248935
0.641,2,2,nan,nan,nan,nan,1.87236,-0.921534,-0.863956,4.32266,5.92625,33,20,step,0.641,1.79069e+09,-3.55298,52,0.249018
0.642,2,2,nan,nan,nan,nan,1.9626,-0.909317,-0.856499,4.32065,5.92625,33,20,step,0.642,1.79069e+09,-3.55298,52,0.249082
0.643,2,2,nan,nan,nan,nan,1.9626,-0.909317,-0.837323,4.32065,5.92615,33,20,step,0.643,1.79069e+09,-3.57554,52,0.24917
0.644,2,2,nan,nan,nan,nan,1.94004,-0.809833,-0.796842,4.31911,5.92615,33,20,step,0.644,1.79069e+09,-3.58682,52,0.249247
0.645,2,2,nan,nan,nan,nan,1.94004,-0.809833,-0.801103,4.31911,5.92615,33,20,step,0.645,1.79069e+09,-3.5981,52,0.249321
0.646,2,2,nan,nan,nan,nan,1.91748,-0.74351,-0.795777,4.31768,5.92615,33,20,step,0.646,1.79069e+09,-3.58682,52,0.249384
0.647,2,2,nan,nan,nan,nan,1.91748,-0.74351,-0.777667,4.31768,5.92615,33,20,step,0.647,1.79069e+09,-3.56426,52,0.249437
0.648,2,2,nan,nan,nan,nan,1.95132,-0.752237,-0.759557,4.31614,5.92615,33,20,step,0.648,1.79069e+09,-3.57554,52,0.249506
0.649,2,2,nan,nan,nan,nan,1.95132,-0.752237,-0.760622,4.31614,5.92615,33,20,step,0.649,1.79069e+09,-3.55298,52,0.249568
0.65,2,2,nan,nan,nan,nan,1.97388,-0.757473,-0.727598,4.31461,5.92615,33,20,step,0.65,1.79069e+09,-3.56426,52,0.249604
0.651,2,2,nan,nan,nan,nan,1.97388,-0.757473,-0.689247,4.31461,5.92606,33,20,step,0.651,1.79069e+09,-3.56426,52,0.249642
0.652,2,2,nan,nan,nan,nan,1.98516,-0.678933,-0.692443,4.31317,5.92606,33,20,step,0.652,1.79069e+09,-3.5981,52,0.249686
0.653,2,2,nan,nan,nan,nan,1.98516,-0.678933,-0.683921,4.31317,5.92606,33,20,step,0.653,1.79069e+09,-3.63193,52,0.249782
0.654,2,2,nan,nan,nan,nan,1.9062,-0.572468,-0.667941,4.31202,5.92596,33,20,step,0.654,1.79069e+09,-3.58682,52,0.249873
0.655,2,2,nan,nan,nan,nan,1.9062,-0.572468,-0.653027,4.31202,5.92596,33,20,step,0.655,1.79069e+09,-3.55298,52,0.249938
0.656,2,2,nan,nan,nan,nan,1.89492,-0.584685,-0.641309,4.31087,5.92596,33,20,step,0.656,1.79069e+09,-3.57554,52,0.250029
0.657,2,2,nan,nan,nan,nan,1.89492,-0.584685,-0.624264,4.31087,5.92586,33,20,step,0.657,1.79069e+09,-3.57554,52,0.25007
0.658,2,2,nan,nan,nan,nan,1.9062,-0.647517,-0.622133,4.30962,5.92586,33,20,step,0.658,1.79069e+09,-3.58682,52,0.250144
0.659,2,2,nan,nan,nan,nan,1.9062,-0.647517,-0.579522,4.30962,5.92586,33,20,step,0.659,1.79069e+09,-3.60938,52,0.250224
0.66,2,2,nan,nan,nan,nan,1.9062,-0.6353,-0.565673,4.30828,5.92586,33,20,step,0.66,1.79069e+09,-3.58682,52,0.25028
0.661,2,2,nan,nan,nan,nan,1.9062,-0.6353,-0.548628,4.30828,5.92586,33,20,step,0.661,1.79069e+09,-3.57554,52,0.250361
0.662,2,2,nan,nan,nan,nan,1.92876,-0.575959,-0.53691,4.30713,5.92586,33,20,step,0.662,1.79069e+09,-3.56426,52,0.250416
0.663,2,2,nan,nan,nan,nan,1.92876,-0.575959,-0.528387,4.30713,5.92586,33,20,step,0.663,1.79069e+09,-3.56426,52,0.250452
0.664,2,2,nan,nan,nan,nan,1.9626,-0.513127,-0.503885,4.30608,5.92586,33,20,step,0.664,1.79069e+09,-3.56426,52,0.250489
0.665,2,2,nan,nan,nan,nan,1.9626,-0.513127,-0.493232,4.30608,5.92577,33,20,step,0.665,1.79069e+09,-3.57554,52,0.250496
0.666,2,2,nan,nan,nan,nan,1.91748,-0.438078,-0.48471,4.30521,5.92577,33,20,step,0.666,1.79069e+09,-3.5981,52,0.250552
0.667,2,2,nan,nan,nan,nan,1.91748,-0.438078,-0.461274,4.30521,5.92577,33,20,step,0.667,1.79069e+09,-3.60938,52,0.250637
0.668,2,2,nan,nan,nan,nan,1.88364,-0.401426,-0.455947,4.30435,5.92567,33,20,step,0.668,1.79069e+09,-3.57554,52,0.250707
0.669,2,2,nan,nan,nan,nan,1.88364,-0.401426,-0.444229,4.30435,5.92567,33,20,step,0.669,1.79069e+09,-3.5417,52,0.250793
0.67,2,2,nan,nan,nan,nan,1.89492,-0.418879,-0.410139,4.30358,5.92567,33,20,step,0.67,1.79069e+09,-3.55298,52,0.250836
0.671,2,2,nan,nan,nan,nan,1.89492,-0.418879,-0.415466,4.30358,5.92567,33,20,step,0.671,1.79069e+09,-3.55298,52,0.250911
0.672,2,2,nan,nan,nan,nan,1.87236,-0.445059,-0.388833,4.30272,5.92567,33,20,step,0.672,1.79069e+09,-3.57554,52,0.251003
0.673,2,2,nan,nan,nan,nan,1.87236,-0.445059,-0.36007,4.30272,5.92567,33,20,step,0.673,1.79069e+09,-3.58682,52,0.251056
0.674,2,2,nan,nan,nan,nan,1.8498,-0.392699,-0.365397,4.30186,5.92567,33,20,step,0.674,1.79069e+09,-3.5417,52,0.251139
0.675,2,2,nan,nan,nan,nan,1.8498,-0.392699,-0.365397,4.30186,5.92567,33,20,step,0.675,1.79069e+09,-3.5417,52,0.251175
0.676,2,2,nan,nan,nan,nan,1.86108,-0.319395,-0.330242,4.30119,5.92567,33,20,step,0.676,1.79069e+09,-3.53042,52,0.25121
0.677,2,2,nan,nan,nan,nan,1.86108,-0.319395,-0.319589,4.30119,5.92567,33,20,step,0.677,1.79069e+09,-3.56426,52,0.251252
0.678,2,2,nan,nan,nan,nan,1.87236,-0.270526,-0.296153,4.30061,5.92567,33,20,step,0.678,1.79069e+09,-3.58682,52,0.251287
0.679,2,2,nan,nan,nan,nan,1.87236,-0.270526,-0.272716,4.30061,5.92567,33,20,step,0.679,1.79069e+09,-3.57554,52,0.251339
0.68,2,2,nan,nan,nan,nan,1.9062,-0.253073,-0.270585,4.30013,5.92567,33,20,step,0.68,1.79069e+09,-3.57554,52,0.251373
0.681,2,2,nan,nan,nan,nan,1.9062,-0.253073,-0.253541,4.30013,5.92567,33,20,step,0.681,1.79069e+09,-3.56426,52,0.251441
0.682,2,2,nan,nan,nan,nan,1.92876,-0.233874,-0.248214,4.29965,5.92558,33,20,step,0.682,1.79069e+09,-3.57554,52,0.251525
0.683,2,2,nan,nan,nan,nan,1.92876,-0.233874,-0.236496,4.29965,5.92558,33,20,step,0.683,1.79069e+09,-3.53042,52,0.251576
0.684,2,2,nan,nan,nan,nan,1.97388,-0.216421,-0.205602,4.29917,5.92558,33,20,step,0.684,1.79069e+09,-3.53042,52,0.251625
0.685,2,2,nan,nan,nan,nan,1.97388,-0.216421,-0.182166,4.29917,5.92558,33,20,step,0.685,1.79069e+09,-3.55298,52,0.251668
0.686,2,2,nan,nan,nan,nan,1.97388,-0.18675,-0.185362,4.29879,5.92558,33,20,step,0.686,1.79069e+09,-3.57554,52,0.251708
0.687,2,2,nan,nan,nan,nan,1.97388,-0.18675,-0.172578,4.29879,5.92558,33,20,step,0.687,1.79069e+09,-3.56426,52,0.251784
0.688,2,2,nan,nan,nan,nan,1.9626,-0.144862,-0.152337,4.2985,5.92558,33,20,step,0.688,1.79069e+09,-3.55298,52,0.251819
0.689,2,2,nan,nan,nan,nan,1.9626,-0.144862,-0.129966,4.2985,5.92558,33,20,step,0.689,1.79069e+09,-3.53042,52,0.251864
0.69,2,2,nan,nan,nan,nan,2.07539,-0.109956,-0.125705,4.29831,5.92558,33,20,step,0.69,1.79069e+09,-3.56426,52,0.2519
0.691,2,2,nan,nan,nan,nan,2.07539,-0.109956,-0.110791,4.29831,5.92558,33,20,step,0.691,1.79069e+09,-3.57554,52,0.25192
0.692,2,2,nan,nan,nan,nan,1.9626,-0.0820305,-0.0841585,4.29812,5.92558,33,20,step,0.692,1.79069e+09,-3.5981,52,0.251982
0.693,2,2,nan,nan,nan,nan,1.9626,-0.0820305,-0.0756361,4.29812,5.92558,33,20,step,0.693,1.79069e+09,-3.57554,52,0.252029
0.694,2,2,nan,nan,nan,nan,2.06411,-0.0558505,-0.0426119,4.29793,5.92548,33,20,step,0.694,1.79069e+09,-3.55298,52,0.252092
0.695,2,2,nan,nan,nan,nan,2.06411,-0.0558505,-0.0159795,4.29793,5.92548,33,20,step,0.695,1.79069e+09,-3.5417,52,0.252138
0.696,2,2,nan,nan,nan,nan,1.9626,-0.0314159,-0.0202406,4.29793,5.92548,33,20,step,0.696,1.79069e+09,-3.5417,52,0.252166
0.697,2,2,nan,nan,nan,nan,1.9626,-0.0314159,-0.00958767,4.29793,5.92548,33,20,step,0.697,1.79069e+09,-3.55298,52,0.252194
0.698,2,2,nan,nan,nan,nan,1.95132,-0.00698132,-0.00532648,4.29793,5.92548,33,20,step,0.698,1.79069e+09,-3.55298,52,0.252205
0.699,2,2,nan,nan,nan,nan,1.95132,-0.00698132,0.00958767,4.29793,5.92548,33,20,step,0.699,1.79069e+09,-3.58682,52,0.252244
0.7,2,2,nan,nan,nan,nan,1.95132,0,0.0511343,4.29793,5.92548,33,20,step,0.7,1.79069e+09,-3.56426,52,0.252293
0.701,2,2,nan,nan,nan,nan,1.95132,0,0.0649831,4.29793,5.92548,33,20,step,0.701,1.79069e+09,-3.56426,52,0.252327
0.702,2,2,nan,nan,nan,nan,1.9626,0.0366519,0.078832,4.29793,5.92548,33,20,step,0.702,1.79069e+09,-3.55298,52,0.252369
0.703,2,2,nan,nan,nan,nan,1.9626,0.0366519,0.078832,4.29793,5.92548,33,20,step,0.703,1.79069e+09,-3.5417,52,0.252381
0.704,2,2,nan,nan,nan,nan,1.91748,0.0628319,0.103334,4.29812,5.92548,33,20,step,0.704,1.79069e+09,-3.5417,52,0.252402
0.705,2,2,nan,nan,nan,nan,1.91748,0.0628319,0.103334,4.29812,5.92548,33,20,step,0.705,1.79069e+09,-3.55298,52,0.252424
0.706,2,2,nan,nan,nan,nan,1.91748,0.0802851,0.131032,4.29821,5.92548,33,20,step,0.706,1.79069e+09,-3.57554,52,0.252434
0.707,2,2,nan,nan,nan,nan,1.91748,0.0802851,0.151272,4.29821,5.92548,33,20,step,0.707,1.79069e+09,-3.55298,52,0.252473
0.708,2,2,nan,nan,nan,nan,1.92876,0.113446,0.14275,4.2985,5.92548,33,20,step,0.708,1.79069e+09,-3.56426,52,0.252479
0.709,2,2,nan,nan,nan,nan,1.92876,0.113446,0.157664,4.2985,5.92548,33,20,step,0.709,1.79069e+09,-3.53042,52,0.252512
0.71,2,2,nan,nan,nan,nan,1.91748,0.141372,0.169382,4.29879,5.92548,33,20,step,0.71,1.79069e+09,-3.56426,52,0.252535
0.711,2,2,nan,nan,nan,nan,1.91748,0.141372,0.174709,4.29879,5.92548,33,20,step,0.711,1.79069e+09,-3.5417,52,0.252537
0.712,2,2,nan,nan,nan,nan,1.91748,0.179769,0.202406,4.29908,5.92548,33,20,step,0.712,1.79069e+09,-3.53042,52,0.252581
0.713,2,2,nan,nan,nan,nan,1.91748,0.179769,0.207733,4.29908,5.92548,33,20,step,0.713,1.79069e+09,-3.55298,52,0.252606
0.714,2,2,nan,nan,nan,nan,1.87236,0.207694,0.198145,4.29946,5.92548,33,20,step,0.714,1.79069e+09,-3.53042,52,0.252618
0.715,2,2,nan,nan,nan,nan,1.87236,0.207694,0.199211,4.29946,5.92548,33,20,step,0.715,1.79069e+09,-3.55298,52,0.252653
0.716,2,2,nan,nan,nan,nan,1.92876,0.225147,0.214125,4.29994,5.92548,33,20,step,0.716,1.79069e+09,-3.53042,52,0.25266
0.717,2,2,nan,nan,nan,nan,1.92876,0.225147,0.231169,4.29994,5.92548,33,20,step,0.717,1.79069e+09,-3.53042,52,0.252672
0.718,2,2,nan,nan,nan,nan,1.87236,0.256563,0.242888,4.30042,5.92548,33,20,step,0.718,1.79069e+09,-3.55298,52,0.252679
0.719,2,2,nan,nan,nan,nan,1.87236,0.256563,0.257802,4.30042,5.92548,33,20,step,0.719,1.79069e+09,-3.55298,52,0.252677
0.72,2,2,nan,nan,nan,nan,1.9062,0.279253,0.258867,4.30099,5.92548,33,20,step,0.72,1.79069e+09,-3.55298,52,0.252711
0.721,2,2,nan,nan,nan,nan,1.9062,0.279253,0.272716,4.30099,5.92548,33,20,step,0.721,1.79069e+09,-3.55298,52,0.252714
0.722,2,2,nan,nan,nan,nan,1.88364,0.315905,0.301479,4.30167,5.92548,33,20,step,0.722,1.79069e+09,-3.5417,52,0.252755
0.723,2,2,nan,nan,nan,nan,1.88364,0.315905,0.310001,4.30167,5.92548,33,20,step,0.723,1.79069e+09,-3.51914,52,0.252797
0.724,2,2,nan,nan,nan,nan,1.9062,0.335103,0.322785,4.30224,5.92548,33,20,step,0.724,1.79069e+09,-3.50786,52,0.252828
0.725,2,2,nan,nan,nan,nan,1.9062,0.335103,0.318524,4.30224,5.92548,33,20,step,0.725,1.79069e+09,-3.50786,52,0.252879
0.726,2,2,nan,nan,nan,nan,1.9626,0.335103,0.319589,4.30291,5.92548,33,20,step,0.726,1.79069e+09,-3.50786,52,0.252895
0.727,2,2,nan,nan,nan,nan,1.9626,0.335103,0.327046,4.30291,5.92548,33,20,step,0.727,1.79069e+09,-3.49658,52,0.252905
0.728,2,2,nan,nan,nan,nan,1.97388,0.34383,0.34196,4.30368,5.92548,33,20,step,0.728,1.79069e+09,-3.50786,52,0.252954
0.729,2,2,nan,nan,nan,nan,1.97388,0.34383,0.340895,4.30368,5.92548,33,20,step,0.729,1.79069e+09,-3.50786,52,0.252984
0.73,2,2,nan,nan,nan,nan,1.94004,0.368264,0.383507,4.30445,5.92548,33,20,step,0.73,1.79069e+09,-3.47402,52,0.25302
0.731,2,2,nan,nan,nan,nan,1.94004,0.368264,0.411205,4.30445,5.92548,33,20,step,0.731,1.79069e+09,-3.4853,52,0.25303
0.732,2,2,nan,nan,nan,nan,2.08667,0.418879,0.416531,4.30521,5.92548,33,20,step,0.732,1.79069e+09,-3.49658,52,0.253048
0.733,2,2,nan,nan,nan,nan,2.08667,0.418879,0.410139,4.30521,5.92548,33,20,step,0.733,1.79069e+09,-3.4853,52,0.253062
0.734,2,2,nan,nan,nan,nan,2.09795,0.457276,0.421858,4.30617,5.92548,33,20,step,0.734,1.79069e+09,-3.47402,52,0.253072
0.735,2,2,nan,nan,nan,nan,2.09795,0.457276,0.423988,4.30617,5.92548,33,20,step,0.735,1.79069e+09,-3.51914,52,0.253095
0.736,2,2,nan,nan,nan,nan,1.95132,0.445059,0.439968,4.30694,5.92548,33,20,step,0.736,1.79069e+09,-3.4853,52,0.253133
0.737,2,2,nan,nan,nan,nan,1.95132,0.445059,0.447425,4.30694,5.92548,33,20,step,0.737,1.79069e+09,-3.49658,52,0.25317
0.738,2,2,nan,nan,nan,nan,1.92876,0.42586,0.442098,4.3078,5.92548,33,20,step,0.738,1.79069e+09,-3.46274,52,0.253175
0.739,2,2,nan,nan,nan,nan,1.92876,0.42586,0.450621,4.3078,5.92548,33,20,step,0.739,1.79069e+09,-3.4853,52,0.253158
0.74,2,2,nan,nan,nan,nan,1.91748,0.462512,0.479384,4.30876,5.92548,33,20,step,0.74,1.79069e+09,-3.50786,52,0.253223
0.741,2,2,nan,nan,nan,nan,1.91748,0.462512,0.487906,4.30876,5.92548,33,20,step,0.741,1.79069e+09,-3.51914,52,0.253256
0.742,2,2,nan,nan,nan,nan,1.9062,0.560251,0.495363,4.30981,5.92548,33,20,step,0.742,1.79069e+09,-3.46274,52,0.25329
0.743,2,2,nan,nan,nan,nan,1.9062,0.560251,0.492167,4.30981,5.92548,33,20,step,0.743,1.79069e+09,-3.44019,52,0.253305
0.744,2,2,nan,nan,nan,nan,1.9626,0.602139,0.524126,4.31106,5.92548,33,20,step,0.744,1.79069e+09,-3.45146,52,0.253297
0.745,2,2,nan,nan,nan,nan,1.9626,0.602139,0.5188,4.31106,5.92548,33,20,step,0.745,1.79069e+09,-3.45146,52,0.253294
0.746,2,2,nan,nan,nan,nan,2.04155,0.584685,0.551824,4.31221,5.92548,33,20,step,0.746,1.79069e+09,-3.50786,52,0.253298
0.747,2,2,nan,nan,nan,nan,2.04155,0.584685,0.57313,4.31221,5.92548,33,20,step,0.747,1.79069e+09,-3.50786,52,0.253315
0.748,2,2,nan,nan,nan,nan,2.07539,0.563741,0.579522,4.31336,5.92548,33,20,step,0.748,1.79069e+09,-3.4853,52,0.253336
0.749,2,2,nan,nan,nan,nan,2.07539,0.563741,0.548628,4.31336,5.92548,33,20,step,0.749,1.79069e+09,-3.50786,52,0.253398
0.75,2,2,nan,nan,nan,nan,1.99644,0.567232,0.576326,4.31451,5.92548,33,20,step,0.75,1.79069e+09,-3.45146,52,0.253449
0.751,2,2,nan,nan,nan,nan,1.99644,0.567232,0.590175,4.31451,5.92548,33,20,step,0.751,1.79069e+09,-3.41763,52,0.253454
0.752,2,2,nan,nan,nan,nan,1.98516,0.53058,0.59337,4.31557,5.92548,33,20,step,0.752,1.79069e+09,-3.41763,52,0.253458
0.753,2,2,nan,nan,nan,nan,1.98516,0.53058,0.601893,4.31557,5.92548,33,20,step,0.753,1.79069e+09,-3.47402,52,0.253477
0.754,2,2,nan,nan,nan,nan,1.9626,0.575959,0.620003,4.31672,5.92548,33,20,step,0.754,1.79069e+09,-3.45146,52,0.25351
0.755,2,2,nan,nan,nan,nan,1.9626,0.575959,0.614676,4.31672,5.92548,33,20,step,0.755,1.79069e+09,-3.40635,52,0.253534
0.756,2,2,nan,nan,nan,nan,1.94004,0.66497,0.637048,4.31796,5.92548,33,20,step,0.756,1.79069e+09,-3.44019,52,0.253555
0.757,2,2,nan,nan,nan,nan,1.94004,0.66497,0.646635,4.31796,5.92548,33,20,step,0.757,1.79069e+09,-3.41763,52,0.253573
0.758,2,2,nan,nan,nan,nan,2.00771,0.741765,0.646635,4.3195,5.92548,33,20,step,0.758,1.79069e+09,-3.41763,52,0.253584
0.759,2,2,nan,nan,nan,nan,2.00771,0.741765,0.650896,4.3195,5.92548,33,20,step,0.759,1.79069e+09,-3.41763,52,0.253569
0.76,2,2,nan,nan,nan,nan,2.05283,0.762709,0.66368,4.32094,5.92548,33,20,step,0.76,1.79069e+09,-3.40635,52,0.253578
0.761,2,2,nan,nan,nan,nan,2.05283,0.762709,0.662615,4.32094,5.92548,33,20,step,0.761,1.79069e+09,-3.46274,52,0.253609
0.762,2,2,nan,nan,nan,nan,1.99644,0.715585,0.670072,4.32247,5.92548,33,20,step,0.762,1.79069e+09,-3.44019,52,0.253627
0.763,2,2,nan,nan,nan,nan,1.99644,0.715585,0.697769,4.32247,5.92548,33,20,step,0.763,1.79069e+09,-3.40635,52,0.253663
0.764,2,2,nan,nan,nan,nan,2.00771,0.645772,0.702031,4.32372,5.92548,33,20,step,0.764,1.79069e+09,-3.38379,52,0.253655
0.765,2,2,nan,nan,nan,nan,2.00771,0.645772,0.691378,4.32372,5.92548,33,20,step,0.765,1.79069e+09,-3.37251,52,0.253666
0.766,2,2,nan,nan,nan,nan,1.9626,0.685914,0.706292,4.32506,5.92548,33,20,step,0.766,1.79069e+09,-3.42891,52,0.253678
0.767,2,2,nan,nan,nan,nan,1.9626,0.685914,0.729728,4.32506,5.92548,33,20,step,0.767,1.79069e+09,-3.41763,52,0.253698
0.768,2,2,nan,nan,nan,nan,1.9626,0.802851,0.725467,4.32669,5.92548,33,20,step,0.768,1.79069e+09,-3.41763,52,0.253728
0.769,2,2,nan,nan,nan,nan,1.9626,0.802851,0.741447,4.32669,5.92548,33,20,step,0.769,1.79069e+09,-3.39507,52,0.253728
0.77,2,2,nan,nan,nan,nan,2.00771,0.869174,0.744643,4.32841,5.92548,33,20,step,0.77,1.79069e+09,-3.39507,52,0.253745
0.771,2,2,nan,nan,nan,nan,2.00771,0.869174,0.732924,4.32841,5.92548,33,20,step,0.771,1.79069e+09,-3.38379,52,0.253748
0.772,2,2,nan,nan,nan,nan,1.97388,0.841249,0.760622,4.33014,5.92548,33,20,step,0.772,1.79069e+09,-3.36123,52,0.253735
0.773,2,2,nan,nan,nan,nan,1.97388,0.841249,0.761687,4.33014,5.92548,33,20,step,0.773,1.79069e+09,-3.39507,52,0.253717
0.774,2,2,nan,nan,nan,nan,1.97388,0.74002,0.763818,4.33158,5.92548,33,20,step,0.774,1.79069e+09,-3.40635,52,0.253713
0.775,2,2,nan,nan,nan,nan,1.97388,0.74002,0.780863,4.33158,5.92548,33,20,step,0.775,1.79069e+09,-3.42891,52,0.253755
0.776,2,2,nan,nan,nan,nan,1.91748,0.778417,0.778732,4.33321,5.92548,33,20,step,0.776,1.79069e+09,-3.40635,52,0.253775
0.777,2,2,nan,nan,nan,nan,1.91748,0.778417,0.797907,4.33321,5.92548,33,20,step,0.777,1.79069e+09,-3.36123,52,0.253777
0.778,2,2,nan,nan,nan,nan,1.98516,0.865683,0.803234,4.33493,5.92548,33,20,step,0.778,1.79069e+09,-3.39507,52,0.253793
0.779,2,2,nan,nan,nan,nan,1.98516,0.865683,0.82454,4.33493,5.92548,33,20,step,0.779,1.79069e+09,-3.37251,52,0.253819
0.78,2,2,nan,nan,nan,nan,1.9062,0.97913,0.811756,4.33685,5.92548,33,20,step,0.78,1.79069e+09,-3.36123,52,0.253827
0.781,2,2,nan,nan,nan,nan,1.9062,0.97913,0.819213,4.33685,5.92548,33,20,step,0.781,1.79069e+09,-3.36123,52,0.253837
0.782,2,2,nan,nan,nan,nan,1.97388,0.942478,0.819213,4.33877,5.92548,33,20,step,0.782,1.79069e+09,-3.37251,52,0.253832
0.783,2,2,nan,nan,nan,nan,1.97388,0.942478,0.843715,4.33877,5.92548,33,20,step,0.783,1.79069e+09,-3.37251,52,0.253858
0.784,2,2,nan,nan,nan,nan,1.97388,0.856957,0.853303,4.3404,5.92548,33,20,step,0.784,1.79069e+09,-3.34995,52,0.253873
0.785,2,2,nan,nan,nan,nan,1.97388,0.856957,0.84478,4.3404,5.92548,33,20,step,0.785,1.79069e+09,-3.33867,52,0.253883
0.786,2,2,nan,nan,nan,nan,2.10923,0.837758,0.852238,4.34222,5.92548,33,20,step,0.786,1.79069e+09,-3.33867,52,0.2539
0.787,2,2,nan,nan,nan,nan,2.10923,0.837758,0.879935,4.34222,5.92548,33,20,step,0.787,1.79069e+09,-3.33867,52,0.253906
0.788,2,2,nan,nan,nan,nan,1.94004,0.93026,0.871413,4.34385,5.92548,33,20,step,0.788,1.79069e+09,-3.33867,52,0.253928
0.789,2,2,nan,nan,nan,nan,1.94004,0.93026,0.885262,4.34385,5.92548,33,20,step,0.789,1.79069e+09,-3.33867,52,0.253961
0.79,2,2,nan,nan,nan,nan,1.86108,0.95644,0.914025,4.34577,5.92548,33,20,step,0.79,1.79069e+09,-3.31611,52,0.253969
0.791,2,2,nan,nan,nan,nan,1.86108,0.95644,0.909764,4.34577,5.92548,33,20,step,0.791,1.79069e+09,-3.25972,52,0.253997
0.792,2,2,nan,nan,nan,nan,1.95132,0.959931,0.927874,4.34769,5.92548,33,20,step,0.792,1.79069e+09,-3.31611,52,0.253997
0.793,2,2,nan,nan,nan,nan,1.95132,0.959931,0.923612,4.34769,5.92548,33,20,step,0.793,1.79069e+09,-3.28228,52,0.253984
0.794,2,2,nan,nan,nan,nan,2.01899,0.95644,0.909764,4.3496,5.92558,33,20,step,0.794,1.79069e+09,-3.32739,52,0.254015
0.795,2,2,nan,nan,nan,nan,2.01899,0.95644,0.936396,4.3496,5.92558,33,20,step,0.795,1.79069e+09,-3.33867,52,0.25404
0.796,2,2,nan,nan,nan,nan,1.9626,1.01753,0.942788,4.35162,5.92558,33,20,step,0.796,1.79069e+09,-3.28228,52,0.254053
0.797,2,2,nan,nan,nan,nan,1.9626,1.01753,0.96942,4.35162,5.92558,33,20,step,0.797,1.79069e+09,-3.23716,52,0.254073
0.798,2,2,nan,nan,nan,nan,1.92876,1.03847,0.953441,4.35373,5.92558,33,20,step,0.798,1.79069e+09,-3.24844,52,0.254079
0.799,2,2,nan,nan,nan,nan,1.92876,1.03847,0.982204,4.35373,5.92558,33,20,step,0.799,1.79069e+09,-3.271,52,0.254093
0.8,2,2,nan,nan,nan,nan,1.98516,1.028,1.00564,4.35574,5.92558,33,20,step,0.8,1.79069e+09,-3.271,52,0.254089
0.801,2,2,nan,nan,nan,nan,1.98516,1.028,0.983269,4.35574,5.92558,33,20,step,0.801,1.79069e+09,-3.23716,52,0.254108
0.802,2,2,nan,nan,nan,nan,2.07539,1.02625,0.982204,4.35785,5.92558,33,20,step,0.802,1.79069e+09,-3.271,52,0.254121
0.803,2,2,nan,nan,nan,nan,2.07539,1.02625,1.00244,4.35785,5.92558,33,20,step,0.803,1.79069e+09,-3.22588,52,0.254153
0.804,2,2,nan,nan,nan,nan,1.97388,1.05592,1.0099,4.36005,5.92558,33,20,step,0.804,1.79069e+09,-3.2146,52,0.254169
0.805,2,2,nan,nan,nan,nan,1.97388,1.05592,1.03547,4.36005,5.92558,33,20,step,0.805,1.79069e+09,-3.24844,52,0.254176
0.806,2,2,nan,nan,nan,nan,1.98516,1.04545,1.02482,4.36207,5.92558,33,20,step,0.806,1.79069e+09,-3.271,52,0.254185
0.807,2,2,nan,nan,nan,nan,1.98516,1.04545,1.00777,4.36207,5.92558,33,20,step,0.807,1.79069e+09,-3.22588,52,0.25419
0.808,2,2,nan,nan,nan,nan,2.03027,1.08036,1.03227,4.36418,5.92558,33,20,step,0.808,1.79069e+09,-3.24844,52,0.254167
0.809,2,2,nan,nan,nan,nan,2.03027,1.08036,1.04506,4.36418,5.92558,33,20,step,0.809,1.79069e+09,-3.22588,52,0.254184
0.81,2,2,nan,nan,nan,nan,2.01899,1.11003,1.05571,4.36638,5.92558,33,20,step,0.81,1.79069e+09,-3.23716,52,0.254196
0.811,2,2,nan,nan,nan,nan,2.01899,1.11003,1.06423,4.36638,5.92558,33,20,step,0.811,1.79069e+09,-3.2146,52,0.254211
0.812,2,2,nan,nan,nan,nan,1.99644,1.08559,1.07702,4.36868,5.92558,33,20,step,0.812,1.79069e+09,-3.2146,52,0.254203
0.813,2,2,nan,nan,nan,nan,1.99644,1.08559,1.08341,4.36868,5.92558,33,20,step,0.813,1.79069e+09,-3.20332,52,0.254168
0.814,2,2,nan,nan,nan,nan,2.01899,1.05069,1.0866,4.37069,5.92558,33,20,step,0.814,1.79069e+09,-3.2146,52,0.254172
0.815,2,2,nan,nan,nan,nan,2.01899,1.05069,1.11004,4.37069,5.92558,33,20,step,0.815,1.79069e+09,-3.22588,52,0.254181
0.816,2,2,nan,nan,nan,nan,2.04155,1.11177,1.10578,4.3729,5.92558,33,20,step,0.816,1.79069e+09,-3.20332,52,0.254202
0.817,2,2,nan,nan,nan,nan,2.04155,1.11177,1.0898,4.3729,5.92558,33,20,step,0.817,1.79069e+09,-3.20332,52,0.254235
0.818,2,2,nan,nan,nan,nan,1.94004,1.16763,1.09193,4.37539,5.92558,33,20,step,0.818,1.79069e+09,-3.1582,52,0.25425
0.819,2,2,nan,nan,nan,nan,1.94004,1.16763,1.14093,4.37539,5.92558,33,20,step,0.819,1.79069e+09,-3.16948,52,0.254265
0.82,2,2,nan,nan,nan,nan,1.94004,1.13272,1.15585,4.37769,5.92567,33,20,step,0.82,1.79069e+09,-3.14692,52,0.25425
0.821,2,2,nan,nan,nan,nan,1.94004,1.13272,1.13348,4.37769,5.92567,33,20,step,0.821,1.79069e+09,-3.14692,52,0.254222
0.822,2,2,nan,nan,nan,nan,1.98516,1.21824,1.14093,4.38009,5.92567,33,20,step,0.822,1.79069e+09,-3.19204,52,0.254207
0.823,2,2,nan,nan,nan,nan,1.98516,1.21824,1.12921,4.38009,5.92567,33,20,step,0.823,1.79069e+09,-3.19204,52,0.254212
0.824,2,2,nan,nan,nan,nan,1.95132,1.27235,1.15904,4.38258,5.92567,33,20,step,0.824,1.79069e+09,-3.16948,52,0.254231
0.825,2,2,nan,nan,nan,nan,1.95132,1.27235,1.17183,4.38258,5.92567,33,20,step,0.825,1.79069e+09,-3.14692,52,0.254223
0.826,2,2,nan,nan,nan,nan,2.01899,1.21649,1.191,4.38508,5.92567,33,20,step,0.826,1.79069e+09,-3.16948,52,0.254225
0.827,2,2,nan,nan,nan,nan,2.01899,1.21649,1.17502,4.38508,5.92567,33,20,step,0.827,1.79069e+09,-3.14692,52,0.254237
0.828,2,2,nan,nan,nan,nan,2.09795,1.20428,1.18781,4.38747,5.92567,33,20,step,0.828,1.79069e+09,-3.13564,52,0.254235
0.829,2,2,nan,nan,nan,nan,2.09795,1.20428,1.18568,4.38747,5.92567,33,20,step,0.829,1.79069e+09,-3.14692,52,0.254266
0.83,2,2,nan,nan,nan,nan,1.98516,1.28107,1.191,4.38997,5.92567,33,20,step,0.83,1.79069e+09,-3.16948,52,0.254278
0.831,2,2,nan,nan,nan,nan,1.98516,1.28107,1.22509,4.38997,5.92567,33,20,step,0.831,1.79069e+09,-3.10181,52,0.254282
0.832,2,2,nan,nan,nan,nan,2.03027,1.30551,1.2219,4.39265,5.92577,33,20,step,0.832,1.79069e+09,-3.12437,52,0.254296
0.833,2,2,nan,nan,nan,nan,2.03027,1.30551,1.22296,4.39265,5.92577,33,20,step,0.833,1.79069e+09,-3.10181,52,0.254272
0.834,2,2,nan,nan,nan,nan,2.05283,1.24966,1.23894,4.39495,5.92577,33,20,step,0.834,1.79069e+09,-3.10181,52,0.254263
0.835,2,2,nan,nan,nan,nan,2.05283,1.24966,1.26238,4.39495,5.92577,33,20,step,0.835,1.79069e+09,-3.13564,52,0.254277
0.836,2,2,nan,nan,nan,nan,2.00771,1.26885,1.24533,4.39764,5.92577,33,20,step,0.836,1.79069e+09,-3.11309,52,0.254263
0.837,2,2,nan,nan,nan,nan,2.00771,1.26885,1.2709,4.39764,5.92577,33,20,step,0.837,1.79069e+09,-3.09053,52,0.254252
0.838,2,2,nan,nan,nan,nan,1.95132,1.25315,1.28688,4.40013,5.92577,33,20,step,0.838,1.79069e+09,-3.11309,52,0.254282
0.839,2,2,nan,nan,nan,nan,1.95132,1.25315,1.27729,4.40013,5.92577,33,20,step,0.839,1.79069e+09,-3.12437,52,0.254301
0.84,2,2,nan,nan,nan,nan,2.05283,1.27933,1.29114,4.40272,5.92586,33,20,step,0.84,1.79069e+09,-3.04541,52,0.254284
0.841,2,2,nan,nan,nan,nan,2.05283,1.27933,1.29434,4.40272,5.92586,33,20,step,0.841,1.79069e+09,-3.06797,52,0.25427
0.842,2,2,nan,nan,nan,nan,1.95132,1.36659,1.30286,4.40531,5.92586,33,20,step,0.842,1.79069e+09,-3.11309,52,0.254278
0.843,2,2,nan,nan,nan,nan,1.95132,1.36659,1.31564,4.40531,5.92586,33,20,step,0.843,1.79069e+09,-3.07925,52,0.2543
0.844,2,2,nan,nan,nan,nan,1.98516,1.37881,1.30712,4.40799,5.92586,33,20,step,0.844,1.79069e+09,-3.06797,52,0.254311
0.845,2,2,nan,nan,nan,nan,1.98516,1.37881,1.32843,4.40799,5.92586,33,20,step,0.845,1.79069e+09,-3.05669,52,0.254303
0.846,2,2,nan,nan,nan,nan,2.05283,1.37532,1.3444,4.41077,5.92586,33,20,step,0.846,1.79069e+09,-3.04541,52,0.254275
0.847,2,2,nan,nan,nan,nan,2.05283,1.37532,1.33588,4.41077,5.92596,33,20,step,0.847,1.79069e+09,-3.05669,52,0.254275
0.848,2,2,nan,nan,nan,nan,1.98516,1.38579,1.33695,4.41374,5.92596,33,20,step,0.848,1.79069e+09,-3.09053,52,0.254285
0.849,2,2,nan,nan,nan,nan,1.98516,1.38579,1.35399,4.41374,5.92596,33,20,step,0.849,1.79069e+09,-3.04541,52,0.254271
0.85,2,2,nan,nan,nan,nan,1.9062,1.4207,1.37104,4.41652,5.92596,33,20,step,0.85,1.79069e+09,-3.04541,52,0.254259
0.851,2,2,nan,nan,nan,nan,1.9062,1.4207,1.36997,4.41652,5.92596,33,20,step,0.851,1.79069e+09,-3.05669,52,0.254272
0.852,2,2,nan,nan,nan,nan,1.9062,1.4556,1.37423,4.41949,5.92606,33,20,step,0.852,1.79069e+09,-3.03413,52,0.254268
0.853,2,2,nan,nan,nan,nan,1.9062,1.4556,1.3966,4.41949,5.92606,33,20,step,0.853,1.79069e+09,-3.03413,52,0.254279
0.854,2,2,nan,nan,nan,nan,1.92876,1.37881,1.38382,4.42227,5.92606,33,20,step,0.854,1.79069e+09,-3.02285,52,0.254248
0.855,2,2,nan,nan,nan,nan,1.92876,1.37881,1.39341,4.42227,5.92606,33,20,step,0.855,1.79069e+09,-3.02285,52,0.25421
0.856,2,2,nan,nan,nan,nan,2.04155,1.35787,1.39873,4.42496,5.92615,33,20,step,0.856,1.79069e+09,-3.07925,52,0.254219
0.857,2,2,nan,nan,nan,nan,2.04155,1.35787,1.41791,4.42496,5.92615,33,20,step,0.857,1.79069e+09,-3.07925,52,0.254236
0.858,2,2,nan,nan,nan,nan,1.89492,1.41023,1.403,4.42774,5.92615,33,20,step,0.858,1.79069e+09,-3.01157,52,0.25422
0.859,2,2,nan,nan,nan,nan,1.89492,1.41023,1.41258,4.42774,5.92615,33,20,step,0.859,1.79069e+09,-3.00029,52,0.254225
0.86,2,2,nan,nan,nan,nan,1.89492,1.46433,1.43069,4.43071,5.92615,33,20,step,0.86,1.79069e+09,-3.01157,52,0.254218
0.861,2,2,nan,nan,nan,nan,1.89492,1.46433,1.4488,4.43071,5.92625,33,20,step,0.861,1.79069e+09,-2.96646,52,0.254176
0.862,2,2,nan,nan,nan,nan,1.89492,1.52367,1.43176,4.43368,5.92625,33,20,step,0.862,1.79069e+09,-3.03413,52,0.254149
0.863,2,2,nan,nan,nan,nan,1.89492,1.52367,1.43282,4.43368,5.92625,33,20,step,0.863,1.79069e+09,-3.02285,52,0.254126
0.864,2,2,nan,nan,nan,nan,1.91748,1.54287,1.43389,4.43685,5.92625,33,20,step,0.864,1.79069e+09,-3.01157,52,0.254105
0.865,2,2,nan,nan,nan,nan,1.91748,1.54287,1.452,4.43685,5.92634,33,20,step,0.865,1.79069e+09,-3.00029,52,0.254101
0.866,2,2,nan,nan,nan,nan,2.03027,1.48353,1.47757,4.43982,5.92634,33,20,step,0.866,1.79069e+09,-3.01157,52,0.254072
0.867,2,2,nan,nan,nan,nan,2.03027,1.48353,1.48396,4.43982,5.92634,33,20,step,0.867,1.79069e+09,-2.98901,52,0.254065
0.868,2,2,nan,nan,nan,nan,1.99644,1.55509,1.46478,4.44289,5.92634,33,20,step,0.868,1.79069e+09,-3.02285,52,0.254053
0.869,2,2,nan,nan,nan,nan,1.99644,1.55509,1.46585,4.44289,5.92644,33,20,step,0.869,1.79069e+09,-3.00029,52,0.254027
0.87,2,2,nan,nan,nan,nan,2.01899,1.52193,1.48502,4.44596,5.92644,33,20,step,0.87,1.79069e+09,-3.00029,52,0.254008
0.871,2,2,nan,nan,nan,nan,2.01899,1.52193,1.51592,4.44596,5.92653,33,20,step,0.871,1.79069e+09,-3.00029,52,0.253989
0.872,2,2,nan,nan,nan,nan,2.06411,1.50098,1.52764,4.44893,5.92653,33,20,step,0.872,1.79069e+09,-2.98901,52,0.253984
0.873,2,2,nan,nan,nan,nan,2.06411,1.50098,1.50633,4.44893,5.92653,33,20,step,0.873,1.79069e+09,-2.97773,52,0.253953
0.874,2,2,nan,nan,nan,nan,2.03027,1.49749,1.54148,4.452,5.92663,33,20,step,0.874,1.79069e+09,-2.96646,52,0.253901
0.875,2,2,nan,nan,nan,nan,2.03027,1.49749,1.53829,4.452,5.92663,33,20,step,0.875,1.79069e+09,-2.98901,52,0.253878
0.876,2,2,nan,nan,nan,nan,2.12051,1.50622,1.54575,4.45497,5.92673,33,20,step,0.876,1.79069e+09,-3.01157,52,0.253854
0.877,2,2,nan,nan,nan,nan,2.12051,1.50622,1.54468,4.45497,5.92673,33,20,step,0.877,1.79069e+09,-2.97773,52,0.25381
0.878,2,2,nan,nan,nan,nan,1.83853,1.59872,1.54362,4.45813,5.92673,33,20,step,0.878,1.79069e+09,-2.95518,52,0.253785
0.879,2,2,nan,nan,nan,nan,1.83853,1.59872,1.54362,4.45813,5.92682,33,20,step,0.879,1.79069e+09,-2.98901,52,0.253757
0.88,2,2,nan,nan,nan,nan,1.89492,1.6441,1.55427,4.46139,5.92682,33,20,step,0.88,1.79069e+09,-2.95518,52,0.253725
0.881,2,2,nan,nan,nan,nan,1.89492,1.6441,1.56066,4.46139,5.92682,33,20,step,0.881,1.79069e+09,-2.96646,52,0.253688
0.882,2,2,nan,nan,nan,nan,1.97388,1.65806,1.56918,4.46475,5.92692,33,20,step,0.882,1.79069e+09,-2.96646,52,0.253636
0.883,2,2,nan,nan,nan,nan,1.97388,1.65806,1.57557,4.46475,5.92692,33,20,step,0.883,1.79069e+09,-2.95518,52,0.253588
0.884,2,2,nan,nan,nan,nan,1.94004,1.65981,1.58516,4.46801,5.92701,33,20,step,0.884,1.79069e+09,-2.96646,52,0.253541
0.885,2,2,nan,nan,nan,nan,1.94004,1.65981,1.58729,4.46801,5.92711,33,20,step,0.885,1.79069e+09,-2.96646,52,0.253521
0.886,2,2,nan,nan,nan,nan,1.9626,1.69646,1.59049,4.47146,5.92711,33,20,step,0.886,1.79069e+09,-2.96646,52,0.253496
0.887,2,2,nan,nan,nan,nan,1.9626,1.69646,1.60327,4.47146,5.92721,33,20,step,0.887,1.79069e+09,-2.9439,52,0.253443
0.888,2,2,nan,nan,nan,nan,1.92876,1.67552,1.60647,4.47481,5.92721,33,20,step,0.888,1.79069e+09,-2.9439,52,0.253402
0.889,2,2,nan,nan,nan,nan,1.92876,1.67552,1.62671,4.47481,5.9273,33,20,step,0.889,1.79069e+09,-2.96646,52,0.253345
0.89,2,2,nan,nan,nan,nan,2.09795,1.64934,1.63417,4.47807,5.9274,33,20,step,0.89,1.79069e+09,-2.95518,52,0.253308
0.891,2,2,nan,nan,nan,nan,2.09795,1.64934,1.62458,4.47807,5.9274,33,20,step,0.891,1.79069e+09,-2.95518,52,0.253281
0.892,2,2,nan,nan,nan,nan,1.99644,1.64235,1.65867,4.48143,5.92749,33,20,step,0.892,1.79069e+09,-2.93262,52,0.253233
0.893,2,2,nan,nan,nan,nan,1.99644,1.64235,1.6853,4.48143,5.92759,33,20,step,0.893,1.79069e+09,-2.91006,52,0.253173
0.894,2,2,nan,nan,nan,nan,2.07539,1.67552,1.66293,4.48478,5.92769,33,20,step,0.894,1.79069e+09,-2.92134,52,0.253118
0.895,2,2,nan,nan,nan,nan,2.07539,1.67552,1.65973,4.48478,5.92769,33,20,step,0.895,1.79069e+09,-2.92134,52,0.253059
0.896,2,2,nan,nan,nan,nan,1.9062,1.74707,1.6853,4.48824,5.92778,33,20,step,0.896,1.79069e+09,-2.91006,52,0.252991
0.897,2,2,nan,nan,nan,nan,1.9062,1.74707,1.70234,4.48824,5.92788,33,20,step,0.897,1.79069e+09,-2.92134,52,0.252918
0.898,2,2,nan,nan,nan,nan,2.03027,1.72089,1.69702,4.49169,5.92797,33,20,step,0.898,1.79069e+09,-2.93262,52,0.25288
0.899,2,2,nan,nan,nan,nan,2.03027,1.72089,1.69595,4.49169,5.92807,33,20,step,0.899,1.79069e+09,-2.91006,52,0.252837
0.9,2,-2,nan,nan,nan,nan,1.92876,1.76627,1.67465,4.49523,5.92816,33,20,step,0.9,1.79069e+09,-2.87622,52,0.25278
0.901,2,-2,nan,nan,nan,nan,1.92876,1.76627,1.70341,4.49523,5.92826,33,20,step,0.901,1.79069e+09,-2.87622,52,0.252715
0.902,2,-2,nan,nan,nan,nan,1.9626,1.76976,1.71087,4.49878,5.92836,33,20,step,0.902,1.79069e+09,-2.89878,52,0.25263
0.903,2,-2,nan,nan,nan,nan,1.9626,1.76976,1.71087,4.49878,5.92845,33,20,step,0.903,1.79069e+09,-2.91006,52,0.252546
0.904,2,-2,nan,nan,nan,nan,-0.0112793,1.44339,1.73324,4.50185,5.92855,33,20,step,0.904,1.79069e+09,-2.92134,52,0.252494
0.905,2,-2,nan,nan,nan,nan,-0.0112793,1.44339,1.74496,4.50185,5.92855,33,20,step,0.905,1.79069e+09,-2.92134,52,0.252426
0.906,2,-2,nan,nan,nan,nan,0,0.911062,1.73324,4.50377,5.92864,33,20,step,0.906,1.79069e+09,-2.86494,52,0.252346
0.907,2,-2,nan,nan,nan,nan,0,0.911062,1.73111,4.50377,5.92874,33,20,step,0.907,1.79069e+09,-2.89878,52,0.252275
0.908,2,-2,nan,nan,nan,nan,-0.80083,1.06291,1.73643,4.50588,5.92884,33,20,step,0.908,1.79069e+09,-2.91006,52,0.252173
0.909,2,-2,nan,nan,nan,nan,-0.80083,1.06291,1.70554,4.50588,5.92884,33,20,step,0.909,1.79069e+09,-2.8875,52,0.252021
0.91,2,-2,nan,nan,nan,nan,-1.50015,1.42942,1.70448,4.50866,5.92893,33,20,step,0.91,1.79069e+09,-2.91006,52,0.251876
0.911,2,-2,nan,nan,nan,nan,-1.50015,1.42942,1.67039,4.50866,5.92893,33,20,step,0.911,1.79069e+09,-2.95518,52,0.25172
0.912,2,-2,nan,nan,nan,nan,-1.75957,1.76453,1.67465,4.51192,5.92903,33,20,step,0.912,1.79069e+09,-2.92134,52,0.25158
0.913,2,-2,nan,nan,nan,nan,-1.75957,1.76453,1.64269,4.51192,5.92903,33,20,step,0.913,1.79069e+09,-2.91006,52,0.251382
0.914,2,-2,nan,nan,nan,nan,-1.95132,1.89717,1.61925,4.51566,5.92903,33,20,step,0.914,1.79069e+09,-2.93262,52,0.251212
0.915,2,-2,nan,nan,nan,nan,-1.95132,1.89717,1.61819,4.51566,5.92912,33,20,step,0.915,1.79069e+09,-2.96646,52,0.251072
0.916,2,-2,nan,nan,nan,nan,-1.8498,1.72089,1.59795,4.5192,5.92912,33,20,step,0.916,1.79069e+09,-2.96646,52,0.250875
0.917,2,-2,nan,nan,nan,nan,-1.8498,1.72089,1.57984,4.5192,5.92912,33,20,step,0.917,1.79069e+09,-2.97773,52,0.250719
0.918,2,-2,nan,nan,nan,nan,-1.98516,1.61443,1.57025,4.52246,5.92922,33,20,step,0.918,1.79069e+09,-3.03413,52,0.250575
0.919,2,-2,nan,nan,nan,nan,-1.98516,1.61443,1.55214,4.52246,5.92932,33,20,step,0.919,1.79069e+09,-3.01157,52,0.250449
0.92,2,-2,nan,nan,nan,nan,-1.86108,1.41721,1.55001,4.52544,5.92941,33,20,step,0.92,1.79069e+09,-3.01157,52,0.250342
0.921,2,-2,nan,nan,nan,nan,-1.86108,1.41721,1.52977,4.52544,5.92951,33,20,step,0.921,1.79069e+09,-3.00029,52,0.250198
0.922,2,-2,nan,nan,nan,nan,-1.94004,1.44164,1.54255,4.52831,5.9296,33,20,step,0.922,1.79069e+09,-2.98901,52,0.25008
0.923,2,-2,nan,nan,nan,nan,-1.94004,1.44164,1.5287,4.52831,5.9297,33,20,step,0.923,1.79069e+09,-3.00029,52,0.249923
0.924,2,-2,nan,nan,nan,nan,-1.98516,1.40848,1.49568,4.53109,5.92979,33,20,step,0.924,1.79069e+09,-2.98901,52,0.249731
0.925,2,-2,nan,nan,nan,nan,-1.98516,1.40848,1.4552,4.53109,5.92999,33,20,step,0.925,1.79069e+09,-3.02285,52,0.249571
0.926,2,-2,nan,nan,nan,nan,-1.95132,1.44164,1.43602,4.53397,5.93008,33,20,step,0.926,1.79069e+09,-3.03413,52,0.249384
0.927,2,-2,nan,nan,nan,nan,-1.95132,1.44164,1.44028,4.53397,5.93027,33,20,step,0.927,1.79069e+09,-3.01157,52,0.249203
0.928,2,-2,nan,nan,nan,nan,-2.06411,1.5132,1.42111,4.53694,5.93037,33,20,step,0.928,1.79069e+09,-2.97773,52,0.249045
0.929,2,-2,nan,nan,nan,nan,-2.06411,1.5132,1.39234,4.53694,5.93056,33,20,step,0.929,1.79069e+09,-2.98901,52,0.248876
0.93,2,-2,nan,nan,nan,nan,-1.87236,1.43292,1.38595,4.53991,5.93066,33,20,step,0.93,1.79069e+09,-2.98901,52,0.248731
0.931,2,-2,nan,nan,nan,nan,-1.87236,1.43292,1.35612,4.53991,5.93085,33,20,step,0.931,1.79069e+09,-2.97773,52,0.248587
0.932,2,-2,nan,nan,nan,nan,-1.88364,1.40324,1.32416,4.54269,5.93094,33,20,step,0.932,1.79069e+09,-3.01157,52,0.248469
0.933,2,-2,nan,nan,nan,nan,-1.88364,1.40324,1.31351,4.54269,5.93104,33,20,step,0.933,1.79069e+09,-2.95518,52,0.248341
0.934,2,-2,nan,nan,nan,nan,-1.94004,1.31598,1.31245,4.54538,5.93123,33,20,step,0.934,1.79069e+09,-2.96646,52,0.248213
0.935,2,-2,nan,nan,nan,nan,-1.94004,1.31598,1.28794,4.54538,5.93133,33,20,step,0.935,1.79069e+09,-3.00029,52,0.2481
0.936,2,-2,nan,nan,nan,nan,-1.83853,1.31598,1.27196,4.54797,5.93152,33,20,step,0.936,1.79069e+09,-2.96646,52,0.247943
0.937,2,-2,nan,nan,nan,nan,-1.83853,1.31598,1.26877,4.54797,5.93162,33,20,step,0.937,1.79069e+09,-2.96646,52,0.247781
0.938,2,-2,nan,nan,nan,nan,-1.89492,1.35088,1.26557,4.55065,5.93171,33,20,step,0.938,1.79069e+09,-3.01157,52,0.247623
0.939,2,-2,nan,nan,nan,nan,-1.89492,1.35088,1.25492,4.55065,5.9319,33,20,step,0.939,1.79069e+09,-3.02285,52,0.247422
0.94,2,-2,nan,nan,nan,nan,-1.91748,1.20428,1.24533,4.55314,5.932,33,20,step,0.94,1.79069e+09,-3.03413,52,0.247256
0.941,2,-2,nan,nan,nan,nan,-1.91748,1.20428,1.20805,4.55314,5.932,33,20,step,0.941,1.79069e+09,-3.10181,52,0.247067
0.942,2,-2,nan,nan,nan,nan,-1.9062,1.17635,1.18354,4.55564,5.9321,33,20,step,0.942,1.79069e+09,-2.98901,52,0.24685
0.943,2,-2,nan,nan,nan,nan,-1.9062,1.17635,1.17715,4.55564,5.9321,33,20,step,0.943,1.79069e+09,-3.00029,52,0.246649
0.944,2,-2,nan,nan,nan,nan,-1.99644,1.23395,1.16863,4.55803,5.9321,33,20,step,0.944,1.79069e+09,-3.09053,52,0.24647
0.945,2,-2,nan,nan,nan,nan,-1.99644,1.23395,1.1388,4.55803,5.9321,33,20,step,0.945,1.79069e+09,-3.07925,52,0.246342
0.946,2,-2,nan,nan,nan,nan,-2.04155,1.14494,1.12282,4.56024,5.9321,33,20,step,0.946,1.79069e+09,-3.05669,52,0.246193
0.947,2,-2,nan,nan,nan,nan,-2.04155,1.14494,1.1175,4.56024,5.93219,33,20,step,0.947,1.79069e+09,-3.06797,52,0.246054
0.948,2,-2,nan,nan,nan,nan,-1.95132,1.11527,1.08234,4.56244,5.93219,33,20,step,0.948,1.79069e+09,-3.05669,52,0.245943
0.949,2,-2,nan,nan,nan,nan,-1.95132,1.11527,1.05891,4.56244,5.93229,33,20,step,0.949,1.79069e+09,-3.04541,52,0.245805
0.95,2,-2,nan,nan,nan,nan,-1.99644,1.17635,1.05784,4.56494,5.93229,33,20,step,0.95,1.79069e+09,-3.06797,52,0.245668
0.951,2,-2,nan,nan,nan,nan,-1.99644,1.17635,1.0408,4.56494,5.93238,33,20,step,0.951,1.79069e+09,-3.07925,52,0.245516
0.952,2,-2,nan,nan,nan,nan,-2.04155,1.0821,1.0344,4.56704,5.93257,33,20,step,0.952,1.79069e+09,-3.10181,52,0.245345
0.953,2,-2,nan,nan,nan,nan,-2.04155,1.0821,0.997118,4.56704,5.93267,33,20,step,0.953,1.79069e+09,-3.05669,52,0.24523
0.954,2,-2,nan,nan,nan,nan,-1.9626,0.937242,0.993922,4.56896,5.93267,33,20,step,0.954,1.79069e+09,-3.06797,52,0.245095
0.955,2,-2,nan,nan,nan,nan,-1.9626,0.937242,0.9854,4.56896,5.93277,33,20,step,0.955,1.79069e+09,-3.02285,52,0.244926
0.956,2,-2,nan,nan,nan,nan,-1.97388,0.994838,0.974747,4.57088,5.93286,33,20,step,0.956,1.79069e+09,-3.03413,52,0.244787
0.957,2,-2,nan,nan,nan,nan,-1.97388,0.994838,0.943853,4.57088,5.93296,33,20,step,0.957,1.79069e+09,-3.06797,52,0.244651
0.958,2,-2,nan,nan,nan,nan,-2.03027,1.06465,0.930004,4.57299,5.93305,33,20,step,0.958,1.79069e+09,-3.05669,52,0.244544
0.959,2,-2,nan,nan,nan,nan,-2.03027,1.06465,0.935331,4.57299,5.93305,33,20,step,0.959,1.79069e+09,-3.03413,52,0.244445
0.96,2,-2,nan,nan,nan,nan,-1.99644,0.935496,0.912959,4.57491,5.93315,33,20,step,0.96,1.79069e+09,-3.04541,52,0.244344
0.961,2,-2,nan,nan,nan,nan,-1.99644,0.935496,0.887392,4.57491,5.93315,33,20,step,0.961,1.79069e+09,-3.00029,52,0.244275
0.962,2,-2,nan,nan,nan,nan,-1.9062,0.806342,0.879935,4.57663,5.93325,33,20,step,0.962,1.79069e+09,-3.00029,52,0.244167
0.963,2,-2,nan,nan,nan,nan,-1.9062,0.806342,0.86076,4.57663,5.93334,33,20,step,0.963,1.79069e+09,-3.02285,52,0.244087
0.964,2,-2,nan,nan,nan,nan,-1.91748,0.804597,0.836258,4.57817,5.93344,33,20,step,0.964,1.79069e+09,-3.03413,52,0.244009
0.965,2,-2,nan,nan,nan,nan,-1.91748,0.804597,0.833062,4.57817,5.93344,33,20,step,0.965,1.79069e+09,-2.98901,52,0.243898
0.966,2,-2,nan,nan,nan,nan,-1.95132,0.823795,0.825605,4.57989,5.93353,33,20,step,0.966,1.79069e+09,-2.98901,52,0.243811
0.967,2,-2,nan,nan,nan,nan,-1.95132,0.823795,0.804299,4.57989,5.93363,33,20,step,0.967,1.79069e+09,-3.00029,52,0.243697
0.968,2,-2,nan,nan,nan,nan,-1.99644,0.755728,0.782993,4.58143,5.93363,33,20,step,0.968,1.79069e+09,-2.97773,52,0.243594
0.969,2,-2,nan,nan,nan,nan,-1.99644,0.755728,0.767014,4.58143,5.93373,33,20,step,0.969,1.79069e+09,-2.95518,52,0.243525
0.97,2,-2,nan,nan,nan,nan,-1.97388,0.671952,0.765949,4.58277,5.93373,33,20,step,0.97,1.79069e+09,-2.95518,52,0.243423
0.971,2,-2,nan,nan,nan,nan,-1.97388,0.671952,0.729728,4.58277,5.93382,33,20,step,0.971,1.79069e+09,-3.02285,52,0.243367
0.972,2,-2,nan,nan,nan,nan,-1.91748,0.71384,0.719075,4.58421,5.93382,33,20,step,0.972,1.79069e+09,-2.95518,52,0.243251
0.973,2,-2,nan,nan,nan,nan,-1.91748,0.71384,0.704161,4.58421,5.93392,33,20,step,0.973,1.79069e+09,-2.96646,52,0.243179
0.974,2,-2,nan,nan,nan,nan,-1.94004,0.760964,0.66368,4.58564,5.93392,33,20,step,0.974,1.79069e+09,-2.96646,52,0.243165
0.975,2,-2,nan,nan,nan,nan,-1.94004,0.760964,0.676464,4.58564,5.93392,33,20,step,0.975,1.79069e+09,-2.91006,52,0.243104
0.976,2,-2,nan,nan,nan,nan,-1.92876,0.738274,0.66368,4.58718,5.93401,33,20,step,0.976,1.79069e+09,-2.89878,52,0.243035
0.977,2,-2,nan,nan,nan,nan,-1.92876,0.738274,0.632786,4.58718,5.93401,33,20,step,0.977,1.79069e+09,-2.93262,52,0.242932
0.978,2,-2,nan,nan,nan,nan,-1.92876,0.603884,0.622133,4.58852,5.93411,33,20,step,0.978,1.79069e+09,-2.96646,52,0.242835
0.979,2,-2,nan,nan,nan,nan,-1.92876,0.603884,0.610415,4.58852,5.9342,33,20,step,0.979,1.79069e+09,-2.9439,52,0.242766
0.98,2,-2,nan,nan,nan,nan,-1.95132,0.511381,0.599762,4.58948,5.9342,33,20,step,0.98,1.79069e+09,-2.9439,52,0.242683
0.981,2,-2,nan,nan,nan,nan,-1.95132,0.511381,0.579522,4.58948,5.9343,33,20,step,0.981,1.79069e+09,-2.95518,52,0.242636
0.982,2,-2,nan,nan,nan,nan,-1.92876,0.506145,0.558216,4.59053,5.9343,33,20,step,0.982,1.79069e+09,-2.92134,52,0.242612
0.983,2,-2,nan,nan,nan,nan,-1.92876,0.506145,0.544367,4.59053,5.9343,33,20,step,0.983,1.79069e+09,-2.91006,52,0.242574
0.984,2,-2,nan,nan,nan,nan,-1.9062,0.560251,0.529453,4.59159,5.9344,33,20,step,0.984,1.79069e+09,-2.85366,52,0.242519
0.985,2,-2,nan,nan,nan,nan,-1.9062,0.560251,0.504951,4.59159,5.9344,33,20,step,0.985,1.79069e+09,-2.89878,52,0.242428
0.986,2,-2,nan,nan,nan,nan,-1.88364,0.567232,0.498559,4.59274,5.9344,33,20,step,0.986,1.79069e+09,-2.92134,52,0.242402
0.987,2,-2,nan,nan,nan,nan,-1.88364,0.567232,0.479384,4.59274,5.9344,33,20,step,0.987,1.79069e+09,-2.89878,52,0.242337
0.988,2,-2,nan,nan,nan,nan,-1.91748,0.511381,0.464469,4.59379,5.93449,33,20,step,0.988,1.79069e+09,-2.86494,52,0.242265
0.989,2,-2,nan,nan,nan,nan,-1.91748,0.511381,0.437837,4.59379,5.93449,33,20,step,0.989,1.79069e+09,-2.87622,52,0.242229
0.99,2,-2,nan,nan,nan,nan,-1.88364,0.410152,0.422923,4.59466,5.93449,33,20,step,0.99,1.79069e+09,-2.87622,52,0.242153
0.991,2,-2,nan,nan,nan,nan,-1.88364,0.410152,0.435706,4.59466,5.93449,33,20,step,0.991,1.79069e+09,-2.8875,52,0.242096
0.992,2,-2,nan,nan,nan,nan,-1.91748,0.333358,0.408009,4.59533,5.93449,33,20,step,0.992,1.79069e+09,-2.89878,52,0.242015
0.993,2,-2,nan,nan,nan,nan,-1.91748,0.333358,0.393095,4.59533,5.93459,33,20,step,0.993,1.79069e+09,-2.92134,52,0.24193
0.994,2,-2,nan,nan,nan,nan,-1.95132,0.315905,0.356874,4.5959,5.93459,33,20,step,0.994,1.79069e+09,-2.92134,52,0.241902
0.995,2,-2,nan,nan,nan,nan,-1.95132,0.315905,0.348352,4.5959,5.93459,33,20,step,0.995,1.79069e+09,-2.92134,52,0.24185
0.996,2,-2,nan,nan,nan,nan,-2.00771,0.331613,0.336634,4.59657,5.93459,33,20,step,0.996,1.79069e+09,-2.86494,52,0.241809
0.997,2,-2,nan,nan,nan,nan,-2.00771,0.331613,0.315328,4.59657,5.93459,33,20,step,0.997,1.79069e+09,-2.8875,52,0.241742
0.998,2,-2,nan,nan,nan,nan,-1.98516,0.345575,0.299348,4.59734,5.93459,33,20,step,0.998,1.79069e+09,-2.89878,52,0.241646
0.999,2,-2,nan,nan,nan,nan,-1.98516,0.345575,0.26739,4.59734,5.93459,33,20,step,0.999,1.79069e+09,-2.8875,52,0.241593
1,2,-2,nan,nan,nan,nan,-2.06411,0.329867,0.26952,4.59801,5.93459,33,20,step,1,1.79069e+09,-2.92134,52,0.241521
1.001,2,-2,nan,nan,nan,nan,-2.06411,0.329867,0.264194,4.59801,5.93459,33,20,step,1.001,1.79069e+09,-2.89878,52,0.241477
1.002,2,-2,nan,nan,nan,nan,-1.98516,0.29147,0.223712,4.59859,5.93459,33,20,step,1.002,1.79069e+09,-2.92134,52,0.241452
1.003,2,-2,nan,nan,nan,nan,-1.98516,0.29147,0.19708,4.59859,5.93459,33,20,step,1.003,1.79069e+09,-2.87622,52,0.241398
1.004,2,-2,nan,nan,nan,nan,-1.9062,0.23911,0.200276,4.59907,5.93459,33,20,step,1.004,1.79069e+09,-2.8875,52,0.241367
1.005,2,-2,nan,nan,nan,nan,-1.9062,0.23911,0.213059,4.59907,5.93468,33,20,step,1.005,1.79069e+09,-2.89878,52,0.241306
1.006,2,-2,nan,nan,nan,nan,-1.89492,0.169297,0.168317,4.59945,5.93468,33,20,step,1.006,1.79069e+09,-2.89878,52,0.241233
1.007,2,-2,nan,nan,nan,nan,-1.89492,0.169297,0.145946,4.59945,5.93468,33,20,step,1.007,1.79069e+09,-2.95518,52,0.241195
1.008,2,-2,nan,nan,nan,nan,-1.88364,0.102974,0.127836,4.59964,5.93468,33,20,step,1.008,1.79069e+09,-2.91006,52,0.24116
1.009,2,-2,nan,nan,nan,nan,-1.88364,0.102974,0.127836,4.59964,5.93468,33,20,step,1.009,1.79069e+09,-2.89878,52,0.241157
1.01,2,-2,nan,nan,nan,nan,-1.9062,0.0680678,0.109726,4.59983,5.93468,33,20,step,1.01,1.79069e+09,-2.86494,52,0.241119
1.011,2,-2,nan,nan,nan,nan,-1.9062,0.0680678,0.102269,4.59983,5.93468,33,20,step,1.011,1.79069e+09,-2.87622,52,0.24105
1.012,2,-2,nan,nan,nan,nan,-1.95132,0.0645772,0.0830932,4.59993,5.93468,33,20,step,1.012,1.79069e+09,-2.87622,52,0.240994
1.013,2,-2,nan,nan,nan,nan,-1.95132,0.0645772,0.0639178,4.59993,5.93478,33,20,step,1.013,1.79069e+09,-2.92134,52,0.240947
1.014,2,-2,nan,nan,nan,nan,-1.9626,0.0593412,0.0628525,4.60002,5.93478,33,20,step,1.014,1.79069e+09,-3.03413,52,0.240909
1.015,2,-2,nan,nan,nan,nan,-1.9626,0.0593412,0.0298283,4.60002,5.93478,33,20,step,1.015,1.79069e+09,-2.8875,52,0.240857
1.016,2,-2,nan,nan,nan,nan,-2.00771,0.0366519,0.0362201,4.60012,5.93478,33,20,step,1.016,1.79069e+09,-2.8875,52,0.240814
1.017,2,-2,nan,nan,nan,nan,-2.00771,0.0366519,0.0255671,4.60012,5.93478,33,20,step,1.017,1.79069e+09,-2.87622,52,0.240769
1.018,2,-2,nan,nan,nan,nan,-1.9626,0.010472,-0.01811,4.60022,5.93478,33,20,step,1.018,1.79069e+09,-2.89878,52,0.240735
1.019,2,-2,nan,nan,nan,nan,-1.9626,0.010472,-0.0468731,4.60022,5.93478,33,20,step,1.019,1.79069e+09,-2.91006,52,0.240716
1.02,2,-2,nan,nan,nan,nan,-1.9626,0,-0.039416,4.60012,5.93478,33,20,step,1.02,1.79069e+09,-2.8875,52,0.240676
1.021,2,-2,nan,nan,nan,nan,-1.9626,0,-0.0245018,4.60012,5.93478,33,20,step,1.021,1.79069e+09,-2.89878,52,0.240653
1.022,2,-2,nan,nan,nan,nan,-1.97388,-0.0226893,-0.0649831,4.60012,5.93478,33,20,step,1.022,1.79069e+09,-2.8875,52,0.240662
1.023,2,-2,nan,nan,nan,nan,-1.97388,-0.0226893,-0.0649831,4.60012,5.93478,33,20,step,1.023,1.79069e+09,-2.89878,52,0.240634
1.024,2,-2,nan,nan,nan,nan,-1.95132,-0.0453786,-0.0926808,4.60002,5.93478,33,20,step,1.024,1.79069e+09,-2.86494,52,0.240586
1.025,2,-2,nan,nan,nan,nan,-1.95132,-0.0453786,-0.0852238,4.60002,5.93478,33,20,step,1.025,1.79069e+09,-2.91006,52,0.24055
1.026,2,-2,nan,nan,nan,nan,-1.95132,-0.0959931,-0.121444,4.59983,5.93478,33,20,step,1.026,1.79069e+09,-2.91006,52,0.24048
1.027,2,-2,nan,nan,nan,nan,-1.95132,-0.0959931,-0.149142,4.59983,5.93478,33,20,step,1.027,1.79069e+09,-2.92134,52,0.240453
1.028,2,-2,nan,nan,nan,nan,-1.94004,-0.1309,-0.128901,4.59964,5.93478,33,20,step,1.028,1.79069e+09,-2.92134,52,0.2404
1.029,2,-2,nan,nan,nan,nan,-1.94004,-0.1309,-0.121444,4.59964,5.93478,33,20,step,1.029,1.79069e+09,-2.93262,52,0.240375
1.03,2,-2,nan,nan,nan,nan,-1.95132,-0.158825,-0.157664,4.59935,5.93478,33,20,step,1.03,1.79069e+09,-2.93262,52,0.240374
1.031,2,-2,nan,nan,nan,nan,-1.95132,-0.158825,-0.167252,4.59935,5.93478,33,20,step,1.031,1.79069e+09,-2.8875,52,0.240337
1.032,2,-2,nan,nan,nan,nan,-1.94004,-0.179769,-0.177905,4.59897,5.93478,33,20,step,1.032,1.79069e+09,-2.92134,52,0.240316
1.033,2,-2,nan,nan,nan,nan,-1.94004,-0.179769,-0.175774,4.59897,5.93478,33,20,step,1.033,1.79069e+09,-2.92134,52,0.240293
1.034,2,-2,nan,nan,nan,nan,-2.03027,-0.20944,-0.177905,4.59849,5.93478,33,20,step,1.034,1.79069e+09,-2.91006,52,0.240264
1.035,2,-2,nan,nan,nan,nan,-2.03027,-0.20944,-0.221582,4.59849,5.93488,33,20,step,1.035,1.79069e+09,-2.89878,52,0.240253
1.036,2,-2,nan,nan,nan,nan,-1.9626,-0.228638,-0.222647,4.59811,5.93488,33,20,step,1.036,1.79069e+09,-2.91006,52,0.240243
1.037,2,-2,nan,nan,nan,nan,-1.9626,-0.228638,-0.226908,4.59811,5.93488,33,20,step,1.037,1.79069e+09,-2.8875,52,0.240244
1.038,2,-2,nan,nan,nan,nan,-2.00771,-0.258309,-0.231169,4.59763,5.93488,33,20,step,1.038,1.79069e+09,-2.8875,52,0.240209
1.039,2,-2,nan,nan,nan,nan,-2.00771,-0.258309,-0.243953,4.59763,5.93488,33,20,step,1.039,1.79069e+09,-2.8875,52,0.240164
1.04,2,-2,nan,nan,nan,nan,-1.98516,-0.280998,-0.268455,4.59705,5.93488,33,20,step,1.04,1.79069e+09,-3.02285,52,0.240158
1.041,2,-2,nan,nan,nan,nan,-1.98516,-0.280998,-0.271651,4.59705,5.93488,33,20,step,1.041,1.79069e+09,-2.93262,52,0.240131
1.042,2,-2,nan,nan,nan,nan,-2.04155,-0.315905,-0.268455,4.59638,5.93488,33,20,step,1.042,1.79069e+09,-2.91006,52,0.240116
1.043,2,-2,nan,nan,nan,nan,-2.04155,-0.315905,-0.282304,4.59638,5.93488,33,20,step,1.043,1.79069e+09,-2.92134,52,0.240111
1.044,2,-2,nan,nan,nan,nan,-1.99644,-0.336849,-0.286565,4.59571,5.93488,33,20,step,1.044,1.79069e+09,-2.91006,52,0.240085
1.045,2,-2,nan,nan,nan,nan,-1.99644,-0.336849,-0.290826,4.59571,5.93488,33,20,step,1.045,1.79069e+09,-3.00029,52,0.240053
1.046,2,-2,nan,nan,nan,nan,-1.9062,-0.336849,-0.313197,4.59504,5.93488,33,20,step,1.046,1.79069e+09,-2.9439,52,0.240011
1.047,2,-2,nan,nan,nan,nan,-1.9062,-0.336849,-0.313197,4.59504,5.93488,33,20,step,1.047,1.79069e+09,-2.96646,52,0.239972
1.048,2,-2,nan,nan,nan,nan,-1.92876,-0.329867,-0.340895,4.59437,5.93488,33,20,step,1.048,1.79069e+09,-2.96646,52,0.239956
1.049,2,-2,nan,nan,nan,nan,-1.92876,-0.329867,-0.366462,4.59437,5.93488,33,20,step,1.049,1.79069e+09,-3.04541,52,0.239905
1.05,2,-2,nan,nan,nan,nan,-1.92876,-0.347321,-0.350483,4.5937,5.93488,33,20,step,1.05,1.79069e+09,-3.04541,52,0.239899
1.051,2,-2,nan,nan,nan,nan,-1.92876,-0.347321,-0.349417,4.5937,5.93488,33,20,step,1.051,1.79069e+09,-3.00029,52,0.239881
1.052,2,-2,nan,nan,nan,nan,-2.05283,-0.382227,-0.377115,4.59293,5.93488,33,20,step,1.052,1.79069e+09,-2.92134,52,0.239845
1.053,2,-2,nan,nan,nan,nan,-2.05283,-0.382227,-0.401617,4.59293,5.93488,33,20,step,1.053,1.79069e+09,-2.96646,52,0.239807
1.054,2,-2,nan,nan,nan,nan,-1.95132,-0.42237,-0.409074,4.59216,5.93488,33,20,step,1.054,1.79069e+09,-2.96646,52,0.239779
1.055,2,-2,nan,nan,nan,nan,-1.95132,-0.42237,-0.408009,4.59216,5.93488,33,20,step,1.055,1.79069e+09,-3.09053,52,0.239765
1.056,2,-2,nan,nan,nan,nan,-1.97388,-0.464258,-0.425053,4.5912,5.93488,33,20,step,1.056,1.79069e+09,-3.04541,52,0.239748
1.057,2,-2,nan,nan,nan,nan,-1.97388,-0.464258,-0.436772,4.5912,5.93488,33,20,step,1.057,1.79069e+09,-2.95518,52,0.239739
1.058,2,-2,nan,nan,nan,nan,-2.00771,-0.499164,-0.426119,4.59015,5.93488,33,20,step,1.058,1.79069e+09,-3.04541,52,0.239725
1.059,2,-2,nan,nan,nan,nan,-2.00771,-0.499164,-0.438902,4.59015,5.93488,33,20,step,1.059,1.79069e+09,-3.04541,52,0.239703
1.06,2,-2,nan,nan,nan,nan,-2.03027,-0.502655,-0.465535,4.58919,5.93488,33,20,step,1.06,1.79069e+09,-2.97773,52,0.239689
1.061,2,-2,nan,nan,nan,nan,-2.03027,-0.502655,-0.453816,4.58919,5.93488,33,20,step,1.061,1.79069e+09,-3.05669,52,0.239636
1.062,2,-2,nan,nan,nan,nan,-2.03027,-0.500909,-0.469796,4.58814,5.93488,33,20,step,1.062,1.79069e+09,-3.09053,52,0.239599
1.063,2,-2,nan,nan,nan,nan,-2.03027,-0.500909,-0.498559,4.58814,5.93488,33,20,step,1.063,1.79069e+09,-3.02285,52,0.239593
1.064,2,-2,nan,nan,nan,nan,-1.95132,-0.488692,-0.496428,4.58718,5.93488,33,20,step,1.064,1.79069e+09,-2.97773,52,0.239581
1.065,2,-2,nan,nan,nan,nan,-1.95132,-0.488692,-0.52093,4.58718,5.93488,33,20,step,1.065,1.79069e+09,-3.00029,52,0.239566
1.066,2,-2,nan,nan,nan,nan,-1.95132,-0.479966,-0.534779,4.58622,5.93488,33,20,step,1.066,1.79069e+09,-3.05669,52,0.239542
1.067,2,-2,nan,nan,nan,nan,-1.95132,-0.479966,-0.533714,4.58622,5.93488,33,20,step,1.067,1.79069e+09,-3.09053,52,0.239496
1.068,2,-2,nan,nan,nan,nan,-1.98516,-0.518363,-0.541171,4.58516,5.93488,33,20,step,1.068,1.79069e+09,-3.07925,52,0.239477
1.069,2,-2,nan,nan,nan,nan,-1.98516,-0.518363,-0.544367,4.58516,5.93488,33,20,step,1.069,1.79069e+09,-3.11309,52,0.239468
1.07,2,-2,nan,nan,nan,nan,-1.95132,-0.593412,-0.559281,4.58411,5.93488,33,20,step,1.07,1.79069e+09,-3.00029,52,0.239471
1.071,2,-2,nan,nan,nan,nan,-1.95132,-0.593412,-0.552889,4.58411,5.93488,33,20,step,1.071,1.79069e+09,-3.10181,52,0.239496
1.072,2,-2,nan,nan,nan,nan,-1.99644,-0.668461,-0.572064,4.58277,5.93488,33,20,step,1.072,1.79069e+09,-2.98901,52,0.239483
1.073,2,-2,nan,nan,nan,nan,-1.99644,-0.668461,-0.583783,4.58277,5.93488,33,20,step,1.073,1.79069e+09,-3.05669,52,0.239464
1.074,2,-2,nan,nan,nan,nan,-2.00771,-0.673697,-0.589109,4.58143,5.93488,33,20,step,1.074,1.79069e+09,-3.01157,52,0.239437
1.075,2,-2,nan,nan,nan,nan,-2.00771,-0.673697,-0.565673,4.58143,5.93488,33,20,step,1.075,1.79069e+09,-3.02285,52,0.239417
1.076,2,-2,nan,nan,nan,nan,-1.97388,-0.649262,-0.597632,4.57999,5.93488,33,20,step,1.076,1.79069e+09,-3.10181,52,0.239411
1.077,2,-2,nan,nan,nan,nan,-1.97388,-0.649262,-0.616807,4.57999,5.93488,33,20,step,1.077,1.79069e+09,-3.01157,52,0.239399
1.078,2,-2,nan,nan,nan,nan,-2.00771,-0.586431,-0.626395,4.57893,5.93488,33,20,step,1.078,1.79069e+09,-3.12437,52,0.239402
1.079,2,-2,nan,nan,nan,nan,-2.00771,-0.586431,-0.632786,4.57893,5.93488,33,20,step,1.079,1.79069e+09,-3.09053,52,0.239375
1.08,2,-2,nan,nan,nan,nan,-1.95132,-0.563741,-0.638113,4.57769,5.93488,33,20,step,1.08,1.79069e+09,-3.10181,52,0.239325
1.081,2,-2,nan,nan,nan,nan,-1.95132,-0.563741,-0.664745,4.57769,5.93488,33,20,step,1.081,1.79069e+09,-3.11309,52,0.239309
1.082,2,-2,nan,nan,nan,nan,-1.98516,-0.633555,-0.672202,4.57654,5.93488,33,20,step,1.082,1.79069e+09,-3.16948,52,0.239281
1.083,2,-2,nan,nan,nan,nan,-1.98516,-0.633555,-0.680725,4.57654,5.93488,33,20,step,1.083,1.79069e+09,-3.14692,52,0.239302
1.084,2,-2,nan,nan,nan,nan,-1.91748,-0.759218,-0.674333,4.57491,5.93488,33,20,step,1.084,1.79069e+09,-3.1582,52,0.239319
1.085,2,-2,nan,nan,nan,nan,-1.91748,-0.759218,-0.687117,4.57491,5.93488,33,20,step,1.085,1.79069e+09,-3.12437,52,0.239334
1.086,2,-2,nan,nan,nan,nan,-1.83853,-0.809833,-0.689247,4.57337,5.93488,33,20,step,1.086,1.79069e+09,-3.12437,52,0.23934
1.087,2,-2,nan,nan,nan,nan,-1.83853,-0.809833,-0.691378,4.57337,5.93488,33,20,step,1.087,1.79069e+09,-3.11309,52,0.239344
1.088,2,-2,nan,nan,nan,nan,-1.97388,-0.7662,-0.714814,4.57174,5.93488,33,20,step,1.088,1.79069e+09,-3.11309,52,0.23931
1.089,2,-2,nan,nan,nan,nan,-1.97388,-0.7662,-0.722271,4.57174,5.93488,33,20,step,1.089,1.79069e+09,-3.11309,52,0.239273
1.09,2,-2,nan,nan,nan,nan,-2.04155,-0.671952,-0.738251,4.5704,5.93488,33,20,step,1.09,1.79069e+09,-3.18076,52,0.239255
1.091,2,-2,nan,nan,nan,nan,-2.04155,-0.671952,-0.725467,4.5704,5.93488,33,20,step,1.091,1.79069e+09,-3.19204,52,0.239283
1.092,2,-2,nan,nan,nan,nan,-2.00771,-0.69115,-0.735055,4.56906,5.93488,33,20,step,1.092,1.79069e+09,-3.13564,52,0.239253
1.093,2,-2,nan,nan,nan,nan,-2.00771,-0.69115,-0.757426,4.56906,5.93488,33,20,step,1.093,1.79069e+09,-3.13564,52,0.239213
1.094,2,-2,nan,nan,nan,nan,-1.98516,-0.827286,-0.75423,4.56743,5.93488,33,20,step,1.094,1.79069e+09,-3.07925,52,0.239172
1.095,2,-2,nan,nan,nan,nan,-1.98516,-0.827286,-0.743577,4.56743,5.93488,33,20,step,1.095,1.79069e+09,-3.20332,52,0.239142
1.096,2,-2,nan,nan,nan,nan,-1.91748,-0.945968,-0.77234,4.56561,5.93488,33,20,step,1.096,1.79069e+09,-3.25972,52,0.239157
1.097,2,-2,nan,nan,nan,nan,-1.91748,-0.945968,-0.797907,4.56561,5.93478,33,20,step,1.097,1.79069e+09,-3.12437,52,0.239162
1.098,2,-2,nan,nan,nan,nan,-1.98516,-0.921534,-0.796842,4.56369,5.93478,33,20,step,1.098,1.79069e+09,-3.20332,52,0.239184
1.099,2,-2,nan,nan,nan,nan,-1.98516,-0.921534,-0.797907,4.56369,5.93478,33,20,step,1.099,1.79069e+09,-3.19204,52,0.239181
1.1,2,-2,nan,nan,nan,nan,-1.98516,-0.767945,-0.811756,4.56215,5.93478,33,20,step,1.1,1.79069e+09,-3.16948,52,0.23913
1.101,2,-2,nan,nan,nan,nan,-1.98516,-0.767945,-0.823475,4.56215,5.93478,33,20,step,1.101,1.79069e+09,-3.22588,52,0.239111
1.102,2,-2,nan,nan,nan,nan,-2.01899,-0.757473,-0.810691,4.56062,5.93478,33,20,step,1.102,1.79069e+09,-3.271,52,0.239092
1.103,2,-2,nan,nan,nan,nan,-2.01899,-0.757473,-0.833062,4.56062,5.93478,33,20,step,1.103,1.79069e+09,-3.25972,52,0.239066
1.104,2,-2,nan,nan,nan,nan,-1.91748,-0.893609,-0.855433,4.5589,5.93478,33,20,step,1.104,1.79069e+09,-3.2146,52,0.23906
1.105,2,-2,nan,nan,nan,nan,-1.91748,-0.893609,-0.828801,4.5589,5.93478,33,20,step,1.105,1.79069e+09,-3.23716,52,0.23904
1.106,2,-2,nan,nan,nan,nan,-1.89492,-1.02625,-0.849042,4.55688,5.93478,33,20,step,1.106,1.79069e+09,-3.25972,52,0.23903
1.107,2,-2,nan,nan,nan,nan,-1.89492,-1.02625,-0.853303,4.55688,5.93478,33,20,step,1.107,1.79069e+09,-3.28228,52,0.239005
1.108,2,-2,nan,nan,nan,nan,-1.95132,-0.961676,-0.873543,4.55487,5.93478,33,20,step,1.108,1.79069e+09,-3.28228,52,0.239003
1.109,2,-2,nan,nan,nan,nan,-1.95132,-0.961676,-0.872478,4.55487,5.93478,33,20,step,1.109,1.79069e+09,-3.29355,52,0.239016
1.11,2,-2,nan,nan,nan,nan,-2.04155,-0.869174,-0.891654,4.55314,5.93478,33,20,step,1.11,1.79069e+09,-3.23716,52,0.238977
1.111,2,-2,nan,nan,nan,nan,-2.04155,-0.869174,-0.906568,4.55314,5.93478,33,20,step,1.111,1.79069e+09,-3.25972,52,0.238984
1.112,2,-2,nan,nan,nan,nan,-1.95132,-0.923279,-0.914025,4.55132,5.93478,33,20,step,1.112,1.79069e+09,-3.16948,52,0.238982
1.113,2,-2,nan,nan,nan,nan,-1.95132,-0.923279,-0.918286,4.55132,5.93478,33,20,step,1.113,1.79069e+09,-3.25972,52,0.238944
1.114,2,-2,nan,nan,nan,nan,-1.8498,-1.01753,-0.923612,4.54931,5.93478,33,20,step,1.114,1.79069e+09,-3.271,52,0.238922
1.115,2,-2,nan,nan,nan,nan,-1.8498,-1.01753,-0.932135,4.54931,5.93478,33,20,step,1.115,1.79069e+09,-3.31611,52,0.2389
1.116,2,-2,nan,nan,nan,nan,-1.94004,-0.97913,-0.919351,4.54729,5.93478,33,20,step,1.116,1.79069e+09,-3.32739,52,0.238868
1.117,2,-2,nan,nan,nan,nan,-1.94004,-0.97913,-0.924678,4.54729,5.93478,33,20,step,1.117,1.79069e+09,-3.30483,52,0.23886
1.118,2,-2,nan,nan,nan,nan,-2.01899,-0.919789,-0.953441,4.54547,5.93478,33,20,step,1.118,1.79069e+09,-3.31611,52,0.23886
1.119,2,-2,nan,nan,nan,nan,-2.01899,-0.919789,-0.963028,4.54547,5.93478,33,20,step,1.119,1.79069e+09,-3.2146,52,0.238856
1.12,2,-2,nan,nan,nan,nan,-1.89492,-1.00705,-0.960898,4.54346,5.93478,33,20,step,1.12,1.79069e+09,-3.29355,52,0.23883
1.121,2,-2,nan,nan,nan,nan,-1.89492,-1.00705,-0.991791,4.54346,5.93478,33,20,step,1.121,1.79069e+09,-3.34995,52,0.238812
1.122,2,-2,nan,nan,nan,nan,-1.95132,-1.13097,-0.999249,4.54125,5.93478,33,20,step,1.122,1.79069e+09,-3.34995,52,0.238797
1.123,2,-2,nan,nan,nan,nan,-1.95132,-1.13097,-1.00884,4.54125,5.93478,33,20,step,1.123,1.79069e+09,-3.34995,52,0.23878
1.124,2,-2,nan,nan,nan,nan,-2.03027,-1.08734,-1.00671,4.53905,5.93478,33,20,step,1.124,1.79069e+09,-3.34995,52,0.238793
1.125,2,-2,nan,nan,nan,nan,-2.03027,-1.08734,-1.00884,4.53905,5.93478,33,20,step,1.125,1.79069e+09,-3.34995,52,0.2388
1.126,2,-2,nan,nan,nan,nan,-2.09795,-1.028,-1.01416,4.53694,5.93478,33,20,step,1.126,1.79069e+09,-3.33867,52,0.238808
1.127,2,-2,nan,nan,nan,nan,-2.09795,-1.028,-1.03334,4.53694,5.93478,33,20,step,1.127,1.79069e+09,-3.2146,52,0.238799
1.128,2,-2,nan,nan,nan,nan,-1.94004,-1.04545,-1.04186,4.53493,5.93478,33,20,step,1.128,1.79069e+09,-3.36123,52,0.238778
1.129,2,-2,nan,nan,nan,nan,-1.94004,-1.04545,-1.0653,4.53493,5.93478,33,20,step,1.129,1.79069e+09,-3.34995,52,0.238783
1.13,2,-2,nan,nan,nan,nan,-1.99644,-1.04196,-1.07062,4.53282,5.93478,33,20,step,1.13,1.79069e+09,-3.37251,52,0.238773
1.131,2,-2,nan,nan,nan,nan,-1.99644,-1.04196,-1.06423,4.53282,5.93468,33,20,step,1.131,1.79069e+09,-3.34995,52,0.23875
1.132,2,-2,nan,nan,nan,nan,-1.97388,-1.0472,-1.05784,4.53071,5.93468,33,20,step,1.132,1.79069e+09,-3.36123,52,0.238748
1.133,2,-2,nan,nan,nan,nan,-1.97388,-1.0472,-1.08447,4.53071,5.93468,33,20,step,1.133,1.79069e+09,-3.30483,52,0.238766
1.134,2,-2,nan,nan,nan,nan,-1.86108,-1.13795,-1.06849,4.5285,5.93468,33,20,step,1.134,1.79069e+09,-3.38379,52,0.238756
1.135,2,-2,nan,nan,nan,nan,-1.86108,-1.13795,-1.0621,4.5285,5.93468,33,20,step,1.135,1.79069e+09,-3.39507,52,0.238749
1.136,2,-2,nan,nan,nan,nan,-1.8498,-1.16763,-1.10152,4.52611,5.93468,33,20,step,1.136,1.79069e+09,-3.41763,52,0.238769
1.137,2,-2,nan,nan,nan,nan,-1.8498,-1.16763,-1.11217,4.52611,5.93468,33,20,step,1.137,1.79069e+09,-3.41763,52,0.238792
1.138,2,-2,nan,nan,nan,nan,-1.9626,-1.07687,-1.09086,4.5239,5.93468,33,20,step,1.138,1.79069e+09,-3.39507,52,0.238803
1.139,2,-2,nan,nan,nan,nan,-1.9626,-1.07687,-1.1111,4.5239,5.93459,33,20,step,1.139,1.79069e+09,-3.29355,52,0.238818
1.14,2,-2,nan,nan,nan,nan,-1.94004,-1.09956,-1.12708,4.52179,5.93459,33,20,step,1.14,1.79069e+09,-3.29355,52,0.238813
1.141,2,-2,nan,nan,nan,nan,-1.94004,-1.09956,-1.13241,4.52179,5.93459,33,20,step,1.141,1.79069e+09,-3.41763,52,0.238781
1.142,2,-2,nan,nan,nan,nan,-1.86108,-1.20079,-1.13774,4.5194,5.93459,33,20,step,1.142,1.79069e+09,-3.40635,52,0.23879
1.143,2,-2,nan,nan,nan,nan,-1.86108,-1.20079,-1.15585,4.5194,5.93459,33,20,step,1.143,1.79069e+09,-3.42891,52,0.238797
1.144,2,-2,nan,nan,nan,nan,-1.92876,-1.1973,-1.16011,4.517,5.93459,33,20,step,1.144,1.79069e+09,-3.33867,52,0.238797
1.145,2,-2,nan,nan,nan,nan,-1.92876,-1.1973,-1.1388,4.517,5.93459,33,20,step,1.145,1.79069e+09,-3.42891,52,0.238794
1.146,2,-2,nan,nan,nan,nan,-1.97388,-1.21649,-1.15904,4.5146,5.93459,33,20,step,1.146,1.79069e+09,-3.46274,52,0.2388
1.147,2,-2,nan,nan,nan,nan,-1.97388,-1.21649,-1.16011,4.5146,5.93449,33,20,step,1.147,1.79069e+09,-3.46274,52,0.238817
1.148,2,-2,nan,nan,nan,nan,-1.89492,-1.30376,-1.16437,4.51201,5.93449,33,20,step,1.148,1.79069e+09,-3.32739,52,0.238804
1.149,2,-2,nan,nan,nan,nan,-1.89492,-1.30376,-1.18248,4.51201,5.93449,33,20,step,1.149,1.79069e+09,-3.46274,52,0.238804
1.15,2,-2,nan,nan,nan,nan,-2.04155,-1.25315,-1.1942,4.50942,5.93449,33,20,step,1.15,1.79069e+09,-3.4853,52,0.238806
1.151,2,-2,nan,nan,nan,nan,-2.04155,-1.25315,-1.20592,4.50942,5.9344,33,20,step,1.151,1.79069e+09,-3.37251,52,0.238801
1.152,2,-2,nan,nan,nan,nan,-2.07539,-1.18159,-1.17822,4.50703,5.9344,33,20,step,1.152,1.79069e+09,-3.34995,52,0.238819
1.153,2,-2,nan,nan,nan,nan,-2.07539,-1.18159,-1.21444,4.50703,5.9344,33,20,step,1.153,1.79069e+09,-3.38379,52,0.238827
1.154,2,-2,nan,nan,nan,nan,-1.95132,-1.30027,-1.25172,4.50453,5.9344,33,20,step,1.154,1.79069e+09,-3.46274,52,0.238815
1.155,2,-2,nan,nan,nan,nan,-1.95132,-1.30027,-1.26238,4.50453,5.9343,33,20,step,1.155,1.79069e+09,-3.36123,52,0.238803
1.156,2,-2,nan,nan,nan,nan,-1.91748,-1.31598,-1.23894,4.50185,5.9343,33,20,step,1.156,1.79069e+09,-3.41763,52,0.238778
1.157,2,-2,nan,nan,nan,nan,-1.91748,-1.31598,-1.23468,4.50185,5.9343,33,20,step,1.157,1.79069e+09,-3.42891,52,0.23877
1.158,2,-2,nan,nan,nan,nan,-2.10923,-1.27235,-1.25812,4.49936,5.9343,33,20,step,1.158,1.79069e+09,-3.40635,52,0.23879
1.159,2,-2,nan,nan,nan,nan,-2.10923,-1.27235,-1.2677,4.49936,5.9342,33,20,step,1.159,1.79069e+09,-3.49658,52,0.238827
1.16,2,-2,nan,nan,nan,nan,-1.92876,-1.33343,-1.26025,4.49667,5.9342,33,20,step,1.16,1.79069e+09,-3.36123,52,0.23882
1.161,2,-2,nan,nan,nan,nan,-1.92876,-1.33343,-1.29434,4.49667,5.9342,33,20,step,1.161,1.79069e+09,-3.50786,52,0.238806
1.162,2,-2,nan,nan,nan,nan,-2.03027,-1.31249,-1.29647,4.49399,5.9342,33,20,step,1.162,1.79069e+09,-3.46274,52,0.238812
1.163,2,-2,nan,nan,nan,nan,-2.03027,-1.31249,-1.29327,4.49399,5.9342,33,20,step,1.163,1.79069e+09,-3.44019,52,0.238841
1.164,2,-2,nan,nan,nan,nan,-2.01899,-1.2898,-1.28688,4.4914,5.93411,33,20,step,1.164,1.79069e+09,-3.41763,52,0.238884
1.165,2,-2,nan,nan,nan,nan,-2.01899,-1.2898,-1.30179,4.4914,5.93411,33,20,step,1.165,1.79069e+09,-3.42891,52,0.238888
1.166,2,-2,nan,nan,nan,nan,-1.88364,-1.42768,-1.30286,4.48862,5.93411,33,20,step,1.166,1.79069e+09,-3.40635,52,0.238886
1.167,2,-2,nan,nan,nan,nan,-1.88364,-1.42768,-1.32416,4.48862,5.93411,33,20,step,1.167,1.79069e+09,-3.42891,52,0.238915
1.168,2,-2,nan,nan,nan,nan,-2.08667,-1.42419,-1.32203,4.48574,5.93411,33,20,step,1.168,1.79069e+09,-3.42891,52,0.238929
1.169,2,-2,nan,nan,nan,nan,-2.08667,-1.42419,-1.34547,4.48574,5.93411,33,20,step,1.169,1.79069e+09,-3.41763,52,0.238933
1.17,2,-2,nan,nan,nan,nan,-2.01899,-1.41197,-1.34973,4.48296,5.93411,33,20,step,1.17,1.79069e+09,-3.44019,52,0.238962
1.171,2,-2,nan,nan,nan,nan,-2.01899,-1.41197,-1.35293,4.48296,5.93401,33,20,step,1.171,1.79069e+09,-3.42891,52,0.238971
1.172,2,-2,nan,nan,nan,nan,-2.04155,-1.3823,-1.37849,4.48018,5.93401,33,20,step,1.172,1.79069e+09,-3.42891,52,0.239005
1.173,2,-2,nan,nan,nan,nan,-2.04155,-1.3823,-1.36465,4.48018,5.93401,33,20,step,1.173,1.79069e+09,-3.42891,52,0.239028
1.174,2,-2,nan,nan,nan,nan,-2.08667,-1.37532,-1.37317,4.4774,5.93392,33,20,step,1.174,1.79069e+09,-3.44019,52,0.239041
1.175,2,-2,nan,nan,nan,nan,-2.08667,-1.37532,-1.38062,4.4774,5.93392,33,20,step,1.175,1.79069e+09,-3.45146,52,0.23905
1.176,2,-2,nan,nan,nan,nan,-1.94004,-1.4591,-1.36145,4.47453,5.93392,33,20,step,1.176,1.79069e+09,-3.49658,52,0.23907
1.177,2,-2,nan,nan,nan,nan,-1.94004,-1.4591,-1.37743,4.47453,5.93382,33,20,step,1.177,1.79069e+09,-3.50786,52,0.239108
1.178,2,-2,nan,nan,nan,nan,-1.9626,-1.41895,-1.3998,4.47165,5.93382,33,20,step,1.178,1.79069e+09,-3.46274,52,0.239137
1.179,2,-2,nan,nan,nan,nan,-1.9626,-1.41895,-1.40619,4.47165,5.93382,33,20,step,1.179,1.79069e+09,-3.46274,52,0.23916
1.18,2,-2,nan,nan,nan,nan,-1.95132,-1.43641,-1.40619,4.46858,5.93373,33,20,step,1.18,1.79069e+09,-3.46274,52,0.239171
1.181,2,-2,nan,nan,nan,nan,-1.95132,-1.43641,-1.40832,4.46858,5.93373,33,20,step,1.181,1.79069e+09,-3.51914,52,0.239168
1.182,2,-2,nan,nan,nan,nan,-1.91748,-1.48004,-1.42537,4.4658,5.93363,33,20,step,1.182,1.79069e+09,-3.53042,52,0.23918
1.183,2,-2,nan,nan,nan,nan,-1.91748,-1.48004,-1.4243,4.4658,5.93363,33,20,step,1.183,1.79069e+09,-3.53042,52,0.239198
1.184,2,-2,nan,nan,nan,nan,-1.97388,-1.47829,-1.42537,4.46283,5.93363,33,20,step,1.184,1.79069e+09,-3.51914,52,0.239228
1.185,2,-2,nan,nan,nan,nan,-1.97388,-1.47829,-1.43815,4.46283,5.93353,33,20,step,1.185,1.79069e+09,-3.53042,52,0.23926
1.186,2,-2,nan,nan,nan,nan,-1.86108,-1.59698,-1.45733,4.45976,5.93344,33,20,step,1.186,1.79069e+09,-3.49658,52,0.239314
1.187,2,-2,nan,nan,nan,nan,-1.86108,-1.59698,-1.46159,4.45976,5.93344,33,20,step,1.187,1.79069e+09,-3.51914,52,0.239354
1.188,2,-2,nan,nan,nan,nan,-1.9626,-1.54113,-1.46372,4.4566,5.93344,33,20,step,1.188,1.79069e+09,-3.4853,52,0.239381
1.189,2,-2,nan,nan,nan,nan,-1.9626,-1.54113,-1.4765,4.4566,5.93334,33,20,step,1.189,1.79069e+09,-3.53042,52,0.239385
1.19,2,-2,nan,nan,nan,nan,-1.95132,-1.48528,-1.49142,4.45363,5.93334,33,20,step,1.19,1.79069e+09,-3.55298,52,0.239413
1.191,2,-2,nan,nan,nan,nan,-1.95132,-1.48528,-1.5042,4.45363,5.93334,33,20,step,1.191,1.79069e+09,-3.56426,52,0.239432
1.192,2,-2,nan,nan,nan,nan,-2.01899,-1.54287,-1.50526,4.45037,5.93334,33,20,step,1.192,1.79069e+09,-3.57554,52,0.239438
1.193,2,-2,nan,nan,nan,nan,-2.01899,-1.54287,-1.50953,4.45037,5.93325,33,20,step,1.193,1.79069e+09,-3.5417,52,0.23947
1.194,2,-2,nan,nan,nan,nan,-2.06411,-1.54287,-1.49994,4.4473,5.93325,33,20,step,1.194,1.79069e+09,-3.55298,52,0.239496
1.195,2,-2,nan,nan,nan,nan,-2.06411,-1.54287,-1.51059,4.4473,5.93325,33,20,step,1.195,1.79069e+09,-3.53042,52,0.239508
1.196,2,-2,nan,nan,nan,nan,-1.97388,-1.57952,-1.52444,4.44433,5.93315,33,20,step,1.196,1.79069e+09,-3.56426,52,0.23955
1.197,2,-2,nan,nan,nan,nan,-1.97388,-1.57952,-1.52337,4.44433,5.93315,33,20,step,1.197,1.79069e+09,-3.56426,52,0.239605
1.198,2,-2,nan,nan,nan,nan,-2.07539,-1.56731,-1.53509,4.44116,5.93315,33,20,step,1.198,1.79069e+09,-3.58682,52,0.239664
1.199,2,-2,nan,nan,nan,nan,-2.07539,-1.56731,-1.54362,4.44116,5.93305,33,20,step,1.199,1.79069e+09,-3.57554,52,0.239704
1.2,2,2,nan,nan,nan,nan,-1.97388,-1.58301,-1.56705,4.438,5.93305,33,20,step,1.2,1.79069e+09,-3.56426,52,0.239756
1.201,2,2,nan,nan,nan,nan,-1.97388,-1.58301,-1.56173,4.438,5.93305,33,20,step,1.201,1.79069e+09,-3.56426,52,0.23977
1.202,2,2,nan,nan,nan,nan,-1.97388,-1.67726,-1.55533,4.43474,5.93296,33,20,step,1.202,1.79069e+09,-3.58682,52,0.239789
1.203,2,2,nan,nan,nan,nan,-1.97388,-1.67726,-1.57877,4.43474,5.93296,33,20,step,1.203,1.79069e+09,-3.60938,52,0.239829
1.204,2,2,nan,nan,nan,nan,-0.124072,-1.41721,-1.58623,4.43167,5.93286,33,20,step,1.204,1.79069e+09,-3.5981,52,0.239875
1.205,2,2,nan,nan,nan,nan,-0.124072,-1.41721,-1.56918,4.43167,5.93286,33,20,step,1.205,1.79069e+09,-3.58682,52,0.239926
1.206,2,2,nan,nan,nan,nan,0.0112793,-0.856957,-1.60114,4.42985,5.93277,33,20,step,1.206,1.79069e+09,-3.57554,52,0.239985
1.207,2,2,nan,nan,nan,nan,0.0112793,-0.856957,-1.58303,4.42985,5.93277,33,20,step,1.207,1.79069e+09,-3.60938,52,0.240054
1.208,2,2,nan,nan,nan,nan,0.563965,-0.834267,-1.56599,4.42822,5.93267,33,20,step,1.208,1.79069e+09,-3.57554,52,0.240089
1.209,2,2,nan,nan,nan,nan,0.563965,-0.834267,-1.58303,4.42822,5.93267,33,20,step,1.209,1.79069e+09,-3.58682,52,0.240149
1.21,2,2,nan,nan,nan,nan,1.35352,-1.01753,-1.55427,4.42621,5.93257,33,20,step,1.21,1.79069e+09,-3.66577,52,0.240255
1.211,2,2,nan,nan,nan,nan,1.35352,-1.01753,-1.54788,4.42621,5.93257,33,20,step,1.211,1.79069e+09,-3.66577,52,0.240343
1.212,2,2,nan,nan,nan,nan,1.79341,-1.40499,-1.53616,4.42352,5.93257,33,20,step,1.212,1.79069e+09,-3.65449,52,0.240455
1.213,2,2,nan,nan,nan,nan,1.79341,-1.40499,-1.52018,4.42352,5.93257,33,20,step,1.213,1.79069e+09,-3.63193,52,0.240561
1.214,2,2,nan,nan,nan,nan,1.95132,-1.69821,-1.51166,4.42026,5.93257,33,20,step,1.214,1.79069e+09,-3.63193,52,0.24072
1.215,2,2,nan,nan,nan,nan,1.95132,-1.69821,-1.49142,4.42026,5.93248,33,20,step,1.215,1.79069e+09,-3.5981,52,0.24085
1.216,2,2,nan,nan,nan,nan,2.04155,-1.69122,-1.45839,4.41681,5.93248,33,20,step,1.216,1.79069e+09,-3.58682,52,0.240927
1.217,2,2,nan,nan,nan,nan,2.04155,-1.69122,-1.43069,4.41681,5.93248,33,20,step,1.217,1.79069e+09,-3.64321,52,0.241068
1.218,2,2,nan,nan,nan,nan,1.86108,-1.44688,-1.44454,4.41384,5.93248,33,20,step,1.218,1.79069e+09,-3.64321,52,0.241186
1.219,2,2,nan,nan,nan,nan,1.86108,-1.44688,-1.42111,4.41384,5.93238,33,20,step,1.219,1.79069e+09,-3.57554,52,0.241311
1.22,2,2,nan,nan,nan,nan,1.9626,-1.31598,-1.42217,4.41115,5.93238,33,20,step,1.22,1.79069e+09,-3.58682,52,0.241386
1.221,2,2,nan,nan,nan,nan,1.9626,-1.31598,-1.40406,4.41115,5.93229,33,20,step,1.221,1.79069e+09,-3.56426,52,0.241459
1.222,2,2,nan,nan,nan,nan,1.9626,-1.33518,-1.37104,4.40856,5.93229,33,20,step,1.222,1.79069e+09,-3.62065,52,0.241556
1.223,2,2,nan,nan,nan,nan,1.9626,-1.33518,-1.35825,4.40856,5.93219,33,20,step,1.223,1.79069e+09,-3.62065,52,0.241633
1.224,2,2,nan,nan,nan,nan,1.91748,-1.35263,-1.35186,4.40578,5.9321,33,20,step,1.224,1.79069e+09,-3.62065,52,0.241746
1.225,2,2,nan,nan,nan,nan,1.91748,-1.35263,-1.3508,4.40578,5.9321,33,20,step,1.225,1.79069e+09,-3.62065,52,0.241878
1.226,2,2,nan,nan,nan,nan,2.04155,-1.37357,-1.34121,4.4031,5.932,33,20,step,1.226,1.79069e+09,-3.63193,52,0.241985
1.227,2,2,nan,nan,nan,nan,2.04155,-1.37357,-1.29966,4.4031,5.9319,33,20,step,1.227,1.79069e+09,-3.58682,52,0.242104
1.228,2,2,nan,nan,nan,nan,1.87236,-1.29852,-1.28049,4.40042,5.9319,33,20,step,1.228,1.79069e+09,-3.60938,52,0.24221
1.229,2,2,nan,nan,nan,nan,1.87236,-1.29852,-1.26451,4.40042,5.9319,33,20,step,1.229,1.79069e+09,-3.63193,52,0.242311
1.23,2,2,nan,nan,nan,nan,1.8498,-1.29503,-1.25812,4.39783,5.93181,33,20,step,1.23,1.79069e+09,-3.62065,52,0.242379
1.231,2,2,nan,nan,nan,nan,1.8498,-1.29503,-1.23361,4.39783,5.93181,33,20,step,1.231,1.79069e+09,-3.65449,52,0.242444
1.232,2,2,nan,nan,nan,nan,1.95132,-1.23918,-1.19739,4.39533,5.93181,33,20,step,1.232,1.79069e+09,-3.69961,52,0.24255
1.233,2,2,nan,nan,nan,nan,1.95132,-1.23918,-1.18994,4.39533,5.93171,33,20,step,1.233,1.79069e+09,-3.66577,52,0.242631
1.234,2,2,nan,nan,nan,nan,1.8498,-1.12399,-1.17289,4.39303,5.93171,33,20,step,1.234,1.79069e+09,-3.65449,52,0.242728
1.235,2,2,nan,nan,nan,nan,1.8498,-1.12399,-1.16437,4.39303,5.93162,33,20,step,1.235,1.79069e+09,-3.65449,52,0.242849
1.236,2,2,nan,nan,nan,nan,1.89492,-1.11177,-1.14626,4.39083,5.93162,33,20,step,1.236,1.79069e+09,-3.64321,52,0.242916
1.237,2,2,nan,nan,nan,nan,1.89492,-1.11177,-1.1111,4.39083,5.93152,33,20,step,1.237,1.79069e+09,-3.63193,52,0.242984
1.238,2,2,nan,nan,nan,nan,1.99644,-1.1205,-1.12602,4.38853,5.93152,33,20,step,1.238,1.79069e+09,-3.68833,52,0.243091
1.239,2,2,nan,nan,nan,nan,1.99644,-1.1205,-1.12921,4.38853,5.93142,33,20,step,1.239,1.79069e+09,-3.71089,52,0.243185
1.24,2,2,nan,nan,nan,nan,1.95132,-1.08909,-1.1143,4.38642,5.93133,33,20,step,1.24,1.79069e+09,-3.64321,52,0.243311
1.241,2,2,nan,nan,nan,nan,1.95132,-1.08909,-1.07808,4.38642,5.93133,33,20,step,1.241,1.79069e+09,-3.66577,52,0.243397
1.242,2,2,nan,nan,nan,nan,1.94004,-1.11177,-1.05997,4.38421,5.93133,33,20,step,1.242,1.79069e+09,-3.63193,52,0.243514
1.243,2,2,nan,nan,nan,nan,1.94004,-1.11177,-1.04719,4.38421,5.93133,33,20,step,1.243,1.79069e+09,-3.68833,52,0.243595
1.244,2,2,nan,nan,nan,nan,1.99644,-1.11701,-1.03973,4.38191,5.93133,33,20,step,1.244,1.79069e+09,-3.68833,52,0.243642
1.245,2,2,nan,nan,nan,nan,1.99644,-1.11701,-1.01523,4.38191,5.93133,33,20,step,1.245,1.79069e+09,-3.71089,52,0.243748
1.246,2,2,nan,nan,nan,nan,2.00771,-1.04196,-0.977943,4.3798,5.93133,33,20,step,1.246,1.79069e+09,-3.67705,52,0.243844
1.247,2,2,nan,nan,nan,nan,2.00771,-1.04196,-0.98753,4.3798,5.93133,33,20,step,1.247,1.79069e+09,-3.64321,52,0.243929
1.248,2,2,nan,nan,nan,nan,1.89492,-0.911062,-0.973681,4.37798,5.93123,33,20,step,1.248,1.79069e+09,-3.62065,52,0.243994
1.249,2,2,nan,nan,nan,nan,1.89492,-0.911062,-0.936396,4.37798,5.93123,33,20,step,1.249,1.79069e+09,-3.63193,52,0.244012
1.25,2,2,nan,nan,nan,nan,1.95132,-0.919789,-0.945984,4.37616,5.93123,33,20,step,1.25,1.79069e+09,-3.65449,52,0.244044
1.251,2,2,nan,nan,nan,nan,1.95132,-0.919789,-0.93107,4.37616,5.93114,33,20,step,1.251,1.79069e+09,-3.72217,52,0.244096
1.252,2,2,nan,nan,nan,nan,2.03027,-0.961676,-0.898045,4.37424,5.93114,33,20,step,1.252,1.79069e+09,-3.72217,52,0.244195
1.253,2,2,nan,nan,nan,nan,2.03027,-0.961676,-0.885262,4.37424,5.93104,33,20,step,1.253,1.79069e+09,-3.69961,52,0.244293
1.254,2,2,nan,nan,nan,nan,2.04155,-0.909317,-0.883131,4.37232,5.93094,33,20,step,1.254,1.79069e+09,-3.68833,52,0.24436
1.255,2,2,nan,nan,nan,nan,2.04155,-0.909317,-0.862891,4.37232,5.93094,33,20,step,1.255,1.79069e+09,-3.69961,52,0.244453
1.256,2,2,nan,nan,nan,nan,1.94004,-0.801106,-0.838389,4.37069,5.93094,33,20,step,1.256,1.79069e+09,-3.69961,52,0.244498
1.257,2,2,nan,nan,nan,nan,1.94004,-0.801106,-0.835193,4.37069,5.93094,33,20,step,1.257,1.79069e+09,-3.71089,52,0.244589
1.258,2,2,nan,nan,nan,nan,1.94004,-0.785398,-0.821344,4.36916,5.93094,33,20,step,1.258,1.79069e+09,-3.72217,52,0.244682
1.259,2,2,nan,nan,nan,nan,1.94004,-0.785398,-0.763818,4.36916,5.93094,33,20,step,1.259,1.79069e+09,-3.71089,52,0.24473
1.26,2,2,nan,nan,nan,nan,1.99644,-0.806342,-0.760622,4.36753,5.93085,33,20,step,1.26,1.79069e+09,-3.67705,52,0.244758
1.261,2,2,nan,nan,nan,nan,1.99644,-0.806342,-0.791516,4.36753,5.93085,33,20,step,1.261,1.79069e+09,-3.69961,52,0.244808
1.262,2,2,nan,nan,nan,nan,2.05283,-0.771436,-0.771275,4.366,5.93085,33,20,step,1.262,1.79069e+09,-3.72217,52,0.244855
1.263,2,2,nan,nan,nan,nan,2.05283,-0.771436,-0.711618,4.366,5.93085,33,20,step,1.263,1.79069e+09,-3.69961,52,0.244911
1.264,2,2,nan,nan,nan,nan,1.98516,-0.677188,-0.694574,4.36456,5.93085,33,20,step,1.264,1.79069e+09,-3.71089,52,0.244924
1.265,2,2,nan,nan,nan,nan,1.98516,-0.677188,-0.705227,4.36456,5.93075,33,20,step,1.265,1.79069e+09,-3.73345,52,0.244979
1.266,2,2,nan,nan,nan,nan,1.91748,-0.624828,-0.690312,4.36322,5.93075,33,20,step,1.266,1.79069e+09,-3.76729,52,0.245047
1.267,2,2,nan,nan,nan,nan,1.91748,-0.624828,-0.672202,4.36322,5.93075,33,20,step,1.267,1.79069e+09,-3.72217,52,0.245089
1.268,2,2,nan,nan,nan,nan,1.9626,-0.671952,-0.667941,4.36187,5.93066,33,20,step,1.268,1.79069e+09,-3.72217,52,0.245166
1.269,2,2,nan,nan,nan,nan,1.9626,-0.671952,-0.638113,4.36187,5.93066,33,20,step,1.269,1.79069e+09,-3.73345,52,0.245232
1.27,2,2,nan,nan,nan,nan,1.97388,-0.696386,-0.614676,4.36053,5.93066,33,20,step,1.27,1.79069e+09,-3.74473,52,0.245313
1.271,2,2,nan,nan,nan,nan,1.97388,-0.696386,-0.61148,4.36053,5.93066,33,20,step,1.271,1.79069e+09,-3.75601,52,0.245371
1.272,2,2,nan,nan,nan,nan,1.99644,-0.659734,-0.592305,4.35919,5.93066,33,20,step,1.272,1.79069e+09,-3.76729,52,0.245408
1.273,2,2,nan,nan,nan,nan,1.99644,-0.659734,-0.566738,4.35919,5.93066,33,20,step,1.273,1.79069e+09,-3.76729,52,0.24546
1.274,2,2,nan,nan,nan,nan,1.97388,-0.581195,-0.568869,4.35794,5.93066,33,20,step,1.274,1.79069e+09,-3.74473,52,0.245502
1.275,2,2,nan,nan,nan,nan,1.97388,-0.581195,-0.57313,4.35794,5.93066,33,20,step,1.275,1.79069e+09,-3.75601,52,0.245558
1.276,2,2,nan,nan,nan,nan,1.91748,-0.495674,-0.544367,4.35689,5.93066,33,20,step,1.276,1.79069e+09,-3.78984,52,0.245601
1.277,2,2,nan,nan,nan,nan,1.91748,-0.495674,-0.52093,4.35689,5.93056,33,20,step,1.277,1.79069e+09,-3.73345,52,0.245639
1.278,2,2,nan,nan,nan,nan,1.89492,-0.490438,-0.511343,4.35603,5.93056,33,20,step,1.278,1.79069e+09,-3.74473,52,0.245685
1.279,2,2,nan,nan,nan,nan,1.89492,-0.490438,-0.50069,4.35603,5.93056,33,20,step,1.279,1.79069e+09,-3.74473,52,0.245726
1.28,2,2,nan,nan,nan,nan,1.9062,-0.497419,-0.476188,4.35497,5.93056,33,20,step,1.28,1.79069e+09,-3.75601,52,0.245813
1.281,2,2,nan,nan,nan,nan,1.9062,-0.497419,-0.464469,4.35497,5.93056,33,20,step,1.281,1.79069e+09,-3.73345,52,0.24588
1.282,2,2,nan,nan,nan,nan,1.88364,-0.469494,-0.470861,4.35401,5.93056,33,20,step,1.282,1.79069e+09,-3.72217,52,0.24593
1.283,2,2,nan,nan,nan,nan,1.88364,-0.469494,-0.43038,4.35401,5.93056,33,20,step,1.283,1.79069e+09,-3.73345,52,0.246016
1.284,2,2,nan,nan,nan,nan,1.88364,-0.401426,-0.421858,4.35315,5.93056,33,20,step,1.284,1.79069e+09,-3.73345,52,0.246057
1.285,2,2,nan,nan,nan,nan,1.88364,-0.401426,-0.405878,4.35315,5.93056,33,20,step,1.285,1.79069e+09,-3.69961,52,0.246103
1.286,2,2,nan,nan,nan,nan,1.99644,-0.382227,-0.405878,4.35238,5.93056,33,20,step,1.286,1.79069e+09,-3.69961,52,0.246148
1.287,2,2,nan,nan,nan,nan,1.99644,-0.382227,-0.380311,4.35238,5.93056,33,20,step,1.287,1.79069e+09,-3.73345,52,0.246186
1.288,2,2,nan,nan,nan,nan,1.95132,-0.359538,-0.349417,4.35171,5.93056,33,20,step,1.288,1.79069e+09,-3.73345,52,0.246265
1.289,2,2,nan,nan,nan,nan,1.95132,-0.359538,-0.336634,4.35171,5.93047,33,20,step,1.289,1.79069e+09,-3.71089,52,0.246325
1.29,2,2,nan,nan,nan,nan,1.97388,-0.31765,-0.332373,4.35104,5.93047,33,20,step,1.29,1.79069e+09,-3.69961,52,0.246357
1.291,2,2,nan,nan,nan,nan,1.97388,-0.31765,-0.30361,4.35104,5.93047,33,20,step,1.291,1.79069e+09,-3.72217,52,0.246419
1.292,2,2,nan,nan,nan,nan,1.99644,-0.280998,-0.284434,4.35047,5.93047,33,20,step,1.292,1.79069e+09,-3.73345,52,0.246475
1.293,2,2,nan,nan,nan,nan,1.99644,-0.280998,-0.279108,4.35047,5.93047,33,20,step,1.293,1.79069e+09,-3.73345,52,0.246577
1.294,2,2,nan,nan,nan,nan,1.97388,-0.260054,-0.268455,4.34999,5.93047,33,20,step,1.294,1.79069e+09,-3.69961,52,0.246662
1.295,2,2,nan,nan,nan,nan,1.97388,-0.260054,-0.242888,4.34999,5.93037,33,20,step,1.295,1.79069e+09,-3.72217,52,0.246725
1.296,2,2,nan,nan,nan,nan,2.06411,-0.251327,-0.231169,4.34941,5.93037,33,20,step,1.296,1.79069e+09,-3.67705,52,0.246789
1.297,2,2,nan,nan,nan,nan,2.06411,-0.251327,-0.204537,4.34941,5.93037,33,20,step,1.297,1.79069e+09,-3.67705,52,0.246827
1.298,2,2,nan,nan,nan,nan,1.91748,-0.246091,-0.190688,4.34893,5.93037,33,20,step,1.298,1.79069e+09,-3.69961,52,0.246876
1.299,2,2,nan,nan,nan,nan,1.91748,-0.246091,-0.183231,4.34893,5.93037,33,20,step,1.299,1.79069e+09,-3.69961,52,0.246905
1.3,2,2,nan,nan,nan,nan,1.92876,-0.200713,-0.174709,4.34855,5.93037,33,20,step,1.3,1.79069e+09,-3.73345,52,0.246938
1.301,2,2,nan,nan,nan,nan,1.92876,-0.200713,-0.127836,4.34855,5.93037,33,20,step,1.301,1.79069e+09,-3.77856,52,0.246992
1.302,2,2,nan,nan,nan,nan,1.89492,-0.146608,-0.111856,4.34826,5.93037,33,20,step,1.302,1.79069e+09,-3.69961,52,0.247017
1.303,2,2,nan,nan,nan,nan,1.89492,-0.146608,-0.122509,4.34826,5.93037,33,20,step,1.303,1.79069e+09,-3.71089,52,0.247062
1.304,2,2,nan,nan,nan,nan,1.89492,-0.0959931,-0.107595,4.34807,5.93027,33,20,step,1.304,1.79069e+09,-3.71089,52,0.247087
1.305,2,2,nan,nan,nan,nan,1.89492,-0.0959931,-0.0873543,4.34807,5.93027,33,20,step,1.305,1.79069e+09,-3.72217,52,0.247117
1.306,2,2,nan,nan,nan,nan,1.9062,-0.0628319,-0.0692443,4.34788,5.93027,33,20,step,1.306,1.79069e+09,-3.75601,52,0.247194
1.307,2,2,nan,nan,nan,nan,1.9062,-0.0628319,-0.0585913,4.34788,5.93018,33,20,step,1.307,1.79069e+09,-3.71089,52,0.247232
1.308,2,2,nan,nan,nan,nan,1.94004,-0.0418879,-0.0628525,4.34778,5.93018,33,20,step,1.308,1.79069e+09,-3.68833,52,0.247293
1.309,2,2,nan,nan,nan,nan,1.94004,-0.0418879,-0.0404813,4.34778,5.93018,33,20,step,1.309,1.79069e+09,-3.73345,52,0.247366
1.31,2,2,nan,nan,nan,nan,1.92876,-0.0174533,-0.00852238,4.34778,5.93018,33,20,step,1.31,1.79069e+09,-3.69961,52,0.247389
1.311,2,2,nan,nan,nan,nan,1.92876,-0.0174533,0.00426119,4.34778,5.93018,33,20,step,1.311,1.79069e+09,-3.69961,52,0.247424
1.312,2,2,nan,nan,nan,nan,1.94004,0,0.0127836,4.34778,5.93018,33,20,step,1.312,1.79069e+09,-3.76729,52,0.247475
1.313,2,2,nan,nan,nan,nan,1.94004,0,0.0255671,4.34778,5.93018,33,20,step,1.313,1.79069e+09,-3.71089,52,0.247502
1.314,2,2,nan,nan,nan,nan,1.95132,0,0.0617872,4.34778,5.93018,33,20,step,1.314,1.79069e+09,-3.69961,52,0.247573
1.315,2,2,nan,nan,nan,nan,1.95132,0,0.0617872,4.34778,5.93018,33,20,step,1.315,1.79069e+09,-3.73345,52,0.247599
1.316,2,2,nan,nan,nan,nan,1.95132,0.00349066,0.0735055,4.34778,5.93018,33,20,step,1.316,1.79069e+09,-3.65449,52,0.247639
1.317,2,2,nan,nan,nan,nan,1.95132,0.00349066,0.068179,4.34778,5.93018,33,20,step,1.317,1.79069e+09,-3.73345,52,0.247684
1.318,2,2,nan,nan,nan,nan,1.94004,0.0541052,0.0894849,4.34788,5.93018,33,20,step,1.318,1.79069e+09,-3.66577,52,0.247701
1.319,2,2,nan,nan,nan,nan,1.94004,0.0541052,0.0980073,4.34788,5.93018,33,20,step,1.319,1.79069e+09,-3.69961,52,0.247736
1.32,2,2,nan,nan,nan,nan,2.05283,0.0942478,0.120379,4.34807,5.93018,33,20,step,1.32,1.79069e+09,-3.73345,52,0.247745
1.321,2,2,nan,nan,nan,nan,2.05283,0.0942478,0.137423,4.34807,5.93018,33,20,step,1.321,1.79069e+09,-3.69961,52,0.247784
1.322,2,2,nan,nan,nan,nan,1.9626,0.132645,0.137423,4.34826,5.93018,33,20,step,1.322,1.79069e+09,-3.69961,52,0.247826
1.323,2,2,nan,nan,nan,nan,1.9626,0.132645,0.143815,4.34826,5.93018,33,20,step,1.323,1.79069e+09,-3.73345,52,0.247827
1.324,2,2,nan,nan,nan,nan,1.95132,0.15708,0.16086,4.34864,5.93018,33,20,step,1.324,1.79069e+09,-3.69961,52,0.247855
1.325,2,2,nan,nan,nan,nan,1.95132,0.15708,0.182166,4.34864,5.93018,33,20,step,1.325,1.79069e+09,-3.69961,52,0.247882
1.326,2,2,nan,nan,nan,nan,2.08667,0.172788,0.166186,4.34893,5.93018,33,20,step,1.326,1.79069e+09,-3.69961,52,0.247897
1.327,2,2,nan,nan,nan,nan,2.08667,0.172788,0.180035,4.34893,5.93018,33,20,step,1.327,1.79069e+09,-3.69961,52,0.247933
1.328,2,2,nan,nan,nan,nan,2.08667,0.202458,0.216255,4.34931,5.93018,33,20,step,1.328,1.79069e+09,-3.73345,52,0.247965
1.329,2,2,nan,nan,nan,nan,2.08667,0.202458,0.207733,4.34931,5.93018,33,20,step,1.329,1.79069e+09,-3.66577,52,0.248012
1.33,2,2,nan,nan,nan,nan,2.07539,0.230383,0.231169,4.34979,5.93018,33,20,step,1.33,1.79069e+09,-3.68833,52,0.248032
1.331,2,2,nan,nan,nan,nan,2.07539,0.230383,0.264194,4.34979,5.93018,33,20,step,1.331,1.79069e+09,-3.68833,52,0.248024
1.332,2,2,nan,nan,nan,nan,2.07539,0.267035,0.257802,4.35027,5.93018,33,20,step,1.332,1.79069e+09,-3.73345,52,0.248045
1.333,2,2,nan,nan,nan,nan,2.07539,0.267035,0.257802,4.35027,5.93018,33,20,step,1.333,1.79069e+09,-3.68833,52,0.248057
1.334,2,2,nan,nan,nan,nan,2.09795,0.298451,0.26739,4.35094,5.93018,33,20,step,1.334,1.79069e+09,-3.66577,52,0.248079
1.335,2,2,nan,nan,nan,nan,2.09795,0.298451,0.295087,4.35094,5.93018,33,20,step,1.335,1.79069e+09,-3.72217,52,0.248101
1.336,2,2,nan,nan,nan,nan,2.04155,0.305433,0.280173,4.35152,5.93018,33,20,step,1.336,1.79069e+09,-3.66577,52,0.24812
1.337,2,2,nan,nan,nan,nan,2.04155,0.305433,0.286565,4.35152,5.93018,33,20,step,1.337,1.79069e+09,-3.66577,52,0.24813
1.338,2,2,nan,nan,nan,nan,2.00771,0.296706,0.319589,4.3521,5.93018,33,20,step,1.338,1.79069e+09,-3.66577,52,0.248138
1.339,2,2,nan,nan,nan,nan,2.00771,0.296706,0.324916,4.3521,5.93018,33,20,step,1.339,1.79069e+09,-3.68833,52,0.248159
1.34,2,2,nan,nan,nan,nan,1.91748,0.296706,0.325981,4.35267,5.93018,33,20,step,1.34,1.79069e+09,-3.69961,52,0.248183
1.341,2,2,nan,nan,nan,nan,1.91748,0.296706,0.331307,4.35267,5.93018,33,20,step,1.341,1.79069e+09,-3.66577,52,0.248199
1.342,2,2,nan,nan,nan,nan,1.9626,0.352557,0.34196,4.35344,5.93018,33,20,step,1.342,1.79069e+09,-3.66577,52,0.248243
1.343,2,2,nan,nan,nan,nan,1.9626,0.352557,0.356874,4.35344,5.93018,33,20,step,1.343,1.79069e+09,-3.68833,52,0.248271
1.344,2,2,nan,nan,nan,nan,1.9626,0.413643,0.36007,4.3542,5.93018,33,20,step,1.344,1.79069e+09,-3.66577,52,0.248281
1.345,2,2,nan,nan,nan,nan,1.9626,0.413643,0.369658,4.3542,5.93018,33,20,step,1.345,1.79069e+09,-3.68833,52,0.248286
1.346,2,2,nan,nan,nan,nan,1.95132,0.441568,0.380311,4.35507,5.93018,33,20,step,1.346,1.79069e+09,-3.69961,52,0.248282
1.347,2,2,nan,nan,nan,nan,1.95132,0.441568,0.392029,4.35507,5.93018,33,20,step,1.347,1.79069e+09,-3.71089,52,0.248313
1.348,2,2,nan,nan,nan,nan,2.01899,0.429351,0.422923,4.35593,5.93018,33,20,step,1.348,1.79069e+09,-3.65449,52,0.248332
1.349,2,2,nan,nan,nan,nan,2.01899,0.429351,0.405878,4.35593,5.93018,33,20,step,1.349,1.79069e+09,-3.65449,52,0.24836
1.35,2,2,nan,nan,nan,nan,2.01899,0.424115,0.442098,4.35679,5.93018,33,20,step,1.35,1.79069e+09,-3.67705,52,0.248392
1.351,2,2,nan,nan,nan,nan,2.01899,0.424115,0.450621,4.35679,5.93018,33,20,step,1.351,1.79069e+09,-3.66577,52,0.248405
1.352,2,2,nan,nan,nan,nan,2.03027,0.441568,0.435706,4.35766,5.93018,33,20,step,1.352,1.79069e+09,-3.60938,52,0.248434
1.353,2,2,nan,nan,nan,nan,2.03027,0.441568,0.458078,4.35766,5.93018,33,20,step,1.353,1.79069e+09,-3.68833,52,0.248448
1.354,2,2,nan,nan,nan,nan,2.03027,0.488692,0.4666,4.35861,5.93018,33,20,step,1.354,1.79069e+09,-3.67705,52,0.248507
1.355,2,2,nan,nan,nan,nan,2.03027,0.488692,0.477253,4.35861,5.93018,33,20,step,1.355,1.79069e+09,-3.5981,52,0.248518
1.356,2,2,nan,nan,nan,nan,1.9626,0.528835,0.472992,4.35967,5.93018,33,20,step,1.356,1.79069e+09,-3.56426,52,0.248514
1.357,2,2,nan,nan,nan,nan,1.9626,0.528835,0.498559,4.35967,5.93018,33,20,step,1.357,1.79069e+09,-3.67705,52,0.248543
1.358,2,2,nan,nan,nan,nan,1.9626,0.486947,0.512408,4.36063,5.93018,33,20,step,1.358,1.79069e+09,-3.67705,52,0.248572
1.359,2,2,nan,nan,nan,nan,1.9626,0.486947,0.509212,4.36063,5.93018,33,20,step,1.359,1.79069e+09,-3.60938,52,0.248583
1.36,2,2,nan,nan,nan,nan,1.95132,0.528835,0.523061,4.36178,5.93018,33,20,step,1.36,1.79069e+09,-3.65449,52,0.248603
1.361,2,2,nan,nan,nan,nan,1.95132,0.528835,0.547563,4.36178,5.93018,33,20,step,1.361,1.79069e+09,-3.64321,52,0.248616
1.362,2,2,nan,nan,nan,nan,1.94004,0.607375,0.543301,4.36293,5.93018,33,20,step,1.362,1.79069e+09,-3.65449,52,0.248661
1.363,2,2,nan,nan,nan,nan,1.94004,0.607375,0.543301,4.36293,5.93018,33,20,step,1.363,1.79069e+09,-3.5981,52,0.248694
1.364,2,2,nan,nan,nan,nan,2.03027,0.633555,0.55502,4.36418,5.93018,33,20,step,1.364,1.79069e+09,-3.56426,52,0.248715
1.365,2,2,nan,nan,nan,nan,2.03027,0.633555,0.556085,4.36418,5.93018,33,20,step,1.365,1.79069e+09,-3.63193,52,0.248727
1.366,2,2,nan,nan,nan,nan,2.12051,0.595157,0.57313,4.36542,5.93018,33,20,step,1.366,1.79069e+09,-3.56426,52,0.248714
1.367,2,2,nan,nan,nan,nan,2.12051,0.595157,0.596566,4.36542,5.93018,33,20,step,1.367,1.79069e+09,-3.65449,52,0.248717
1.368,2,2,nan,nan,nan,nan,2.06411,0.607375,0.605089,4.36657,5.93018,33,20,step,1.368,1.79069e+09,-3.67705,52,0.248753
1.369,2,2,nan,nan,nan,nan,2.06411,0.607375,0.594436,4.36657,5.93018,33,20,step,1.369,1.79069e+09,-3.66577,52,0.248782
1.37,2,2,nan,nan,nan,nan,1.99644,0.563741,0.613611,4.36772,5.93018,33,20,step,1.37,1.79069e+09,-3.62065,52,0.248846
1.371,2,2,nan,nan,nan,nan,1.99644,0.563741,0.639178,4.36772,5.93018,33,20,step,1.371,1.79069e+09,-3.5981,52,0.24887
1.372,2,2,nan,nan,nan,nan,1.97388,0.568977,0.632786,4.36887,5.93018,33,20,step,1.372,1.79069e+09,-3.56426,52,0.248881
1.373,2,2,nan,nan,nan,nan,1.97388,0.568977,0.630656,4.36887,5.93018,33,20,step,1.373,1.79069e+09,-3.56426,52,0.248887
1.374,2,2,nan,nan,nan,nan,1.98516,0.670206,0.641309,4.37022,5.93018,33,20,step,1.374,1.79069e+09,-3.63193,52,0.248878
1.375,2,2,nan,nan,nan,nan,1.98516,0.670206,0.666876,4.37022,5.93018,33,20,step,1.375,1.79069e+09,-3.64321,52,0.248906
1.376,2,2,nan,nan,nan,nan,2.01899,0.747001,0.671137,4.37165,5.93018,33,20,step,1.376,1.79069e+09,-3.56426,52,0.248945
1.377,2,2,nan,nan,nan,nan,2.01899,0.747001,0.676464,4.37165,5.93018,33,20,step,1.377,1.79069e+09,-3.56426,52,0.248969
1.378,2,2,nan,nan,nan,nan,2.06411,0.771436,0.674333,4.37319,5.93018,33,20,step,1.378,1.79069e+09,-3.49658,52,0.248968
1.379,2,2,nan,nan,nan,nan,2.06411,0.771436,0.669006,4.37319,5.93018,33,20,step,1.379,1.79069e+09,-3.51914,52,0.248962
1.38,2,2,nan,nan,nan,nan,1.91748,0.731293,0.68179,4.37472,5.93018,33,20,step,1.38,1.79069e+09,-3.60938,52,0.248984
1.381,2,2,nan,nan,nan,nan,1.91748,0.731293,0.6999,4.37472,5.93018,33,20,step,1.381,1.79069e+09,-3.5981,52,0.248988
1.382,2,2,nan,nan,nan,nan,1.9062,0.66148,0.71801,4.37606,5.93018,33,20,step,1.382,1.79069e+09,-3.5981,52,0.248998
1.383,2,2,nan,nan,nan,nan,1.9062,0.66148,0.737185,4.37606,5.93018,33,20,step,1.383,1.79069e+09,-3.62065,52,0.24905
1.384,2,2,nan,nan,nan,nan,1.89492,0.685914,0.744643,4.37741,5.93018,33,20,step,1.384,1.79069e+09,-3.55298,52,0.249066
1.385,2,2,nan,nan,nan,nan,1.89492,0.685914,0.732924,4.37741,5.93018,33,20,step,1.385,1.79069e+09,-3.49658,52,0.249078
1.386,2,2,nan,nan,nan,nan,1.91748,0.820305,0.742512,4.37904,5.93018,33,20,step,1.386,1.79069e+09,-3.55298,52,0.249083
1.387,2,2,nan,nan,nan,nan,1.91748,0.820305,0.760622,4.37904,5.93018,33,20,step,1.387,1.79069e+09,-3.58682,52,0.249073
1.388,2,2,nan,nan,nan,nan,1.97388,0.895354,0.756361,4.38076,5.93018,33,20,step,1.388,1.79069e+09,-3.56426,52,0.249053
1.389,2,2,nan,nan,nan,nan,1.97388,0.895354,0.761687,4.38076,5.93018,33,20,step,1.389,1.79069e+09,-3.58682,52,0.249052
1.39,2,2,nan,nan,nan,nan,1.97388,0.858702,0.761687,4.38249,5.93018,33,20,step,1.39,1.79069e+09,-3.5981,52,0.249084
1.391,2,2,nan,nan,nan,nan,1.97388,0.858702,0.787254,4.38249,5.93018,33,20,step,1.391,1.79069e+09,-3.49658,52,0.24912
1.392,2,2,nan,nan,nan,nan,1.95132,0.759218,0.791516,4.38402,5.93018,33,20,step,1.392,1.79069e+09,-3.4853,52,0.249114
1.393,2,2,nan,nan,nan,nan,1.95132,0.759218,0.795777,4.38402,5.93018,33,20,step,1.393,1.79069e+09,-3.5417,52,0.249134
1.394,2,2,nan,nan,nan,nan,2.01899,0.780162,0.802169,4.38556,5.93018,33,20,step,1.394,1.79069e+09,-3.55298,52,0.249139
1.395,2,2,nan,nan,nan,nan,2.01899,0.780162,0.80856,4.38556,5.93018,33,20,step,1.395,1.79069e+09,-3.51914,52,0.249154
1.396,2,2,nan,nan,nan,nan,1.92876,0.872665,0.825605,4.38728,5.93018,33,20,step,1.396,1.79069e+09,-3.51914,52,0.2492
1.397,2,2,nan,nan,nan,nan,1.92876,0.872665,0.807495,4.38728,5.93018,33,20,step,1.397,1.79069e+09,-3.49658,52,0.249223
1.398,2,2,nan,nan,nan,nan,1.97388,0.980875,0.834128,4.3892,5.93018,33,20,step,1.398,1.79069e+09,-3.49658,52,0.249227
1.399,2,2,nan,nan,nan,nan,1.97388,0.980875,0.841585,4.3892,5.93018,33,20,step,1.399,1.79069e+09,-3.50786,52,0.249216
1.4,2,2,nan,nan,nan,nan,2.01899,0.942478,0.828801,4.39112,5.93018,33,20,step,1.4,1.79069e+09,-3.53042,52,0.2492
1.401,2,2,nan,nan,nan,nan,2.01899,0.942478,0.849042,4.39112,5.93018,33,20,step,1.401,1.79069e+09,-3.4853,52,0.249199
1.402,2,2,nan,nan,nan,nan,2.08667,0.870919,0.898045,4.39294,5.93018,33,20,step,1.402,1.79069e+09,-3.49658,52,0.249197
1.403,2,2,nan,nan,nan,nan,2.08667,0.870919,0.889523,4.39294,5.93018,33,20,step,1.403,1.79069e+09,-3.55298,52,0.249225
1.404,2,2,nan,nan,nan,nan,2.12051,0.858702,0.89698,4.39466,5.93018,33,20,step,1.404,1.79069e+09,-3.46274,52,0.249247
1.405,2,2,nan,nan,nan,nan,2.12051,0.858702,0.898045,4.39466,5.93018,33,20,step,1.405,1.79069e+09,-3.47402,52,0.249285
1.406,2,2,nan,nan,nan,nan,2.03027,0.951204,0.895915,4.39648,5.93018,33,20,step,1.406,1.79069e+09,-3.4853,52,0.249319
1.407,2,2,nan,nan,nan,nan,2.03027,0.951204,0.900176,4.39648,5.93018,33,20,step,1.407,1.79069e+09,-3.42891,52,0.249325
1.408,2,2,nan,nan,nan,nan,2.00771,0.961676,0.932135,4.3984,5.93018,33,20,step,1.408,1.79069e+09,-3.47402,52,0.249314
1.409,2,2,nan,nan,nan,nan,2.00771,0.961676,0.93107,4.3984,5.93018,33,20,step,1.409,1.79069e+09,-3.4853,52,0.249326
1.41,2,2,nan,nan,nan,nan,1.9626,0.932006,0.947049,4.40032,5.93018,33,20,step,1.41,1.79069e+09,-3.45146,52,0.249358
1.411,2,2,nan,nan,nan,nan,1.9626,0.932006,0.960898,4.40032,5.93018,33,20,step,1.411,1.79069e+09,-3.40635,52,0.249371
1.412,2,2,nan,nan,nan,nan,2.03027,0.961676,0.956637,4.40224,5.93018,33,20,step,1.412,1.79069e+09,-3.39507,52,0.249371
1.413,2,2,nan,nan,nan,nan,2.03027,0.961676,0.965159,4.40224,5.93018,33,20,step,1.413,1.79069e+09,-3.42891,52,0.249389
1.414,2,2,nan,nan,nan,nan,1.94004,1.04371,0.95131,4.40425,5.93018,33,20,step,1.414,1.79069e+09,-3.47402,52,0.249407
1.415,2,2,nan,nan,nan,nan,1.94004,1.04371,0.982204,4.40425,5.93018,33,20,step,1.415,1.79069e+09,-3.40635,52,0.249415
1.416,2,2,nan,nan,nan,nan,1.9062,1.04022,0.992857,4.40636,5.93018,33,20,step,1.416,1.79069e+09,-3.40635,52,0.249414
1.417,2,2,nan,nan,nan,nan,1.9062,1.04022,1.0131,4.40636,5.93018,33,20,step,1.417,1.79069e+09,-3.38379,52,0.249421
1.418,2,2,nan,nan,nan,nan,1.94004,1.02451,1.00884,4.40847,5.93018,33,20,step,1.418,1.79069e+09,-3.44019,52,0.249431
1.419,2,2,nan,nan,nan,nan,1.94004,1.02451,0.990726,4.40847,5.93018,33,20,step,1.419,1.79069e+09,-3.37251,52,0.249456
1.42,2,2,nan,nan,nan,nan,1.9626,1.02625,1.0099,4.41048,5.93018,33,20,step,1.42,1.79069e+09,-3.42891,52,0.249456
1.421,2,2,nan,nan,nan,nan,1.9626,1.02625,1.01523,4.41048,5.93018,33,20,step,1.421,1.79069e+09,-3.36123,52,0.249476
1.422,2,2,nan,nan,nan,nan,1.99644,1.07861,1.0344,4.41259,5.93018,33,20,step,1.422,1.79069e+09,-3.38379,52,0.249489
1.423,2,2,nan,nan,nan,nan,1.99644,1.07861,1.04932,4.41259,5.93018,33,20,step,1.423,1.79069e+09,-3.38379,52,0.249514
1.424,2,2,nan,nan,nan,nan,1.8498,1.08385,1.01736,4.4148,5.93018,33,20,step,1.424,1.79069e+09,-3.36123,52,0.24954
1.425,2,2,nan,nan,nan,nan,1.8498,1.08385,1.04399,4.4148,5.93018,33,20,step,1.425,1.79069e+09,-3.41763,52,0.24956
1.426,2,2,nan,nan,nan,nan,2.08667,1.13621,1.05251,4.4171,5.93018,33,20,step,1.426,1.79069e+09,-3.33867,52,0.24957
1.427,2,2,nan,nan,nan,nan,2.08667,1.13621,1.07275,4.4171,5.93018,33,20,step,1.427,1.79069e+09,-3.33867,52,0.249567
1.428,2,2,nan,nan,nan,nan,2.00771,1.14494,1.11537,4.4193,5.93018,33,20,step,1.428,1.79069e+09,-3.33867,52,0.24957
1.429,2,2,nan,nan,nan,nan,2.00771,1.14494,1.08447,4.4193,5.93018,33,20,step,1.429,1.79069e+09,-3.33867,52,0.249574
1.43,2,2,nan,nan,nan,nan,1.99644,1.06465,1.08767,4.42151,5.93018,33,20,step,1.43,1.79069e+09,-3.33867,52,0.249564
1.431,2,2,nan,nan,nan,nan,1.99644,1.06465,1.07808,4.42151,5.93018,33,20,step,1.431,1.79069e+09,-3.33867,52,0.249586
1.432,2,2,nan,nan,nan,nan,1.99644,1.06116,1.08767,4.42362,5.93018,33,20,step,1.432,1.79069e+09,-3.33867,52,0.249621
1.433,2,2,nan,nan,nan,nan,1.99644,1.06116,1.09619,4.42362,5.93027,33,20,step,1.433,1.79069e+09,-3.30483,52,0.249618
1.434,2,2,nan,nan,nan,nan,1.98516,1.12574,1.10897,4.42582,5.93027,33,20,step,1.434,1.79069e+09,-3.30483,52,0.249619
1.435,2,2,nan,nan,nan,nan,1.98516,1.12574,1.12708,4.42582,5.93027,33,20,step,1.435,1.79069e+09,-3.33867,52,0.249626
1.436,2,2,nan,nan,nan,nan,1.92876,1.1781,1.14413,4.42822,5.93027,33,20,step,1.436,1.79069e+09,-3.32739,52,0.249643
1.437,2,2,nan,nan,nan,nan,1.92876,1.1781,1.13241,4.42822,5.93027,33,20,step,1.437,1.79069e+09,-3.29355,52,0.249655
1.438,2,2,nan,nan,nan,nan,1.98516,1.19031,1.13667,4.43062,5.93027,33,20,step,1.438,1.79069e+09,-3.28228,52,0.249673
1.439,2,2,nan,nan,nan,nan,1.98516,1.19031,1.14413,4.43062,5.93027,33,20,step,1.439,1.79069e+09,-3.25972,52,0.249673
1.44,2,2,nan,nan,nan,nan,1.97388,1.21126,1.16117,4.43301,5.93027,33,20,step,1.44,1.79069e+09,-3.271,52,0.249639
1.441,2,2,nan,nan,nan,nan,1.97388,1.21126,1.18994,4.43301,5.93027,33,20,step,1.441,1.79069e+09,-3.30483,52,0.249633
1.442,2,2,nan,nan,nan,nan,1.89492,1.24617,1.18674,4.43551,5.93027,33,20,step,1.442,1.79069e+09,-3.30483,52,0.249638
1.443,2,2,nan,nan,nan,nan,1.89492,1.24617,1.20059,4.43551,5.93027,33,20,step,1.443,1.79069e+09,-3.30483,52,0.249633
1.444,2,2,nan,nan,nan,nan,1.92876,1.19555,1.18887,4.4379,5.93027,33,20,step,1.444,1.79069e+09,-3.29355,52,0.249647
1.445,2,2,nan,nan,nan,nan,1.92876,1.19555,1.1942,4.4379,5.93027,33,20,step,1.445,1.79069e+09,-3.31611,52,0.249657
1.446,2,2,nan,nan,nan,nan,2.09795,1.23395,1.191,4.4403,5.93027,33,20,step,1.446,1.79069e+09,-3.24844,52,0.249669
1.447,2,2,nan,nan,nan,nan,2.09795,1.23395,1.20379,4.4403,5.93027,33,20,step,1.447,1.79069e+09,-3.271,52,0.249697
1.448,2,2,nan,nan,nan,nan,1.9062,1.31249,1.23255,4.44289,5.93027,33,20,step,1.448,1.79069e+09,-3.25972,52,0.249664
1.449,2,2,nan,nan,nan,nan,1.9062,1.31249,1.24001,4.44289,5.93037,33,20,step,1.449,1.79069e+09,-3.24844,52,0.249651
1.45,2,2,nan,nan,nan,nan,1.99644,1.24966,1.22935,4.44548,5.93037,33,20,step,1.45,1.79069e+09,-3.30483,52,0.249677
1.451,2,2,nan,nan,nan,nan,1.99644,1.24966,1.23361,4.44548,5.93037,33,20,step,1.451,1.79069e+09,-3.24844,52,0.249668
1.452,2,2,nan,nan,nan,nan,2.09795,1.21649,1.26344,4.44806,5.93037,33,20,step,1.452,1.79069e+09,-3.2146,52,0.249684
1.453,2,2,nan,nan,nan,nan,2.09795,1.21649,1.27196,4.44806,5.93037,33,20,step,1.453,1.79069e+09,-3.23716,52,0.249674
1.454,2,2,nan,nan,nan,nan,2.00771,1.27409,1.27623,4.45056,5.93037,33,20,step,1.454,1.79069e+09,-3.20332,52,0.249671
1.455,2,2,nan,nan,nan,nan,2.00771,1.27409,1.28368,4.45056,5.93047,33,20,step,1.455,1.79069e+09,-3.23716,52,0.249664
1.456,2,2,nan,nan,nan,nan,1.94004,1.24791,1.2954,4.45305,5.93047,33,20,step,1.456,1.79069e+09,-3.23716,52,0.249647
1.457,2,2,nan,nan,nan,nan,1.94004,1.24791,1.27623,4.45305,5.93047,33,20,step,1.457,1.79069e+09,-3.23716,52,0.249671
1.458,2,2,nan,nan,nan,nan,2.07539,1.30027,1.27196,4.45554,5.93047,33,20,step,1.458,1.79069e+09,-3.22588,52,0.249667
1.459,2,2,nan,nan,nan,nan,2.07539,1.30027,1.30179,4.45554,5.93047,33,20,step,1.459,1.79069e+09,-3.16948,52,0.249679
1.46,2,2,nan,nan,nan,nan,1.9626,1.37183,1.32097,4.45823,5.93047,33,20,step,1.46,1.79069e+09,-3.19204,52,0.249672
1.461,2,2,nan,nan,nan,nan,1.9626,1.37183,1.29966,4.45823,5.93056,33,20,step,1.461,1.79069e+09,-3.18076,52,0.24965
1.462,2,2,nan,nan,nan,nan,2.03027,1.38056,1.30818,4.46101,5.93056,33,20,step,1.462,1.79069e+09,-3.2146,52,0.249654
1.463,2,2,nan,nan,nan,nan,2.03027,1.38056,1.32523,4.46101,5.93056,33,20,step,1.463,1.79069e+09,-3.20332,52,0.249625
1.464,2,2,nan,nan,nan,nan,1.99644,1.38405,1.33588,4.46379,5.93056,33,20,step,1.464,1.79069e+09,-3.19204,52,0.249627
1.465,2,2,nan,nan,nan,nan,1.99644,1.38405,1.3476,4.46379,5.93066,33,20,step,1.465,1.79069e+09,-3.20332,52,0.249636
1.466,2,2,nan,nan,nan,nan,1.94004,1.37532,1.35399,4.46647,5.93066,33,20,step,1.466,1.79069e+09,-3.14692,52,0.249614
1.467,2,2,nan,nan,nan,nan,1.94004,1.37532,1.34867,4.46647,5.93066,33,20,step,1.467,1.79069e+09,-3.14692,52,0.249585
1.468,2,2,nan,nan,nan,nan,1.99644,1.44164,1.36145,4.46935,5.93066,33,20,step,1.468,1.79069e+09,-3.18076,52,0.249573
1.469,2,2,nan,nan,nan,nan,1.99644,1.44164,1.37636,4.46935,5.93066,33,20,step,1.469,1.79069e+09,-3.19204,52,0.249569
1.47,2,2,nan,nan,nan,nan,1.91748,1.46084,1.37849,4.47232,5.93066,33,20,step,1.47,1.79069e+09,-3.1582,52,0.249554
1.471,2,2,nan,nan,nan,nan,1.91748,1.46084,1.38062,4.47232,5.93075,33,20,step,1.471,1.79069e+09,-3.16948,52,0.249552
1.472,2,2,nan,nan,nan,nan,1.91748,1.41721,1.40193,4.4752,5.93075,33,20,step,1.472,1.79069e+09,-3.1582,52,0.249545
1.473,2,2,nan,nan,nan,nan,1.91748,1.41721,1.39554,4.4752,5.93075,33,20,step,1.473,1.79069e+09,-3.13564,52,0.249529
1.474,2,2,nan,nan,nan,nan,1.98516,1.39801,1.39873,4.47798,5.93075,33,20,step,1.474,1.79069e+09,-3.1582,52,0.249521
1.475,2,2,nan,nan,nan,nan,1.98516,1.39801,1.41152,4.47798,5.93085,33,20,step,1.475,1.79069e+09,-3.14692,52,0.24951
1.476,2,2,nan,nan,nan,nan,1.9062,1.41546,1.41898,4.48076,5.93085,33,20,step,1.476,1.79069e+09,-3.14692,52,0.249483
1.477,2,2,nan,nan,nan,nan,1.9062,1.41546,1.41791,4.48076,5.93085,33,20,step,1.477,1.79069e+09,-3.1582,52,0.249463
1.478,2,2,nan,nan,nan,nan,1.9062,1.43466,1.43709,4.48363,5.93094,33,20,step,1.478,1.79069e+09,-3.1582,52,0.249466
1.479,2,2,nan,nan,nan,nan,1.9062,1.43466,1.4243,4.48363,5.93094,33,20,step,1.479,1.79069e+09,-3.1582,52,0.249458
1.48,2,2,nan,nan,nan,nan,1.9062,1.53414,1.4488,4.48689,5.93094,33,20,step,1.48,1.79069e+09,-3.07925,52,0.249425
1.481,2,2,nan,nan,nan,nan,1.9062,1.53414,1.45307,4.48689,5.93094,33,20,step,1.481,1.79069e+09,-3.10181,52,0.2494
1.482,2,2,nan,nan,nan,nan,1.95132,1.50098,1.44987,4.48967,5.93104,33,20,step,1.482,1.79069e+09,-3.13564,52,0.249364
1.483,2,2,nan,nan,nan,nan,1.95132,1.50098,1.46052,4.48967,5.93104,33,20,step,1.483,1.79069e+09,-3.11309,52,0.24933
1.484,2,2,nan,nan,nan,nan,2.06411,1.47306,1.48822,4.49265,5.93114,33,20,step,1.484,1.79069e+09,-3.1582,52,0.249308
1.485,2,2,nan,nan,nan,nan,2.06411,1.47306,1.49142,4.49265,5.93114,33,20,step,1.485,1.79069e+09,-3.12437,52,0.249318
1.486,2,2,nan,nan,nan,nan,1.98516,1.5516,1.49355,4.49571,5.93114,33,20,step,1.486,1.79069e+09,-3.09053,52,0.249319
1.487,2,2,nan,nan,nan,nan,1.98516,1.5516,1.5042,4.49571,5.93123,33,20,step,1.487,1.79069e+09,-3.06797,52,0.249289
1.488,2,2,nan,nan,nan,nan,2.04155,1.53938,1.50207,4.49888,5.93123,33,20,step,1.488,1.79069e+09,-3.06797,52,0.249255
1.489,2,2,nan,nan,nan,nan,2.04155,1.53938,1.49568,4.49888,5.93133,33,20,step,1.489,1.79069e+09,-3.12437,52,0.249213
1.49,2,2,nan,nan,nan,nan,2.05283,1.50971,1.49568,4.50185,5.93133,33,20,step,1.49,1.79069e+09,-3.10181,52,0.249178
1.491,2,2,nan,nan,nan,nan,2.05283,1.50971,1.53616,4.50185,5.93133,33,20,step,1.491,1.79069e+09,-3.07925,52,0.249127
1.492,2,2,nan,nan,nan,nan,2.03027,1.51495,1.54362,4.50492,5.93142,33,20,step,1.492,1.79069e+09,-3.09053,52,0.249104
1.493,2,2,nan,nan,nan,nan,2.03027,1.51495,1.54042,4.50492,5.93142,33,20,step,1.493,1.79069e+09,-3.09053,52,0.249095
1.494,2,2,nan,nan,nan,nan,2.04155,1.53764,1.52231,4.50799,5.93152,33,20,step,1.494,1.79069e+09,-3.06797,52,0.249051
1.495,2,2,nan,nan,nan,nan,2.04155,1.53764,1.54255,4.50799,5.93152,33,20,step,1.495,1.79069e+09,-3.07925,52,0.249003
1.496,2,2,nan,nan,nan,nan,1.91748,1.63014,1.56812,4.51115,5.93152,33,20,step,1.496,1.79069e+09,-3.10181,52,0.24896
1.497,2,2,nan,nan,nan,nan,1.91748,1.63014,1.57131,4.51115,5.93162,33,20,step,1.497,1.79069e+09,-3.09053,52,0.248933
1.498,2,2,nan,nan,nan,nan,2.01899,1.6441,1.56705,4.51451,5.93162,33,20,step,1.498,1.79069e+09,-3.06797,52,0.248903
1.499,2,2,nan,nan,nan,nan,2.01899,1.6441,1.56812,4.51451,5.93162,33,20,step,1.499,1.79069e+09,-3.12437,52,0.248876
1.5,2,-2,nan,nan,nan,nan,1.91748,1.65981,1.5777,4.51777,5.93171,33,20,step,1.5,1.79069e+09,-3.06797,52,0.248848
1.501,2,-2,nan,nan,nan,nan,1.91748,1.65981,1.56279,4.51777,5.93171,33,20,step,1.501,1.79069e+09,-3.02285,52,0.248831
1.502,2,-2,nan,nan,nan,nan,1.91748,1.68075,1.58942,4.52112,5.93181,33,20,step,1.502,1.79069e+09,-3.03413,52,0.248774
1.503,2,-2,nan,nan,nan,nan,1.91748,1.68075,1.59475,4.52112,5.93181,33,20,step,1.503,1.79069e+09,-3.03413,52,0.248717
1.504,2,-2,nan,nan,nan,nan,-0.124072,1.40674,1.60753,4.52409,5.9319,33,20,step,1.504,1.79069e+09,-3.07925,52,0.248657
1.505,2,-2,nan,nan,nan,nan,-0.124072,1.40674,1.61499,4.52409,5.932,33,20,step,1.505,1.79069e+09,-3.07925,52,0.248624
1.506,2,-2,nan,nan,nan,nan,-0.169189,0.816814,1.61712,4.52591,5.932,33,20,step,1.506,1.79069e+09,-3.04541,52,0.248601
1.507,2,-2,nan,nan,nan,nan,-0.169189,0.816814,1.6086,4.52591,5.9321,33,20,step,1.507,1.79069e+09,-3.01157,52,0.248549
1.508,2,-2,nan,nan,nan,nan,-0.688037,0.989602,1.60966,4.52783,5.9321,33,20,step,1.508,1.79069e+09,-3.00029,52,0.248504
1.509,2,-2,nan,nan,nan,nan,-0.688037,0.989602,1.5841,4.52783,5.9321,33,20,step,1.509,1.79069e+09,-3.00029,52,0.248435
1.51,2,-2,nan,nan,nan,nan,-1.44375,1.4015,1.56386,4.53042,5.93219,33,20,step,1.51,1.79069e+09,-3.01157,52,0.24834
1.511,2,-2,nan,nan,nan,nan,-1.44375,1.4015,1.57557,4.53042,5.93219,33,20,step,1.511,1.79069e+09,-3.06797,52,0.248226
1.512,2,-2,nan,nan,nan,nan,-1.61294,1.61268,1.57025,4.53358,5.93219,33,20,step,1.512,1.79069e+09,-3.00029,52,0.248122
1.513,2,-2,nan,nan,nan,nan,-1.61294,1.61268,1.54042,4.53358,5.93219,33,20,step,1.513,1.79069e+09,-3.00029,52,0.247968
1.514,2,-2,nan,nan,nan,nan,-1.86108,1.67726,1.52657,4.53694,5.93219,33,20,step,1.514,1.79069e+09,-3.04541,52,0.247854
1.515,2,-2,nan,nan,nan,nan,-1.86108,1.67726,1.50313,4.53694,5.93229,33,20,step,1.515,1.79069e+09,-3.03413,52,0.247643
1.516,2,-2,nan,nan,nan,nan,-1.72573,1.52193,1.48715,4.5401,5.93229,33,20,step,1.516,1.79069e+09,-3.03413,52,0.24755
1.517,2,-2,nan,nan,nan,nan,-1.72573,1.52193,1.4765,4.5401,5.93229,33,20,step,1.517,1.79069e+09,-3.06797,52,0.247494
1.518,2,-2,nan,nan,nan,nan,-1.80469,1.45211,1.46904,4.54298,5.93238,33,20,step,1.518,1.79069e+09,-3.04541,52,0.247347
1.519,2,-2,nan,nan,nan,nan,-1.80469,1.45211,1.45946,4.54298,5.93238,33,20,step,1.519,1.79069e+09,-3.06797,52,0.247334
1.52,2,-2,nan,nan,nan,nan,-1.88364,1.36659,1.43922,4.54576,5.93238,33,20,step,1.52,1.79069e+09,-3.03413,52,0.247261
1.521,2,-2,nan,nan,nan,nan,-1.88364,1.36659,1.42643,4.54576,5.93248,33,20,step,1.521,1.79069e+09,-2.98901,52,0.247115
1.522,2,-2,nan,nan,nan,nan,-1.83853,1.40848,1.40619,4.54854,5.93248,33,20,step,1.522,1.79069e+09,-3.01157,52,0.247058
1.523,2,-2,nan,nan,nan,nan,-1.83853,1.40848,1.36251,4.54854,5.93257,33,20,step,1.523,1.79069e+09,-3.04541,52,0.246847
1.524,2,-2,nan,nan,nan,nan,-1.98516,1.46084,1.37423,4.55151,5.93267,33,20,step,1.524,1.79069e+09,-3.02285,52,0.246706
1.525,2,-2,nan,nan,nan,nan,-1.98516,1.46084,1.36678,4.55151,5.93267,33,20,step,1.525,1.79069e+09,-3.06797,52,0.246619
1.526,2,-2,nan,nan,nan,nan,-1.88364,1.3282,1.33482,4.5542,5.93277,33,20,step,1.526,1.79069e+09,-3.06797,52,0.246485
1.527,2,-2,nan,nan,nan,nan,-1.88364,1.3282,1.30286,4.5542,5.93277,33,20,step,1.527,1.79069e+09,-3.04541,52,0.246407
1.528,2,-2,nan,nan,nan,nan,-1.92876,1.35787,1.29753,4.55688,5.93286,33,20,step,1.528,1.79069e+09,-3.02285,52,0.24625
1.529,2,-2,nan,nan,nan,nan,-1.92876,1.35787,1.25705,4.55688,5.93286,33,20,step,1.529,1.79069e+09,-3.01157,52,0.246148
1.53,2,-2,nan,nan,nan,nan,-2.05283,1.3282,1.25172,4.55976,5.93286,33,20,step,1.53,1.79069e+09,-3.01157,52,0.246092
1.531,2,-2,nan,nan,nan,nan,-2.05283,1.3282,1.25705,4.55976,5.93296,33,20,step,1.531,1.79069e+09,-3.01157,52,0.245946
1.532,2,-2,nan,nan,nan,nan,-1.95132,1.24442,1.2432,4.56206,5.93296,33,20,step,1.532,1.79069e+09,-3.00029,52,0.245915
1.533,2,-2,nan,nan,nan,nan,-1.95132,1.24442,1.20805,4.56206,5.93305,33,20,step,1.533,1.79069e+09,-3.00029,52,0.245836
1.534,2,-2,nan,nan,nan,nan,-1.99644,1.28805,1.1942,4.56465,5.93305,33,20,step,1.534,1.79069e+09,-3.09053,52,0.24577
1.535,2,-2,nan,nan,nan,nan,-1.99644,1.28805,1.15478,4.56465,5.93315,33,20,step,1.535,1.79069e+09,-3.06797,52,0.245658
1.536,2,-2,nan,nan,nan,nan,-1.94004,1.22522,1.16224,4.56733,5.93325,33,20,step,1.536,1.79069e+09,-2.97773,52,0.245545
1.537,2,-2,nan,nan,nan,nan,-1.94004,1.22522,1.16224,4.56733,5.93325,33,20,step,1.537,1.79069e+09,-3.00029,52,0.245513
1.538,2,-2,nan,nan,nan,nan,-1.91748,1.09432,1.13348,4.56954,5.93334,33,20,step,1.538,1.79069e+09,-3.03413,52,0.245357
1.539,2,-2,nan,nan,nan,nan,-1.91748,1.09432,1.09619,4.56954,5.93344,33,20,step,1.539,1.79069e+09,-2.98901,52,0.245254
1.54,2,-2,nan,nan,nan,nan,-1.99644,1.16763,1.09299,4.57184,5.93344,33,20,step,1.54,1.79069e+09,-3.05669,52,0.245168
1.541,2,-2,nan,nan,nan,nan,-1.99644,1.16763,1.07595,4.57184,5.93344,33,20,step,1.541,1.79069e+09,-3.01157,52,0.245096
1.542,2,-2,nan,nan,nan,nan,-2.07539,1.17112,1.06423,4.57414,5.93353,33,20,step,1.542,1.79069e+09,-2.89878,52,0.245057
1.543,2,-2,nan,nan,nan,nan,-2.07539,1.17112,1.05784,4.57414,5.93353,33,20,step,1.543,1.79069e+09,-2.9439,52,0.244865
1.544,2,-2,nan,nan,nan,nan,-1.83853,1.02102,1.04932,4.57625,5.93353,33,20,step,1.544,1.79069e+09,-3.01157,52,0.244801
1.545,2,-2,nan,nan,nan,nan,-1.83853,1.02102,1.03121,4.57625,5.93353,33,20,step,1.545,1.79069e+09,-2.98901,52,0.244731
1.546,2,-2,nan,nan,nan,nan,-1.82725,0.966912,1.0099,4.57817,5.93363,33,20,step,1.546,1.79069e+09,-2.95518,52,0.244692
1.547,2,-2,nan,nan,nan,nan,-1.82725,0.966912,1.00138,4.57817,5.93363,33,20,step,1.547,1.79069e+09,-2.96646,52,0.244693
1.548,2,-2,nan,nan,nan,nan,-1.92876,0.970403,0.992857,4.58008,5.93363,33,20,step,1.548,1.79069e+09,-2.92134,52,0.244612
1.549,2,-2,nan,nan,nan,nan,-1.92876,0.970403,0.98753,4.58008,5.93373,33,20,step,1.549,1.79069e+09,-2.8875,52,0.244569
1.55,2,-2,nan,nan,nan,nan,-1.98516,0.90059,0.948114,4.5819,5.93382,33,20,step,1.55,1.79069e+09,-2.9439,52,0.244467
1.551,2,-2,nan,nan,nan,nan,-1.98516,0.90059,0.957702,4.5819,5.93382,33,20,step,1.551,1.79069e+09,-2.93262,52,0.244373
1.552,2,-2,nan,nan,nan,nan,-1.94004,0.844739,0.945984,4.58363,5.93392,33,20,step,1.552,1.79069e+09,-3.01157,52,0.244313
1.553,2,-2,nan,nan,nan,nan,-1.94004,0.844739,0.883131,4.58363,5.93401,33,20,step,1.553,1.79069e+09,-2.91006,52,0.244195
1.554,2,-2,nan,nan,nan,nan,-1.92876,0.886627,0.865021,4.58536,5.93401,33,20,step,1.554,1.79069e+09,-2.96646,52,0.244105
1.555,2,-2,nan,nan,nan,nan,-1.92876,0.886627,0.875674,4.58536,5.93401,33,20,step,1.555,1.79069e+09,-2.8875,52,0.244039
1.556,2,-2,nan,nan,nan,nan,-1.9626,0.928515,0.846911,4.58718,5.93401,33,20,step,1.556,1.79069e+09,-2.89878,52,0.243954
1.557,2,-2,nan,nan,nan,nan,-1.9626,0.928515,0.825605,4.58718,5.93401,33,20,step,1.557,1.79069e+09,-2.91006,52,0.243875
1.558,2,-2,nan,nan,nan,nan,-1.97388,0.869174,0.834128,4.5889,5.93411,33,20,step,1.558,1.79069e+09,-2.87622,52,0.243771
1.559,2,-2,nan,nan,nan,nan,-1.97388,0.869174,0.82454,4.5889,5.93411,33,20,step,1.559,1.79069e+09,-2.93262,52,0.243721
1.56,2,-2,nan,nan,nan,nan,-1.89492,0.750492,0.786189,4.59044,5.93411,33,20,step,1.56,1.79069e+09,-2.92134,52,0.243697
1.561,2,-2,nan,nan,nan,nan,-1.89492,0.750492,0.758491,4.59044,5.93411,33,20,step,1.561,1.79069e+09,-2.84238,52,0.243642
1.562,2,-2,nan,nan,nan,nan,-1.87236,0.710349,0.751034,4.59188,5.9342,33,20,step,1.562,1.79069e+09,-2.91006,52,0.243593
1.563,2,-2,nan,nan,nan,nan,-1.87236,0.710349,0.744643,4.59188,5.9342,33,20,step,1.563,1.79069e+09,-2.87622,52,0.243522
1.564,2,-2,nan,nan,nan,nan,-1.9062,0.738274,0.737185,4.59341,5.9343,33,20,step,1.564,1.79069e+09,-2.98901,52,0.243423
1.565,2,-2,nan,nan,nan,nan,-1.9062,0.738274,0.724402,4.59341,5.9343,33,20,step,1.565,1.79069e+09,-2.98901,52,0.243339
1.566,2,-2,nan,nan,nan,nan,-1.92876,0.705113,0.698835,4.59485,5.9343,33,20,step,1.566,1.79069e+09,-2.93262,52,0.243232
1.567,2,-2,nan,nan,nan,nan,-1.92876,0.705113,0.689247,4.59485,5.9344,33,20,step,1.567,1.79069e+09,-2.92134,52,0.243126
1.568,2,-2,nan,nan,nan,nan,-2.06411,0.626573,0.66368,4.59619,5.9344,33,20,step,1.568,1.79069e+09,-3.00029,52,0.243071
1.569,2,-2,nan,nan,nan,nan,-2.06411,0.626573,0.641309,4.59619,5.9344,33,20,step,1.569,1.79069e+09,-2.8875,52,0.242985
1.57,2,-2,nan,nan,nan,nan,-2.01899,0.591667,0.622133,4.59734,5.9344,33,20,step,1.57,1.79069e+09,-2.86494,52,0.242944
1.571,2,-2,nan,nan,nan,nan,-2.01899,0.591667,0.596566,4.59734,5.9344,33,20,step,1.571,1.79069e+09,-3.00029,52,0.242867
1.572,2,-2,nan,nan,nan,nan,-1.95132,0.616101,0.569934,4.59849,5.9344,33,20,step,1.572,1.79069e+09,-2.8875,52,0.242802
1.573,2,-2,nan,nan,nan,nan,-1.95132,0.616101,0.57526,4.59849,5.9344,33,20,step,1.573,1.79069e+09,-2.91006,52,0.242762
1.574,2,-2,nan,nan,nan,nan,-1.9062,0.678933,0.566738,4.59993,5.9344,33,20,step,1.574,1.79069e+09,-2.85366,52,0.2427
1.575,2,-2,nan,nan,nan,nan,-1.9062,0.678933,0.529453,4.59993,5.93449,33,20,step,1.575,1.79069e+09,-2.85366,52,0.242664
1.576,2,-2,nan,nan,nan,nan,-1.9062,0.614356,0.521996,4.60118,5.93449,33,20,step,1.576,1.79069e+09,-2.86494,52,0.242576
1.577,2,-2,nan,nan,nan,nan,-1.9062,0.614356,0.528387,4.60118,5.93449,33,20,step,1.577,1.79069e+09,-2.87622,52,0.242449
1.578,2,-2,nan,nan,nan,nan,-1.89492,0.479966,0.499624,4.60213,5.93459,33,20,step,1.578,1.79069e+09,-2.92134,52,0.242368
1.579,2,-2,nan,nan,nan,nan,-1.89492,0.479966,0.460208,4.60213,5.93459,33,20,step,1.579,1.79069e+09,-2.95518,52,0.242284
1.58,2,-2,nan,nan,nan,nan,-1.91748,0.37001,0.460208,4.6029,5.93459,33,20,step,1.58,1.79069e+09,-2.9439,52,0.242232
1.581,2,-2,nan,nan,nan,nan,-1.91748,0.37001,0.472992,4.6029,5.93468,33,20,step,1.581,1.79069e+09,-2.91006,52,0.242174
1.582,2,-2,nan,nan,nan,nan,-1.97388,0.340339,0.433576,4.60357,5.93468,33,20,step,1.582,1.79069e+09,-2.91006,52,0.242151
1.583,2,-2,nan,nan,nan,nan,-1.97388,0.340339,0.404813,4.60357,5.93468,33,20,step,1.583,1.79069e+09,-2.8875,52,0.242109
1.584,2,-2,nan,nan,nan,nan,-2.06411,0.389208,0.399486,4.60434,5.93468,33,20,step,1.584,1.79069e+09,-2.85366,52,0.242
1.585,2,-2,nan,nan,nan,nan,-2.06411,0.389208,0.388833,4.60434,5.93468,33,20,step,1.585,1.79069e+09,-2.89878,52,0.241935
1.586,2,-2,nan,nan,nan,nan,-2.06411,0.432842,0.377115,4.6052,5.93468,33,20,step,1.586,1.79069e+09,-2.91006,52,0.241856
1.587,2,-2,nan,nan,nan,nan,-2.06411,0.432842,0.362201,4.6052,5.93468,33,20,step,1.587,1.79069e+09,-2.89878,52,0.241786
1.588,2,-2,nan,nan,nan,nan,-1.98516,0.424115,0.314263,4.60606,5.93478,33,20,step,1.588,1.79069e+09,-2.86494,52,0.241752
1.589,2,-2,nan,nan,nan,nan,-1.98516,0.424115,0.315328,4.60606,5.93478,33,20,step,1.589,1.79069e+09,-2.87622,52,0.241689
1.59,2,-2,nan,nan,nan,nan,-1.92876,0.392699,0.320654,4.60683,5.93478,33,20,step,1.59,1.79069e+09,-2.85366,52,0.241625
1.591,2,-2,nan,nan,nan,nan,-1.92876,0.392699,0.300414,4.60683,5.93488,33,20,step,1.591,1.79069e+09,-2.87622,52,0.241529
1.592,2,-2,nan,nan,nan,nan,-1.9062,0.328122,0.292957,4.6075,5.93488,33,20,step,1.592,1.79069e+09,-2.91006,52,0.241464
1.593,2,-2,nan,nan,nan,nan,-1.9062,0.328122,0.278043,4.6075,5.93497,33,20,step,1.593,1.79069e+09,-2.91006,52,0.241434
1.594,2,-2,nan,nan,nan,nan,-1.89492,0.240855,0.257802,4.60808,5.93497,33,20,step,1.594,1.79069e+09,-2.9439,52,0.24138
1.595,2,-2,nan,nan,nan,nan,-1.89492,0.240855,0.222647,4.60808,5.93507,33,20,step,1.595,1.79069e+09,-2.85366,52,0.241324
1.596,2,-2,nan,nan,nan,nan,-1.91748,0.172788,0.196015,4.60846,5.93507,33,20,step,1.596,1.79069e+09,-2.9439,52,0.24128
1.597,2,-2,nan,nan,nan,nan,-1.91748,0.172788,0.196015,4.60846,5.93516,33,20,step,1.597,1.79069e+09,-2.97773,52,0.241232
1.598,2,-2,nan,nan,nan,nan,-1.94004,0.139626,0.218386,4.60875,5.93516,33,20,step,1.598,1.79069e+09,-2.85366,52,0.241198
1.599,2,-2,nan,nan,nan,nan,-1.94004,0.139626,0.175774,4.60875,5.93516,33,20,step,1.599,1.79069e+09,-2.85366,52,0.241113
1.6,2,-2,nan,nan,nan,nan,-1.98516,0.141372,0.138489,4.60904,5.93526,33,20,step,1.6,1.79069e+09,-2.86494,52,0.241026
1.601,2,-2,nan,nan,nan,nan,-1.98516,0.141372,0.145946,4.60904,5.93526,33,20,step,1.601,1.79069e+09,-2.91006,52,0.240998
1.602,2,-2,nan,nan,nan,nan,-1.99644,0.146608,0.135293,4.60932,5.93526,33,20,step,1.602,1.79069e+09,-2.95518,52,0.240953
1.603,2,-2,nan,nan,nan,nan,-1.99644,0.146608,0.0926808,4.60932,5.93536,33,20,step,1.603,1.79069e+09,-2.86494,52,0.240918
1.604,2,-2,nan,nan,nan,nan,-1.98516,0.116937,0.0873543,4.60952,5.93536,33,20,step,1.604,1.79069e+09,-2.9439,52,0.240843
1.605,2,-2,nan,nan,nan,nan,-1.98516,0.116937,0.068179,4.60952,5.93536,33,20,step,1.605,1.79069e+09,-2.86494,52,0.240755
1.606,2,-2,nan,nan,nan,nan,-1.95132,0.0663225,0.0639178,4.60971,5.93536,33,20,step,1.606,1.79069e+09,-2.8875,52,0.240711
1.607,2,-2,nan,nan,nan,nan,-1.95132,0.0663225,0.0521996,4.60971,5.93536,33,20,step,1.607,1.79069e+09,-3.01157,52,0.240655
1.608,2,-2,nan,nan,nan,nan,-1.9626,0.020944,0.0319589,4.6098,5.93536,33,20,step,1.608,1.79069e+09,-2.97773,52,0.240642
1.609,2,-2,nan,nan,nan,nan,-1.9626,0.020944,0.00852238,4.6098,5.93536,33,20,step,1.609,1.79069e+09,-2.87622,52,0.240602
1.61,2,-2,nan,nan,nan,nan,-1.97388,0,-0.00852238,4.6098,5.93536,33,20,step,1.61,1.79069e+09,-2.84238,52,0.240535
1.611,2,-2,nan,nan,nan,nan,-1.97388,0,-0.00852238,4.6098,5.93536,33,20,step,1.611,1.79069e+09,-2.85366,52,0.240468
1.612,2,-2,nan,nan,nan,nan,-1.98516,0,-0.0245018,4.6098,5.93536,33,20,step,1.612,1.79069e+09,-3.00029,52,0.24038
1.613,2,-2,nan,nan,nan,nan,-1.98516,0,-0.039416,4.6098,5.93536,33,20,step,1.613,1.79069e+09,-3.03413,52,0.240335
1.614,2,-2,nan,nan,nan,nan,-1.98516,-0.00872665,-0.0543301,4.6098,5.93536,33,20,step,1.614,1.79069e+09,-3.01157,52,0.240275
1.615,2,-2,nan,nan,nan,nan,-1.98516,-0.00872665,-0.057526,4.6098,5.93536,33,20,step,1.615,1.79069e+09,-2.98901,52,0.240208
1.616,2,-2,nan,nan,nan,nan,-1.97388,-0.0471239,-0.0564607,4.60971,5.93536,33,20,step,1.616,1.79069e+09,-3.00029,52,0.240164
1.617,2,-2,nan,nan,nan,nan,-1.97388,-0.0471239,-0.0937461,4.60971,5.93536,33,20,step,1.617,1.79069e+09,-2.91006,52,0.240103
1.618,2,-2,nan,nan,nan,nan,-1.99644,-0.0750492,-0.117183,4.60952,5.93536,33,20,step,1.618,1.79069e+09,-2.98901,52,0.240055
1.619,2,-2,nan,nan,nan,nan,-1.99644,-0.0750492,-0.133162,4.60952,5.93536,33,20,step,1.619,1.79069e+09,-3.04541,52,0.240019
1.62,2,-2,nan,nan,nan,nan,-1.98516,-0.0994838,-0.127836,4.60932,5.93545,33,20,step,1.62,1.79069e+09,-2.93262,52,0.239979
1.621,2,-2,nan,nan,nan,nan,-1.98516,-0.0994838,-0.12677,4.60932,5.93545,33,20,step,1.621,1.79069e+09,-3.00029,52,0.239973
1.622,2,-2,nan,nan,nan,nan,-1.9626,-0.139626,-0.14275,4.60913,5.93545,33,20,step,1.622,1.79069e+09,-2.98901,52,0.239945
1.623,2,-2,nan,nan,nan,nan,-1.9626,-0.139626,-0.161925,4.60913,5.93545,33,20,step,1.623,1.79069e+09,-2.89878,52,0.239923
1.624,2,-2,nan,nan,nan,nan,-1.89492,-0.172788,-0.176839,4.60875,5.93545,33,20,step,1.624,1.79069e+09,-3.01157,52,0.239918
1.625,2,-2,nan,nan,nan,nan,-1.89492,-0.172788,-0.189623,4.60875,5.93545,33,20,step,1.625,1.79069e+09,-2.98901,52,0.239858
1.626,2,-2,nan,nan,nan,nan,-1.91748,-0.200713,-0.180035,4.60827,5.93545,33,20,step,1.626,1.79069e+09,-2.98901,52,0.239808
1.627,2,-2,nan,nan,nan,nan,-1.91748,-0.200713,-0.189623,4.60827,5.93545,33,20,step,1.627,1.79069e+09,-3.01157,52,0.239773
1.628,2,-2,nan,nan,nan,nan,-1.9626,-0.225147,-0.223712,4.60789,5.93555,33,20,step,1.628,1.79069e+09,-3.03413,52,0.239726
1.629,2,-2,nan,nan,nan,nan,-1.9626,-0.225147,-0.237561,4.60789,5.93555,33,20,step,1.629,1.79069e+09,-2.98901,52,0.239695
1.63,2,-2,nan,nan,nan,nan,-1.9626,-0.246091,-0.240757,4.60741,5.93555,33,20,step,1.63,1.79069e+09,-2.91006,52,0.239649
1.631,2,-2,nan,nan,nan,nan,-1.9626,-0.246091,-0.248214,4.60741,5.93555,33,20,step,1.631,1.79069e+09,-2.91006,52,0.239611
1.632,2,-2,nan,nan,nan,nan,-1.97388,-0.268781,-0.258867,4.60693,5.93555,33,20,step,1.632,1.79069e+09,-3.02285,52,0.239578
1.633,2,-2,nan,nan,nan,nan,-1.97388,-0.268781,-0.259932,4.60693,5.93555,33,20,step,1.633,1.79069e+09,-2.93262,52,0.239558
1.634,2,-2,nan,nan,nan,nan,-1.99644,-0.308923,-0.260998,4.60626,5.93555,33,20,step,1.634,1.79069e+09,-3.03413,52,0.239553
1.635,2,-2,nan,nan,nan,nan,-1.99644,-0.308923,-0.291891,4.60626,5.93555,33,20,step,1.635,1.79069e+09,-3.02285,52,0.239551
1.636,2,-2,nan,nan,nan,nan,-1.99644,-0.328122,-0.312132,4.60568,5.93555,33,20,step,1.636,1.79069e+09,-2.89878,52,0.239556
1.637,2,-2,nan,nan,nan,nan,-1.99644,-0.328122,-0.307871,4.60568,5.93555,33,20,step,1.637,1.79069e+09,-2.8875,52,0.239521
1.638,2,-2,nan,nan,nan,nan,-2.00771,-0.338594,-0.311067,4.60491,5.93555,33,20,step,1.638,1.79069e+09,-3.01157,52,0.239496
1.639,2,-2,nan,nan,nan,nan,-2.00771,-0.338594,-0.320654,4.60491,5.93555,33,20,step,1.639,1.79069e+09,-3.03413,52,0.239482
1.64,2,-2,nan,nan,nan,nan,-1.98516,-0.376991,-0.336634,4.60424,5.93555,33,20,step,1.64,1.79069e+09,-3.00029,52,0.239442
1.641,2,-2,nan,nan,nan,nan,-1.98516,-0.376991,-0.330242,4.60424,5.93555,33,20,step,1.641,1.79069e+09,-3.01157,52,0.239434
1.642,2,-2,nan,nan,nan,nan,-1.95132,-0.382227,-0.34196,4.60348,5.93555,33,20,step,1.642,1.79069e+09,-3.01157,52,0.239417
1.643,2,-2,nan,nan,nan,nan,-1.95132,-0.382227,-0.367527,4.60348,5.93555,33,20,step,1.643,1.79069e+09,-2.8875,52,0.23938
1.644,2,-2,nan,nan,nan,nan,-1.95132,-0.382227,-0.364332,4.60271,5.93555,33,20,step,1.644,1.79069e+09,-2.97773,52,0.239382
1.645,2,-2,nan,nan,nan,nan,-1.95132,-0.382227,-0.36007,4.60271,5.93555,33,20,step,1.645,1.79069e+09,-3.04541,52,0.239376
1.646,2,-2,nan,nan,nan,nan,-1.9626,-0.380482,-0.383507,4.60194,5.93555,33,20,step,1.646,1.79069e+09,-3.00029,52,0.239352
1.647,2,-2,nan,nan,nan,nan,-1.9626,-0.380482,-0.404813,4.60194,5.93555,33,20,step,1.647,1.79069e+09,-3.01157,52,0.239331
1.648,2,-2,nan,nan,nan,nan,-1.91748,-0.385718,-0.427184,4.60118,5.93555,33,20,step,1.648,1.79069e+09,-2.91006,52,0.239295
1.649,2,-2,nan,nan,nan,nan,-1.91748,-0.385718,-0.414401,4.60118,5.93555,33,20,step,1.649,1.79069e+09,-2.93262,52,0.239318
1.65,2,-2,nan,nan,nan,nan,-1.98516,-0.420624,-0.435706,4.60031,5.93555,33,20,step,1.65,1.79069e+09,-3.03413,52,0.239327
1.651,2,-2,nan,nan,nan,nan,-1.98516,-0.420624,-0.420792,4.60031,5.93555,33,20,step,1.651,1.79069e+09,-2.98901,52,0.239294
1.652,2,-2,nan,nan,nan,nan,-1.98516,-0.472984,-0.437837,4.59935,5.93555,33,20,step,1.652,1.79069e+09,-3.00029,52,0.23926
1.653,2,-2,nan,nan,nan,nan,-1.98516,-0.472984,-0.450621,4.59935,5.93555,33,20,step,1.653,1.79069e+09,-3.05669,52,0.239251
1.654,2,-2,nan,nan,nan,nan,-1.92876,-0.532325,-0.483645,4.5983,5.93555,33,20,step,1.654,1.79069e+09,-2.96646,52,0.239254
1.655,2,-2,nan,nan,nan,nan,-1.92876,-0.532325,-0.494298,4.5983,5.93555,33,20,step,1.655,1.79069e+09,-3.03413,52,0.239248
1.656,2,-2,nan,nan,nan,nan,-2.07539,-0.563741,-0.504951,4.59724,5.93555,33,20,step,1.656,1.79069e+09,-3.06797,52,0.239258
1.657,2,-2,nan,nan,nan,nan,-2.07539,-0.563741,-0.485775,4.59724,5.93555,33,20,step,1.657,1.79069e+09,-3.02285,52,0.239257
1.658,2,-2,nan,nan,nan,nan,-2.01899,-0.581195,-0.483645,4.59609,5.93555,33,20,step,1.658,1.79069e+09,-3.03413,52,0.239214
1.659,2,-2,nan,nan,nan,nan,-2.01899,-0.581195,-0.501755,4.59609,5.93555,33,20,step,1.659,1.79069e+09,-3.05669,52,0.239171
1.66,2,-2,nan,nan,nan,nan,-1.99644,-0.58294,-0.534779,4.59485,5.93555,33,20,step,1.66,1.79069e+09,-3.00029,52,0.239132
1.661,2,-2,nan,nan,nan,nan,-1.99644,-0.58294,-0.53904,4.59485,5.93555,33,20,step,1.661,1.79069e+09,-3.02285,52,0.239105
1.662,2,-2,nan,nan,nan,nan,-2.04155,-0.542797,-0.534779,4.59379,5.93555,33,20,step,1.662,1.79069e+09,-3.07925,52,0.239094
1.663,2,-2,nan,nan,nan,nan,-2.04155,-0.542797,-0.546497,4.59379,5.93555,33,20,step,1.663,1.79069e+09,-3.06797,52,0.23906
1.664,2,-2,nan,nan,nan,nan,-2.05283,-0.523599,-0.567803,4.59274,5.93555,33,20,step,1.664,1.79069e+09,-3.06797,52,0.239057
1.665,2,-2,nan,nan,nan,nan,-2.05283,-0.523599,-0.590175,4.59274,5.93555,33,20,step,1.665,1.79069e+09,-3.09053,52,0.239029
1.666,2,-2,nan,nan,nan,nan,-2.05283,-0.565487,-0.579522,4.59159,5.93555,33,20,step,1.666,1.79069e+09,-3.00029,52,0.238987
1.667,2,-2,nan,nan,nan,nan,-2.05283,-0.565487,-0.583783,4.59159,5.93555,33,20,step,1.667,1.79069e+09,-3.11309,52,0.23896
1.668,2,-2,nan,nan,nan,nan,-2.08667,-0.659734,-0.59124,4.59034,5.93555,33,20,step,1.668,1.79069e+09,-3.00029,52,0.238918
1.669,2,-2,nan,nan,nan,nan,-2.08667,-0.659734,-0.596566,4.59034,5.93555,33,20,step,1.669,1.79069e+09,-3.02285,52,0.238925
1.67,2,-2,nan,nan,nan,nan,-2.05283,-0.710349,-0.624264,4.5889,5.93555,33,20,step,1.67,1.79069e+09,-3.03413,52,0.23892
1.671,2,-2,nan,nan,nan,nan,-2.05283,-0.710349,-0.606154,4.5889,5.93555,33,20,step,1.671,1.79069e+09,-3.00029,52,0.238916
1.672,2,-2,nan,nan,nan,nan,-1.98516,-0.705113,-0.625329,4.58747,5.93555,33,20,step,1.672,1.79069e+09,-3.01157,52,0.238907
1.673,2,-2,nan,nan,nan,nan,-1.98516,-0.705113,-0.656223,4.58747,5.93555,33,20,step,1.673,1.79069e+09,-2.97773,52,0.23887
1.674,2,-2,nan,nan,nan,nan,-2.04155,-0.642281,-0.643439,4.58622,5.93555,33,20,step,1.674,1.79069e+09,-3.11309,52,0.238831
1.675,2,-2,nan,nan,nan,nan,-2.04155,-0.642281,-0.648766,4.58622,5.93555,33,20,step,1.675,1.79069e+09,-3.04541,52,0.238822
1.676,2,-2,nan,nan,nan,nan,-2.01899,-0.612611,-0.658354,4.58497,5.93555,33,20,step,1.676,1.79069e+09,-3.12437,52,0.238798
1.677,2,-2,nan,nan,nan,nan,-2.01899,-0.612611,-0.665811,4.58497,5.93555,33,20,step,1.677,1.79069e+09,-3.12437,52,0.238784
1.678,2,-2,nan,nan,nan,nan,-1.98516,-0.696386,-0.688182,4.58363,5.93555,33,20,step,1.678,1.79069e+09,-3.13564,52,0.238771
1.679,2,-2,nan,nan,nan,nan,-1.98516,-0.696386,-0.700965,4.58363,5.93555,33,20,step,1.679,1.79069e+09,-3.03413,52,0.238767
1.68,2,-2,nan,nan,nan,nan,-2.00771,-0.799361,-0.695639,4.582,5.93555,33,20,step,1.68,1.79069e+09,-3.04541,52,0.238761
1.681,2,-2,nan,nan,nan,nan,-2.00771,-0.799361,-0.720141,4.582,5.93555,33,20,step,1.681,1.79069e+09,-3.14692,52,0.238731
1.682,2,-2,nan,nan,nan,nan,-1.9062,-0.832522,-0.749969,4.58037,5.93555,33,20,step,1.682,1.79069e+09,-3.16948,52,0.238756
1.683,2,-2,nan,nan,nan,nan,-1.9062,-0.832522,-0.738251,4.58037,5.93555,33,20,step,1.683,1.79069e+09,-3.16948,52,0.238769
1.684,2,-2,nan,nan,nan,nan,-1.94004,-0.787143,-0.7521,4.57874,5.93555,33,20,step,1.684,1.79069e+09,-3.11309,52,0.238761
1.685,2,-2,nan,nan,nan,nan,-1.94004,-0.787143,-0.757426,4.57874,5.93555,33,20,step,1.685,1.79069e+09,-3.02285,52,0.238766
1.686,2,-2,nan,nan,nan,nan,-1.97388,-0.692896,-0.755296,4.5774,5.93555,33,20,step,1.686,1.79069e+09,-3.02285,52,0.238732
1.687,2,-2,nan,nan,nan,nan,-1.97388,-0.692896,-0.781928,4.5774,5.93555,33,20,step,1.687,1.79069e+09,-3.05669,52,0.238681
1.688,2,-2,nan,nan,nan,nan,-1.95132,-0.720821,-0.773406,4.57596,5.93555,33,20,step,1.688,1.79069e+09,-3.16948,52,0.238652
1.689,2,-2,nan,nan,nan,nan,-1.95132,-0.720821,-0.791516,4.57596,5.93555,33,20,step,1.689,1.79069e+09,-3.12437,52,0.238645
1.69,2,-2,nan,nan,nan,nan,-1.95132,-0.830777,-0.786189,4.57433,5.93555,33,20,step,1.69,1.79069e+09,-3.09053,52,0.238665
1.691,2,-2,nan,nan,nan,nan,-1.95132,-0.830777,-0.804299,4.57433,5.93555,33,20,step,1.691,1.79069e+09,-3.06797,52,0.238689
1.692,2,-2,nan,nan,nan,nan,-1.82725,-0.897099,-0.803234,4.57251,5.93555,33,20,step,1.692,1.79069e+09,-3.16948,52,0.238686
1.693,2,-2,nan,nan,nan,nan,-1.82725,-0.897099,-0.819213,4.57251,5.93555,33,20,step,1.693,1.79069e+09,-3.16948,52,0.238684
1.694,2,-2,nan,nan,nan,nan,-1.87236,-0.853466,-0.817083,4.57078,5.93555,33,20,step,1.694,1.79069e+09,-3.09053,52,0.238669
1.695,2,-2,nan,nan,nan,nan,-1.87236,-0.853466,-0.829866,4.57078,5.93555,33,20,step,1.695,1.79069e+09,-3.20332,52,0.238667
1.696,2,-2,nan,nan,nan,nan,-1.88364,-0.809833,-0.823475,4.56906,5.93555,33,20,step,1.696,1.79069e+09,-3.14692,52,0.238671
1.697,2,-2,nan,nan,nan,nan,-1.88364,-0.809833,-0.845846,4.56906,5.93555,33,20,step,1.697,1.79069e+09,-3.22588,52,0.238659
1.698,2,-2,nan,nan,nan,nan,-1.91748,-0.902335,-0.870348,4.56733,5.93555,33,20,step,1.698,1.79069e+09,-3.07925,52,0.238654
1.699,2,-2,nan,nan,nan,nan,-1.91748,-0.902335,-0.853303,4.56733,5.93555,33,20,step,1.699,1.79069e+09,-3.09053,52,0.238636
1.7,2,-2,nan,nan,nan,nan,-1.88364,-1.02625,-0.867152,4.56541,5.93555,33,20,step,1.7,1.79069e+09,-3.11309,52,0.238616
1.701,2,-2,nan,nan,nan,nan,-1.88364,-1.02625,-0.872478,4.56541,5.93555,33,20,step,1.701,1.79069e+09,-3.10181,52,0.238595
1.702,2,-2,nan,nan,nan,nan,-1.9062,-1.00007,-0.888458,4.5634,5.93555,33,20,step,1.702,1.79069e+09,-3.13564,52,0.238579
1.703,2,-2,nan,nan,nan,nan,-1.9062,-1.00007,-0.902307,4.5634,5.93555,33,20,step,1.703,1.79069e+09,-3.14692,52,0.238592
1.704,2,-2,nan,nan,nan,nan,-1.99644,-0.869174,-0.900176,4.56158,5.93555,33,20,step,1.704,1.79069e+09,-3.12437,52,0.238578
1.705,2,-2,nan,nan,nan,nan,-1.99644,-0.869174,-0.894849,4.56158,5.93555,33,20,step,1.705,1.79069e+09,-3.12437,52,0.23857
1.706,2,-2,nan,nan,nan,nan,-2.01899,-0.881391,-0.917221,4.55985,5.93555,33,20,step,1.706,1.79069e+09,-3.1582,52,0.238565
1.707,2,-2,nan,nan,nan,nan,-2.01899,-0.881391,-0.922547,4.55985,5.93555,33,20,step,1.707,1.79069e+09,-3.16948,52,0.238553
1.708,2,-2,nan,nan,nan,nan,-1.86108,-1.03149,-0.922547,4.55784,5.93555,33,20,step,1.708,1.79069e+09,-3.11309,52,0.238537
1.709,2,-2,nan,nan,nan,nan,-1.86108,-1.03149,-0.954506,4.55784,5.93555,33,20,step,1.709,1.79069e+09,-3.14692,52,0.238526
1.71,2,-2,nan,nan,nan,nan,-1.88364,-1.09432,-0.965159,4.55564,5.93555,33,20,step,1.71,1.79069e+09,-3.19204,52,0.238529
1.711,2,-2,nan,nan,nan,nan,-1.88364,-1.09432,-0.970486,4.55564,5.93555,33,20,step,1.711,1.79069e+09,-3.13564,52,0.238532
1.712,2,-2,nan,nan,nan,nan,-1.98516,-1.00182,-0.959833,4.55362,5.93555,33,20,step,1.712,1.79069e+09,-3.16948,52,0.238542
1.713,2,-2,nan,nan,nan,nan,-1.98516,-1.00182,-0.960898,4.55362,5.93555,33,20,step,1.713,1.79069e+09,-3.16948,52,0.238523
1.714,2,-2,nan,nan,nan,nan,-1.9626,-0.989602,-0.989661,4.55161,5.93555,33,20,step,1.714,1.79069e+09,-3.16948,52,0.238486
1.715,2,-2,nan,nan,nan,nan,-1.9626,-0.989602,-1.00031,4.55161,5.93555,33,20,step,1.715,1.79069e+09,-3.20332,52,0.238481
1.716,2,-2,nan,nan,nan,nan,-1.87236,-1.06989,-0.984334,4.5495,5.93555,33,20,step,1.716,1.79069e+09,-3.19204,52,0.238442
1.717,2,-2,nan,nan,nan,nan,-1.87236,-1.06989,-0.96942,4.5495,5.93555,33,20,step,1.717,1.79069e+09,-3.2146,52,0.238416
1.718,2,-2,nan,nan,nan,nan,-1.94004,-1.0472,-1.0131,4.54729,5.93555,33,20,step,1.718,1.79069e+09,-3.19204,52,0.238399
1.719,2,-2,nan,nan,nan,nan,-1.94004,-1.0472,-1.02908,4.54729,5.93545,33,20,step,1.719,1.79069e+09,-3.2146,52,0.238391
1.72,2,-2,nan,nan,nan,nan,-2.12051,-1.00007,-1.02482,4.54528,5.93545,33,20,step,1.72,1.79069e+09,-3.22588,52,0.238375
1.721,2,-2,nan,nan,nan,nan,-2.12051,-1.00007,-1.02269,4.54528,5.93545,33,20,step,1.721,1.79069e+09,-3.22588,52,0.238354
1.722,2,-2,nan,nan,nan,nan,-1.9626,-1.09607,-1.02375,4.54308,5.93545,33,20,step,1.722,1.79069e+09,-3.25972,52,0.238324
1.723,2,-2,nan,nan,nan,nan,-1.9626,-1.09607,-1.04612,4.54308,5.93545,33,20,step,1.723,1.79069e+09,-3.25972,52,0.238327
1.724,2,-2,nan,nan,nan,nan,-1.92876,-1.20777,-1.07382,4.54087,5.93545,33,20,step,1.724,1.79069e+09,-3.29355,52,0.238323
1.725,2,-2,nan,nan,nan,nan,-1.92876,-1.20777,-1.07702,4.54087,5.93545,33,20,step,1.725,1.79069e+09,-3.23716,52,0.238317
1.726,2,-2,nan,nan,nan,nan,-2.03027,-1.14668,-1.0653,4.53857,5.93545,33,20,step,1.726,1.79069e+09,-3.24844,52,0.238331
1.727,2,-2,nan,nan,nan,nan,-2.03027,-1.14668,-1.09299,4.53857,5.93545,33,20,step,1.727,1.79069e+09,-3.25972,52,0.238329
1.728,2,-2,nan,nan,nan,nan,-2.04155,-1.11876,-1.09939,4.53627,5.93545,33,20,step,1.728,1.79069e+09,-3.271,52,0.238311
1.729,2,-2,nan,nan,nan,nan,-2.04155,-1.11876,-1.0866,4.53627,5.93545,33,20,step,1.729,1.79069e+09,-3.28228,52,0.238274
1.73,2,-2,nan,nan,nan,nan,-2.01899,-1.12225,-1.10045,4.53406,5.93545,33,20,step,1.73,1.79069e+09,-3.30483,52,0.238269
1.731,2,-2,nan,nan,nan,nan,-2.01899,-1.12225,-1.11537,4.53406,5.93545,33,20,step,1.731,1.79069e+09,-3.31611,52,0.238292
1.732,2,-2,nan,nan,nan,nan,-2.05283,-1.0821,-1.1111,4.53186,5.93545,33,20,step,1.732,1.79069e+09,-3.28228,52,0.238293
1.733,2,-2,nan,nan,nan,nan,-2.05283,-1.0821,-1.11643,4.53186,5.93545,33,20,step,1.733,1.79069e+09,-3.29355,52,0.238297
1.734,2,-2,nan,nan,nan,nan,-2.08667,-1.13795,-1.13348,4.52965,5.93536,33,20,step,1.734,1.79069e+09,-3.271,52,0.238295
1.735,2,-2,nan,nan,nan,nan,-2.08667,-1.13795,-1.14093,4.52965,5.93536,33,20,step,1.735,1.79069e+09,-3.31611,52,0.238281
1.736,2,-2,nan,nan,nan,nan,-1.95132,-1.2322,-1.14946,4.52716,5.93536,33,20,step,1.736,1.79069e+09,-3.30483,52,0.238284
1.737,2,-2,nan,nan,nan,nan,-1.95132,-1.2322,-1.15691,4.52716,5.93536,33,20,step,1.737,1.79069e+09,-3.31611,52,0.238323
1.738,2,-2,nan,nan,nan,nan,-2.03027,-1.18857,-1.18035,4.52476,5.93536,33,20,step,1.738,1.79069e+09,-3.31611,52,0.238344
1.739,2,-2,nan,nan,nan,nan,-2.03027,-1.18857,-1.17715,4.52476,5.93536,33,20,step,1.739,1.79069e+09,-3.271,52,0.238352
1.74,2,-2,nan,nan,nan,nan,-2.08667,-1.13272,-1.18354,4.52246,5.93536,33,20,step,1.74,1.79069e+09,-3.32739,52,0.238349
1.741,2,-2,nan,nan,nan,nan,-2.08667,-1.13272,-1.18994,4.52246,5.93536,33,20,step,1.741,1.79069e+09,-3.28228,52,0.238328
1.742,2,-2,nan,nan,nan,nan,-1.92876,-1.23395,-1.18568,4.52007,5.93536,33,20,step,1.742,1.79069e+09,-3.36123,52,0.238313
1.743,2,-2,nan,nan,nan,nan,-1.92876,-1.23395,-1.20059,4.52007,5.93536,33,20,step,1.743,1.79069e+09,-3.41763,52,0.238317
1.744,2,-2,nan,nan,nan,nan,-1.97388,-1.25838,-1.22083,4.51748,5.93536,33,20,step,1.744,1.79069e+09,-3.36123,52,0.238337
1.745,2,-2,nan,nan,nan,nan,-1.97388,-1.25838,-1.22403,4.51748,5.93526,33,20,step,1.745,1.79069e+09,-3.33867,52,0.238337
1.746,2,-2,nan,nan,nan,nan,-1.99644,-1.26536,-1.20485,4.51498,5.93526,33,20,step,1.746,1.79069e+09,-3.34995,52,0.238365
1.747,2,-2,nan,nan,nan,nan,-1.99644,-1.26536,-1.2187,4.51498,5.93516,33,20,step,1.747,1.79069e+09,-3.36123,52,0.23839
1.748,2,-2,nan,nan,nan,nan,-1.86108,-1.36136,-1.24533,4.5123,5.93516,33,20,step,1.748,1.79069e+09,-3.38379,52,0.2384
1.749,2,-2,nan,nan,nan,nan,-1.86108,-1.36136,-1.24001,4.5123,5.93516,33,20,step,1.749,1.79069e+09,-3.34995,52,0.2384
1.75,2,-2,nan,nan,nan,nan,-1.97388,-1.33169,-1.24214,4.50962,5.93516,33,20,step,1.75,1.79069e+09,-3.36123,52,0.238392
1.751,2,-2,nan,nan,nan,nan,-1.97388,-1.33169,-1.26983,4.50962,5.93507,33,20,step,1.751,1.79069e+09,-3.40635,52,0.238421
1.752,2,-2,nan,nan,nan,nan,-2.00771,-1.24267,-1.26451,4.50712,5.93507,33,20,step,1.752,1.79069e+09,-3.37251,52,0.238441
1.753,2,-2,nan,nan,nan,nan,-2.00771,-1.24267,-1.26238,4.50712,5.93507,33,20,step,1.753,1.79069e+09,-3.37251,52,0.238447
1.754,2,-2,nan,nan,nan,nan,-1.88364,-1.34041,-1.28049,4.50444,5.93507,33,20,step,1.754,1.79069e+09,-3.36123,52,0.238444
1.755,2,-2,nan,nan,nan,nan,-1.88364,-1.34041,-1.28475,4.50444,5.93507,33,20,step,1.755,1.79069e+09,-3.39507,52,0.238415
1.756,2,-2,nan,nan,nan,nan,-1.97388,-1.3631,-1.29114,4.50175,5.93507,33,20,step,1.756,1.79069e+09,-3.42891,52,0.23841
1.757,2,-2,nan,nan,nan,nan,-1.97388,-1.3631,-1.29434,4.50175,5.93507,33,20,step,1.757,1.79069e+09,-3.44019,52,0.238421
1.758,2,-2,nan,nan,nan,nan,-1.99644,-1.33169,-1.32416,4.49907,5.93497,33,20,step,1.758,1.79069e+09,-3.44019,52,0.238452
1.759,2,-2,nan,nan,nan,nan,-1.99644,-1.33169,-1.31245,4.49907,5.93497,33,20,step,1.759,1.79069e+09,-3.42891,52,0.238495
1.76,2,-2,nan,nan,nan,nan,-1.95132,-1.40674,-1.31351,4.49629,5.93497,33,20,step,1.76,1.79069e+09,-3.39507,52,0.238493
1.761,2,-2,nan,nan,nan,nan,-1.95132,-1.40674,-1.33162,4.49629,5.93488,33,20,step,1.761,1.79069e+09,-3.39507,52,0.238491
1.762,2,-2,nan,nan,nan,nan,-2.04155,-1.35787,-1.3508,4.49351,5.93488,33,20,step,1.762,1.79069e+09,-3.46274,52,0.238505
1.763,2,-2,nan,nan,nan,nan,-2.04155,-1.35787,-1.34867,4.49351,5.93488,33,20,step,1.763,1.79069e+09,-3.46274,52,0.238503
1.764,2,-2,nan,nan,nan,nan,-1.9626,-1.36659,-1.35612,4.49082,5.93488,33,20,step,1.764,1.79069e+09,-3.46274,52,0.238517
1.765,2,-2,nan,nan,nan,nan,-1.9626,-1.36659,-1.36891,4.49082,5.93478,33,20,step,1.765,1.79069e+09,-3.47402,52,0.238531
1.766,2,-2,nan,nan,nan,nan,-1.97388,-1.48004,-1.38062,4.48785,5.93478,33,20,step,1.766,1.79069e+09,-3.47402,52,0.238562
1.767,2,-2,nan,nan,nan,nan,-1.97388,-1.48004,-1.37104,4.48785,5.93478,33,20,step,1.767,1.79069e+09,-3.46274,52,0.238573
1.768,2,-2,nan,nan,nan,nan,-2.10923,-1.47131,-1.37636,4.48488,5.93478,33,20,step,1.768,1.79069e+09,-3.47402,52,0.238579
1.769,2,-2,nan,nan,nan,nan,-2.10923,-1.47131,-1.38702,4.48488,5.93468,33,20,step,1.769,1.79069e+09,-3.51914,52,0.238581
1.77,2,-2,nan,nan,nan,nan,-1.98516,-1.48528,-1.40406,4.48191,5.93468,33,20,step,1.77,1.79069e+09,-3.49658,52,0.23858
1.771,2,-2,nan,nan,nan,nan,-1.98516,-1.48528,-1.41898,4.48191,5.93468,33,20,step,1.771,1.79069e+09,-3.5417,52,0.238615
1.772,2,-2,nan,nan,nan,nan,-2.06411,-1.42768,-1.41791,4.47903,5.93459,33,20,step,1.772,1.79069e+09,-3.49658,52,0.238655
1.773,2,-2,nan,nan,nan,nan,-2.06411,-1.42768,-1.40939,4.47903,5.93459,33,20,step,1.773,1.79069e+09,-3.47402,52,0.238644
1.774,2,-2,nan,nan,nan,nan,-1.99644,-1.45211,-1.41684,4.47616,5.93449,33,20,step,1.774,1.79069e+09,-3.51914,52,0.238648
1.775,2,-2,nan,nan,nan,nan,-1.99644,-1.45211,-1.44987,4.47616,5.93449,33,20,step,1.775,1.79069e+09,-3.53042,52,0.238663
1.776,2,-2,nan,nan,nan,nan,-1.9626,-1.49051,-1.42111,4.47299,5.93449,33,20,step,1.776,1.79069e+09,-3.53042,52,0.238687
1.777,2,-2,nan,nan,nan,nan,-1.9626,-1.49051,-1.43069,4.47299,5.9344,33,20,step,1.777,1.79069e+09,-3.53042,52,0.238717
1.778,2,-2,nan,nan,nan,nan,-2.01899,-1.4591,-1.46159,4.47012,5.9344,33,20,step,1.778,1.79069e+09,-3.53042,52,0.238732
1.779,2,-2,nan,nan,nan,nan,-2.01899,-1.4591,-1.47224,4.47012,5.9343,33,20,step,1.779,1.79069e+09,-3.55298,52,0.238788
1.78,2,-2,nan,nan,nan,nan,-1.88364,-1.52891,-1.48183,4.46705,5.9343,33,20,step,1.78,1.79069e+09,-3.53042,52,0.23882
1.781,2,-2,nan,nan,nan,nan,-1.88364,-1.52891,-1.49248,4.46705,5.9343,33,20,step,1.781,1.79069e+09,-3.50786,52,0.238826
1.782,2,-2,nan,nan,nan,nan,-2.00771,-1.5324,-1.48183,4.46398,5.9342,33,20,step,1.782,1.79069e+09,-3.51914,52,0.238844
1.783,2,-2,nan,nan,nan,nan,-2.00771,-1.5324,-1.48822,4.46398,5.9342,33,20,step,1.783,1.79069e+09,-3.57554,52,0.238858
1.784,2,-2,nan,nan,nan,nan,-1.9626,-1.60396,-1.48609,4.46082,5.9342,33,20,step,1.784,1.79069e+09,-3.58682,52,0.238908
1.785,2,-2,nan,nan,nan,nan,-1.9626,-1.60396,-1.5042,4.46082,5.93411,33,20,step,1.785,1.79069e+09,-3.5417,52,0.238951
1.786,2,-2,nan,nan,nan,nan,-1.94004,-1.63537,-1.53935,4.45775,5.93411,33,20,step,1.786,1.79069e+09,-3.53042,52,0.238976
1.787,2,-2,nan,nan,nan,nan,-1.94004,-1.63537,-1.50526,4.45775,5.93401,33,20,step,1.787,1.79069e+09,-3.51914,52,0.239025
1.788,2,-2,nan,nan,nan,nan,-2.04155,-1.52367,-1.51059,4.45468,5.93401,33,20,step,1.788,1.79069e+09,-3.55298,52,0.239029
1.789,2,-2,nan,nan,nan,nan,-2.04155,-1.52367,-1.53403,4.45468,5.93392,33,20,step,1.789,1.79069e+09,-3.5417,52,0.239064
1.79,2,-2,nan,nan,nan,nan,-1.95132,-1.58127,-1.53935,4.45152,5.93392,33,20,step,1.79,1.79069e+09,-3.57554,52,0.239094
1.791,2,-2,nan,nan,nan,nan,-1.95132,-1.58127,-1.55001,4.45152,5.93382,33,20,step,1.791,1.79069e+09,-3.5417,52,0.239113
1.792,2,-2,nan,nan,nan,nan,-2.04155,-1.57429,-1.57664,4.44835,5.93382,33,20,step,1.792,1.79069e+09,-3.64321,52,0.239172
1.793,2,-2,nan,nan,nan,nan,-2.04155,-1.57429,-1.58729,4.44835,5.93382,33,20,step,1.793,1.79069e+09,-3.53042,52,0.239204
1.794,2,-2,nan,nan,nan,nan,-1.9626,-1.60919,-1.58836,4.44509,5.93373,33,20,step,1.794,1.79069e+09,-3.57554,52,0.239244
1.795,2,-2,nan,nan,nan,nan,-1.9626,-1.60919,-1.58836,4.44509,5.93373,33,20,step,1.795,1.79069e+09,-3.5981,52,0.239289
1.796,2,-2,nan,nan,nan,nan,-2.01899,-1.63014,-1.56812,4.44183,5.93363,33,20,step,1.796,1.79069e+09,-3.58682,52,0.239317
1.797,2,-2,nan,nan,nan,nan,-2.01899,-1.63014,-1.5809,4.44183,5.93363,33,20,step,1.797,1.79069e+09,-3.5981,52,0.239371
1.798,2,-2,nan,nan,nan,nan,-1.9626,-1.61443,-1.59901,4.43867,5.93363,33,20,step,1.798,1.79069e+09,-3.60938,52,0.23942
1.799,2,-2,nan,nan,nan,nan,-1.9626,-1.61443,-1.6054,4.43867,5.93353,33,20,step,1.799,1.79069e+09,-3.5981,52,0.239469
1.8,2,2,nan,nan,nan,nan,-1.97388,-1.70868,-1.6086,4.43522,5.93353,33,20,step,1.8,1.79069e+09,-3.56426,52,0.239543
1.801,2,2,nan,nan,nan,nan,-1.97388,-1.70868,-1.62138,4.43522,5.93344,33,20,step,1.801,1.79069e+09,-3.56426,52,0.239585
1.802,2,2,nan,nan,nan,nan,-2.00771,-1.72962,-1.62138,4.43177,5.93344,33,20,step,1.802,1.79069e+09,-3.55298,52,0.239607
1.803,2,2,nan,nan,nan,nan,-2.00771,-1.72962,-1.64269,4.43177,5.93334,33,20,step,1.803,1.79069e+09,-3.62065,52,0.23962
1.804,2,2,nan,nan,nan,nan,-0.0563965,-1.46259,-1.64801,4.4287,5.93334,33,20,step,1.804,1.79069e+09,-3.64321,52,0.239659
1.805,2,2,nan,nan,nan,nan,-0.0563965,-1.46259,-1.6363,4.4287,5.93325,33,20,step,1.805,1.79069e+09,-3.62065,52,0.239751
1.806,2,2,nan,nan,nan,nan,0.0676758,-0.890118,-1.64375,4.42678,5.93325,33,20,step,1.806,1.79069e+09,-3.5981,52,0.23981
1.807,2,2,nan,nan,nan,nan,0.0676758,-0.890118,-1.6331,4.42678,5.93315,33,20,step,1.807,1.79069e+09,-3.56426,52,0.239854
1.808,2,2,nan,nan,nan,nan,0.733154,-0.905826,-1.64056,4.42486,5.93305,33,20,step,1.808,1.79069e+09,-3.62065,52,0.239906
1.809,2,2,nan,nan,nan,nan,0.733154,-0.905826,-1.65547,4.42486,5.93305,33,20,step,1.809,1.79069e+09,-3.66577,52,0.239997
1.81,2,2,nan,nan,nan,nan,1.3084,-1.09432,-1.61712,4.42275,5.93296,33,20,step,1.81,1.79069e+09,-3.65449,52,0.240047
1.811,2,2,nan,nan,nan,nan,1.3084,-1.09432,-1.59795,4.42275,5.93296,33,20,step,1.811,1.79069e+09,-3.65449,52,0.240166
1.812,2,2,nan,nan,nan,nan,1.70317,-1.50622,-1.59155,4.41988,5.93296,33,20,step,1.812,1.79069e+09,-3.68833,52,0.240312
1.813,2,2,nan,nan,nan,nan,1.70317,-1.50622,-1.57025,4.41988,5.93286,33,20,step,1.813,1.79069e+09,-3.63193,52,0.240409
1.814,2,2,nan,nan,nan,nan,1.9062,-1.76453,-1.5777,4.41643,5.93286,33,20,step,1.814,1.79069e+09,-3.5981,52,0.24056
1.815,2,2,nan,nan,nan,nan,1.9062,-1.76453,-1.5564,4.41643,5.93286,33,20,step,1.815,1.79069e+09,-3.63193,52,0.240679
1.816,2,2,nan,nan,nan,nan,1.87236,-1.67901,-1.51272,4.41326,5.93277,33,20,step,1.816,1.79069e+09,-3.60938,52,0.240835
1.817,2,2,nan,nan,nan,nan,1.87236,-1.67901,-1.48822,4.41326,5.93277,33,20,step,1.817,1.79069e+09,-3.64321,52,0.240974
1.818,2,2,nan,nan,nan,nan,1.99644,-1.55683,-1.501,4.4101,5.93277,33,20,step,1.818,1.79069e+09,-3.63193,52,0.241079
1.819,2,2,nan,nan,nan,nan,1.99644,-1.55683,-1.47118,4.4101,5.93267,33,20,step,1.819,1.79069e+09,-3.60938,52,0.241213
1.82,2,2,nan,nan,nan,nan,1.81597,-1.43292,-1.46585,4.40722,5.93267,33,20,step,1.82,1.79069e+09,-3.57554,52,0.241299
1.821,2,2,nan,nan,nan,nan,1.81597,-1.43292,-1.46904,4.40722,5.93257,33,20,step,1.821,1.79069e+09,-3.58682,52,0.241401
1.822,2,2,nan,nan,nan,nan,1.9062,-1.38579,-1.45946,4.40444,5.93257,33,20,step,1.822,1.79069e+09,-3.60938,52,0.241509
1.823,2,2,nan,nan,nan,nan,1.9062,-1.38579,-1.42217,4.40444,5.93248,33,20,step,1.823,1.79069e+09,-3.67705,52,0.241587
1.824,2,2,nan,nan,nan,nan,1.92876,-1.38579,-1.40726,4.40166,5.93238,33,20,step,1.824,1.79069e+09,-3.63193,52,0.241708
1.825,2,2,nan,nan,nan,nan,1.92876,-1.38579,-1.39767,4.40166,5.93238,33,20,step,1.825,1.79069e+09,-3.64321,52,0.241823
1.826,2,2,nan,nan,nan,nan,1.8498,-1.39103,-1.39767,4.39888,5.93229,33,20,step,1.826,1.79069e+09,-3.62065,52,0.241958
1.827,2,2,nan,nan,nan,nan,1.8498,-1.39103,-1.3753,4.39888,5.93229,33,20,step,1.827,1.79069e+09,-3.60938,52,0.242096
1.828,2,2,nan,nan,nan,nan,1.98516,-1.40324,-1.34121,4.3961,5.93219,33,20,step,1.828,1.79069e+09,-3.60938,52,0.242185
1.829,2,2,nan,nan,nan,nan,1.98516,-1.40324,-1.31351,4.3961,5.93219,33,20,step,1.829,1.79069e+09,-3.60938,52,0.242301
1.83,2,2,nan,nan,nan,nan,1.86108,-1.309,-1.30712,4.39342,5.9321,33,20,step,1.83,1.79069e+09,-3.65449,52,0.242381
1.831,2,2,nan,nan,nan,nan,1.86108,-1.309,-1.28581,4.39342,5.9321,33,20,step,1.831,1.79069e+09,-3.65449,52,0.2425
1.832,2,2,nan,nan,nan,nan,1.88364,-1.24791,-1.24959,4.39073,5.9321,33,20,step,1.832,1.79069e+09,-3.65449,52,0.242604
1.833,2,2,nan,nan,nan,nan,1.88364,-1.24791,-1.25812,4.39073,5.932,33,20,step,1.833,1.79069e+09,-3.64321,52,0.242692
1.834,2,2,nan,nan,nan,nan,1.99644,-1.24093,-1.25066,4.38843,5.932,33,20,step,1.834,1.79069e+09,-3.65449,52,0.242804
1.835,2,2,nan,nan,nan,nan,1.99644,-1.24093,-1.21763,4.38843,5.9319,33,20,step,1.835,1.79069e+09,-3.64321,52,0.242885
1.836,2,2,nan,nan,nan,nan,1.94004,-1.19206,-1.2187,4.38603,5.93181,33,20,step,1.836,1.79069e+09,-3.63193,52,0.242975
1.837,2,2,nan,nan,nan,nan,1.94004,-1.19206,-1.21444,4.38603,5.93181,33,20,step,1.837,1.79069e+09,-3.67705,52,0.24307
1.838,2,2,nan,nan,nan,nan,1.9626,-1.22522,-1.17609,4.38354,5.93171,33,20,step,1.838,1.79069e+09,-3.68833,52,0.243148
1.839,2,2,nan,nan,nan,nan,1.9626,-1.22522,-1.15904,4.38354,5.93171,33,20,step,1.839,1.79069e+09,-3.71089,52,0.243263
1.84,2,2,nan,nan,nan,nan,2.04155,-1.23569,-1.1388,4.38105,5.93162,33,20,step,1.84,1.79069e+09,-3.66577,52,0.24337
1.841,2,2,nan,nan,nan,nan,2.04155,-1.23569,-1.15691,4.38105,5.93162,33,20,step,1.841,1.79069e+09,-3.65449,52,0.24349
1.842,2,2,nan,nan,nan,nan,1.94004,-1.13795,-1.12602,4.37875,5.93152,33,20,step,1.842,1.79069e+09,-3.69961,52,0.243591
1.843,2,2,nan,nan,nan,nan,1.94004,-1.13795,-1.08873,4.37875,5.93152,33,20,step,1.843,1.79069e+09,-3.66577,52,0.243659
1.844,2,2,nan,nan,nan,nan,1.9062,-1.05941,-1.08767,4.37664,5.93152,33,20,step,1.844,1.79069e+09,-3.69961,52,0.243731
1.845,2,2,nan,nan,nan,nan,1.9062,-1.05941,-1.07915,4.37664,5.93152,33,20,step,1.845,1.79069e+09,-3.72217,52,0.243813
1.846,2,2,nan,nan,nan,nan,1.99644,-1.09258,-1.0621,4.37443,5.93152,33,20,step,1.846,1.79069e+09,-3.69961,52,0.243895
1.847,2,2,nan,nan,nan,nan,1.99644,-1.09258,-1.02801,4.37443,5.93152,33,20,step,1.847,1.79069e+09,-3.67705,52,0.243971
1.848,2,2,nan,nan,nan,nan,2.05283,-1.0821,-1.01949,4.37232,5.93142,33,20,step,1.848,1.79069e+09,-3.65449,52,0.243995
1.849,2,2,nan,nan,nan,nan,2.05283,-1.0821,-0.993922,4.37232,5.93142,33,20,step,1.849,1.79069e+09,-3.68833,52,0.244061
1.85,2,2,nan,nan,nan,nan,1.91748,-0.972148,-0.975812,4.37031,5.93142,33,20,step,1.85,1.79069e+09,-3.78984,52,0.24413
1.851,2,2,nan,nan,nan,nan,1.91748,-0.972148,-0.972616,4.37031,5.93133,33,20,step,1.851,1.79069e+09,-3.69961,52,0.244165
1.852,2,2,nan,nan,nan,nan,1.94004,-0.928515,-0.965159,4.36839,5.93133,33,20,step,1.852,1.79069e+09,-3.73345,52,0.244244
1.853,2,2,nan,nan,nan,nan,1.94004,-0.928515,-0.953441,4.36839,5.93123,33,20,step,1.853,1.79069e+09,-3.78984,52,0.244299
1.854,2,2,nan,nan,nan,nan,2.01899,-0.935496,-0.925743,4.36657,5.93114,33,20,step,1.854,1.79069e+09,-3.74473,52,0.244393
1.855,2,2,nan,nan,nan,nan,2.01899,-0.935496,-0.914025,4.36657,5.93114,33,20,step,1.855,1.79069e+09,-3.74473,52,0.244495
1.856,2,2,nan,nan,nan,nan,2.01899,-0.897099,-0.921482,4.36475,5.93114,33,20,step,1.856,1.79069e+09,-3.73345,52,0.244555
1.857,2,2,nan,nan,nan,nan,2.01899,-0.897099,-0.908698,4.36475,5.93104,33,20,step,1.857,1.79069e+09,-3.78984,52,0.244654
1.858,2,2,nan,nan,nan,nan,1.91748,-0.837758,-0.881001,4.36312,5.93104,33,20,step,1.858,1.79069e+09,-3.73345,52,0.244713
1.859,2,2,nan,nan,nan,nan,1.91748,-0.837758,-0.846911,4.36312,5.93104,33,20,step,1.859,1.79069e+09,-3.73345,52,0.244773
1.86,2,2,nan,nan,nan,nan,1.92876,-0.863938,-0.838389,4.3613,5.93104,33,20,step,1.86,1.79069e+09,-3.73345,52,0.244806
1.861,2,2,nan,nan,nan,nan,1.92876,-0.863938,-0.812822,4.3613,5.93104,33,20,step,1.861,1.79069e+09,-3.80112,52,0.244853
1.862,2,2,nan,nan,nan,nan,1.98516,-0.867429,-0.812822,4.35957,5.93104,33,20,step,1.862,1.79069e+09,-3.75601,52,0.244917
1.863,2,2,nan,nan,nan,nan,1.98516,-0.867429,-0.805364,4.35957,5.93104,33,20,step,1.863,1.79069e+09,-3.71089,52,0.24492
1.864,2,2,nan,nan,nan,nan,1.99644,-0.820305,-0.773406,4.35785,5.93104,33,20,step,1.864,1.79069e+09,-3.74473,52,0.244956
1.865,2,2,nan,nan,nan,nan,1.99644,-0.820305,-0.767014,4.35785,5.93094,33,20,step,1.865,1.79069e+09,-3.85752,52,0.24502
1.866,2,2,nan,nan,nan,nan,1.87236,-0.712094,-0.755296,4.35641,5.93094,33,20,step,1.866,1.79069e+09,-3.83496,52,0.245081
1.867,2,2,nan,nan,nan,nan,1.87236,-0.712094,-0.73399,4.35641,5.93094,33,20,step,1.867,1.79069e+09,-3.76729,52,0.245166
1.868,2,2,nan,nan,nan,nan,1.87236,-0.68766,-0.707357,4.35516,5.93094,33,20,step,1.868,1.79069e+09,-3.73345,52,0.245232
1.869,2,2,nan,nan,nan,nan,1.87236,-0.68766,-0.710553,4.35516,5.93094,33,20,step,1.869,1.79069e+09,-3.75601,52,0.245286
1.87,2,2,nan,nan,nan,nan,1.9062,-0.701622,-0.692443,4.35373,5.93094,33,20,step,1.87,1.79069e+09,-3.74473,52,0.245345
1.871,2,2,nan,nan,nan,nan,1.9062,-0.701622,-0.673268,4.35373,5.93094,33,20,step,1.871,1.79069e+09,-3.75601,52,0.245366
1.872,2,2,nan,nan,nan,nan,1.99644,-0.668461,-0.653027,4.35229,5.93094,33,20,step,1.872,1.79069e+09,-3.80112,52,0.245421
1.873,2,2,nan,nan,nan,nan,1.99644,-0.668461,-0.630656,4.35229,5.93094,33,20,step,1.873,1.79069e+09,-3.78984,52,0.245503
1.874,2,2,nan,nan,nan,nan,1.98516,-0.642281,-0.633852,4.35104,5.93085,33,20,step,1.874,1.79069e+09,-3.83496,52,0.245544
1.875,2,2,nan,nan,nan,nan,1.98516,-0.642281,-0.60935,4.35104,5.93085,33,20,step,1.875,1.79069e+09,-3.78984,52,0.245582
1.876,2,2,nan,nan,nan,nan,1.9626,-0.551524,-0.581652,4.34979,5.93085,33,20,step,1.876,1.79069e+09,-3.76729,52,0.245615
1.877,2,2,nan,nan,nan,nan,1.9626,-0.551524,-0.57526,4.34979,5.93085,33,20,step,1.877,1.79069e+09,-3.80112,52,0.245686
1.878,2,2,nan,nan,nan,nan,1.9062,-0.542797,-0.579522,4.34884,5.93085,33,20,step,1.878,1.79069e+09,-3.76729,52,0.245774
1.879,2,2,nan,nan,nan,nan,1.9062,-0.542797,-0.533714,4.34884,5.93085,33,20,step,1.879,1.79069e+09,-3.8124,52,0.245831
1.88,2,2,nan,nan,nan,nan,1.9062,-0.568977,-0.504951,4.34769,5.93085,33,20,step,1.88,1.79069e+09,-3.8124,52,0.245911
1.881,2,2,nan,nan,nan,nan,1.9062,-0.568977,-0.496428,4.34769,5.93085,33,20,step,1.881,1.79069e+09,-3.74473,52,0.245987
1.882,2,2,nan,nan,nan,nan,1.9062,-0.555015,-0.510277,4.34663,5.93085,33,20,step,1.882,1.79069e+09,-3.73345,52,0.246056
1.883,2,2,nan,nan,nan,nan,1.9062,-0.555015,-0.474057,4.34663,5.93085,33,20,step,1.883,1.79069e+09,-3.76729,52,0.246084
1.884,2,2,nan,nan,nan,nan,1.9062,-0.485202,-0.458078,4.34558,5.93085,33,20,step,1.884,1.79069e+09,-3.8124,52,0.246105
1.885,2,2,nan,nan,nan,nan,1.9062,-0.485202,-0.458078,4.34558,5.93085,33,20,step,1.885,1.79069e+09,-3.82368,52,0.246156
1.886,2,2,nan,nan,nan,nan,2.04155,-0.413643,-0.446359,4.34471,5.93075,33,20,step,1.886,1.79069e+09,-3.76729,52,0.246191
1.887,2,2,nan,nan,nan,nan,2.04155,-0.413643,-0.438902,4.34471,5.93075,33,20,step,1.887,1.79069e+09,-3.75601,52,0.246255
1.888,2,2,nan,nan,nan,nan,2.06411,-0.375246,-0.410139,4.34395,5.93075,33,20,step,1.888,1.79069e+09,-3.80112,52,0.246317
1.889,2,2,nan,nan,nan,nan,2.06411,-0.375246,-0.37818,4.34395,5.93075,33,20,step,1.889,1.79069e+09,-3.78984,52,0.246371
1.89,2,2,nan,nan,nan,nan,2.09795,-0.356047,-0.359005,4.34318,5.93075,33,20,step,1.89,1.79069e+09,-3.80112,52,0.246439
1.891,2,2,nan,nan,nan,nan,2.09795,-0.356047,-0.363266,4.34318,5.93075,33,20,step,1.891,1.79069e+09,-3.75601,52,0.246509
1.892,2,2,nan,nan,nan,nan,2.01899,-0.335103,-0.356874,4.3426,5.93075,33,20,step,1.892,1.79069e+09,-3.82368,52,0.24655
1.893,2,2,nan,nan,nan,nan,2.01899,-0.335103,-0.334503,4.3426,5.93066,33,20,step,1.893,1.79069e+09,-3.76729,52,0.246636
1.894,2,2,nan,nan,nan,nan,2.05283,-0.31765,-0.307871,4.34193,5.93066,33,20,step,1.894,1.79069e+09,-3.75601,52,0.246694
1.895,2,2,nan,nan,nan,nan,2.05283,-0.31765,-0.2855,4.34193,5.93066,33,20,step,1.895,1.79069e+09,-3.72217,52,0.24676
1.896,2,2,nan,nan,nan,nan,1.9062,-0.296706,-0.264194,4.34136,5.93066,33,20,step,1.896,1.79069e+09,-3.72217,52,0.246818
1.897,2,2,nan,nan,nan,nan,1.9062,-0.296706,-0.245018,4.34136,5.93066,33,20,step,1.897,1.79069e+09,-3.77856,52,0.246845
1.898,2,2,nan,nan,nan,nan,1.91748,-0.277507,-0.235431,4.34069,5.93066,33,20,step,1.898,1.79069e+09,-3.80112,52,0.246892
1.899,2,2,nan,nan,nan,nan,1.91748,-0.277507,-0.221582,4.34069,5.93066,33,20,step,1.899,1.79069e+09,-3.8124,52,0.246914
1.9,2,2,nan,nan,nan,nan,1.89492,-0.221657,-0.221582,4.3403,5.93066,33,20,step,1.9,1.79069e+09,-3.8124,52,0.246969
1.901,2,2,nan,nan,nan,nan,1.89492,-0.221657,-0.189623,4.3403,5.93066,33,20,step,1.901,1.79069e+09,-3.76729,52,0.247019
1.902,2,2,nan,nan,nan,nan,1.9062,-0.162316,-0.167252,4.33992,5.93066,33,20,step,1.902,1.79069e+09,-3.77856,52,0.24705
1.903,2,2,nan,nan,nan,nan,1.9062,-0.162316,-0.150207,4.33992,5.93066,33,20,step,1.903,1.79069e+09,-3.77856,52,0.247101
1.904,2,2,nan,nan,nan,nan,1.89492,-0.129154,-0.143815,4.33963,5.93056,33,20,step,1.904,1.79069e+09,-3.78984,52,0.247133
1.905,2,2,nan,nan,nan,nan,1.89492,-0.129154,-0.136358,4.33963,5.93056,33,20,step,1.905,1.79069e+09,-3.80112,52,0.247178
1.906,2,2,nan,nan,nan,nan,1.91748,-0.10821,-0.10866,4.33944,5.93056,33,20,step,1.906,1.79069e+09,-3.80112,52,0.247222
1.907,2,2,nan,nan,nan,nan,1.91748,-0.10821,-0.0958767,4.33944,5.93056,33,20,step,1.907,1.79069e+09,-3.8124,52,0.247271
1.908,2,2,nan,nan,nan,nan,1.91748,-0.0907571,-0.0830932,4.33925,5.93056,33,20,step,1.908,1.79069e+09,-3.8124,52,0.247357
1.909,2,2,nan,nan,nan,nan,1.91748,-0.0907571,-0.0820279,4.33925,5.93056,33,20,step,1.909,1.79069e+09,-3.77856,52,0.247365
1.91,2,2,nan,nan,nan,nan,1.98516,-0.0488692,-0.0415466,4.33915,5.93056,33,20,step,1.91,1.79069e+09,-3.80112,52,0.247448
1.911,2,2,nan,nan,nan,nan,1.98516,-0.0488692,-0.0372854,4.33915,5.93056,33,20,step,1.911,1.79069e+09,-3.78984,52,0.247478
1.912,2,2,nan,nan,nan,nan,1.99644,-0.0174533,0.00426119,4.33906,5.93056,33,20,step,1.912,1.79069e+09,-3.77856,52,0.247521
1.913,2,2,nan,nan,nan,nan,1.99644,-0.0174533,0.0234365,4.33906,5.93056,33,20,step,1.913,1.79069e+09,-3.78984,52,0.247576
1.914,2,2,nan,nan,nan,nan,1.95132,0,0.0202406,4.33906,5.93056,33,20,step,1.914,1.79069e+09,-3.78984,52,0.247607
1.915,2,2,nan,nan,nan,nan,1.95132,0,0.0351548,4.33906,5.93056,33,20,step,1.915,1.79069e+09,-3.76729,52,0.247681
1.916,2,2,nan,nan,nan,nan,2.01899,0.00174533,0.0404813,4.33906,5.93056,33,20,step,1.916,1.79069e+09,-3.75601,52,0.247722
1.917,2,2,nan,nan,nan,nan,2.01899,0.00174533,0.0703096,4.33906,5.93056,33,20,step,1.917,1.79069e+09,-3.76729,52,0.247761
1.918,2,2,nan,nan,nan,nan,2.00771,0.0226893,0.0564607,4.33915,5.93056,33,20,step,1.918,1.79069e+09,-3.76729,52,0.247796
1.919,2,2,nan,nan,nan,nan,2.00771,0.0226893,0.0703096,4.33915,5.93056,33,20,step,1.919,1.79069e+09,-3.74473,52,0.247806
1.92,2,2,nan,nan,nan,nan,2.01899,0.0575959,0.116117,4.33925,5.93056,33,20,step,1.92,1.79069e+09,-3.77856,52,0.247845
1.921,2,2,nan,nan,nan,nan,2.01899,0.0575959,0.122509,4.33925,5.93056,33,20,step,1.921,1.79069e+09,-3.80112,52,0.247865
1.922,2,2,nan,nan,nan,nan,1.99644,0.0942478,0.127836,4.33944,5.93056,33,20,step,1.922,1.79069e+09,-3.76729,52,0.247919
1.923,2,2,nan,nan,nan,nan,1.99644,0.0942478,0.125705,4.33944,5.93056,33,20,step,1.923,1.79069e+09,-3.76729,52,0.24797
1.924,2,2,nan,nan,nan,nan,1.92876,0.13439,0.138489,4.33963,5.93056,33,20,step,1.924,1.79069e+09,-3.69961,52,0.247986
1.925,2,2,nan,nan,nan,nan,1.92876,0.13439,0.153403,4.33963,5.93056,33,20,step,1.925,1.79069e+09,-3.75601,52,0.247977
1.926,2,2,nan,nan,nan,nan,1.99644,0.169297,0.158729,4.34002,5.93056,33,20,step,1.926,1.79069e+09,-3.76729,52,0.24801
1.927,2,2,nan,nan,nan,nan,1.99644,0.169297,0.171513,4.34002,5.93056,33,20,step,1.927,1.79069e+09,-3.8124,52,0.248031
1.928,2,2,nan,nan,nan,nan,2.01899,0.188496,0.189623,4.3404,5.93056,33,20,step,1.928,1.79069e+09,-3.76729,52,0.248077
1.929,2,2,nan,nan,nan,nan,2.01899,0.188496,0.201341,4.3404,5.93056,33,20,step,1.929,1.79069e+09,-3.76729,52,0.248106
1.93,2,2,nan,nan,nan,nan,1.94004,0.20944,0.226908,4.34078,5.93056,33,20,step,1.93,1.79069e+09,-3.72217,52,0.248129
1.931,2,2,nan,nan,nan,nan,1.94004,0.20944,0.229039,4.34078,5.93056,33,20,step,1.931,1.79069e+09,-3.71089,52,0.248131
1.932,2,2,nan,nan,nan,nan,2.05283,0.237365,0.242888,4.34126,5.93056,33,20,step,1.932,1.79069e+09,-3.69961,52,0.248118
1.933,2,2,nan,nan,nan,nan,2.05283,0.237365,0.257802,4.34126,5.93056,33,20,step,1.933,1.79069e+09,-3.77856,52,0.248158
1.934,2,2,nan,nan,nan,nan,2.05283,0.249582,0.266324,4.34174,5.93056,33,20,step,1.934,1.79069e+09,-3.77856,52,0.248172
1.935,2,2,nan,nan,nan,nan,2.05283,0.249582,0.2855,4.34174,5.93056,33,20,step,1.935,1.79069e+09,-3.73345,52,0.248216
1.936,2,2,nan,nan,nan,nan,2.05283,0.307178,0.282304,4.34232,5.93056,33,20,step,1.936,1.79069e+09,-3.75601,52,0.248251
1.937,2,2,nan,nan,nan,nan,2.05283,0.307178,0.274847,4.34232,5.93056,33,20,step,1.937,1.79069e+09,-3.73345,52,0.248263
1.938,2,2,nan,nan,nan,nan,2.07539,0.329867,0.308936,4.34299,5.93056,33,20,step,1.938,1.79069e+09,-3.73345,52,0.248285
1.939,2,2,nan,nan,nan,nan,2.07539,0.329867,0.322785,4.34299,5.93056,33,20,step,1.939,1.79069e+09,-3.74473,52,0.248297
1.94,2,2,nan,nan,nan,nan,1.95132,0.336849,0.348352,4.34366,5.93056,33,20,step,1.94,1.79069e+09,-3.69961,52,0.248334
1.941,2,2,nan,nan,nan,nan,1.95132,0.336849,0.343026,4.34366,5.93056,33,20,step,1.941,1.79069e+09,-3.74473,52,0.248359
1.942,2,2,nan,nan,nan,nan,2.03027,0.326377,0.345156,4.34433,5.93056,33,20,step,1.942,1.79069e+09,-3.68833,52,0.248376
1.943,2,2,nan,nan,nan,nan,2.03027,0.326377,0.365397,4.34433,5.93056,33,20,step,1.943,1.79069e+09,-3.68833,52,0.248416
1.944,2,2,nan,nan,nan,nan,2.01899,0.314159,0.374985,4.345,5.93056,33,20,step,1.944,1.79069e+09,-3.71089,52,0.248428
1.945,2,2,nan,nan,nan,nan,2.01899,0.314159,0.37605,4.345,5.93056,33,20,step,1.945,1.79069e+09,-3.71089,52,0.248428
1.946,2,2,nan,nan,nan,nan,1.86108,0.376991,0.383507,4.34567,5.93056,33,20,step,1.946,1.79069e+09,-3.66577,52,0.248448
1.947,2,2,nan,nan,nan,nan,1.86108,0.376991,0.397356,4.34567,5.93056,33,20,step,1.947,1.79069e+09,-3.74473,52,0.248484
1.948,2,2,nan,nan,nan,nan,2.00771,0.443314,0.43038,4.34653,5.93056,33,20,step,1.948,1.79069e+09,-3.72217,52,0.248533
1.949,2,2,nan,nan,nan,nan,2.00771,0.443314,0.432511,4.34653,5.93056,33,20,step,1.949,1.79069e+09,-3.63193,52,0.248555
1.95,2,2,nan,nan,nan,nan,1.88364,0.483456,0.410139,4.34749,5.93056,33,20,step,1.95,1.79069e+09,-3.63193,52,0.248575
1.951,2,2,nan,nan,nan,nan,1.88364,0.483456,0.429315,4.34749,5.93056,33,20,step,1.951,1.79069e+09,-3.66577,52,0.248609
1.952,2,2,nan,nan,nan,nan,1.91748,0.466003,0.435706,4.34845,5.93056,33,20,step,1.952,1.79069e+09,-3.68833,52,0.248625
1.953,2,2,nan,nan,nan,nan,1.91748,0.466003,0.452751,4.34845,5.93056,33,20,step,1.953,1.79069e+09,-3.62065,52,0.248629
1.954,2,2,nan,nan,nan,nan,2.10923,0.459022,0.472992,4.34941,5.93056,33,20,step,1.954,1.79069e+09,-3.65449,52,0.248646
1.955,2,2,nan,nan,nan,nan,2.10923,0.459022,0.474057,4.34941,5.93056,33,20,step,1.955,1.79069e+09,-3.68833,52,0.248684
1.956,2,2,nan,nan,nan,nan,2.10923,0.490438,0.475122,4.35037,5.93056,33,20,step,1.956,1.79069e+09,-3.68833,52,0.248717
1.957,2,2,nan,nan,nan,nan,2.10923,0.490438,0.488971,4.35037,5.93056,33,20,step,1.957,1.79069e+09,-3.68833,52,0.24872
1.958,2,2,nan,nan,nan,nan,1.92876,0.548033,0.50069,4.35142,5.93056,33,20,step,1.958,1.79069e+09,-3.64321,52,0.248748
1.959,2,2,nan,nan,nan,nan,1.92876,0.548033,0.503885,4.35142,5.93056,33,20,step,1.959,1.79069e+09,-3.69961,52,0.24877
1.96,2,2,nan,nan,nan,nan,1.99644,0.551524,0.524126,4.35257,5.93056,33,20,step,1.96,1.79069e+09,-3.68833,52,0.248779
1.961,2,2,nan,nan,nan,nan,1.99644,0.551524,0.53691,4.35257,5.93056,33,20,step,1.961,1.79069e+09,-3.65449,52,0.248811
1.962,2,2,nan,nan,nan,nan,1.91748,0.525344,0.534779,4.35363,5.93056,33,20,step,1.962,1.79069e+09,-3.64321,52,0.248841
1.963,2,2,nan,nan,nan,nan,1.91748,0.525344,0.558216,4.35363,5.93056,33,20,step,1.963,1.79069e+09,-3.62065,52,0.24886
1.964,2,2,nan,nan,nan,nan,1.91748,0.575959,0.560346,4.35478,5.93056,33,20,step,1.964,1.79069e+09,-3.60938,52,0.248891
1.965,2,2,nan,nan,nan,nan,1.91748,0.575959,0.576326,4.35478,5.93056,33,20,step,1.965,1.79069e+09,-3.5981,52,0.248878
1.966,2,2,nan,nan,nan,nan,1.97388,0.603884,0.568869,4.35593,5.93056,33,20,step,1.966,1.79069e+09,-3.60938,52,0.248891
1.967,2,2,nan,nan,nan,nan,1.97388,0.603884,0.594436,4.35593,5.93056,33,20,step,1.967,1.79069e+09,-3.63193,52,0.248919
1.968,2,2,nan,nan,nan,nan,2.03027,0.624828,0.582717,4.35718,5.93056,33,20,step,1.968,1.79069e+09,-3.60938,52,0.248933
1.969,2,2,nan,nan,nan,nan,2.03027,0.624828,0.586979,4.35718,5.93056,33,20,step,1.969,1.79069e+09,-3.62065,52,0.248959
1.97,2,2,nan,nan,nan,nan,2.04155,0.640536,0.600827,4.35852,5.93056,33,20,step,1.97,1.79069e+09,-3.5981,52,0.248977
1.971,2,2,nan,nan,nan,nan,2.04155,0.640536,0.61148,4.35852,5.93056,33,20,step,1.971,1.79069e+09,-3.5981,52,0.249005
1.972,2,2,nan,nan,nan,nan,1.95132,0.668461,0.621068,4.35986,5.93056,33,20,step,1.972,1.79069e+09,-3.64321,52,0.249005
1.973,2,2,nan,nan,nan,nan,1.95132,0.668461,0.640243,4.35986,5.93056,33,20,step,1.973,1.79069e+09,-3.5981,52,0.24898
1.974,2,2,nan,nan,nan,nan,1.98516,0.631809,0.651962,4.36111,5.93056,33,20,step,1.974,1.79069e+09,-3.63193,52,0.249013
1.975,2,2,nan,nan,nan,nan,1.98516,0.631809,0.649831,4.36111,5.93056,33,20,step,1.975,1.79069e+09,-3.64321,52,0.249049
1.976,2,2,nan,nan,nan,nan,1.89492,0.675442,0.653027,4.36245,5.93056,33,20,step,1.976,1.79069e+09,-3.5981,52,0.24907
1.977,2,2,nan,nan,nan,nan,1.89492,0.675442,0.675398,4.36245,5.93056,33,20,step,1.977,1.79069e+09,-3.56426,52,0.249096
1.978,2,2,nan,nan,nan,nan,2.00771,0.741765,0.690312,4.36389,5.93056,33,20,step,1.978,1.79069e+09,-3.5981,52,0.249101
1.979,2,2,nan,nan,nan,nan,2.00771,0.741765,0.688182,4.36389,5.93056,33,20,step,1.979,1.79069e+09,-3.56426,52,0.249107
1.98,2,2,nan,nan,nan,nan,1.9626,0.748746,0.688182,4.36542,5.93056,33,20,step,1.98,1.79069e+09,-3.57554,52,0.249114
1.981,2,2,nan,nan,nan,nan,1.9626,0.748746,0.722271,4.36542,5.93056,33,20,step,1.981,1.79069e+09,-3.5981,52,0.24911
1.982,2,2,nan,nan,nan,nan,2.04155,0.760964,0.723337,4.36696,5.93056,33,20,step,1.982,1.79069e+09,-3.5981,52,0.249123
1.983,2,2,nan,nan,nan,nan,2.04155,0.760964,0.719075,4.36696,5.93056,33,20,step,1.983,1.79069e+09,-3.60938,52,0.249139
1.984,2,2,nan,nan,nan,nan,2.04155,0.68766,0.744643,4.3683,5.93056,33,20,step,1.984,1.79069e+09,-3.56426,52,0.249187
1.985,2,2,nan,nan,nan,nan,2.04155,0.68766,0.742512,4.3683,5.93056,33,20,step,1.985,1.79069e+09,-3.57554,52,0.249226
1.986,2,2,nan,nan,nan,nan,2.01899,0.68766,0.755296,4.36974,5.93056,33,20,step,1.986,1.79069e+09,-3.5417,52,0.249216
1.987,2,2,nan,nan,nan,nan,2.01899,0.68766,0.744643,4.36974,5.93056,33,20,step,1.987,1.79069e+09,-3.55298,52,0.249226
1.988,2,2,nan,nan,nan,nan,1.87236,0.787143,0.751034,4.37127,5.93056,33,20,step,1.988,1.79069e+09,-3.56426,52,0.249229
1.989,2,2,nan,nan,nan,nan,1.87236,0.787143,0.768079,4.37127,5.93056,33,20,step,1.989,1.79069e+09,-3.55298,52,0.249235
1.99,2,2,nan,nan,nan,nan,2.03027,0.860447,0.775536,4.3729,5.93056,33,20,step,1.99,1.79069e+09,-3.55298,52,0.24925
1.991,2,2,nan,nan,nan,nan,2.03027,0.860447,0.765949,4.3729,5.93056,33,20,step,1.991,1.79069e+09,-3.55298,52,0.249259
1.992,2,2,nan,nan,nan,nan,1.87236,0.865683,0.796842,4.37482,5.93056,33,20,step,1.992,1.79069e+09,-3.5417,52,0.249242
1.993,2,2,nan,nan,nan,nan,1.87236,0.865683,0.791516,4.37482,5.93056,33,20,step,1.993,1.79069e+09,-3.51914,52,0.249216
1.994,2,2,nan,nan,nan,nan,1.9626,0.797615,0.811756,4.37626,5.93056,33,20,step,1.994,1.79069e+09,-3.58682,52,0.249233
1.995,2,2,nan,nan,nan,nan,1.9626,0.797615,0.817083,4.37626,5.93056,33,20,step,1.995,1.79069e+09,-3.55298,52,0.249247
1.996,2,2,nan,nan,nan,nan,1.9626,0.808087,0.828801,4.37789,5.93056,33,20,step,1.996,1.79069e+09,-3.55298,52,0.249284
1.997,2,2,nan,nan,nan,nan,1.9626,0.808087,0.836258,4.37789,5.93056,33,20,step,1.997,1.79069e+09,-3.5417,52,0.249327
1.998,2,2,nan,nan,nan,nan,1.98516,0.914553,0.814952,4.37971,5.93056,33,20,step,1.998,1.79069e+09,-3.47402,52,0.249325
1.999,2,2,nan,nan,nan,nan,1.98516,0.914553,0.831997,4.37971,5.93056,33,20,step,1.999,1.79069e+09,-3.4853,52,0.24932
2,2,2,nan,nan,nan,nan,1.91748,0.970403,0.859695,4.38162,5.93056,33,20,step,2,1.79069e+09,-3.53042,52,0.249309
2.001,2,2,nan,nan,nan,nan,1.91748,0.970403,0.873543,4.38162,5.93056,33,20,step,2.001,1.79069e+09,-3.5417,52,0.249312
2.002,2,2,nan,nan,nan,nan,1.94004,0.914553,0.874609,4.38345,5.93056,33,20,step,2.002,1.79069e+09,-3.5417,52,0.249336
2.003,2,2,nan,nan,nan,nan,1.94004,0.914553,0.863956,4.38345,5.93056,33,20,step,2.003,1.79069e+09,-3.49658,52,0.24934
2.004,2,2,nan,nan,nan,nan,1.9626,0.862193,0.887392,4.38527,5.93056,33,20,step,2.004,1.79069e+09,-3.47402,52,0.24936
2.005,2,2,nan,nan,nan,nan,1.9626,0.862193,0.898045,4.38527,5.93056,33,20,step,2.005,1.79069e+09,-3.51914,52,0.249397
2.006,2,2,nan,nan,nan,nan,1.95132,0.918043,0.926808,4.38699,5.93056,33,20,step,2.006,1.79069e+09,-3.4853,52,0.249396
2.007,2,2,nan,nan,nan,nan,1.95132,0.918043,0.922547,4.38699,5.93056,33,20,step,2.007,1.79069e+09,-3.46274,52,0.249408
2.008,2,2,nan,nan,nan,nan,1.89492,1.03498,0.924678,4.3891,5.93056,33,20,step,2.008,1.79069e+09,-3.49658,52,0.249422
2.009,2,2,nan,nan,nan,nan,1.89492,1.03498,0.924678,4.3891,5.93056,33,20,step,2.009,1.79069e+09,-3.46274,52,0.249446
2.01,2,2,nan,nan,nan,nan,1.87236,1.03673,0.930004,4.39112,5.93056,33,20,step,2.01,1.79069e+09,-3.45146,52,0.249469
2.011,2,2,nan,nan,nan,nan,1.87236,1.03673,0.942788,4.39112,5.93056,33,20,step,2.011,1.79069e+09,-3.42891,52,0.249479
2.012,2,2,nan,nan,nan,nan,1.9626,0.966912,0.954506,4.39313,5.93056,33,20,step,2.012,1.79069e+09,-3.45146,52,0.249496
2.013,2,2,nan,nan,nan,nan,1.9626,0.966912,0.955571,4.39313,5.93056,33,20,step,2.013,1.79069e+09,-3.44019,52,0.249529
2.014,2,2,nan,nan,nan,nan,2.03027,0.940732,0.96729,4.39495,5.93056,33,20,step,2.014,1.79069e+09,-3.44019,52,0.249526
2.015,2,2,nan,nan,nan,nan,2.03027,0.940732,0.993922,4.39495,5.93056,33,20,step,2.015,1.79069e+09,-3.42891,52,0.249544
2.016,2,2,nan,nan,nan,nan,1.91748,1.01229,0.975812,4.39696,5.93056,33,20,step,2.016,1.79069e+09,-3.46274,52,0.249565
2.017,2,2,nan,nan,nan,nan,1.91748,1.01229,0.991791,4.39696,5.93056,33,20,step,2.017,1.79069e+09,-3.45146,52,0.249619
2.018,2,2,nan,nan,nan,nan,1.95132,1.01229,1.01736,4.39898,5.93056,33,20,step,2.018,1.79069e+09,-3.40635,52,0.249649
2.019,2,2,nan,nan,nan,nan,1.95132,1.01229,1.02162,4.39898,5.93056,33,20,step,2.019,1.79069e+09,-3.37251,52,0.249644
2.02,2,2,nan,nan,nan,nan,1.97388,1.00531,1.02801,4.40099,5.93056,33,20,step,2.02,1.79069e+09,-3.38379,52,0.24965
2.021,2,2,nan,nan,nan,nan,1.97388,1.00531,1.03653,4.40099,5.93056,33,20,step,2.021,1.79069e+09,-3.41763,52,0.249629
2.022,2,2,nan,nan,nan,nan,2.04155,1.05767,1.04932,4.4031,5.93056,33,20,step,2.022,1.79069e+09,-3.40635,52,0.249624
2.023,2,2,nan,nan,nan,nan,2.04155,1.05767,1.05997,4.4031,5.93056,33,20,step,2.023,1.79069e+09,-3.45146,52,0.249633
2.024,2,2,nan,nan,nan,nan,1.95132,1.13621,1.02482,4.4054,5.93056,33,20,step,2.024,1.79069e+09,-3.41763,52,0.249647
2.025,2,2,nan,nan,nan,nan,1.95132,1.13621,1.04825,4.4054,5.93056,33,20,step,2.025,1.79069e+09,-3.41763,52,0.24971
2.026,2,2,nan,nan,nan,nan,1.99644,1.11527,1.06956,4.40761,5.93056,33,20,step,2.026,1.79069e+09,-3.39507,52,0.249721
2.027,2,2,nan,nan,nan,nan,1.99644,1.11527,1.06956,4.40761,5.93056,33,20,step,2.027,1.79069e+09,-3.32739,52,0.249695
2.028,2,2,nan,nan,nan,nan,2.07539,1.10305,1.06317,4.40981,5.93056,33,20,step,2.028,1.79069e+09,-3.39507,52,0.249691
2.029,2,2,nan,nan,nan,nan,2.07539,1.10305,1.07595,4.40981,5.93056,33,20,step,2.029,1.79069e+09,-3.41763,52,0.249704
2.03,2,2,nan,nan,nan,nan,2.04155,1.12748,1.08341,4.41221,5.93056,33,20,step,2.03,1.79069e+09,-3.37251,52,0.249725
2.031,2,2,nan,nan,nan,nan,2.04155,1.12748,1.09939,4.41221,5.93056,33,20,step,2.031,1.79069e+09,-3.36123,52,0.249729
2.032,2,2,nan,nan,nan,nan,2.00771,1.12748,1.11004,4.41451,5.93056,33,20,step,2.032,1.79069e+09,-3.37251,52,0.249728
2.033,2,2,nan,nan,nan,nan,2.00771,1.12748,1.10684,4.41451,5.93056,33,20,step,2.033,1.79069e+09,-3.36123,52,0.249733
2.034,2,2,nan,nan,nan,nan,2.03027,1.18857,1.13348,4.41671,5.93056,33,20,step,2.034,1.79069e+09,-3.38379,52,0.24973
2.035,2,2,nan,nan,nan,nan,2.03027,1.18857,1.16011,4.41671,5.93056,33,20,step,2.035,1.79069e+09,-3.36123,52,0.249738
2.036,2,2,nan,nan,nan,nan,1.9626,1.21649,1.142,4.41911,5.93056,33,20,step,2.036,1.79069e+09,-3.34995,52,0.249743
2.037,2,2,nan,nan,nan,nan,1.9626,1.21649,1.13241,4.41911,5.93056,33,20,step,2.037,1.79069e+09,-3.34995,52,0.249751
2.038,2,2,nan,nan,nan,nan,1.97388,1.15715,1.14732,4.42141,5.93056,33,20,step,2.038,1.79069e+09,-3.37251,52,0.249787
2.039,2,2,nan,nan,nan,nan,1.97388,1.15715,1.16117,4.42141,5.93056,33,20,step,2.039,1.79069e+09,-3.31611,52,0.249796
2.04,2,2,nan,nan,nan,nan,2.00771,1.11352,1.17396,4.42371,5.93056,33,20,step,2.04,1.79069e+09,-3.30483,52,0.249786
2.041,2,2,nan,nan,nan,nan,2.00771,1.11352,1.17396,4.42371,5.93066,33,20,step,2.041,1.79069e+09,-3.33867,52,0.249789
2.042,2,2,nan,nan,nan,nan,1.97388,1.16413,1.18568,4.42601,5.93066,33,20,step,2.042,1.79069e+09,-3.34995,52,0.249803
2.043,2,2,nan,nan,nan,nan,1.97388,1.16413,1.18994,4.42601,5.93066,33,20,step,2.043,1.79069e+09,-3.32739,52,0.249826
2.044,2,2,nan,nan,nan,nan,1.89492,1.22522,1.20059,4.42841,5.93066,33,20,step,2.044,1.79069e+09,-3.29355,52,0.249829
2.045,2,2,nan,nan,nan,nan,1.89492,1.22522,1.18781,4.42841,5.93066,33,20,step,2.045,1.79069e+09,-3.28228,52,0.249831
2.046,2,2,nan,nan,nan,nan,1.89492,1.25315,1.19952,4.4309,5.93066,33,20,step,2.046,1.79069e+09,-3.30483,52,0.249842
2.047,2,2,nan,nan,nan,nan,1.89492,1.25315,1.20805,4.4309,5.93066,33,20,step,2.047,1.79069e+09,-3.30483,52,0.249814
2.048,2,2,nan,nan,nan,nan,1.91748,1.29503,1.22509,4.43349,5.93066,33,20,step,2.048,1.79069e+09,-3.28228,52,0.249807
2.049,2,2,nan,nan,nan,nan,1.91748,1.29503,1.23255,4.43349,5.93066,33,20,step,2.049,1.79069e+09,-3.30483,52,0.249808
2.05,2,2,nan,nan,nan,nan,1.94004,1.30376,1.21977,4.43618,5.93066,33,20,step,2.05,1.79069e+09,-3.30483,52,0.249809
2.051,2,2,nan,nan,nan,nan,1.94004,1.30376,1.24746,4.43618,5.93066,33,20,step,2.051,1.79069e+09,-3.34995,52,0.249834
2.052,2,2,nan,nan,nan,nan,1.98516,1.24267,1.26131,4.43867,5.93075,33,20,step,2.052,1.79069e+09,-3.25972,52,0.249838
2.053,2,2,nan,nan,nan,nan,1.98516,1.24267,1.24427,4.43867,5.93075,33,20,step,2.053,1.79069e+09,-3.23716,52,0.249833
2.054,2,2,nan,nan,nan,nan,1.9626,1.30551,1.26238,4.44126,5.93075,33,20,step,2.054,1.79069e+09,-3.25972,52,0.249845
2.055,2,2,nan,nan,nan,nan,1.9626,1.30551,1.2954,4.44126,5.93075,33,20,step,2.055,1.79069e+09,-3.29355,52,0.249835
2.056,2,2,nan,nan,nan,nan,1.92876,1.34914,1.2709,4.44394,5.93075,33,20,step,2.056,1.79069e+09,-3.25972,52,0.249837
2.057,2,2,nan,nan,nan,nan,1.92876,1.34914,1.30712,4.44394,5.93075,33,20,step,2.057,1.79069e+09,-3.25972,52,0.249832
2.058,2,2,nan,nan,nan,nan,2.03027,1.29154,1.31884,4.44653,5.93085,33,20,step,2.058,1.79069e+09,-3.25972,52,0.249851
2.059,2,2,nan,nan,nan,nan,2.03027,1.29154,1.31777,4.44653,5.93085,33,20,step,2.059,1.79069e+09,-3.24844,52,0.249877
2.06,2,2,nan,nan,nan,nan,2.01899,1.30202,1.3199,4.44912,5.93085,33,20,step,2.06,1.79069e+09,-3.20332,52,0.249859
2.061,2,2,nan,nan,nan,nan,2.01899,1.30202,1.31245,4.44912,5.93085,33,20,step,2.061,1.79069e+09,-3.22588,52,0.24985
2.062,2,2,nan,nan,nan,nan,1.99644,1.29678,1.31564,4.45171,5.93085,33,20,step,2.062,1.79069e+09,-3.271,52,0.249833
2.063,2,2,nan,nan,nan,nan,1.99644,1.29678,1.34014,4.45171,5.93085,33,20,step,2.063,1.79069e+09,-3.30483,52,0.249831
2.064,2,2,nan,nan,nan,nan,2.05283,1.30376,1.3444,4.4543,5.93085,33,20,step,2.064,1.79069e+09,-3.23716,52,0.249853
2.065,2,2,nan,nan,nan,nan,2.05283,1.30376,1.36571,4.4543,5.93085,33,20,step,2.065,1.79069e+09,-3.20332,52,0.249854
2.066,2,2,nan,nan,nan,nan,1.97388,1.39801,1.3476,4.45708,5.93085,33,20,step,2.066,1.79069e+09,-3.16948,52,0.249839
2.067,2,2,nan,nan,nan,nan,1.97388,1.39801,1.34547,4.45708,5.93094,33,20,step,2.067,1.79069e+09,-3.18076,52,0.249811
2.068,2,2,nan,nan,nan,nan,1.95132,1.43641,1.36784,4.45995,5.93094,33,20,step,2.068,1.79069e+09,-3.22588,52,0.249787
2.069,2,2,nan,nan,nan,nan,1.95132,1.43641,1.38489,4.45995,5.93094,33,20,step,2.069,1.79069e+09,-3.22588,52,0.249799
2.07,2,2,nan,nan,nan,nan,2.05283,1.43815,1.37636,4.46283,5.93094,33,20,step,2.07,1.79069e+09,-3.22588,52,0.249799
2.071,2,2,nan,nan,nan,nan,2.05283,1.43815,1.37104,4.46283,5.93104,33,20,step,2.071,1.79069e+09,-3.16948,52,0.24982
2.072,2,2,nan,nan,nan,nan,1.94004,1.42419,1.36678,4.46571,5.93104,33,20,step,2.072,1.79069e+09,-3.16948,52,0.249803
2.073,2,2,nan,nan,nan,nan,1.94004,1.42419,1.38702,4.46571,5.93104,33,20,step,2.073,1.79069e+09,-3.1582,52,0.249784
2.074,2,2,nan,nan,nan,nan,1.95132,1.45735,1.41791,4.46858,5.93114,33,20,step,2.074,1.79069e+09,-3.18076,52,0.249746
2.075,2,2,nan,nan,nan,nan,1.95132,1.45735,1.41045,4.46858,5.93114,33,20,step,2.075,1.79069e+09,-3.19204,52,0.249727
2.076,2,2,nan,nan,nan,nan,1.92876,1.50796,1.39767,4.47165,5.93114,33,20,step,2.076,1.79069e+09,-3.19204,52,0.249733
2.077,2,2,nan,nan,nan,nan,1.92876,1.50796,1.42111,4.47165,5.93114,33,20,step,2.077,1.79069e+09,-3.1582,52,0.24972
2.078,2,2,nan,nan,nan,nan,1.91748,1.47655,1.42537,4.47481,5.93123,33,20,step,2.078,1.79069e+09,-3.13564,52,0.249706
2.079,2,2,nan,nan,nan,nan,1.91748,1.47655,1.43815,4.47481,5.93123,33,20,step,2.079,1.79069e+09,-3.1582,52,0.249711
2.08,2,2,nan,nan,nan,nan,2.01899,1.45386,1.4488,4.47769,5.93123,33,20,step,2.08,1.79069e+09,-3.13564,52,0.249687
2.081,2,2,nan,nan,nan,nan,2.01899,1.45386,1.44987,4.47769,5.93123,33,20,step,2.081,1.79069e+09,-3.18076,52,0.249664
2.082,2,2,nan,nan,nan,nan,1.88364,1.46259,1.4765,4.48066,5.93133,33,20,step,2.082,1.79069e+09,-3.1582,52,0.249654
2.083,2,2,nan,nan,nan,nan,1.88364,1.46259,1.46798,4.48066,5.93133,33,20,step,2.083,1.79069e+09,-3.1582,52,0.249656
2.084,2,2,nan,nan,nan,nan,2.04155,1.47131,1.46585,4.48354,5.93133,33,20,step,2.084,1.79069e+09,-3.1582,52,0.249657
2.085,2,2,nan,nan,nan,nan,2.04155,1.47131,1.48609,4.48354,5.93133,33,20,step,2.085,1.79069e+09,-3.12437,52,0.249643
2.086,2,2,nan,nan,nan,nan,1.9062,1.57429,1.48183,4.4867,5.93142,33,20,step,2.086,1.79069e+09,-3.11309,52,0.249629
2.087,2,2,nan,nan,nan,nan,1.9062,1.57429,1.48609,4.4867,5.93142,33,20,step,2.087,1.79069e+09,-3.11309,52,0.249599
2.088,2,2,nan,nan,nan,nan,1.9626,1.5516,1.50846,4.48958,5.93142,33,20,step,2.088,1.79069e+09,-3.11309,52,0.249552
2.089,2,2,nan,nan,nan,nan,1.9626,1.5516,1.52018,4.48958,5.93152,33,20,step,2.089,1.79069e+09,-3.12437,52,0.24952
2.09,2,2,nan,nan,nan,nan,2.06411,1.51844,1.51805,4.49265,5.93152,33,20,step,2.09,1.79069e+09,-3.14692,52,0.249503
2.091,2,2,nan,nan,nan,nan,2.06411,1.51844,1.50953,4.49265,5.93152,33,20,step,2.091,1.79069e+09,-3.13564,52,0.249508
2.092,2,2,nan,nan,nan,nan,1.97388,1.59872,1.5287,4.49581,5.93162,33,20,step,2.092,1.79069e+09,-3.09053,52,0.249502
2.093,2,2,nan,nan,nan,nan,1.97388,1.59872,1.54042,4.49581,5.93162,33,20,step,2.093,1.79069e+09,-3.09053,52,0.249474
2.094,2,2,nan,nan,nan,nan,2.07539,1.58127,1.54681,4.49897,5.93162,33,20,step,2.094,1.79069e+09,-3.06797,52,0.249456
2.095,2,2,nan,nan,nan,nan,2.07539,1.58127,1.56386,4.49897,5.93171,33,20,step,2.095,1.79069e+09,-3.09053,52,0.249438
2.096,2,2,nan,nan,nan,nan,1.9062,1.55858,1.57984,4.50233,5.93171,33,20,step,2.096,1.79069e+09,-3.07925,52,0.249405
2.097,2,2,nan,nan,nan,nan,1.9062,1.55858,1.55959,4.50233,5.93181,33,20,step,2.097,1.79069e+09,-3.07925,52,0.249362
2.098,2,2,nan,nan,nan,nan,1.98516,1.56032,1.56492,4.50521,5.93181,33,20,step,2.098,1.79069e+09,-3.10181,52,0.249328
2.099,2,2,nan,nan,nan,nan,1.98516,1.56032,1.56599,4.50521,5.9319,33,20,step,2.099,1.79069e+09,-3.06797,52,0.249298
2.1,2,-2,nan,nan,nan,nan,1.91748,1.59349,1.59475,4.50866,5.9319,33,20,step,2.1,1.79069e+09,-3.05669,52,0.24928
2.101,2,-2,nan,nan,nan,nan,1.91748,1.59349,1.58623,4.50866,5.9319,33,20,step,2.101,1.79069e+09,-3.13564,52,0.249243
2.102,2,-2,nan,nan,nan,nan,1.89492,1.66679,1.5809,4.51173,5.932,33,20,step,2.102,1.79069e+09,-3.04541,52,0.249181
2.103,2,-2,nan,nan,nan,nan,1.89492,1.66679,1.61499,4.51173,5.932,33,20,step,2.103,1.79069e+09,-3.07925,52,0.24915
2.104,2,-2,nan,nan,nan,nan,0,1.4207,1.60966,4.5147,5.9321,33,20,step,2.104,1.79069e+09,-3.06797,52,0.249103
2.105,2,-2,nan,nan,nan,nan,0,1.4207,1.60114,4.5147,5.9321,33,20,step,2.105,1.79069e+09,-3.11309,52,0.249059
2.106,2,-2,nan,nan,nan,nan,-0.101514,0.841249,1.59581,4.51661,5.9321,33,20,step,2.106,1.79069e+09,-3.05669,52,0.249024
2.107,2,-2,nan,nan,nan,nan,-0.101514,0.841249,1.59901,4.51661,5.93219,33,20,step,2.107,1.79069e+09,-3.04541,52,0.24899
2.108,2,-2,nan,nan,nan,nan,-0.744434,1.03847,1.60114,4.51853,5.93219,33,20,step,2.108,1.79069e+09,-3.04541,52,0.248938
2.109,2,-2,nan,nan,nan,nan,-0.744434,1.03847,1.59368,4.51853,5.93219,33,20,step,2.109,1.79069e+09,-3.03413,52,0.248856
2.11,2,-2,nan,nan,nan,nan,-1.51143,1.51669,1.57664,4.52141,5.93229,33,20,step,2.11,1.79069e+09,-3.05669,52,0.248744
2.111,2,-2,nan,nan,nan,nan,-1.51143,1.51669,1.55533,4.52141,5.93229,33,20,step,2.111,1.79069e+09,-3.04541,52,0.248652
2.112,2,-2,nan,nan,nan,nan,-1.64678,1.65632,1.56066,4.52496,5.93229,33,20,step,2.112,1.79069e+09,-3.04541,52,0.248531
2.113,2,-2,nan,nan,nan,nan,-1.64678,1.65632,1.52018,4.52496,5.93229,33,20,step,2.113,1.79069e+09,-3.04541,52,0.248439
2.114,2,-2,nan,nan,nan,nan,-1.80469,1.62316,1.51805,4.52822,5.93229,33,20,step,2.114,1.79069e+09,-3.00029,52,0.248293
2.115,2,-2,nan,nan,nan,nan,-1.80469,1.62316,1.51485,4.52822,5.93238,33,20,step,2.115,1.79069e+09,-3.03413,52,0.248177
2.116,2,-2,nan,nan,nan,nan,-1.81597,1.44862,1.49568,4.53119,5.93238,33,20,step,2.116,1.79069e+09,-3.12437,52,0.248064
2.117,2,-2,nan,nan,nan,nan,-1.81597,1.44862,1.48396,4.53119,5.93238,33,20,step,2.117,1.79069e+09,-3.06797,52,0.247964
2.118,2,-2,nan,nan,nan,nan,-1.72573,1.35787,1.45733,4.53387,5.93238,33,20,step,2.118,1.79069e+09,-3.11309,52,0.247924
2.119,2,-2,nan,nan,nan,nan,-1.72573,1.35787,1.4552,4.53387,5.93248,33,20,step,2.119,1.79069e+09,-3.04541,52,0.247854
2.12,2,-2,nan,nan,nan,nan,-1.95132,1.4015,1.46159,4.53665,5.93248,33,20,step,2.12,1.79069e+09,-3.01157,52,0.247755
2.121,2,-2,nan,nan,nan,nan,-1.95132,1.4015,1.42963,4.53665,5.93257,33,20,step,2.121,1.79069e+09,-3.04541,52,0.247668
2.122,2,-2,nan,nan,nan,nan,-1.9062,1.3631,1.41045,4.53943,5.93257,33,20,step,2.122,1.79069e+09,-3.04541,52,0.247535
2.123,2,-2,nan,nan,nan,nan,-1.9062,1.3631,1.39234,4.53943,5.93267,33,20,step,2.123,1.79069e+09,-3.11309,52,0.247431
2.124,2,-2,nan,nan,nan,nan,-1.97388,1.41023,1.38808,4.54221,5.93277,33,20,step,2.124,1.79069e+09,-3.1582,52,0.247306
2.125,2,-2,nan,nan,nan,nan,-1.97388,1.41023,1.37636,4.54221,5.93277,33,20,step,2.125,1.79069e+09,-3.04541,52,0.247178
2.126,2,-2,nan,nan,nan,nan,-2.10923,1.39277,1.34547,4.54499,5.93286,33,20,step,2.126,1.79069e+09,-3.03413,52,0.247064
2.127,2,-2,nan,nan,nan,nan,-2.10923,1.39277,1.30712,4.54499,5.93286,33,20,step,2.127,1.79069e+09,-3.11309,52,0.246938
2.128,2,-2,nan,nan,nan,nan,-2.00771,1.37357,1.28049,4.54777,5.93286,33,20,step,2.128,1.79069e+09,-3.05669,52,0.24687
2.129,2,-2,nan,nan,nan,nan,-2.00771,1.37357,1.26344,4.54777,5.93296,33,20,step,2.129,1.79069e+09,-3.09053,52,0.246766
2.13,2,-2,nan,nan,nan,nan,-2.04155,1.41546,1.28155,4.55055,5.93296,33,20,step,2.13,1.79069e+09,-2.98901,52,0.246662
2.131,2,-2,nan,nan,nan,nan,-2.04155,1.41546,1.27836,4.55055,5.93296,33,20,step,2.131,1.79069e+09,-3.09053,52,0.246588
2.132,2,-2,nan,nan,nan,nan,-1.91748,1.23918,1.21337,4.55295,5.93305,33,20,step,2.132,1.79069e+09,-3.01157,52,0.246498
2.133,2,-2,nan,nan,nan,nan,-1.91748,1.23918,1.19313,4.55295,5.93305,33,20,step,2.133,1.79069e+09,-3.02285,52,0.246435
2.134,2,-2,nan,nan,nan,nan,-1.87236,1.15192,1.191,4.55544,5.93315,33,20,step,2.134,1.79069e+09,-3.07925,52,0.246383
2.135,2,-2,nan,nan,nan,nan,-1.87236,1.15192,1.17502,4.55544,5.93315,33,20,step,2.135,1.79069e+09,-2.95518,52,0.246295
2.136,2,-2,nan,nan,nan,nan,-1.9626,1.20079,1.1697,4.55765,5.93325,33,20,step,2.136,1.79069e+09,-2.98901,52,0.246234
2.137,2,-2,nan,nan,nan,nan,-1.9626,1.20079,1.16117,4.55765,5.93334,33,20,step,2.137,1.79069e+09,-3.02285,52,0.246151
2.138,2,-2,nan,nan,nan,nan,-2.05283,1.15192,1.15478,4.55995,5.93344,33,20,step,2.138,1.79069e+09,-2.97773,52,0.246048
2.139,2,-2,nan,nan,nan,nan,-2.05283,1.15192,1.14306,4.55995,5.93344,33,20,step,2.139,1.79069e+09,-2.97773,52,0.245974
2.14,2,-2,nan,nan,nan,nan,-1.9626,1.12748,1.10897,4.56225,5.93353,33,20,step,2.14,1.79069e+09,-2.95518,52,0.245859
2.141,2,-2,nan,nan,nan,nan,-1.9626,1.12748,1.08128,4.56225,5.93353,33,20,step,2.141,1.79069e+09,-2.96646,52,0.245779
2.142,2,-2,nan,nan,nan,nan,-2.00771,1.213,1.06743,4.56465,5.93353,33,20,step,2.142,1.79069e+09,-2.95518,52,0.245658
2.143,2,-2,nan,nan,nan,nan,-2.00771,1.213,1.07275,4.56465,5.93363,33,20,step,2.143,1.79069e+09,-2.96646,52,0.245537
2.144,2,-2,nan,nan,nan,nan,-1.9626,1.13272,1.03227,4.56714,5.93363,33,20,step,2.144,1.79069e+09,-3.07925,52,0.245451
2.145,2,-2,nan,nan,nan,nan,-1.9626,1.13272,1.01949,4.56714,5.93363,33,20,step,2.145,1.79069e+09,-3.09053,52,0.245378
2.146,2,-2,nan,nan,nan,nan,-1.91748,0.980875,1.0131,4.56896,5.93363,33,20,step,2.146,1.79069e+09,-3.00029,52,0.245343
2.147,2,-2,nan,nan,nan,nan,-1.91748,0.980875,0.9854,4.56896,5.93363,33,20,step,2.147,1.79069e+09,-3.04541,52,0.245313
2.148,2,-2,nan,nan,nan,nan,-1.94004,1.00182,0.973681,4.57098,5.93373,33,20,step,2.148,1.79069e+09,-2.93262,52,0.245254
2.149,2,-2,nan,nan,nan,nan,-1.94004,1.00182,0.977943,4.57098,5.93373,33,20,step,2.149,1.79069e+09,-3.01157,52,0.245202
2.15,2,-2,nan,nan,nan,nan,-1.88364,1.04545,0.941723,4.57318,5.93382,33,20,step,2.15,1.79069e+09,-3.04541,52,0.245112
2.151,2,-2,nan,nan,nan,nan,-1.88364,1.04545,0.945984,4.57318,5.93382,33,20,step,2.151,1.79069e+09,-3.04541,52,0.24504
2.152,2,-2,nan,nan,nan,nan,-1.9062,0.905826,0.925743,4.575,5.93392,33,20,step,2.152,1.79069e+09,-3.06797,52,0.244946
2.153,2,-2,nan,nan,nan,nan,-1.9062,0.905826,0.914025,4.575,5.93392,33,20,step,2.153,1.79069e+09,-3.02285,52,0.244844
2.154,2,-2,nan,nan,nan,nan,-1.88364,0.802851,0.916155,4.57663,5.93401,33,20,step,2.154,1.79069e+09,-2.89878,52,0.244768
2.155,2,-2,nan,nan,nan,nan,-1.88364,0.802851,0.871413,4.57663,5.93401,33,20,step,2.155,1.79069e+09,-3.03413,52,0.24468
2.156,2,-2,nan,nan,nan,nan,-1.8498,0.84823,0.850107,4.57836,5.93401,33,20,step,2.156,1.79069e+09,-3.02285,52,0.244599
2.157,2,-2,nan,nan,nan,nan,-1.8498,0.84823,0.853303,4.57836,5.93401,33,20,step,2.157,1.79069e+09,-3.03413,52,0.244549
2.158,2,-2,nan,nan,nan,nan,-1.91748,0.870919,0.833062,4.58008,5.93401,33,20,step,2.158,1.79069e+09,-3.02285,52,0.244476
2.159,2,-2,nan,nan,nan,nan,-1.91748,0.870919,0.818148,4.58008,5.93411,33,20,step,2.159,1.79069e+09,-2.98901,52,0.244436
2.16,2,-2,nan,nan,nan,nan,-1.97388,0.776672,0.79045,4.58171,5.93411,33,20,step,2.16,1.79069e+09,-2.91006,52,0.244377
2.161,2,-2,nan,nan,nan,nan,-1.97388,0.776672,0.792581,4.58171,5.93411,33,20,step,2.161,1.79069e+09,-2.98901,52,0.244324
2.162,2,-2,nan,nan,nan,nan,-1.95132,0.670206,0.774471,4.58306,5.9342,33,20,step,2.162,1.79069e+09,-3.00029,52,0.244284
2.163,2,-2,nan,nan,nan,nan,-1.95132,0.670206,0.749969,4.58306,5.9342,33,20,step,2.163,1.79069e+09,-2.96646,52,0.244188
2.164,2,-2,nan,nan,nan,nan,-1.94004,0.706858,0.742512,4.5844,5.9343,33,20,step,2.164,1.79069e+09,-3.00029,52,0.244117
2.165,2,-2,nan,nan,nan,nan,-1.94004,0.706858,0.71588,4.5844,5.9343,33,20,step,2.165,1.79069e+09,-3.03413,52,0.244048
2.166,2,-2,nan,nan,nan,nan,-1.97388,0.750492,0.705227,4.58593,5.9344,33,20,step,2.166,1.79069e+09,-3.00029,52,0.243943
2.167,2,-2,nan,nan,nan,nan,-1.97388,0.750492,0.697769,4.58593,5.9344,33,20,step,2.167,1.79069e+09,-2.98901,52,0.243872
2.168,2,-2,nan,nan,nan,nan,-2.00771,0.74351,0.677529,4.58747,5.9344,33,20,step,2.168,1.79069e+09,-3.02285,52,0.243797
2.169,2,-2,nan,nan,nan,nan,-2.00771,0.74351,0.671137,4.58747,5.9344,33,20,step,2.169,1.79069e+09,-2.98901,52,0.243729
2.17,2,-2,nan,nan,nan,nan,-2.03027,0.6353,0.632786,4.58871,5.9344,33,20,step,2.17,1.79069e+09,-2.87622,52,0.243636
2.171,2,-2,nan,nan,nan,nan,-2.03027,0.6353,0.625329,4.58871,5.9344,33,20,step,2.171,1.79069e+09,-3.00029,52,0.243553
2.172,2,-2,nan,nan,nan,nan,-1.97388,0.548033,0.602958,4.58986,5.93449,33,20,step,2.172,1.79069e+09,-2.91006,52,0.243504
2.173,2,-2,nan,nan,nan,nan,-1.97388,0.548033,0.600827,4.58986,5.93449,33,20,step,2.173,1.79069e+09,-3.00029,52,0.243451
2.174,2,-2,nan,nan,nan,nan,-1.9062,0.541052,0.583783,4.59092,5.93449,33,20,step,2.174,1.79069e+09,-3.00029,52,0.243417
2.175,2,-2,nan,nan,nan,nan,-1.9062,0.541052,0.548628,4.59092,5.93449,33,20,step,2.175,1.79069e+09,-2.98901,52,0.243361
2.176,2,-2,nan,nan,nan,nan,-1.9062,0.570723,0.531583,4.59207,5.93449,33,20,step,2.176,1.79069e+09,-2.85366,52,0.243271
2.177,2,-2,nan,nan,nan,nan,-1.9062,0.570723,0.513473,4.59207,5.93449,33,20,step,2.177,1.79069e+09,-2.93262,52,0.243218
2.178,2,-2,nan,nan,nan,nan,-1.88364,0.555015,0.516669,4.59322,5.93459,33,20,step,2.178,1.79069e+09,-2.91006,52,0.243118
2.179,2,-2,nan,nan,nan,nan,-1.88364,0.555015,0.496428,4.59322,5.93459,33,20,step,2.179,1.79069e+09,-3.01157,52,0.242984
2.18,2,-2,nan,nan,nan,nan,-1.97388,0.5044,0.494298,4.59427,5.93459,33,20,step,2.18,1.79069e+09,-3.04541,52,0.242945
2.181,2,-2,nan,nan,nan,nan,-1.97388,0.5044,0.458078,4.59427,5.93459,33,20,step,2.181,1.79069e+09,-2.93262,52,0.242886
2.182,2,-2,nan,nan,nan,nan,-1.91748,0.410152,0.420792,4.59504,5.93468,33,20,step,2.182,1.79069e+09,-2.85366,52,0.242823
2.183,2,-2,nan,nan,nan,nan,-1.91748,0.410152,0.442098,4.59504,5.93468,33,20,step,2.183,1.79069e+09,-3.00029,52,0.242764
2.184,2,-2,nan,nan,nan,nan,-2.05283,0.357792,0.427184,4.59581,5.93468,33,20,step,2.184,1.79069e+09,-3.02285,52,0.242704
2.185,2,-2,nan,nan,nan,nan,-2.05283,0.357792,0.41227,4.59581,5.93468,33,20,step,2.185,1.79069e+09,-3.01157,52,0.242664
2.186,2,-2,nan,nan,nan,nan,-2.06411,0.352557,0.405878,4.59648,5.93468,33,20,step,2.186,1.79069e+09,-2.98901,52,0.242598
2.187,2,-2,nan,nan,nan,nan,-2.06411,0.352557,0.370723,4.59648,5.93478,33,20,step,2.187,1.79069e+09,-2.9439,52,0.242571
2.188,2,-2,nan,nan,nan,nan,-2.09795,0.366519,0.324916,4.59724,5.93478,33,20,step,2.188,1.79069e+09,-2.86494,52,0.242504
2.189,2,-2,nan,nan,nan,nan,-2.09795,0.366519,0.335569,4.59724,5.93488,33,20,step,2.189,1.79069e+09,-2.95518,52,0.242429
2.19,2,-2,nan,nan,nan,nan,-2.06411,0.397935,0.312132,4.59801,5.93488,33,20,step,2.19,1.79069e+09,-2.95518,52,0.242365
2.191,2,-2,nan,nan,nan,nan,-2.06411,0.397935,0.299348,4.59801,5.93497,33,20,step,2.191,1.79069e+09,-2.98901,52,0.24226
2.192,2,-2,nan,nan,nan,nan,-1.99644,0.359538,0.295087,4.59878,5.93497,33,20,step,2.192,1.79069e+09,-2.98901,52,0.242177
2.193,2,-2,nan,nan,nan,nan,-1.99644,0.359538,0.273781,4.59878,5.93507,33,20,step,2.193,1.79069e+09,-3.01157,52,0.242085
2.194,2,-2,nan,nan,nan,nan,-1.95132,0.307178,0.247149,4.59935,5.93507,33,20,step,2.194,1.79069e+09,-3.00029,52,0.242023
2.195,2,-2,nan,nan,nan,nan,-1.95132,0.307178,0.237561,4.59935,5.93507,33,20,step,2.195,1.79069e+09,-2.85366,52,0.241993
2.196,2,-2,nan,nan,nan,nan,-1.94004,0.226893,0.214125,4.59983,5.93507,33,20,step,2.196,1.79069e+09,-2.95518,52,0.241952
2.197,2,-2,nan,nan,nan,nan,-1.94004,0.226893,0.213059,4.59983,5.93516,33,20,step,2.197,1.79069e+09,-2.95518,52,0.241899
2.198,2,-2,nan,nan,nan,nan,-1.88364,0.151844,0.192819,4.60022,5.93516,33,20,step,2.198,1.79069e+09,-2.95518,52,0.241838
2.199,2,-2,nan,nan,nan,nan,-1.88364,0.151844,0.177905,4.60022,5.93516,33,20,step,2.199,1.79069e+09,-2.98901,52,0.241788
2.2,2,-2,nan,nan,nan,nan,-1.91748,0.115192,0.16299,4.60041,5.93516,33,20,step,2.2,1.79069e+09,-3.00029,52,0.241764
2.201,2,-2,nan,nan,nan,nan,-1.91748,0.115192,0.127836,4.60041,5.93526,33,20,step,2.201,1.79069e+09,-2.87622,52,0.241706
2.202,2,-2,nan,nan,nan,nan,-1.94004,0.120428,0.117183,4.6007,5.93526,33,20,step,2.202,1.79069e+09,-2.93262,52,0.241672
2.203,2,-2,nan,nan,nan,nan,-1.94004,0.120428,0.110791,4.6007,5.93526,33,20,step,2.203,1.79069e+09,-2.98901,52,0.241598
2.204,2,-2,nan,nan,nan,nan,-1.95132,0.111701,0.118248,4.60089,5.93526,33,20,step,2.204,1.79069e+09,-2.8875,52,0.241516
2.205,2,-2,nan,nan,nan,nan,-1.95132,0.111701,0.0809626,4.60089,5.93526,33,20,step,2.205,1.79069e+09,-2.89878,52,0.241456
2.206,2,-2,nan,nan,nan,nan,-1.94004,0.0872665,0.0660484,4.60108,5.93536,33,20,step,2.206,1.79069e+09,-2.98901,52,0.241389
2.207,2,-2,nan,nan,nan,nan,-1.94004,0.0872665,0.057526,4.60108,5.93536,33,20,step,2.207,1.79069e+09,-3.00029,52,0.241331
2.208,2,-2,nan,nan,nan,nan,-1.94004,0.0349066,0.0372854,4.60118,5.93536,33,20,step,2.208,1.79069e+09,-2.87622,52,0.241282
2.209,2,-2,nan,nan,nan,nan,-1.94004,0.0349066,0.039416,4.60118,5.93536,33,20,step,2.209,1.79069e+09,-2.87622,52,0.241227
2.21,2,-2,nan,nan,nan,nan,-1.94004,0.0139626,0.0117183,4.60118,5.93536,33,20,step,2.21,1.79069e+09,-2.87622,52,0.241193
2.211,2,-2,nan,nan,nan,nan,-1.94004,0.0139626,-0.0234365,4.60118,5.93536,33,20,step,2.211,1.79069e+09,-2.89878,52,0.24113
2.212,2,-2,nan,nan,nan,nan,-1.9626,0,-0.0213059,4.60118,5.93536,33,20,step,2.212,1.79069e+09,-2.93262,52,0.241053
2.213,2,-2,nan,nan,nan,nan,-1.9626,0,-0.0170448,4.60118,5.93536,33,20,step,2.213,1.79069e+09,-2.92134,52,0.241025
2.214,2,-2,nan,nan,nan,nan,-1.95132,-0.00872665,-0.0319589,4.60118,5.93536,33,20,step,2.214,1.79069e+09,-3.04541,52,0.240979
2.215,2,-2,nan,nan,nan,nan,-1.95132,-0.00872665,-0.0585913,4.60118,5.93536,33,20,step,2.215,1.79069e+09,-2.91006,52,0.240966
2.216,2,-2,nan,nan,nan,nan,-2.00771,-0.0349066,-0.0713749,4.60118,5.93536,33,20,step,2.216,1.79069e+09,-2.93262,52,0.240928
2.217,2,-2,nan,nan,nan,nan,-2.00771,-0.0349066,-0.0852238,4.60118,5.93536,33,20,step,2.217,1.79069e+09,-2.87622,52,0.240863
2.218,2,-2,nan,nan,nan,nan,-1.95132,-0.0645772,-0.0798973,4.60108,5.93536,33,20,step,2.218,1.79069e+09,-2.8875,52,0.240809
2.219,2,-2,nan,nan,nan,nan,-1.95132,-0.0645772,-0.109726,4.60108,5.93536,33,20,step,2.219,1.79069e+09,-2.97773,52,0.240749
2.22,2,-2,nan,nan,nan,nan,-2.00771,-0.0837758,-0.115052,4.60089,5.93545,33,20,step,2.22,1.79069e+09,-2.95518,52,0.240714
2.221,2,-2,nan,nan,nan,nan,-2.00771,-0.0837758,-0.132097,4.60089,5.93545,33,20,step,2.221,1.79069e+09,-2.9439,52,0.240688
2.222,2,-2,nan,nan,nan,nan,-1.91748,-0.120428,-0.141684,4.6006,5.93545,33,20,step,2.222,1.79069e+09,-2.93262,52,0.24068
2.223,2,-2,nan,nan,nan,nan,-1.91748,-0.120428,-0.140619,4.6006,5.93545,33,20,step,2.223,1.79069e+09,-2.8875,52,0.240682
2.224,2,-2,nan,nan,nan,nan,-1.94004,-0.164061,-0.16299,4.60031,5.93545,33,20,step,2.224,1.79069e+09,-2.89878,52,0.240644
2.225,2,-2,nan,nan,nan,nan,-1.94004,-0.164061,-0.201341,4.60031,5.93545,33,20,step,2.225,1.79069e+09,-2.8875,52,0.240612
2.226,2,-2,nan,nan,nan,nan,-1.91748,-0.191986,-0.174709,4.59993,5.93545,33,20,step,2.226,1.79069e+09,-2.91006,52,0.240584
2.227,2,-2,nan,nan,nan,nan,-1.91748,-0.191986,-0.171513,4.59993,5.93545,33,20,step,2.227,1.79069e+09,-3.02285,52,0.240551
2.228,2,-2,nan,nan,nan,nan,-2.00771,-0.21293,-0.198145,4.59955,5.93545,33,20,step,2.228,1.79069e+09,-2.8875,52,0.240553
2.229,2,-2,nan,nan,nan,nan,-2.00771,-0.21293,-0.225843,4.59955,5.93545,33,20,step,2.229,1.79069e+09,-2.8875,52,0.240508
2.23,2,-2,nan,nan,nan,nan,-1.94004,-0.235619,-0.232235,4.59907,5.93545,33,20,step,2.23,1.79069e+09,-2.8875,52,0.240462
2.231,2,-2,nan,nan,nan,nan,-1.94004,-0.235619,-0.236496,4.59907,5.93555,33,20,step,2.231,1.79069e+09,-2.91006,52,0.240446
2.232,2,-2,nan,nan,nan,nan,-2.05283,-0.260054,-0.246084,4.59859,5.93555,33,20,step,2.232,1.79069e+09,-2.89878,52,0.240408
2.233,2,-2,nan,nan,nan,nan,-2.05283,-0.260054,-0.240757,4.59859,5.93555,33,20,step,2.233,1.79069e+09,-2.92134,52,0.240402
2.234,2,-2,nan,nan,nan,nan,-1.9626,-0.284489,-0.258867,4.59801,5.93555,33,20,step,2.234,1.79069e+09,-2.89878,52,0.240386
2.235,2,-2,nan,nan,nan,nan,-1.9626,-0.284489,-0.289761,4.59801,5.93555,33,20,step,2.235,1.79069e+09,-2.8875,52,0.240369
2.236,2,-2,nan,nan,nan,nan,-1.97388,-0.303687,-0.281238,4.59744,5.93555,33,20,step,2.236,1.79069e+09,-2.86494,52,0.240366
2.237,2,-2,nan,nan,nan,nan,-1.97388,-0.303687,-0.279108,4.59744,5.93555,33,20,step,2.237,1.79069e+09,-2.86494,52,0.240339
2.238,2,-2,nan,nan,nan,nan,-1.9626,-0.331613,-0.288695,4.59677,5.93555,33,20,step,2.238,1.79069e+09,-2.8875,52,0.240322
2.239,2,-2,nan,nan,nan,nan,-1.9626,-0.331613,-0.306806,4.59677,5.93555,33,20,step,2.239,1.79069e+09,-2.89878,52,0.240296
2.24,2,-2,nan,nan,nan,nan,-2.01899,-0.368264,-0.325981,4.596,5.93555,33,20,step,2.24,1.79069e+09,-2.8875,52,0.240265
2.241,2,-2,nan,nan,nan,nan,-2.01899,-0.368264,-0.332373,4.596,5.93555,33,20,step,2.241,1.79069e+09,-2.8875,52,0.240261
2.242,2,-2,nan,nan,nan,nan,-2.00771,-0.378736,-0.333438,4.59523,5.93555,33,20,step,2.242,1.79069e+09,-2.91006,52,0.240255
2.243,2,-2,nan,nan,nan,nan,-2.00771,-0.378736,-0.345156,4.59523,5.93555,33,20,step,2.243,1.79069e+09,-3.00029,52,0.24025
2.244,2,-2,nan,nan,nan,nan,-2.01899,-0.3735,-0.366462,4.59446,5.93555,33,20,step,2.244,1.79069e+09,-2.8875,52,0.240224
2.245,2,-2,nan,nan,nan,nan,-2.01899,-0.3735,-0.355809,4.59446,5.93555,33,20,step,2.245,1.79069e+09,-2.89878,52,0.240198
2.246,2,-2,nan,nan,nan,nan,-1.91748,-0.352557,-0.381376,4.59379,5.93555,33,20,step,2.246,1.79069e+09,-2.89878,52,0.240178
2.247,2,-2,nan,nan,nan,nan,-1.91748,-0.352557,-0.371789,4.59379,5.93555,33,20,step,2.247,1.79069e+09,-2.9439,52,0.240147
2.248,2,-2,nan,nan,nan,nan,-2.05283,-0.385718,-0.397356,4.59303,5.93555,33,20,step,2.248,1.79069e+09,-2.93262,52,0.240134
2.249,2,-2,nan,nan,nan,nan,-2.05283,-0.385718,-0.425053,4.59303,5.93555,33,20,step,2.249,1.79069e+09,-2.9439,52,0.240103
2.25,2,-2,nan,nan,nan,nan,-1.9062,-0.431096,-0.413335,4.59216,5.93555,33,20,step,2.25,1.79069e+09,-2.9439,52,0.240088
2.251,2,-2,nan,nan,nan,nan,-1.9062,-0.431096,-0.433576,4.59216,5.93555,33,20,step,2.251,1.79069e+09,-2.93262,52,0.240096
2.252,2,-2,nan,nan,nan,nan,-1.9062,-0.506145,-0.436772,4.5912,5.93555,33,20,step,2.252,1.79069e+09,-2.89878,52,0.240086
2.253,2,-2,nan,nan,nan,nan,-1.9062,-0.506145,-0.438902,4.5912,5.93555,33,20,step,2.253,1.79069e+09,-2.92134,52,0.240042
2.254,2,-2,nan,nan,nan,nan,-1.98516,-0.532325,-0.462339,4.59015,5.93555,33,20,step,2.254,1.79069e+09,-2.9439,52,0.240031
2.255,2,-2,nan,nan,nan,nan,-1.98516,-0.532325,-0.48258,4.59015,5.93555,33,20,step,2.255,1.79069e+09,-2.95518,52,0.24001
2.256,2,-2,nan,nan,nan,nan,-2.10923,-0.525344,-0.478318,4.5891,5.93555,33,20,step,2.256,1.79069e+09,-2.93262,52,0.240012
2.257,2,-2,nan,nan,nan,nan,-2.10923,-0.525344,-0.470861,4.5891,5.93555,33,20,step,2.257,1.79069e+09,-2.96646,52,0.240007
2.258,2,-2,nan,nan,nan,nan,-1.92876,-0.521853,-0.493232,4.58804,5.93555,33,20,step,2.258,1.79069e+09,-2.9439,52,0.239978
2.259,2,-2,nan,nan,nan,nan,-1.92876,-0.521853,-0.5188,4.58804,5.93555,33,20,step,2.259,1.79069e+09,-2.92134,52,0.23993
2.26,2,-2,nan,nan,nan,nan,-1.94004,-0.5044,-0.528387,4.58699,5.93555,33,20,step,2.26,1.79069e+09,-2.97773,52,0.239882
2.261,2,-2,nan,nan,nan,nan,-1.94004,-0.5044,-0.528387,4.58699,5.93555,33,20,step,2.261,1.79069e+09,-3.00029,52,0.239865
2.262,2,-2,nan,nan,nan,nan,-1.98516,-0.506145,-0.513473,4.58593,5.93555,33,20,step,2.262,1.79069e+09,-2.96646,52,0.239825
2.263,2,-2,nan,nan,nan,nan,-1.98516,-0.506145,-0.53691,4.58593,5.93555,33,20,step,2.263,1.79069e+09,-2.98901,52,0.239794
2.264,2,-2,nan,nan,nan,nan,-1.95132,-0.553269,-0.558216,4.58488,5.93555,33,20,step,2.264,1.79069e+09,-2.97773,52,0.239797
2.265,2,-2,nan,nan,nan,nan,-1.95132,-0.553269,-0.581652,4.58488,5.93555,33,20,step,2.265,1.79069e+09,-2.97773,52,0.239781
2.266,2,-2,nan,nan,nan,nan,-1.9626,-0.638791,-0.585913,4.58363,5.93555,33,20,step,2.266,1.79069e+09,-3.07925,52,0.239764
2.267,2,-2,nan,nan,nan,nan,-1.9626,-0.638791,-0.589109,4.58363,5.93555,33,20,step,2.267,1.79069e+09,-2.95518,52,0.239721
2.268,2,-2,nan,nan,nan,nan,-2.01899,-0.69115,-0.596566,4.58229,5.93555,33,20,step,2.268,1.79069e+09,-3.01157,52,0.239703
2.269,2,-2,nan,nan,nan,nan,-2.01899,-0.69115,-0.589109,4.58229,5.93555,33,20,step,2.269,1.79069e+09,-3.03413,52,0.239697
2.27,2,-2,nan,nan,nan,nan,-1.99644,-0.689405,-0.604023,4.58095,5.93555,33,20,step,2.27,1.79069e+09,-2.98901,52,0.239704
2.271,2,-2,nan,nan,nan,nan,-1.99644,-0.689405,-0.613611,4.58095,5.93555,33,20,step,2.271,1.79069e+09,-2.96646,52,0.239701
2.272,2,-2,nan,nan,nan,nan,-1.98516,-0.656244,-0.634917,4.5796,5.93555,33,20,step,2.272,1.79069e+09,-2.95518,52,0.239664
2.273,2,-2,nan,nan,nan,nan,-1.98516,-0.656244,-0.615742,4.5796,5.93555,33,20,step,2.273,1.79069e+09,-3.00029,52,0.239623
2.274,2,-2,nan,nan,nan,nan,-2.03027,-0.591667,-0.634917,4.57836,5.93555,33,20,step,2.274,1.79069e+09,-3.01157,52,0.239605
2.275,2,-2,nan,nan,nan,nan,-2.03027,-0.591667,-0.649831,4.57836,5.93555,33,20,step,2.275,1.79069e+09,-3.01157,52,0.239576
2.276,2,-2,nan,nan,nan,nan,-2.01899,-0.596903,-0.680725,4.57721,5.93555,33,20,step,2.276,1.79069e+09,-3.03413,52,0.239578
2.277,2,-2,nan,nan,nan,nan,-2.01899,-0.596903,-0.6999,4.57721,5.93555,33,20,step,2.277,1.79069e+09,-3.02285,52,0.239566
2.278,2,-2,nan,nan,nan,nan,-1.99644,-0.699877,-0.683921,4.57586,5.93555,33,20,step,2.278,1.79069e+09,-2.98901,52,0.239561
2.279,2,-2,nan,nan,nan,nan,-1.99644,-0.699877,-0.686051,4.57586,5.93555,33,20,step,2.279,1.79069e+09,-3.01157,52,0.239561
2.28,2,-2,nan,nan,nan,nan,-1.91748,-0.801106,-0.694574,4.57414,5.93555,33,20,step,2.28,1.79069e+09,-3.11309,52,0.239545
2.281,2,-2,nan,nan,nan,nan,-1.91748,-0.801106,-0.703096,4.57414,5.93555,33,20,step,2.281,1.79069e+09,-3.07925,52,0.239527
2.282,2,-2,nan,nan,nan,nan,-1.8498,-0.809833,-0.716945,4.57251,5.93555,33,20,step,2.282,1.79069e+09,-3.05669,52,0.239532
2.283,2,-2,nan,nan,nan,nan,-1.8498,-0.809833,-0.708422,4.57251,5.93555,33,20,step,2.283,1.79069e+09,-3.05669,52,0.239549
2.284,2,-2,nan,nan,nan,nan,-1.9062,-0.741765,-0.732924,4.57107,5.93555,33,20,step,2.284,1.79069e+09,-3.03413,52,0.239562
2.285,2,-2,nan,nan,nan,nan,-1.9062,-0.741765,-0.746773,4.57107,5.93555,33,20,step,2.285,1.79069e+09,-3.00029,52,0.239539
2.286,2,-2,nan,nan,nan,nan,-2.00771,-0.684169,-0.749969,4.56973,5.93555,33,20,step,2.286,1.79069e+09,-3.06797,52,0.239505
2.287,2,-2,nan,nan,nan,nan,-2.00771,-0.684169,-0.747838,4.56973,5.93555,33,20,step,2.287,1.79069e+09,-3.03413,52,0.23948
2.288,2,-2,nan,nan,nan,nan,-1.98516,-0.7662,-0.753165,4.56819,5.93555,33,20,step,2.288,1.79069e+09,-3.06797,52,0.239443
2.289,2,-2,nan,nan,nan,nan,-1.98516,-0.7662,-0.762753,4.56819,5.93555,33,20,step,2.289,1.79069e+09,-3.10181,52,0.23944
2.29,2,-2,nan,nan,nan,nan,-1.94004,-0.907571,-0.79045,4.56647,5.93555,33,20,step,2.29,1.79069e+09,-3.09053,52,0.239434
2.291,2,-2,nan,nan,nan,nan,-1.94004,-0.907571,-0.787254,4.56647,5.93555,33,20,step,2.291,1.79069e+09,-3.05669,52,0.239447
2.292,2,-2,nan,nan,nan,nan,-1.91748,-0.961676,-0.779797,4.56455,5.93555,33,20,step,2.292,1.79069e+09,-3.05669,52,0.23947
2.293,2,-2,nan,nan,nan,nan,-1.91748,-0.961676,-0.809626,4.56455,5.93555,33,20,step,2.293,1.79069e+09,-3.03413,52,0.239469
2.294,2,-2,nan,nan,nan,nan,-2.01899,-0.846485,-0.829866,4.56283,5.93555,33,20,step,2.294,1.79069e+09,-3.05669,52,0.239465
2.295,2,-2,nan,nan,nan,nan,-2.01899,-0.846485,-0.814952,4.56283,5.93555,33,20,step,2.295,1.79069e+09,-3.09053,52,0.239471
2.296,2,-2,nan,nan,nan,nan,-2.03027,-0.752237,-0.798973,4.56129,5.93555,33,20,step,2.296,1.79069e+09,-3.19204,52,0.239457
2.297,2,-2,nan,nan,nan,nan,-2.03027,-0.752237,-0.831997,4.56129,5.93555,33,20,step,2.297,1.79069e+09,-3.13564,52,0.239454
2.298,2,-2,nan,nan,nan,nan,-1.98516,-0.84823,-0.839454,4.55957,5.93555,33,20,step,2.298,1.79069e+09,-3.07925,52,0.239429
2.299,2,-2,nan,nan,nan,nan,-1.98516,-0.84823,-0.84265,4.55957,5.93555,33,20,step,2.299,1.79069e+09,-3.09053,52,0.239406
2.3,2,-2,nan,nan,nan,nan,-1.83853,-1.01404,-0.866086,4.55765,5.93555,33,20,step,2.3,1.79069e+09,-3.11309,52,0.239379
2.301,2,-2,nan,nan,nan,nan,-1.83853,-1.01404,-0.872478,4.55765,5.93555,33,20,step,2.301,1.79069e+09,-3.11309,52,0.239345
2.302,2,-2,nan,nan,nan,nan,-1.91748,-1.02102,-0.871413,4.55554,5.93555,33,20,step,2.302,1.79069e+09,-3.16948,52,0.239345
2.303,2,-2,nan,nan,nan,nan,-1.91748,-1.02102,-0.867152,4.55554,5.93545,33,20,step,2.303,1.79069e+09,-3.18076,52,0.239351
2.304,2,-2,nan,nan,nan,nan,-1.99644,-0.891863,-0.875674,4.55372,5.93545,33,20,step,2.304,1.79069e+09,-3.12437,52,0.239324
2.305,2,-2,nan,nan,nan,nan,-1.99644,-0.891863,-0.904437,4.55372,5.93545,33,20,step,2.305,1.79069e+09,-3.12437,52,0.239319
2.306,2,-2,nan,nan,nan,nan,-1.98516,-0.90059,-0.909764,4.55199,5.93545,33,20,step,2.306,1.79069e+09,-3.18076,52,0.23931
2.307,2,-2,nan,nan,nan,nan,-1.98516,-0.90059,-0.909764,4.55199,5.93545,33,20,step,2.307,1.79069e+09,-3.14692,52,0.239299
2.308,2,-2,nan,nan,nan,nan,-1.88364,-0.998328,-0.9332,4.54998,5.93545,33,20,step,2.308,1.79069e+09,-3.271,52,0.23926
2.309,2,-2,nan,nan,nan,nan,-1.88364,-0.998328,-0.9332,4.54998,5.93545,33,20,step,2.309,1.79069e+09,-3.28228,52,0.239228
2.31,2,-2,nan,nan,nan,nan,-1.94004,-1.01927,-0.935331,4.54797,5.93545,33,20,step,2.31,1.79069e+09,-3.2146,52,0.239234
2.311,2,-2,nan,nan,nan,nan,-1.94004,-1.01927,-0.943853,4.54797,5.93545,33,20,step,2.311,1.79069e+09,-3.19204,52,0.23924
2.312,2,-2,nan,nan,nan,nan,-2.01899,-0.933751,-0.979008,4.54605,5.93545,33,20,step,2.312,1.79069e+09,-3.18076,52,0.239221
2.313,2,-2,nan,nan,nan,nan,-2.01899,-0.933751,-0.971551,4.54605,5.93545,33,20,step,2.313,1.79069e+09,-3.18076,52,0.239206
2.314,2,-2,nan,nan,nan,nan,-1.98516,-0.984366,-0.94918,4.54413,5.93545,33,20,step,2.314,1.79069e+09,-3.30483,52,0.239166
2.315,2,-2,nan,nan,nan,nan,-1.98516,-0.984366,-0.973681,4.54413,5.93545,33,20,step,2.315,1.79069e+09,-3.24844,52,0.239131
2.316,2,-2,nan,nan,nan,nan,-1.87236,-1.11352,-0.98753,4.54193,5.93545,33,20,step,2.316,1.79069e+09,-3.22588,52,0.239124
2.317,2,-2,nan,nan,nan,nan,-1.87236,-1.11352,-0.994987,4.54193,5.93545,33,20,step,2.317,1.79069e+09,-3.22588,52,0.239125
2.318,2,-2,nan,nan,nan,nan,-1.9626,-1.12399,-1.0131,4.53962,5.93545,33,20,step,2.318,1.79069e+09,-3.2146,52,0.239095
2.319,2,-2,nan,nan,nan,nan,-1.9626,-1.12399,-1.0099,4.53962,5.93545,33,20,step,2.319,1.79069e+09,-3.23716,52,0.239081
2.32,2,-2,nan,nan,nan,nan,-2.08667,-1.04545,-1.0131,4.53752,5.93545,33,20,step,2.32,1.79069e+09,-3.24844,52,0.239082
2.321,2,-2,nan,nan,nan,nan,-2.08667,-1.04545,-1.02588,4.53752,5.93545,33,20,step,2.321,1.79069e+09,-3.31611,52,0.239067
2.322,2,-2,nan,nan,nan,nan,-1.98516,-1.04545,-1.01949,4.5355,5.93545,33,20,step,2.322,1.79069e+09,-3.23716,52,0.239064
2.323,2,-2,nan,nan,nan,nan,-1.98516,-1.04545,-1.03227,4.5355,5.93545,33,20,step,2.323,1.79069e+09,-3.25972,52,0.239043
2.324,2,-2,nan,nan,nan,nan,-1.99644,-1.06116,-1.09086,4.5333,5.93545,33,20,step,2.324,1.79069e+09,-3.24844,52,0.239056
2.325,2,-2,nan,nan,nan,nan,-1.99644,-1.06116,-1.08767,4.5333,5.93545,33,20,step,2.325,1.79069e+09,-3.271,52,0.239049
2.326,2,-2,nan,nan,nan,nan,-2.07539,-1.04545,-1.07595,4.53119,5.93545,33,20,step,2.326,1.79069e+09,-3.23716,52,0.23904
2.327,2,-2,nan,nan,nan,nan,-2.07539,-1.04545,-1.06423,4.53119,5.93545,33,20,step,2.327,1.79069e+09,-3.28228,52,0.239019
2.328,2,-2,nan,nan,nan,nan,-2.03027,-1.11701,-1.09619,4.52898,5.93545,33,20,step,2.328,1.79069e+09,-3.28228,52,0.239001
2.329,2,-2,nan,nan,nan,nan,-2.03027,-1.11701,-1.09726,4.52898,5.93545,33,20,step,2.329,1.79069e+09,-3.28228,52,0.238983
2.33,2,-2,nan,nan,nan,nan,-1.98516,-1.16239,-1.10684,4.52668,5.93545,33,20,step,2.33,1.79069e+09,-3.29355,52,0.239
2.331,2,-2,nan,nan,nan,nan,-1.98516,-1.16239,-1.11643,4.52668,5.93545,33,20,step,2.331,1.79069e+09,-3.31611,52,0.239015
2.332,2,-2,nan,nan,nan,nan,-2.04155,-1.1013,-1.10152,4.52448,5.93536,33,20,step,2.332,1.79069e+09,-3.271,52,0.23908
2.333,2,-2,nan,nan,nan,nan,-2.04155,-1.1013,-1.11217,4.52448,5.93536,33,20,step,2.333,1.79069e+09,-3.271,52,0.239075
2.334,2,-2,nan,nan,nan,nan,-2.07539,-1.09432,-1.13561,4.52227,5.93536,33,20,step,2.334,1.79069e+09,-3.22588,52,0.239024
2.335,2,-2,nan,nan,nan,nan,-2.07539,-1.09432,-1.14413,4.52227,5.93536,33,20,step,2.335,1.79069e+09,-3.30483,52,0.239002
2.336,2,-2,nan,nan,nan,nan,-1.91748,-1.19206,-1.13454,4.51987,5.93536,33,20,step,2.336,1.79069e+09,-3.36123,52,0.239006
2.337,2,-2,nan,nan,nan,nan,-1.91748,-1.19206,-1.15052,4.51987,5.93536,33,20,step,2.337,1.79069e+09,-3.32739,52,0.239004
2.338,2,-2,nan,nan,nan,nan,-1.95132,-1.213,-1.15691,4.51748,5.93536,33,20,step,2.338,1.79069e+09,-3.29355,52,0.23901
2.339,2,-2,nan,nan,nan,nan,-1.95132,-1.213,-1.17609,4.51748,5.93526,33,20,step,2.339,1.79069e+09,-3.33867,52,0.239033
2.34,2,-2,nan,nan,nan,nan,-1.98516,-1.21126,-1.17183,4.51508,5.93526,33,20,step,2.34,1.79069e+09,-3.31611,52,0.239038
2.341,2,-2,nan,nan,nan,nan,-1.98516,-1.21126,-1.1697,4.51508,5.93526,33,20,step,2.341,1.79069e+09,-3.33867,52,0.239038
2.342,2,-2,nan,nan,nan,nan,-1.86108,-1.30202,-1.18781,4.51249,5.93526,33,20,step,2.342,1.79069e+09,-3.36123,52,0.239051
2.343,2,-2,nan,nan,nan,nan,-1.86108,-1.30202,-1.19526,4.51249,5.93516,33,20,step,2.343,1.79069e+09,-3.36123,52,0.239071
2.344,2,-2,nan,nan,nan,nan,-1.9626,-1.27758,-1.20698,4.5099,5.93516,33,20,step,2.344,1.79069e+09,-3.34995,52,0.239098
2.345,2,-2,nan,nan,nan,nan,-1.9626,-1.27758,-1.20698,4.5099,5.93516,33,20,step,2.345,1.79069e+09,-3.41763,52,0.239108
2.346,2,-2,nan,nan,nan,nan,-2.03027,-1.20602,-1.20805,4.50751,5.93516,33,20,step,2.346,1.79069e+09,-3.34995,52,0.239103
2.347,2,-2,nan,nan,nan,nan,-2.03027,-1.20602,-1.22616,4.50751,5.93516,33,20,step,2.347,1.79069e+09,-3.39507,52,0.239089
2.348,2,-2,nan,nan,nan,nan,-1.86108,-1.27933,-1.22296,4.50501,5.93516,33,20,step,2.348,1.79069e+09,-3.38379,52,0.239069
2.349,2,-2,nan,nan,nan,nan,-1.86108,-1.27933,-1.23788,4.50501,5.93516,33,20,step,2.349,1.79069e+09,-3.40635,52,0.23905
2.35,2,-2,nan,nan,nan,nan,-1.94004,-1.3247,-1.23681,4.50233,5.93507,33,20,step,2.35,1.79069e+09,-3.40635,52,0.239049
2.351,2,-2,nan,nan,nan,nan,-1.94004,-1.3247,-1.24746,4.50233,5.93507,33,20,step,2.351,1.79069e+09,-3.44019,52,0.239065
2.352,2,-2,nan,nan,nan,nan,-2.03027,-1.27409,-1.26557,4.49974,5.93507,33,20,step,2.352,1.79069e+09,-3.39507,52,0.239075
2.353,2,-2,nan,nan,nan,nan,-2.03027,-1.27409,-1.27729,4.49974,5.93497,33,20,step,2.353,1.79069e+09,-3.37251,52,0.239102
2.354,2,-2,nan,nan,nan,nan,-1.92876,-1.33169,-1.26877,4.49715,5.93497,33,20,step,2.354,1.79069e+09,-3.39507,52,0.239098
2.355,2,-2,nan,nan,nan,nan,-1.92876,-1.33169,-1.28581,4.49715,5.93497,33,20,step,2.355,1.79069e+09,-3.40635,52,0.239114
2.356,2,-2,nan,nan,nan,nan,-2.00771,-1.32994,-1.30499,4.49428,5.93497,33,20,step,2.356,1.79069e+09,-3.44019,52,0.239112
2.357,2,-2,nan,nan,nan,nan,-2.00771,-1.32994,-1.2954,4.49428,5.93488,33,20,step,2.357,1.79069e+09,-3.42891,52,0.239117
2.358,2,-2,nan,nan,nan,nan,-2.03027,-1.30027,-1.31777,4.49169,5.93488,33,20,step,2.358,1.79069e+09,-3.47402,52,0.239155
2.359,2,-2,nan,nan,nan,nan,-2.03027,-1.30027,-1.31245,4.49169,5.93488,33,20,step,2.359,1.79069e+09,-3.41763,52,0.239153
2.36,2,-2,nan,nan,nan,nan,-1.86108,-1.42419,-1.33162,4.48891,5.93488,33,20,step,2.36,1.79069e+09,-3.42891,52,0.239158
2.361,2,-2,nan,nan,nan,nan,-1.86108,-1.42419,-1.33056,4.48891,5.93488,33,20,step,2.361,1.79069e+09,-3.45146,52,0.239155
2.362,2,-2,nan,nan,nan,nan,-2.06411,-1.43641,-1.3199,4.48603,5.93478,33,20,step,2.362,1.79069e+09,-3.46274,52,0.239166
2.363,2,-2,nan,nan,nan,nan,-2.06411,-1.43641,-1.33375,4.48603,5.93478,33,20,step,2.363,1.79069e+09,-3.4853,52,0.239192
2.364,2,-2,nan,nan,nan,nan,-1.9062,-1.4207,-1.3508,4.48315,5.93478,33,20,step,2.364,1.79069e+09,-3.44019,52,0.239201
2.365,2,-2,nan,nan,nan,nan,-1.9062,-1.4207,-1.36571,4.48315,5.93478,33,20,step,2.365,1.79069e+09,-3.47402,52,0.239221
2.366,2,-2,nan,nan,nan,nan,-2.01899,-1.39103,-1.37317,4.48037,5.93478,33,20,step,2.366,1.79069e+09,-3.47402,52,0.239223
2.367,2,-2,nan,nan,nan,nan,-2.01899,-1.39103,-1.35506,4.48037,5.93468,33,20,step,2.367,1.79069e+09,-3.49658,52,0.239227
2.368,2,-2,nan,nan,nan,nan,-2.07539,-1.35263,-1.36251,4.47759,5.93468,33,20,step,2.368,1.79069e+09,-3.50786,52,0.23923
2.369,2,-2,nan,nan,nan,nan,-2.07539,-1.35263,-1.38915,4.47759,5.93468,33,20,step,2.369,1.79069e+09,-3.50786,52,0.239235
2.37,2,-2,nan,nan,nan,nan,-1.95132,-1.4591,-1.3998,4.47472,5.93459,33,20,step,2.37,1.79069e+09,-3.62065,52,0.239263
2.371,2,-2,nan,nan,nan,nan,-1.95132,-1.4591,-1.3966,4.47472,5.93459,33,20,step,2.371,1.79069e+09,-3.50786,52,0.239287
2.372,2,-2,nan,nan,nan,nan,-1.98516,-1.44688,-1.41258,4.47184,5.93459,33,20,step,2.372,1.79069e+09,-3.50786,52,0.239309
2.373,2,-2,nan,nan,nan,nan,-1.98516,-1.44688,-1.41258,4.47184,5.93449,33,20,step,2.373,1.79069e+09,-3.53042,52,0.239332
2.374,2,-2,nan,nan,nan,nan,-1.97388,-1.43292,-1.40939,4.46897,5.93449,33,20,step,2.374,1.79069e+09,-3.50786,52,0.239341
2.375,2,-2,nan,nan,nan,nan,-1.97388,-1.43292,-1.39767,4.46897,5.93449,33,20,step,2.375,1.79069e+09,-3.5417,52,0.239344
2.376,2,-2,nan,nan,nan,nan,-1.91748,-1.494,-1.4275,4.46599,5.93449,33,20,step,2.376,1.79069e+09,-3.50786,52,0.239357
2.377,2,-2,nan,nan,nan,nan,-1.91748,-1.494,-1.44241,4.46599,5.9344,33,20,step,2.377,1.79069e+09,-3.5417,52,0.23938
2.378,2,-2,nan,nan,nan,nan,-1.98516,-1.46957,-1.43389,4.46321,5.9344,33,20,step,2.378,1.79069e+09,-3.50786,52,0.23942
2.379,2,-2,nan,nan,nan,nan,-1.98516,-1.46957,-1.44774,4.46321,5.9343,33,20,step,2.379,1.79069e+09,-3.51914,52,0.239443
2.38,2,-2,nan,nan,nan,nan,-1.97388,-1.59174,-1.46478,4.45986,5.9343,33,20,step,2.38,1.79069e+09,-3.62065,52,0.239454
2.381,2,-2,nan,nan,nan,nan,-1.97388,-1.59174,-1.46585,4.45986,5.9342,33,20,step,2.381,1.79069e+09,-3.55298,52,0.239494
2.382,2,-2,nan,nan,nan,nan,-1.9626,-1.56556,-1.46372,4.45689,5.9342,33,20,step,2.382,1.79069e+09,-3.57554,52,0.239509
2.383,2,-2,nan,nan,nan,nan,-1.9626,-1.56556,-1.4797,4.45689,5.93411,33,20,step,2.383,1.79069e+09,-3.5417,52,0.239527
2.384,2,-2,nan,nan,nan,nan,-1.99644,-1.49226,-1.49248,4.45391,5.93411,33,20,step,2.384,1.79069e+09,-3.55298,52,0.239551
2.385,2,-2,nan,nan,nan,nan,-1.99644,-1.49226,-1.51485,4.45391,5.93401,33,20,step,2.385,1.79069e+09,-3.57554,52,0.239568
2.386,2,-2,nan,nan,nan,nan,-1.95132,-1.54811,-1.52231,4.45065,5.93401,33,20,step,2.386,1.79069e+09,-3.5417,52,0.239593
2.387,2,-2,nan,nan,nan,nan,-1.95132,-1.54811,-1.49887,4.45065,5.93392,33,20,step,2.387,1.79069e+09,-3.55298,52,0.239596
2.388,2,-2,nan,nan,nan,nan,-2.07539,-1.5324,-1.51485,4.44778,5.93392,33,20,step,2.388,1.79069e+09,-3.58682,52,0.239614
2.389,2,-2,nan,nan,nan,nan,-2.07539,-1.5324,-1.54148,4.44778,5.93392,33,20,step,2.389,1.79069e+09,-3.56426,52,0.239644
2.39,2,-2,nan,nan,nan,nan,-1.9626,-1.5708,-1.53722,4.44461,5.93382,33,20,step,2.39,1.79069e+09,-3.60938,52,0.239683
2.391,2,-2,nan,nan,nan,nan,-1.9626,-1.5708,-1.55214,4.44461,5.93382,33,20,step,2.391,1.79069e+09,-3.5417,52,0.239739
2.392,2,-2,nan,nan,nan,nan,-1.98516,-1.56731,-1.55746,4.44126,5.93373,33,20,step,2.392,1.79069e+09,-3.5417,52,0.239775
2.393,2,-2,nan,nan,nan,nan,-1.98516,-1.56731,-1.54148,4.44126,5.93373,33,20,step,2.393,1.79069e+09,-3.63193,52,0.239835
2.394,2,-2,nan,nan,nan,nan,-1.97388,-1.58127,-1.57984,4.43829,5.93373,33,20,step,2.394,1.79069e+09,-3.58682,52,0.239865
2.395,2,-2,nan,nan,nan,nan,-1.97388,-1.58127,-1.57557,4.43829,5.93363,33,20,step,2.395,1.79069e+09,-3.56426,52,0.239878
2.396,2,-2,nan,nan,nan,nan,-1.95132,-1.67726,-1.57557,4.43503,5.93363,33,20,step,2.396,1.79069e+09,-3.62065,52,0.239921
2.397,2,-2,nan,nan,nan,nan,-1.95132,-1.67726,-1.57238,4.43503,5.93363,33,20,step,2.397,1.79069e+09,-3.5981,52,0.239974
2.398,2,-2,nan,nan,nan,nan,-1.98516,-1.69646,-1.57344,4.43157,5.93353,33,20,step,2.398,1.79069e+09,-3.68833,52,0.240053
2.399,2,-2,nan,nan,nan,nan,-1.98516,-1.69646,-1.60221,4.43157,5.93353,33,20,step,2.399,1.79069e+09,-3.5417,52,0.240097
2.4,2,2,nan,nan,nan,nan,-1.9626,-1.69471,-1.61819,4.42822,5.93344,33,20,step,2.4,1.79069e+09,-3.55298,52,0.240123
2.401,2,2,nan,nan,nan,nan,-1.9626,-1.69471,-1.61179,4.42822,5.93344,33,20,step,2.401,1.79069e+09,-3.60938,52,0.24017
2.402,2,2,nan,nan,nan,nan,-2.00771,-1.65806,-1.60221,4.42486,5.93344,33,20,step,2.402,1.79069e+09,-3.69961,52,0.240207
2.403,2,2,nan,nan,nan,nan,-2.00771,-1.65806,-1.61925,4.42486,5.93334,33,20,step,2.403,1.79069e+09,-3.5981,52,0.240231
2.404,2,2,nan,nan,nan,nan,0.0338379,-1.44513,-1.6299,4.42189,5.93334,33,20,step,2.404,1.79069e+09,-3.5981,52,0.240276
2.405,2,2,nan,nan,nan,nan,0.0338379,-1.44513,-1.65014,4.42189,5.93325,33,20,step,2.405,1.79069e+09,-3.71089,52,0.240323
2.406,2,2,nan,nan,nan,nan,0.0789551,-0.820305,-1.63736,4.41997,5.93315,33,20,step,2.406,1.79069e+09,-3.68833,52,0.240408
2.407,2,2,nan,nan,nan,nan,0.0789551,-0.820305,-1.62777,4.41997,5.93315,33,20,step,2.407,1.79069e+09,-3.62065,52,0.240478
2.408,2,2,nan,nan,nan,nan,0.631641,-0.832522,-1.64269,4.41844,5.93305,33,20,step,2.408,1.79069e+09,-3.5981,52,0.240549
2.409,2,2,nan,nan,nan,nan,0.631641,-0.832522,-1.63949,4.41844,5.93305,33,20,step,2.409,1.79069e+09,-3.67705,52,0.240613
2.41,2,2,nan,nan,nan,nan,1.34224,-1.07512,-1.60434,4.41633,5.93296,33,20,step,2.41,1.79069e+09,-3.63193,52,0.240703
2.411,2,2,nan,nan,nan,nan,1.34224,-1.07512,-1.58516,4.41633,5.93296,33,20,step,2.411,1.79069e+09,-3.73345,52,0.240809
2.412,2,2,nan,nan,nan,nan,1.74829,-1.49575,-1.5777,4.41345,5.93296,33,20,step,2.412,1.79069e+09,-3.67705,52,0.240942
2.413,2,2,nan,nan,nan,nan,1.74829,-1.49575,-1.55427,4.41345,5.93296,33,20,step,2.413,1.79069e+09,-3.69961,52,0.241086
2.414,2,2,nan,nan,nan,nan,1.94004,-1.81689,-1.53935,4.40972,5.93286,33,20,step,2.414,1.79069e+09,-3.71089,52,0.241198
2.415,2,2,nan,nan,nan,nan,1.94004,-1.81689,-1.52337,4.40972,5.93286,33,20,step,2.415,1.79069e+09,-3.72217,52,0.241341
2.416,2,2,nan,nan,nan,nan,1.83853,-1.75057,-1.49994,4.40636,5.93286,33,20,step,2.416,1.79069e+09,-3.69961,52,0.241484
2.417,2,2,nan,nan,nan,nan,1.83853,-1.75057,-1.48715,4.40636,5.93286,33,20,step,2.417,1.79069e+09,-3.73345,52,0.241612
2.418,2,2,nan,nan,nan,nan,1.87236,-1.53065,-1.47863,4.4031,5.93277,33,20,step,2.418,1.79069e+09,-3.69961,52,0.241764
2.419,2,2,nan,nan,nan,nan,1.87236,-1.53065,-1.49248,4.4031,5.93277,33,20,step,2.419,1.79069e+09,-3.63193,52,0.241866
2.42,2,2,nan,nan,nan,nan,1.79341,-1.33518,-1.4488,4.40032,5.93267,33,20,step,2.42,1.79069e+09,-3.63193,52,0.241961
2.421,2,2,nan,nan,nan,nan,1.79341,-1.33518,-1.43282,4.40032,5.93257,33,20,step,2.421,1.79069e+09,-3.67705,52,0.242063
2.422,2,2,nan,nan,nan,nan,1.83853,-1.3282,-1.43282,4.39764,5.93257,33,20,step,2.422,1.79069e+09,-3.66577,52,0.242128
2.423,2,2,nan,nan,nan,nan,1.83853,-1.3282,-1.4243,4.39764,5.93248,33,20,step,2.423,1.79069e+09,-3.63193,52,0.242221
2.424,2,2,nan,nan,nan,nan,2.05283,-1.35438,-1.41684,4.39495,5.93248,33,20,step,2.424,1.79069e+09,-3.73345,52,0.242309
2.425,2,2,nan,nan,nan,nan,2.05283,-1.35438,-1.41045,4.39495,5.93238,33,20,step,2.425,1.79069e+09,-3.66577,52,0.242454
2.426,2,2,nan,nan,nan,nan,1.88364,-1.34041,-1.38276,4.39227,5.93229,33,20,step,2.426,1.79069e+09,-3.68833,52,0.242604
2.427,2,2,nan,nan,nan,nan,1.88364,-1.34041,-1.34014,4.39227,5.93229,33,20,step,2.427,1.79069e+09,-3.67705,52,0.242685
2.428,2,2,nan,nan,nan,nan,2.05283,-1.36485,-1.31671,4.38958,5.93219,33,20,step,2.428,1.79069e+09,-3.68833,52,0.242788
2.429,2,2,nan,nan,nan,nan,2.05283,-1.36485,-1.30179,4.38958,5.93219,33,20,step,2.429,1.79069e+09,-3.72217,52,0.242869
2.43,2,2,nan,nan,nan,nan,2.08667,-1.3282,-1.29114,4.3869,5.93219,33,20,step,2.43,1.79069e+09,-3.74473,52,0.242998
2.431,2,2,nan,nan,nan,nan,2.08667,-1.3282,-1.24107,4.3869,5.93219,33,20,step,2.431,1.79069e+09,-3.74473,52,0.243115
2.432,2,2,nan,nan,nan,nan,1.92876,-1.30027,-1.25599,4.3844,5.9321,33,20,step,2.432,1.79069e+09,-3.65449,52,0.243208
2.433,2,2,nan,nan,nan,nan,1.92876,-1.30027,-1.23468,4.3844,5.9321,33,20,step,2.433,1.79069e+09,-3.73345,52,0.243335
2.434,2,2,nan,nan,nan,nan,2.01899,-1.3247,-1.20272,4.38162,5.932,33,20,step,2.434,1.79069e+09,-3.68833,52,0.243393
2.435,2,2,nan,nan,nan,nan,2.01899,-1.3247,-1.18674,4.38162,5.932,33,20,step,2.435,1.79069e+09,-3.72217,52,0.243474
2.436,2,2,nan,nan,nan,nan,1.95132,-1.22348,-1.19207,4.37913,5.9319,33,20,step,2.436,1.79069e+09,-3.75601,52,0.243575
2.437,2,2,nan,nan,nan,nan,1.95132,-1.22348,-1.191,4.37913,5.93181,33,20,step,2.437,1.79069e+09,-3.75601,52,0.243645
2.438,2,2,nan,nan,nan,nan,1.89492,-1.1205,-1.17715,4.37702,5.93171,33,20,step,2.438,1.79069e+09,-3.74473,52,0.24376
2.439,2,2,nan,nan,nan,nan,1.89492,-1.1205,-1.142,4.37702,5.93171,33,20,step,2.439,1.79069e+09,-3.73345,52,0.243845
2.44,2,2,nan,nan,nan,nan,2.03027,-1.15017,-1.14732,4.37463,5.93162,33,20,step,2.44,1.79069e+09,-3.72217,52,0.243948
2.441,2,2,nan,nan,nan,nan,2.03027,-1.15017,-1.1388,4.37463,5.93162,33,20,step,2.441,1.79069e+09,-3.65449,52,0.244041
2.442,2,2,nan,nan,nan,nan,1.95132,-1.1589,-1.12176,4.37213,5.93162,33,20,step,2.442,1.79069e+09,-3.72217,52,0.244103
2.443,2,2,nan,nan,nan,nan,1.95132,-1.1589,-1.08873,4.37213,5.93162,33,20,step,2.443,1.79069e+09,-3.78984,52,0.244197
2.444,2,2,nan,nan,nan,nan,1.81597,-1.05069,-1.06636,4.36993,5.93152,33,20,step,2.444,1.79069e+09,-3.72217,52,0.244269
2.445,2,2,nan,nan,nan,nan,1.81597,-1.05069,-1.04719,4.36993,5.93152,33,20,step,2.445,1.79069e+09,-3.77856,52,0.244356
2.446,2,2,nan,nan,nan,nan,1.94004,-1.03323,-1.04932,4.36801,5.93152,33,20,step,2.446,1.79069e+09,-3.76729,52,0.24442
2.447,2,2,nan,nan,nan,nan,1.94004,-1.03323,-1.03227,4.36801,5.93152,33,20,step,2.447,1.79069e+09,-3.66577,52,0.244472
2.448,2,2,nan,nan,nan,nan,2.04155,-1.03149,-1.01736,4.3659,5.93152,33,20,step,2.448,1.79069e+09,-3.76729,52,0.24454
2.449,2,2,nan,nan,nan,nan,2.04155,-1.03149,-0.993922,4.3659,5.93152,33,20,step,2.449,1.79069e+09,-3.72217,52,0.244591
2.45,2,2,nan,nan,nan,nan,1.98516,-0.945968,-0.986465,4.36398,5.93142,33,20,step,2.45,1.79069e+09,-3.76729,52,0.244612
2.451,2,2,nan,nan,nan,nan,1.98516,-0.945968,-0.968355,4.36398,5.93142,33,20,step,2.451,1.79069e+09,-3.80112,52,0.244686
2.452,2,2,nan,nan,nan,nan,1.95132,-0.909317,-0.963028,4.36216,5.93133,33,20,step,2.452,1.79069e+09,-3.82368,52,0.244759
2.453,2,2,nan,nan,nan,nan,1.95132,-0.909317,-0.927874,4.36216,5.93133,33,20,step,2.453,1.79069e+09,-3.73345,52,0.244875
2.454,2,2,nan,nan,nan,nan,1.9062,-0.947714,-0.912959,4.36015,5.93123,33,20,step,2.454,1.79069e+09,-3.71089,52,0.244992
2.455,2,2,nan,nan,nan,nan,1.9062,-0.947714,-0.893784,4.36015,5.93123,33,20,step,2.455,1.79069e+09,-3.76729,52,0.245045
2.456,2,2,nan,nan,nan,nan,2.03027,-0.965167,-0.886327,4.35823,5.93123,33,20,step,2.456,1.79069e+09,-3.76729,52,0.245125
2.457,2,2,nan,nan,nan,nan,2.03027,-0.965167,-0.871413,4.35823,5.93123,33,20,step,2.457,1.79069e+09,-3.82368,52,0.245186
2.458,2,2,nan,nan,nan,nan,1.91748,-0.879646,-0.858629,4.3566,5.93123,33,20,step,2.458,1.79069e+09,-3.82368,52,0.245292
2.459,2,2,nan,nan,nan,nan,1.91748,-0.879646,-0.849042,4.3566,5.93123,33,20,step,2.459,1.79069e+09,-3.71089,52,0.245344
2.46,2,2,nan,nan,nan,nan,1.87236,-0.827286,-0.817083,4.35488,5.93123,33,20,step,2.46,1.79069e+09,-3.75601,52,0.24537
2.461,2,2,nan,nan,nan,nan,1.87236,-0.827286,-0.805364,4.35488,5.93114,33,20,step,2.461,1.79069e+09,-3.78984,52,0.245419
2.462,2,2,nan,nan,nan,nan,1.86108,-0.797615,-0.80856,4.35334,5.93114,33,20,step,2.462,1.79069e+09,-3.80112,52,0.24544
2.463,2,2,nan,nan,nan,nan,1.86108,-0.797615,-0.798973,4.35334,5.93114,33,20,step,2.463,1.79069e+09,-3.76729,52,0.245463
2.464,2,2,nan,nan,nan,nan,1.91748,-0.762709,-0.784059,4.35181,5.93114,33,20,step,2.464,1.79069e+09,-3.73345,52,0.24551
2.465,2,2,nan,nan,nan,nan,1.91748,-0.762709,-0.753165,4.35181,5.93114,33,20,step,2.465,1.79069e+09,-3.74473,52,0.245575
2.466,2,2,nan,nan,nan,nan,2.05283,-0.69115,-0.721206,4.35037,5.93114,33,20,step,2.466,1.79069e+09,-3.80112,52,0.245653
2.467,2,2,nan,nan,nan,nan,2.05283,-0.69115,-0.720141,4.35037,5.93104,33,20,step,2.467,1.79069e+09,-3.77856,52,0.245703
2.468,2,2,nan,nan,nan,nan,1.88364,-0.663225,-0.71588,4.34903,5.93104,33,20,step,2.468,1.79069e+09,-3.80112,52,0.2458
2.469,2,2,nan,nan,nan,nan,1.88364,-0.663225,-0.707357,4.34903,5.93104,33,20,step,2.469,1.79069e+09,-3.80112,52,0.245883
2.47,2,2,nan,nan,nan,nan,1.88364,-0.708604,-0.68179,4.34759,5.93104,33,20,step,2.47,1.79069e+09,-3.71089,52,0.245907
2.471,2,2,nan,nan,nan,nan,1.88364,-0.708604,-0.662615,4.34759,5.93104,33,20,step,2.471,1.79069e+09,-3.75601,52,0.245973
2.472,2,2,nan,nan,nan,nan,1.88364,-0.726057,-0.653027,4.34615,5.93104,33,20,step,2.472,1.79069e+09,-3.83496,52,0.24601
2.473,2,2,nan,nan,nan,nan,1.88364,-0.726057,-0.617872,4.34615,5.93104,33,20,step,2.473,1.79069e+09,-3.83496,52,0.24608
2.474,2,2,nan,nan,nan,nan,1.87236,-0.647517,-0.624264,4.34481,5.93104,33,20,step,2.474,1.79069e+09,-3.77856,52,0.246159
2.475,2,2,nan,nan,nan,nan,1.87236,-0.647517,-0.607219,4.34481,5.93104,33,20,step,2.475,1.79069e+09,-3.78984,52,0.246201
2.476,2,2,nan,nan,nan,nan,1.91748,-0.551524,-0.565673,4.34375,5.93104,33,20,step,2.476,1.79069e+09,-3.78984,52,0.246256
2.477,2,2,nan,nan,nan,nan,1.91748,-0.551524,-0.541171,4.34375,5.93094,33,20,step,2.477,1.79069e+09,-3.75601,52,0.246292
2.478,2,2,nan,nan,nan,nan,2.08667,-0.488692,-0.519865,4.3427,5.93094,33,20,step,2.478,1.79069e+09,-3.83496,52,0.246332
2.479,2,2,nan,nan,nan,nan,2.08667,-0.488692,-0.527322,4.3427,5.93094,33,20,step,2.479,1.79069e+09,-3.84624,52,0.246393
2.48,2,2,nan,nan,nan,nan,2.05283,-0.481711,-0.515604,4.34174,5.93094,33,20,step,2.48,1.79069e+09,-3.80112,52,0.246451
2.481,2,2,nan,nan,nan,nan,2.05283,-0.481711,-0.474057,4.34174,5.93094,33,20,step,2.481,1.79069e+09,-3.72217,52,0.246518
2.482,2,2,nan,nan,nan,nan,1.91748,-0.520108,-0.486841,4.34069,5.93094,33,20,step,2.482,1.79069e+09,-3.69961,52,0.246581
2.483,2,2,nan,nan,nan,nan,1.91748,-0.520108,-0.468731,4.34069,5.93094,33,20,step,2.483,1.79069e+09,-3.80112,52,0.246601
2.484,2,2,nan,nan,nan,nan,1.97388,-0.513127,-0.443164,4.33973,5.93094,33,20,step,2.484,1.79069e+09,-3.74473,52,0.246645
2.485,2,2,nan,nan,nan,nan,1.97388,-0.513127,-0.429315,4.33973,5.93094,33,20,step,2.485,1.79069e+09,-3.78984,52,0.246676
2.486,2,2,nan,nan,nan,nan,1.9062,-0.434587,-0.416531,4.33877,5.93094,33,20,step,2.486,1.79069e+09,-3.76729,52,0.246737
2.487,2,2,nan,nan,nan,nan,1.9062,-0.434587,-0.409074,4.33877,5.93094,33,20,step,2.487,1.79069e+09,-3.77856,52,0.246809
2.488,2,2,nan,nan,nan,nan,1.91748,-0.368264,-0.397356,4.338,5.93094,33,20,step,2.488,1.79069e+09,-3.75601,52,0.246855
2.489,2,2,nan,nan,nan,nan,1.91748,-0.368264,-0.374985,4.338,5.93085,33,20,step,2.489,1.79069e+09,-3.74473,52,0.246912
2.49,2,2,nan,nan,nan,nan,1.95132,-0.338594,-0.351548,4.33733,5.93085,33,20,step,2.49,1.79069e+09,-3.74473,52,0.246944
2.491,2,2,nan,nan,nan,nan,1.95132,-0.338594,-0.315328,4.33733,5.93085,33,20,step,2.491,1.79069e+09,-3.76729,52,0.247007
2.492,2,2,nan,nan,nan,nan,1.98516,-0.324631,-0.327046,4.33676,5.93085,33,20,step,2.492,1.79069e+09,-3.74473,52,0.24707
2.493,2,2,nan,nan,nan,nan,1.98516,-0.324631,-0.332373,4.33676,5.93085,33,20,step,2.493,1.79069e+09,-3.75601,52,0.247131
2.494,2,2,nan,nan,nan,nan,1.98516,-0.286234,-0.288695,4.33608,5.93085,33,20,step,2.494,1.79069e+09,-3.73345,52,0.247194
2.495,2,2,nan,nan,nan,nan,1.98516,-0.286234,-0.268455,4.33608,5.93085,33,20,step,2.495,1.79069e+09,-3.69961,52,0.247239
2.496,2,2,nan,nan,nan,nan,2.00771,-0.253073,-0.256737,4.3356,5.93085,33,20,step,2.496,1.79069e+09,-3.72217,52,0.247311
2.497,2,2,nan,nan,nan,nan,2.00771,-0.253073,-0.246084,4.3356,5.93085,33,20,step,2.497,1.79069e+09,-3.75601,52,0.247343
2.498,2,2,nan,nan,nan,nan,2.00771,-0.221657,-0.232235,4.33513,5.93085,33,20,step,2.498,1.79069e+09,-3.78984,52,0.247353
2.499,2,2,nan,nan,nan,nan,2.00771,-0.221657,-0.198145,4.33513,5.93085,33,20,step,2.499,1.79069e+09,-3.75601,52,0.247399
2.5,2,2,nan,nan,nan,nan,1.98516,-0.21293,-0.188558,4.33474,5.93085,33,20,step,2.5,1.79069e+09,-3.75601,52,0.247449
2.501,2,2,nan,nan,nan,nan,1.98516,-0.21293,-0.16299,4.33474,5.93085,33,20,step,2.501,1.79069e+09,-3.73345,52,0.247469
2.502,2,2,nan,nan,nan,nan,1.97388,-0.197222,-0.138489,4.33436,5.93085,33,20,step,2.502,1.79069e+09,-3.74473,52,0.247519
2.503,2,2,nan,nan,nan,nan,1.97388,-0.197222,-0.14488,4.33436,5.93085,33,20,step,2.503,1.79069e+09,-3.75601,52,0.247541
2.504,2,2,nan,nan,nan,nan,1.94004,-0.165806,-0.119313,4.33398,5.93085,33,20,step,2.504,1.79069e+09,-3.73345,52,0.247586
2.505,2,2,nan,nan,nan,nan,1.94004,-0.165806,-0.110791,4.33398,5.93085,33,20,step,2.505,1.79069e+09,-3.74473,52,0.247658
2.506,2,2,nan,nan,nan,nan,1.92876,-0.123918,-0.104399,4.33369,5.93075,33,20,step,2.506,1.79069e+09,-3.74473,52,0.247692
2.507,2,2,nan,nan,nan,nan,1.92876,-0.123918,-0.068179,4.33369,5.93075,33,20,step,2.507,1.79069e+09,-3.72217,52,0.247731
2.508,2,2,nan,nan,nan,nan,1.92876,-0.0820305,-0.0649831,4.33359,5.93075,33,20,step,2.508,1.79069e+09,-3.74473,52,0.247777
2.509,2,2,nan,nan,nan,nan,1.92876,-0.0820305,-0.0564607,4.33359,5.93075,33,20,step,2.509,1.79069e+09,-3.74473,52,0.247834
2.51,2,2,nan,nan,nan,nan,1.94004,-0.0261799,-0.0362201,4.3335,5.93075,33,20,step,2.51,1.79069e+09,-3.72217,52,0.247878
2.511,2,2,nan,nan,nan,nan,1.94004,-0.0261799,-0.028763,4.3335,5.93075,33,20,step,2.511,1.79069e+09,-3.73345,52,0.247892
2.512,2,2,nan,nan,nan,nan,1.9626,0,0.00532648,4.3335,5.93075,33,20,step,2.512,1.79069e+09,-3.73345,52,0.247921
2.513,2,2,nan,nan,nan,nan,1.9626,0,0.0159795,4.3335,5.93075,33,20,step,2.513,1.79069e+09,-3.74473,52,0.247967
2.514,2,2,nan,nan,nan,nan,1.98516,0,0.0298283,4.3335,5.93075,33,20,step,2.514,1.79069e+09,-3.76729,52,0.248038
2.515,2,2,nan,nan,nan,nan,1.98516,0,0.0362201,4.3335,5.93075,33,20,step,2.515,1.79069e+09,-3.67705,52,0.248076
2.516,2,2,nan,nan,nan,nan,1.98516,0.015708,0.0458078,4.3335,5.93075,33,20,step,2.516,1.79069e+09,-3.71089,52,0.248093
2.517,2,2,nan,nan,nan,nan,1.98516,0.015708,0.0649831,4.3335,5.93075,33,20,step,2.517,1.79069e+09,-3.69961,52,0.248124
2.518,2,2,nan,nan,nan,nan,1.98516,0.0314159,0.0585913,4.3335,5.93075,33,20,step,2.518,1.79069e+09,-3.69961,52,0.248124
2.519,2,2,nan,nan,nan,nan,1.98516,0.0314159,0.0884196,4.3335,5.93075,33,20,step,2.519,1.79069e+09,-3.72217,52,0.248136
2.52,2,2,nan,nan,nan,nan,1.98516,0.0575959,0.109726,4.33369,5.93075,33,20,step,2.52,1.79069e+09,-3.74473,52,0.248171
2.521,2,2,nan,nan,nan,nan,1.98516,0.0575959,0.122509,4.33369,5.93075,33,20,step,2.521,1.79069e+09,-3.77856,52,0.24818
2.522,2,2,nan,nan,nan,nan,1.98516,0.0855211,0.139554,4.33378,5.93075,33,20,step,2.522,1.79069e+09,-3.72217,52,0.248223
2.523,2,2,nan,nan,nan,nan,1.98516,0.0855211,0.135293,4.33378,5.93075,33,20,step,2.523,1.79069e+09,-3.73345,52,0.248255
2.524,2,2,nan,nan,nan,nan,1.97388,0.125664,0.139554,4.33407,5.93075,33,20,step,2.524,1.79069e+09,-3.72217,52,0.248259
2.525,2,2,nan,nan,nan,nan,1.97388,0.125664,0.150207,4.33407,5.93075,33,20,step,2.525,1.79069e+09,-3.73345,52,0.248308
2.526,2,2,nan,nan,nan,nan,1.97388,0.176278,0.172578,4.33436,5.93075,33,20,step,2.526,1.79069e+09,-3.75601,52,0.248328
2.527,2,2,nan,nan,nan,nan,1.97388,0.176278,0.199211,4.33436,5.93075,33,20,step,2.527,1.79069e+09,-3.71089,52,0.248368
2.528,2,2,nan,nan,nan,nan,1.99644,0.21293,0.1811,4.33484,5.93075,33,20,step,2.528,1.79069e+09,-3.72217,52,0.248423
2.529,2,2,nan,nan,nan,nan,1.99644,0.21293,0.171513,4.33484,5.93075,33,20,step,2.529,1.79069e+09,-3.68833,52,0.248458
2.53,2,2,nan,nan,nan,nan,1.99644,0.233874,0.207733,4.33522,5.93075,33,20,step,2.53,1.79069e+09,-3.65449,52,0.248485
2.531,2,2,nan,nan,nan,nan,1.99644,0.233874,0.226908,4.33522,5.93075,33,20,step,2.531,1.79069e+09,-3.67705,52,0.248489
2.532,2,2,nan,nan,nan,nan,1.99644,0.244346,0.239692,4.3358,5.93075,33,20,step,2.532,1.79069e+09,-3.68833,52,0.248498
2.533,2,2,nan,nan,nan,nan,1.99644,0.244346,0.229039,4.3358,5.93075,33,20,step,2.533,1.79069e+09,-3.71089,52,0.248509
2.534,2,2,nan,nan,nan,nan,1.98516,0.267035,0.234365,4.33628,5.93075,33,20,step,2.534,1.79069e+09,-3.73345,52,0.248525
2.535,2,2,nan,nan,nan,nan,1.98516,0.267035,0.254606,4.33628,5.93075,33,20,step,2.535,1.79069e+09,-3.72217,52,0.248572
2.536,2,2,nan,nan,nan,nan,1.92876,0.254818,0.279108,4.33676,5.93075,33,20,step,2.536,1.79069e+09,-3.68833,52,0.24862
2.537,2,2,nan,nan,nan,nan,1.92876,0.254818,0.296153,4.33676,5.93075,33,20,step,2.537,1.79069e+09,-3.67705,52,0.248633
2.538,2,2,nan,nan,nan,nan,1.91748,0.270526,0.292957,4.33733,5.93075,33,20,step,2.538,1.79069e+09,-3.68833,52,0.248653
2.539,2,2,nan,nan,nan,nan,1.91748,0.270526,0.296153,4.33733,5.93075,33,20,step,2.539,1.79069e+09,-3.68833,52,0.248665
2.54,2,2,nan,nan,nan,nan,1.94004,0.314159,0.333438,4.338,5.93075,33,20,step,2.54,1.79069e+09,-3.72217,52,0.248688
2.541,2,2,nan,nan,nan,nan,1.94004,0.314159,0.330242,4.338,5.93075,33,20,step,2.541,1.79069e+09,-3.68833,52,0.248699
2.542,2,2,nan,nan,nan,nan,1.91748,0.363028,0.324916,4.33867,5.93075,33,20,step,2.542,1.79069e+09,-3.71089,52,0.248724
2.543,2,2,nan,nan,nan,nan,1.91748,0.363028,0.343026,4.33867,5.93075,33,20,step,2.543,1.79069e+09,-3.68833,52,0.248759
2.544,2,2,nan,nan,nan,nan,1.97388,0.390954,0.351548,4.33944,5.93075,33,20,step,2.544,1.79069e+09,-3.65449,52,0.248758
2.545,2,2,nan,nan,nan,nan,1.97388,0.390954,0.354744,4.33944,5.93075,33,20,step,2.545,1.79069e+09,-3.67705,52,0.248758
2.546,2,2,nan,nan,nan,nan,1.94004,0.404916,0.390964,4.34021,5.93075,33,20,step,2.546,1.79069e+09,-3.68833,52,0.248776
2.547,2,2,nan,nan,nan,nan,1.94004,0.404916,0.399486,4.34021,5.93075,33,20,step,2.547,1.79069e+09,-3.72217,52,0.248804
2.548,2,2,nan,nan,nan,nan,1.97388,0.39619,0.395225,4.34097,5.93075,33,20,step,2.548,1.79069e+09,-3.68833,52,0.248833
2.549,2,2,nan,nan,nan,nan,1.97388,0.39619,0.406943,4.34097,5.93075,33,20,step,2.549,1.79069e+09,-3.71089,52,0.248869
2.55,2,2,nan,nan,nan,nan,1.97388,0.415388,0.41227,4.34184,5.93075,33,20,step,2.55,1.79069e+09,-3.71089,52,0.248924
2.551,2,2,nan,nan,nan,nan,1.97388,0.415388,0.431445,4.34184,5.93075,33,20,step,2.551,1.79069e+09,-3.60938,52,0.248952
2.552,2,2,nan,nan,nan,nan,1.9626,0.453786,0.429315,4.3427,5.93075,33,20,step,2.552,1.79069e+09,-3.62065,52,0.248945
2.553,2,2,nan,nan,nan,nan,1.9626,0.453786,0.443164,4.3427,5.93075,33,20,step,2.553,1.79069e+09,-3.65449,52,0.248965
2.554,2,2,nan,nan,nan,nan,1.97388,0.5044,0.450621,4.34375,5.93075,33,20,step,2.554,1.79069e+09,-3.67705,52,0.24897
2.555,2,2,nan,nan,nan,nan,1.97388,0.5044,0.457012,4.34375,5.93075,33,20,step,2.555,1.79069e+09,-3.69961,52,0.249005
2.556,2,2,nan,nan,nan,nan,1.92876,0.490438,0.468731,4.34471,5.93075,33,20,step,2.556,1.79069e+09,-3.69961,52,0.249061
2.557,2,2,nan,nan,nan,nan,1.92876,0.490438,0.48258,4.34471,5.93075,33,20,step,2.557,1.79069e+09,-3.63193,52,0.249082
2.558,2,2,nan,nan,nan,nan,1.92876,0.471239,0.488971,4.34567,5.93075,33,20,step,2.558,1.79069e+09,-3.63193,52,0.249092
2.559,2,2,nan,nan,nan,nan,1.92876,0.471239,0.480449,4.34567,5.93075,33,20,step,2.559,1.79069e+09,-3.64321,52,0.249112
2.56,2,2,nan,nan,nan,nan,1.89492,0.514872,0.517734,4.34663,5.93075,33,20,step,2.56,1.79069e+09,-3.67705,52,0.249166
2.561,2,2,nan,nan,nan,nan,1.89492,0.514872,0.514538,4.34663,5.93075,33,20,step,2.561,1.79069e+09,-3.60938,52,0.24921
2.562,2,2,nan,nan,nan,nan,1.91748,0.574213,0.526257,4.34778,5.93075,33,20,step,2.562,1.79069e+09,-3.62065,52,0.249211
2.563,2,2,nan,nan,nan,nan,1.91748,0.574213,0.544367,4.34778,5.93075,33,20,step,2.563,1.79069e+09,-3.5981,52,0.249232
2.564,2,2,nan,nan,nan,nan,1.95132,0.598648,0.53904,4.34903,5.93075,33,20,step,2.564,1.79069e+09,-3.63193,52,0.249253
2.565,2,2,nan,nan,nan,nan,1.95132,0.598648,0.55715,4.34903,5.93075,33,20,step,2.565,1.79069e+09,-3.60938,52,0.249245
2.566,2,2,nan,nan,nan,nan,2.01899,0.605629,0.574195,4.35018,5.93075,33,20,step,2.566,1.79069e+09,-3.62065,52,0.249245
2.567,2,2,nan,nan,nan,nan,2.01899,0.605629,0.57313,4.35018,5.93075,33,20,step,2.567,1.79069e+09,-3.66577,52,0.249242
2.568,2,2,nan,nan,nan,nan,1.9626,0.645772,0.583783,4.35152,5.93075,33,20,step,2.568,1.79069e+09,-3.63193,52,0.249277
2.569,2,2,nan,nan,nan,nan,1.9626,0.645772,0.600827,4.35152,5.93075,33,20,step,2.569,1.79069e+09,-3.63193,52,0.249306
2.57,2,2,nan,nan,nan,nan,1.95132,0.6353,0.615742,4.35277,5.93075,33,20,step,2.57,1.79069e+09,-3.58682,52,0.249332
2.571,2,2,nan,nan,nan,nan,1.95132,0.6353,0.614676,4.35277,5.93075,33,20,step,2.571,1.79069e+09,-3.58682,52,0.249361
2.572,2,2,nan,nan,nan,nan,1.94004,0.626573,0.614676,4.35401,5.93075,33,20,step,2.572,1.79069e+09,-3.58682,52,0.249358
2.573,2,2,nan,nan,nan,nan,1.94004,0.626573,0.642374,4.35401,5.93075,33,20,step,2.573,1.79069e+09,-3.63193,52,0.249347
2.574,2,2,nan,nan,nan,nan,1.95132,0.66148,0.653027,4.35526,5.93075,33,20,step,2.574,1.79069e+09,-3.5981,52,0.249358
2.575,2,2,nan,nan,nan,nan,1.95132,0.66148,0.644505,4.35526,5.93075,33,20,step,2.575,1.79069e+09,-3.64321,52,0.249389
2.576,2,2,nan,nan,nan,nan,2.00771,0.701622,0.657288,4.3567,5.93075,33,20,step,2.576,1.79069e+09,-3.62065,52,0.249436
2.577,2,2,nan,nan,nan,nan,2.00771,0.701622,0.674333,4.3567,5.93075,33,20,step,2.577,1.79069e+09,-3.56426,52,0.249453
2.578,2,2,nan,nan,nan,nan,2.05283,0.722566,0.675398,4.35814,5.93075,33,20,step,2.578,1.79069e+09,-3.56426,52,0.249478
2.579,2,2,nan,nan,nan,nan,2.05283,0.722566,0.673268,4.35814,5.93075,33,20,step,2.579,1.79069e+09,-3.57554,52,0.249479
2.58,2,2,nan,nan,nan,nan,1.98516,0.759218,0.682855,4.35967,5.93075,33,20,step,2.58,1.79069e+09,-3.58682,52,0.249462
2.581,2,2,nan,nan,nan,nan,1.98516,0.759218,0.693508,4.35967,5.93075,33,20,step,2.581,1.79069e+09,-3.60938,52,0.249477
2.582,2,2,nan,nan,nan,nan,1.97388,0.71733,0.721206,4.36111,5.93075,33,20,step,2.582,1.79069e+09,-3.62065,52,0.249498
2.583,2,2,nan,nan,nan,nan,1.97388,0.71733,0.73612,4.36111,5.93075,33,20,step,2.583,1.79069e+09,-3.58682,52,0.249514
2.584,2,2,nan,nan,nan,nan,1.98516,0.738274,0.71801,4.36255,5.93075,33,20,step,2.584,1.79069e+09,-3.5417,52,0.249531
2.585,2,2,nan,nan,nan,nan,1.98516,0.738274,0.741447,4.36255,5.93075,33,20,step,2.585,1.79069e+09,-3.57554,52,0.249541
2.586,2,2,nan,nan,nan,nan,1.99644,0.799361,0.759557,4.36408,5.93075,33,20,step,2.586,1.79069e+09,-3.5981,52,0.249533
2.587,2,2,nan,nan,nan,nan,1.99644,0.799361,0.747838,4.36408,5.93075,33,20,step,2.587,1.79069e+09,-3.55298,52,0.249531
2.588,2,2,nan,nan,nan,nan,2.06411,0.830777,0.744643,4.36581,5.93075,33,20,step,2.588,1.79069e+09,-3.57554,52,0.249547
2.589,2,2,nan,nan,nan,nan,2.06411,0.830777,0.745708,4.36581,5.93075,33,20,step,2.589,1.79069e+09,-3.55298,52,0.249565
2.59,2,2,nan,nan,nan,nan,2.00771,0.804597,0.791516,4.36744,5.93075,33,20,step,2.59,1.79069e+09,-3.60938,52,0.249581
2.591,2,2,nan,nan,nan,nan,2.00771,0.804597,0.795777,4.36744,5.93075,33,20,step,2.591,1.79069e+09,-3.5417,52,0.249608
2.592,2,2,nan,nan,nan,nan,2.03027,0.736529,0.800038,4.36887,5.93075,33,20,step,2.592,1.79069e+09,-3.53042,52,0.249605
2.593,2,2,nan,nan,nan,nan,2.03027,0.736529,0.786189,4.36887,5.93075,33,20,step,2.593,1.79069e+09,-3.51914,52,0.249604
2.594,2,2,nan,nan,nan,nan,1.99644,0.778417,0.809626,4.37041,5.93075,33,20,step,2.594,1.79069e+09,-3.55298,52,0.249618
2.595,2,2,nan,nan,nan,nan,1.99644,0.778417,0.833062,4.37041,5.93075,33,20,step,2.595,1.79069e+09,-3.56426,52,0.249642
2.596,2,2,nan,nan,nan,nan,2.00771,0.863938,0.822409,4.37213,5.93075,33,20,step,2.596,1.79069e+09,-3.55298,52,0.249674
2.597,2,2,nan,nan,nan,nan,2.00771,0.863938,0.813887,4.37213,5.93075,33,20,step,2.597,1.79069e+09,-3.53042,52,0.24969
2.598,2,2,nan,nan,nan,nan,1.98516,0.92677,0.84478,4.37395,5.93075,33,20,step,2.598,1.79069e+09,-3.50786,52,0.249683
2.599,2,2,nan,nan,nan,nan,1.98516,0.92677,0.84265,4.37395,5.93075,33,20,step,2.599,1.79069e+09,-3.50786,52,0.249683
2.6,2,2,nan,nan,nan,nan,1.95132,0.890118,0.84478,4.37578,5.93075,33,20,step,2.6,1.79069e+09,-3.51914,52,0.2497
2.601,2,2,nan,nan,nan,nan,1.95132,0.890118,0.862891,4.37578,5.93075,33,20,step,2.601,1.79069e+09,-3.51914,52,0.249714
2.602,2,2,nan,nan,nan,nan,1.9626,0.865683,0.87887,4.3775,5.93075,33,20,step,2.602,1.79069e+09,-3.51914,52,0.249727
2.603,2,2,nan,nan,nan,nan,1.9626,0.865683,0.867152,4.3775,5.93075,33,20,step,2.603,1.79069e+09,-3.51914,52,0.249733
2.604,2,2,nan,nan,nan,nan,1.98516,0.935496,0.889523,4.37942,5.93075,33,20,step,2.604,1.79069e+09,-3.4853,52,0.24977
2.605,2,2,nan,nan,nan,nan,1.98516,0.935496,0.89698,4.37942,5.93075,33,20,step,2.605,1.79069e+09,-3.4853,52,0.249801
2.606,2,2,nan,nan,nan,nan,1.94004,1.00705,0.914025,4.38143,5.93075,33,20,step,2.606,1.79069e+09,-3.44019,52,0.2498
2.607,2,2,nan,nan,nan,nan,1.94004,1.00705,0.917221,4.38143,5.93075,33,20,step,2.607,1.79069e+09,-3.46274,52,0.249792
2.608,2,2,nan,nan,nan,nan,1.94004,0.961676,0.901241,4.38335,5.93075,33,20,step,2.608,1.79069e+09,-3.5417,52,0.249777
2.609,2,2,nan,nan,nan,nan,1.94004,0.961676,0.91509,4.38335,5.93075,33,20,step,2.609,1.79069e+09,-3.4853,52,0.249783
2.61,2,2,nan,nan,nan,nan,1.95132,0.919789,0.945984,4.38517,5.93075,33,20,step,2.61,1.79069e+09,-3.49658,52,0.249808
2.611,2,2,nan,nan,nan,nan,1.95132,0.919789,0.960898,4.38517,5.93075,33,20,step,2.611,1.79069e+09,-3.51914,52,0.24985
2.612,2,2,nan,nan,nan,nan,1.9626,0.959931,0.963028,4.38709,5.93075,33,20,step,2.612,1.79069e+09,-3.44019,52,0.249878
2.613,2,2,nan,nan,nan,nan,1.9626,0.959931,0.94918,4.38709,5.93075,33,20,step,2.613,1.79069e+09,-3.44019,52,0.249882
2.614,2,2,nan,nan,nan,nan,1.88364,1.07861,0.970486,4.3892,5.93075,33,20,step,2.614,1.79069e+09,-3.46274,52,0.249907
2.615,2,2,nan,nan,nan,nan,1.88364,1.07861,0.981138,4.3892,5.93075,33,20,step,2.615,1.79069e+09,-3.50786,52,0.249929
2.616,2,2,nan,nan,nan,nan,1.91748,1.07512,1.00244,4.3915,5.93075,33,20,step,2.616,1.79069e+09,-3.44019,52,0.249944
2.617,2,2,nan,nan,nan,nan,1.91748,1.07512,0.990726,4.3915,5.93075,33,20,step,2.617,1.79069e+09,-3.39507,52,0.249958
2.618,2,2,nan,nan,nan,nan,1.94004,1.00705,1.00244,4.39361,5.93075,33,20,step,2.618,1.79069e+09,-3.42891,52,0.249964
2.619,2,2,nan,nan,nan,nan,1.94004,1.00705,1.00351,4.39361,5.93085,33,20,step,2.619,1.79069e+09,-3.45146,52,0.249982
2.62,2,2,nan,nan,nan,nan,2.05283,0.989602,1.02908,4.39543,5.93085,33,20,step,2.62,1.79069e+09,-3.47402,52,0.249994
2.621,2,2,nan,nan,nan,nan,2.05283,0.989602,1.04719,4.39543,5.93085,33,20,step,2.621,1.79069e+09,-3.4853,52,0.249989
2.622,2,2,nan,nan,nan,nan,1.9062,1.05418,1.02801,4.39764,5.93085,33,20,step,2.622,1.79069e+09,-3.44019,52,0.250015
2.623,2,2,nan,nan,nan,nan,1.9062,1.05418,1.06423,4.39764,5.93085,33,20,step,2.623,1.79069e+09,-3.45146,52,0.25006
2.624,2,2,nan,nan,nan,nan,1.95132,1.05069,1.05571,4.39965,5.93085,33,20,step,2.624,1.79069e+09,-3.38379,52,0.250084
2.625,2,2,nan,nan,nan,nan,1.95132,1.05069,1.0621,4.39965,5.93085,33,20,step,2.625,1.79069e+09,-3.37251,52,0.250085
2.626,2,2,nan,nan,nan,nan,2.01899,1.06291,1.0653,4.40176,5.93085,33,20,step,2.626,1.79069e+09,-3.40635,52,0.250081
2.627,2,2,nan,nan,nan,nan,2.01899,1.06291,1.05677,4.40176,5.93085,33,20,step,2.627,1.79069e+09,-3.38379,52,0.250096
2.628,2,2,nan,nan,nan,nan,1.97388,1.12225,1.06849,4.40406,5.93085,33,20,step,2.628,1.79069e+09,-3.38379,52,0.25009
2.629,2,2,nan,nan,nan,nan,1.97388,1.12225,1.09513,4.40406,5.93085,33,20,step,2.629,1.79069e+09,-3.38379,52,0.250072
2.63,2,2,nan,nan,nan,nan,1.9626,1.17286,1.0898,4.40646,5.93085,33,20,step,2.63,1.79069e+09,-3.40635,52,0.250076
2.631,2,2,nan,nan,nan,nan,1.9626,1.17286,1.09513,4.40646,5.93085,33,20,step,2.631,1.79069e+09,-3.41763,52,0.250102
2.632,2,2,nan,nan,nan,nan,1.92876,1.14843,1.09299,4.40876,5.93085,33,20,step,2.632,1.79069e+09,-3.37251,52,0.250141
2.633,2,2,nan,nan,nan,nan,1.92876,1.14843,1.12176,4.40876,5.93085,33,20,step,2.633,1.79069e+09,-3.32739,52,0.250149
2.634,2,2,nan,nan,nan,nan,1.95132,1.14843,1.13135,4.41106,5.93085,33,20,step,2.634,1.79069e+09,-3.33867,52,0.250159
2.635,2,2,nan,nan,nan,nan,1.95132,1.14843,1.10897,4.41106,5.93085,33,20,step,2.635,1.79069e+09,-3.36123,52,0.250165
2.636,2,2,nan,nan,nan,nan,1.87236,1.16588,1.13667,4.41336,5.93085,33,20,step,2.636,1.79069e+09,-3.36123,52,0.250156
2.637,2,2,nan,nan,nan,nan,1.87236,1.16588,1.14946,4.41336,5.93085,33,20,step,2.637,1.79069e+09,-3.34995,52,0.250174
2.638,2,2,nan,nan,nan,nan,1.99644,1.18682,1.15159,4.41556,5.93085,33,20,step,2.638,1.79069e+09,-3.34995,52,0.250177
2.639,2,2,nan,nan,nan,nan,1.99644,1.18682,1.1633,4.41556,5.93085,33,20,step,2.639,1.79069e+09,-3.38379,52,0.250176
2.64,2,2,nan,nan,nan,nan,2.06411,1.23918,1.14946,4.41806,5.93085,33,20,step,2.64,1.79069e+09,-3.32739,52,0.250167
2.641,2,2,nan,nan,nan,nan,2.06411,1.23918,1.16757,4.41806,5.93085,33,20,step,2.641,1.79069e+09,-3.33867,52,0.250146
2.642,2,2,nan,nan,nan,nan,1.9626,1.23395,1.18248,4.42055,5.93085,33,20,step,2.642,1.79069e+09,-3.34995,52,0.250148
2.643,2,2,nan,nan,nan,nan,1.9626,1.23395,1.19846,4.42055,5.93085,33,20,step,2.643,1.79069e+09,-3.34995,52,0.250146
2.644,2,2,nan,nan,nan,nan,1.98516,1.15715,1.21657,4.42304,5.93085,33,20,step,2.644,1.79069e+09,-3.34995,52,0.250172
2.645,2,2,nan,nan,nan,nan,1.98516,1.15715,1.18354,4.42304,5.93085,33,20,step,2.645,1.79069e+09,-3.32739,52,0.250193
2.646,2,2,nan,nan,nan,nan,2.03027,1.1781,1.19739,4.42525,5.93085,33,20,step,2.646,1.79069e+09,-3.29355,52,0.250187
2.647,2,2,nan,nan,nan,nan,2.03027,1.1781,1.21018,4.42525,5.93085,33,20,step,2.647,1.79069e+09,-3.30483,52,0.250186
2.648,2,2,nan,nan,nan,nan,1.91748,1.24791,1.21657,4.42774,5.93085,33,20,step,2.648,1.79069e+09,-3.38379,52,0.250189
2.649,2,2,nan,nan,nan,nan,1.91748,1.24791,1.2464,4.42774,5.93094,33,20,step,2.649,1.79069e+09,-3.33867,52,0.250185
2.65,2,2,nan,nan,nan,nan,1.91748,1.27584,1.23361,4.43023,5.93094,33,20,step,2.65,1.79069e+09,-3.30483,52,0.250209
2.651,2,2,nan,nan,nan,nan,1.91748,1.27584,1.23788,4.43023,5.93094,33,20,step,2.651,1.79069e+09,-3.29355,52,0.250236
2.652,2,2,nan,nan,nan,nan,1.98516,1.30725,1.26451,4.43282,5.93094,33,20,step,2.652,1.79069e+09,-3.24844,52,0.250247
2.653,2,2,nan,nan,nan,nan,1.98516,1.30725,1.27623,4.43282,5.93094,33,20,step,2.653,1.79069e+09,-3.24844,52,0.250238
2.654,2,2,nan,nan,nan,nan,1.9062,1.35612,1.25172,4.43551,5.93094,33,20,step,2.654,1.79069e+09,-3.30483,52,0.250227
2.655,2,2,nan,nan,nan,nan,1.9062,1.35612,1.25172,4.43551,5.93104,33,20,step,2.655,1.79069e+09,-3.28228,52,0.250224
2.656,2,2,nan,nan,nan,nan,1.9626,1.28631,1.30499,4.43809,5.93104,33,20,step,2.656,1.79069e+09,-3.25972,52,0.250215
2.657,2,2,nan,nan,nan,nan,1.9626,1.28631,1.30286,4.43809,5.93104,33,20,step,2.657,1.79069e+09,-3.271,52,0.250234
2.658,2,2,nan,nan,nan,nan,2.01899,1.32645,1.2954,4.44078,5.93104,33,20,step,2.658,1.79069e+09,-3.24844,52,0.250254
2.659,2,2,nan,nan,nan,nan,2.01899,1.32645,1.30286,4.44078,5.93104,33,20,step,2.659,1.79069e+09,-3.22588,52,0.250257
2.66,2,2,nan,nan,nan,nan,1.92876,1.38405,1.30392,4.44356,5.93104,33,20,step,2.66,1.79069e+09,-3.22588,52,0.250252
2.661,2,2,nan,nan,nan,nan,1.92876,1.38405,1.32949,4.44356,5.93114,33,20,step,2.661,1.79069e+09,-3.23716,52,0.25024
2.662,2,2,nan,nan,nan,nan,2.01899,1.32994,1.3231,4.44624,5.93114,33,20,step,2.662,1.79069e+09,-3.29355,52,0.250228
2.663,2,2,nan,nan,nan,nan,2.01899,1.32994,1.32523,4.44624,5.93114,33,20,step,2.663,1.79069e+09,-3.32739,52,0.250234
2.664,2,2,nan,nan,nan,nan,2.04155,1.3247,1.33269,4.44883,5.93114,33,20,step,2.664,1.79069e+09,-3.29355,52,0.250232
2.665,2,2,nan,nan,nan,nan,2.04155,1.3247,1.34014,4.44883,5.93114,33,20,step,2.665,1.79069e+09,-3.23716,52,0.250246
2.666,2,2,nan,nan,nan,nan,1.99644,1.33169,1.34867,4.45152,5.93114,33,20,step,2.666,1.79069e+09,-3.271,52,0.250254
2.667,2,2,nan,nan,nan,nan,1.99644,1.33169,1.37317,4.45152,5.93123,33,20,step,2.667,1.79069e+09,-3.20332,52,0.250239
2.668,2,2,nan,nan,nan,nan,2.04155,1.33169,1.38062,4.4542,5.93123,33,20,step,2.668,1.79069e+09,-3.24844,52,0.250236
2.669,2,2,nan,nan,nan,nan,2.04155,1.33169,1.38808,4.4542,5.93123,33,20,step,2.669,1.79069e+09,-3.22588,52,0.250228
2.67,2,2,nan,nan,nan,nan,1.8498,1.42419,1.40406,4.45717,5.93123,33,20,step,2.67,1.79069e+09,-3.25972,52,0.250214
2.671,2,2,nan,nan,nan,nan,1.8498,1.42419,1.40832,4.45717,5.93123,33,20,step,2.671,1.79069e+09,-3.20332,52,0.250211
2.672,2,2,nan,nan,nan,nan,1.94004,1.4556,1.39447,4.45995,5.93123,33,20,step,2.672,1.79069e+09,-3.19204,52,0.250202
2.673,2,2,nan,nan,nan,nan,1.94004,1.4556,1.37317,4.45995,5.93123,33,20,step,2.673,1.79069e+09,-3.23716,52,0.250173
2.674,2,2,nan,nan,nan,nan,1.9626,1.46957,1.39767,4.46302,5.93133,33,20,step,2.674,1.79069e+09,-3.23716,52,0.250148
2.675,2,2,nan,nan,nan,nan,1.9626,1.46957,1.42963,4.46302,5.93133,33,20,step,2.675,1.79069e+09,-3.2146,52,0.250123
2.676,2,2,nan,nan,nan,nan,1.89492,1.46433,1.43709,4.46599,5.93133,33,20,step,2.676,1.79069e+09,-3.24844,52,0.250103
2.677,2,2,nan,nan,nan,nan,1.89492,1.46433,1.42537,4.46599,5.93142,33,20,step,2.677,1.79069e+09,-3.25972,52,0.250111
2.678,2,2,nan,nan,nan,nan,1.97388,1.50796,1.42537,4.46897,5.93142,33,20,step,2.678,1.79069e+09,-3.24844,52,0.250122
2.679,2,2,nan,nan,nan,nan,1.97388,1.50796,1.43602,4.46897,5.93142,33,20,step,2.679,1.79069e+09,-3.13564,52,0.250109
2.68,2,2,nan,nan,nan,nan,1.9626,1.54462,1.4488,4.47203,5.93142,33,20,step,2.68,1.79069e+09,-3.2146,52,0.250095
2.681,2,2,nan,nan,nan,nan,1.9626,1.54462,1.46585,4.47203,5.93152,33,20,step,2.681,1.79069e+09,-3.20332,52,0.250085
2.682,2,2,nan,nan,nan,nan,1.92876,1.48528,1.45626,4.47491,5.93152,33,20,step,2.682,1.79069e+09,-3.22588,52,0.250057
2.683,2,2,nan,nan,nan,nan,1.92876,1.48528,1.44241,4.47491,5.93152,33,20,step,2.683,1.79069e+09,-3.14692,52,0.250045
2.684,2,2,nan,nan,nan,nan,2.01899,1.48178,1.45626,4.47779,5.93162,33,20,step,2.684,1.79069e+09,-3.2146,52,0.250041
2.685,2,2,nan,nan,nan,nan,2.01899,1.48178,1.49035,4.47779,5.93162,33,20,step,2.685,1.79069e+09,-3.13564,52,0.250049
2.686,2,2,nan,nan,nan,nan,1.9062,1.49749,1.49781,4.48085,5.93162,33,20,step,2.686,1.79069e+09,-3.1582,52,0.250044
2.687,2,2,nan,nan,nan,nan,1.9062,1.49749,1.51272,4.48085,5.93171,33,20,step,2.687,1.79069e+09,-3.18076,52,0.250022
2.688,2,2,nan,nan,nan,nan,2.05283,1.5132,1.50633,4.48402,5.93171,33,20,step,2.688,1.79069e+09,-3.16948,52,0.250002
2.689,2,2,nan,nan,nan,nan,2.05283,1.5132,1.50953,4.48402,5.93171,33,20,step,2.689,1.79069e+09,-3.19204,52,0.249968
2.69,2,2,nan,nan,nan,nan,1.92876,1.61792,1.53722,4.48699,5.93181,33,20,step,2.69,1.79069e+09,-3.11309,52,0.249939
2.691,2,2,nan,nan,nan,nan,1.92876,1.61792,1.53829,4.48699,5.93181,33,20,step,2.691,1.79069e+09,-3.18076,52,0.249905
2.692,2,2,nan,nan,nan,nan,1.97388,1.57254,1.53296,4.49015,5.93181,33,20,step,2.692,1.79069e+09,-3.16948,52,0.249888
2.693,2,2,nan,nan,nan,nan,1.97388,1.57254,1.52551,4.49015,5.9319,33,20,step,2.693,1.79069e+09,-3.1582,52,0.249853
2.694,2,2,nan,nan,nan,nan,2.01899,1.55683,1.54575,4.49351,5.9319,33,20,step,2.694,1.79069e+09,-3.05669,52,0.249843
2.695,2,2,nan,nan,nan,nan,2.01899,1.55683,1.55001,4.49351,5.9319,33,20,step,2.695,1.79069e+09,-3.18076,52,0.24981
2.696,2,2,nan,nan,nan,nan,1.97388,1.63014,1.55853,4.49658,5.9319,33,20,step,2.696,1.79069e+09,-3.13564,52,0.249762
2.697,2,2,nan,nan,nan,nan,1.97388,1.63014,1.57238,4.49658,5.932,33,20,step,2.697,1.79069e+09,-3.18076,52,0.249744
2.698,2,2,nan,nan,nan,nan,1.99644,1.59174,1.59155,4.50012,5.932,33,20,step,2.698,1.79069e+09,-3.11309,52,0.249749
2.699,2,2,nan,nan,nan,nan,1.99644,1.59174,1.59049,4.50012,5.932,33,20,step,2.699,1.79069e+09,-3.12437,52,0.249734
2.7,2,-2,nan,nan,nan,nan,1.86108,1.59523,1.5841,4.50338,5.932,33,20,step,2.7,1.79069e+09,-3.03413,52,0.249698
2.701,2,-2,nan,nan,nan,nan,1.86108,1.59523,1.61499,4.50338,5.9321,33,20,step,2.701,1.79069e+09,-3.13564,52,0.249655
2.702,2,-2,nan,nan,nan,nan,2.03027,1.58476,1.6086,4.50616,5.9321,33,20,step,2.702,1.79069e+09,-3.14692,52,0.249634
2.703,2,-2,nan,nan,nan,nan,2.03027,1.58476,1.60221,4.50616,5.93219,33,20,step,2.703,1.79069e+09,-3.1582,52,0.249623
2.704,2,-2,nan,nan,nan,nan,0.101514,1.32296,1.62777,4.50914,5.93219,33,20,step,2.704,1.79069e+09,-3.13564,52,0.24959
2.705,2,-2,nan,nan,nan,nan,0.101514,1.32296,1.63417,4.50914,5.93219,33,20,step,2.705,1.79069e+09,-3.03413,52,0.249536
2.706,2,-2,nan,nan,nan,nan,-0.0676758,0.891863,1.5841,4.51105,5.93229,33,20,step,2.706,1.79069e+09,-3.05669,52,0.249454
2.707,2,-2,nan,nan,nan,nan,-0.0676758,0.891863,1.59688,4.51105,5.93229,33,20,step,2.707,1.79069e+09,-3.10181,52,0.249408
2.708,2,-2,nan,nan,nan,nan,-0.834668,1.10479,1.60647,4.51316,5.93238,33,20,step,2.708,1.79069e+09,-3.11309,52,0.249384
2.709,2,-2,nan,nan,nan,nan,-0.834668,1.10479,1.61286,4.51316,5.93238,33,20,step,2.709,1.79069e+09,-3.00029,52,0.249273
2.71,2,-2,nan,nan,nan,nan,-1.48887,1.43466,1.59262,4.51604,5.93238,33,20,step,2.71,1.79069e+09,-3.02285,52,0.249171
2.711,2,-2,nan,nan,nan,nan,-1.48887,1.43466,1.57557,4.51604,5.93238,33,20,step,2.711,1.79069e+09,-3.11309,52,0.249121
2.712,2,-2,nan,nan,nan,nan,-1.72573,1.62665,1.53722,4.51911,5.93248,33,20,step,2.712,1.79069e+09,-3.02285,52,0.248979
2.713,2,-2,nan,nan,nan,nan,-1.72573,1.62665,1.54148,4.51911,5.93248,33,20,step,2.713,1.79069e+09,-3.07925,52,0.248918
2.714,2,-2,nan,nan,nan,nan,-1.94004,1.72264,1.51485,4.52275,5.93248,33,20,step,2.714,1.79069e+09,-3.09053,52,0.24877
2.715,2,-2,nan,nan,nan,nan,-1.94004,1.72264,1.51592,4.52275,5.93248,33,20,step,2.715,1.79069e+09,-3.02285,52,0.248624
2.716,2,-2,nan,nan,nan,nan,-1.79341,1.52891,1.52444,4.52572,5.93257,33,20,step,2.716,1.79069e+09,-3.12437,52,0.248553
2.717,2,-2,nan,nan,nan,nan,-1.79341,1.52891,1.45733,4.52572,5.93257,33,20,step,2.717,1.79069e+09,-3.07925,52,0.248432
2.718,2,-2,nan,nan,nan,nan,-1.92876,1.43117,1.4552,4.5286,5.93257,33,20,step,2.718,1.79069e+09,-3.1582,52,0.248405
2.719,2,-2,nan,nan,nan,nan,-1.92876,1.43117,1.45307,4.5286,5.93267,33,20,step,2.719,1.79069e+09,-3.12437,52,0.248319
2.72,2,-2,nan,nan,nan,nan,-1.78213,1.2898,1.43069,4.53119,5.93267,33,20,step,2.72,1.79069e+09,-3.09053,52,0.248243
2.721,2,-2,nan,nan,nan,nan,-1.78213,1.2898,1.40832,4.53119,5.93267,33,20,step,2.721,1.79069e+09,-3.06797,52,0.248138
2.722,2,-2,nan,nan,nan,nan,-1.9062,1.30551,1.40619,4.53378,5.93277,33,20,step,2.722,1.79069e+09,-3.13564,52,0.248068
2.723,2,-2,nan,nan,nan,nan,-1.9062,1.30551,1.41152,4.53378,5.93277,33,20,step,2.723,1.79069e+09,-3.03413,52,0.248013
2.724,2,-2,nan,nan,nan,nan,-2.05283,1.40324,1.38595,4.53656,5.93286,33,20,step,2.724,1.79069e+09,-3.02285,52,0.247784
2.725,2,-2,nan,nan,nan,nan,-2.05283,1.40324,1.34334,4.53656,5.93286,33,20,step,2.725,1.79069e+09,-3.11309,52,0.247697
2.726,2,-2,nan,nan,nan,nan,-1.95132,1.37183,1.33482,4.53934,5.93296,33,20,step,2.726,1.79069e+09,-3.13564,52,0.247578
2.727,2,-2,nan,nan,nan,nan,-1.95132,1.37183,1.34014,4.53934,5.93296,33,20,step,2.727,1.79069e+09,-3.07925,52,0.247518
2.728,2,-2,nan,nan,nan,nan,-1.9062,1.37532,1.31671,4.54212,5.93305,33,20,step,2.728,1.79069e+09,-3.00029,52,0.247414
2.729,2,-2,nan,nan,nan,nan,-1.9062,1.37532,1.30392,4.54212,5.93305,33,20,step,2.729,1.79069e+09,-3.02285,52,0.247233
2.73,2,-2,nan,nan,nan,nan,-2.09795,1.3282,1.26451,4.5448,5.93315,33,20,step,2.73,1.79069e+09,-3.09053,52,0.247164
2.731,2,-2,nan,nan,nan,nan,-2.09795,1.3282,1.24853,4.5448,5.93315,33,20,step,2.731,1.79069e+09,-3.10181,52,0.247092
2.732,2,-2,nan,nan,nan,nan,-1.9626,1.27409,1.23255,4.54729,5.93315,33,20,step,2.732,1.79069e+09,-3.06797,52,0.247029
2.733,2,-2,nan,nan,nan,nan,-1.9626,1.27409,1.20592,4.54729,5.93325,33,20,step,2.733,1.79069e+09,-3.04541,52,0.24698
2.734,2,-2,nan,nan,nan,nan,-1.99644,1.30551,1.21124,4.54998,5.93325,33,20,step,2.734,1.79069e+09,-3.07925,52,0.246879
2.735,2,-2,nan,nan,nan,nan,-1.99644,1.30551,1.18354,4.54998,5.93334,33,20,step,2.735,1.79069e+09,-2.98901,52,0.246832
2.736,2,-2,nan,nan,nan,nan,-2.03027,1.16763,1.1633,4.55238,5.93344,33,20,step,2.736,1.79069e+09,-3.05669,52,0.246731
2.737,2,-2,nan,nan,nan,nan,-2.03027,1.16763,1.16117,4.55238,5.93344,33,20,step,2.737,1.79069e+09,-3.06797,52,0.246642
2.738,2,-2,nan,nan,nan,nan,-1.92876,1.0664,1.15265,4.55448,5.93353,33,20,step,2.738,1.79069e+09,-3.00029,52,0.246553
2.739,2,-2,nan,nan,nan,nan,-1.92876,1.0664,1.13241,4.55448,5.93353,33,20,step,2.739,1.79069e+09,-3.04541,52,0.246478
2.74,2,-2,nan,nan,nan,nan,-1.97388,1.14668,1.1111,4.55679,5.93363,33,20,step,2.74,1.79069e+09,-3.01157,52,0.2464
2.741,2,-2,nan,nan,nan,nan,-1.97388,1.14668,1.08767,4.55679,5.93363,33,20,step,2.741,1.79069e+09,-2.92134,52,0.246269
2.742,2,-2,nan,nan,nan,nan,-2.05283,1.14843,1.06743,4.55909,5.93373,33,20,step,2.742,1.79069e+09,-3.04541,52,0.246161
2.743,2,-2,nan,nan,nan,nan,-2.05283,1.14843,1.07062,4.55909,5.93373,33,20,step,2.743,1.79069e+09,-2.9439,52,0.246132
2.744,2,-2,nan,nan,nan,nan,-1.97388,1.04371,1.05571,4.5612,5.93373,33,20,step,2.744,1.79069e+09,-2.95518,52,0.245953
2.745,2,-2,nan,nan,nan,nan,-1.97388,1.04371,1.02055,4.5612,5.93373,33,20,step,2.745,1.79069e+09,-3.05669,52,0.245869
2.746,2,-2,nan,nan,nan,nan,-1.98516,1.09258,1.00351,4.56331,5.93373,33,20,step,2.746,1.79069e+09,-3.00029,52,0.245804
2.747,2,-2,nan,nan,nan,nan,-1.98516,1.09258,0.977943,4.56331,5.93382,33,20,step,2.747,1.79069e+09,-3.05669,52,0.24575
2.748,2,-2,nan,nan,nan,nan,-1.92876,1.10654,0.953441,4.56561,5.93382,33,20,step,2.748,1.79069e+09,-2.92134,52,0.24571
2.749,2,-2,nan,nan,nan,nan,-1.92876,1.10654,0.950245,4.56561,5.93382,33,20,step,2.749,1.79069e+09,-2.93262,52,0.245643
2.75,2,-2,nan,nan,nan,nan,-1.91748,0.938987,0.965159,4.56752,5.93392,33,20,step,2.75,1.79069e+09,-2.93262,52,0.245572
2.751,2,-2,nan,nan,nan,nan,-1.91748,0.938987,0.947049,4.56752,5.93401,33,20,step,2.751,1.79069e+09,-3.01157,52,0.24547
2.752,2,-2,nan,nan,nan,nan,-1.82725,0.837758,0.921482,4.56925,5.93401,33,20,step,2.752,1.79069e+09,-2.97773,52,0.245359
2.753,2,-2,nan,nan,nan,nan,-1.82725,0.837758,0.91509,4.56925,5.93411,33,20,step,2.753,1.79069e+09,-2.92134,52,0.245292
2.754,2,-2,nan,nan,nan,nan,-1.99644,0.919789,0.87887,4.57107,5.93411,33,20,step,2.754,1.79069e+09,-2.93262,52,0.245208
2.755,2,-2,nan,nan,nan,nan,-1.99644,0.919789,0.868217,4.57107,5.9342,33,20,step,2.755,1.79069e+09,-2.92134,52,0.245139
2.756,2,-2,nan,nan,nan,nan,-1.9062,0.987856,0.84478,4.57299,5.9342,33,20,step,2.756,1.79069e+09,-3.00029,52,0.245027
2.757,2,-2,nan,nan,nan,nan,-1.9062,0.987856,0.839454,4.57299,5.9342,33,20,step,2.757,1.79069e+09,-2.92134,52,0.244928
2.758,2,-2,nan,nan,nan,nan,-2.04155,0.84823,0.822409,4.57471,5.9342,33,20,step,2.758,1.79069e+09,-2.95518,52,0.244854
2.759,2,-2,nan,nan,nan,nan,-2.04155,0.84823,0.804299,4.57471,5.9343,33,20,step,2.759,1.79069e+09,-2.95518,52,0.244816
2.76,2,-2,nan,nan,nan,nan,-1.81597,0.715585,0.796842,4.57625,5.9343,33,20,step,2.76,1.79069e+09,-2.95518,52,0.244792
2.761,2,-2,nan,nan,nan,nan,-1.81597,0.715585,0.758491,4.57625,5.9343,33,20,step,2.761,1.79069e+09,-2.87622,52,0.24475
2.762,2,-2,nan,nan,nan,nan,-1.91748,0.715585,0.75423,4.57769,5.9343,33,20,step,2.762,1.79069e+09,-2.8875,52,0.24472
2.763,2,-2,nan,nan,nan,nan,-1.91748,0.715585,0.757426,4.57769,5.9344,33,20,step,2.763,1.79069e+09,-2.93262,52,0.244674
2.764,2,-2,nan,nan,nan,nan,-1.95132,0.757473,0.741447,4.57912,5.9344,33,20,step,2.764,1.79069e+09,-2.8875,52,0.244572
2.765,2,-2,nan,nan,nan,nan,-1.95132,0.757473,0.721206,4.57912,5.93449,33,20,step,2.765,1.79069e+09,-2.91006,52,0.244468
2.766,2,-2,nan,nan,nan,nan,-1.92876,0.712094,0.696704,4.58056,5.93449,33,20,step,2.766,1.79069e+09,-2.96646,52,0.244406
2.767,2,-2,nan,nan,nan,nan,-1.92876,0.712094,0.711618,4.58056,5.93459,33,20,step,2.767,1.79069e+09,-2.92134,52,0.244306
2.768,2,-2,nan,nan,nan,nan,-1.99644,0.603884,0.686051,4.58181,5.93459,33,20,step,2.768,1.79069e+09,-2.8875,52,0.244229
2.769,2,-2,nan,nan,nan,nan,-1.99644,0.603884,0.662615,4.58181,5.93459,33,20,step,2.769,1.79069e+09,-2.89878,52,0.244157
2.77,2,-2,nan,nan,nan,nan,-1.98516,0.568977,0.647701,4.58296,5.93459,33,20,step,2.77,1.79069e+09,-2.89878,52,0.244078
2.771,2,-2,nan,nan,nan,nan,-1.98516,0.568977,0.649831,4.58296,5.93468,33,20,step,2.771,1.79069e+09,-2.92134,52,0.244006
2.772,2,-2,nan,nan,nan,nan,-1.94004,0.640536,0.602958,4.58421,5.93468,33,20,step,2.772,1.79069e+09,-2.91006,52,0.243938
2.773,2,-2,nan,nan,nan,nan,-1.94004,0.640536,0.566738,4.58421,5.93468,33,20,step,2.773,1.79069e+09,-2.87622,52,0.243906
2.774,2,-2,nan,nan,nan,nan,-1.91748,0.66497,0.553954,4.58555,5.93468,33,20,step,2.774,1.79069e+09,-2.85366,52,0.243851
2.775,2,-2,nan,nan,nan,nan,-1.91748,0.66497,0.549693,4.58555,5.93468,33,20,step,2.775,1.79069e+09,-2.85366,52,0.243787
2.776,2,-2,nan,nan,nan,nan,-1.89492,0.600393,0.531583,4.58679,5.93468,33,20,step,2.776,1.79069e+09,-2.85366,52,0.243724
2.777,2,-2,nan,nan,nan,nan,-1.89492,0.600393,0.52093,4.58679,5.93468,33,20,step,2.777,1.79069e+09,-2.87622,52,0.243631
2.778,2,-2,nan,nan,nan,nan,-1.87236,0.492183,0.503885,4.58785,5.93478,33,20,step,2.778,1.79069e+09,-2.92134,52,0.24354
2.779,2,-2,nan,nan,nan,nan,-1.87236,0.492183,0.495363,4.58785,5.93478,33,20,step,2.779,1.79069e+09,-2.92134,52,0.243448
2.78,2,-2,nan,nan,nan,nan,-1.89492,0.39968,0.488971,4.58862,5.93488,33,20,step,2.78,1.79069e+09,-2.9439,52,0.243387
2.781,2,-2,nan,nan,nan,nan,-1.89492,0.39968,0.469796,4.58862,5.93488,33,20,step,2.781,1.79069e+09,-2.91006,52,0.243348
2.782,2,-2,nan,nan,nan,nan,-1.9626,0.389208,0.446359,4.58948,5.93488,33,20,step,2.782,1.79069e+09,-2.85366,52,0.243269
2.783,2,-2,nan,nan,nan,nan,-1.9626,0.389208,0.431445,4.58948,5.93497,33,20,step,2.783,1.79069e+09,-2.87622,52,0.243174
2.784,2,-2,nan,nan,nan,nan,-1.97388,0.420624,0.406943,4.59034,5.93497,33,20,step,2.784,1.79069e+09,-2.8875,52,0.243107
2.785,2,-2,nan,nan,nan,nan,-1.97388,0.420624,0.387768,4.59034,5.93497,33,20,step,2.785,1.79069e+09,-2.8875,52,0.243027
2.786,2,-2,nan,nan,nan,nan,-1.88364,0.438078,0.403748,4.5912,5.93497,33,20,step,2.786,1.79069e+09,-2.89878,52,0.242996
2.787,2,-2,nan,nan,nan,nan,-1.88364,0.438078,0.370723,4.5912,5.93497,33,20,step,2.787,1.79069e+09,-2.85366,52,0.242901
2.788,2,-2,nan,nan,nan,nan,-1.87236,0.410152,0.343026,4.59197,5.93507,33,20,step,2.788,1.79069e+09,-2.87622,52,0.242819
2.789,2,-2,nan,nan,nan,nan,-1.87236,0.410152,0.336634,4.59197,5.93507,33,20,step,2.789,1.79069e+09,-2.89878,52,0.242777
2.79,2,-2,nan,nan,nan,nan,-1.86108,0.34383,0.315328,4.59274,5.93507,33,20,step,2.79,1.79069e+09,-2.87622,52,0.242676
2.791,2,-2,nan,nan,nan,nan,-1.86108,0.34383,0.318524,4.59274,5.93516,33,20,step,2.791,1.79069e+09,-2.8875,52,0.242597
2.792,2,-2,nan,nan,nan,nan,-1.86108,0.272271,0.291891,4.59331,5.93516,33,20,step,2.792,1.79069e+09,-2.89878,52,0.242516
2.793,2,-2,nan,nan,nan,nan,-1.86108,0.272271,0.262063,4.59331,5.93516,33,20,step,2.793,1.79069e+09,-2.93262,52,0.242463
2.794,2,-2,nan,nan,nan,nan,-1.87236,0.230383,0.243953,4.5937,5.93516,33,20,step,2.794,1.79069e+09,-2.91006,52,0.242444
2.795,2,-2,nan,nan,nan,nan,-1.87236,0.230383,0.241822,4.5937,5.93526,33,20,step,2.795,1.79069e+09,-2.87622,52,0.242391
2.796,2,-2,nan,nan,nan,nan,-1.87236,0.179769,0.21519,4.59408,5.93526,33,20,step,2.796,1.79069e+09,-2.85366,52,0.24233
2.797,2,-2,nan,nan,nan,nan,-1.87236,0.179769,0.203472,4.59408,5.93526,33,20,step,2.797,1.79069e+09,-2.8875,52,0.242245
2.798,2,-2,nan,nan,nan,nan,-1.9626,0.171042,0.196015,4.59446,5.93526,33,20,step,2.798,1.79069e+09,-2.91006,52,0.242167
2.799,2,-2,nan,nan,nan,nan,-1.9626,0.171042,0.172578,4.59446,5.93536,33,20,step,2.799,1.79069e+09,-2.8875,52,0.242123
2.8,2,-2,nan,nan,nan,nan,-1.94004,0.146608,0.150207,4.59475,5.93536,33,20,step,2.8,1.79069e+09,-2.89878,52,0.242064
2.801,2,-2,nan,nan,nan,nan,-1.94004,0.146608,0.157664,4.59475,5.93536,33,20,step,2.801,1.79069e+09,-2.87622,52,0.242058
2.802,2,-2,nan,nan,nan,nan,-1.92876,0.127409,0.131032,4.59504,5.93536,33,20,step,2.802,1.79069e+09,-2.85366,52,0.241994
2.803,2,-2,nan,nan,nan,nan,-1.92876,0.127409,0.110791,4.59504,5.93545,33,20,step,2.803,1.79069e+09,-2.85366,52,0.241899
2.804,2,-2,nan,nan,nan,nan,-1.94004,0.0959931,0.0756361,4.59523,5.93545,33,20,step,2.804,1.79069e+09,-2.8875,52,0.24185
2.805,2,-2,nan,nan,nan,nan,-1.94004,0.0959931,0.0671137,4.59523,5.93545,33,20,step,2.805,1.79069e+09,-2.91006,52,0.241788
2.806,2,-2,nan,nan,nan,nan,-2.05283,0.0593412,0.0245018,4.59542,5.93545,33,20,step,2.806,1.79069e+09,-2.87622,52,0.241741
2.807,2,-2,nan,nan,nan,nan,-2.05283,0.0593412,0.0436772,4.59542,5.93545,33,20,step,2.807,1.79069e+09,-2.91006,52,0.241678
2.808,2,-2,nan,nan,nan,nan,-1.94004,0.0122173,0.0340895,4.59542,5.93555,33,20,step,2.808,1.79069e+09,-2.8875,52,0.241646
2.809,2,-2,nan,nan,nan,nan,-1.94004,0.0122173,0.010653,4.59542,5.93555,33,20,step,2.809,1.79069e+09,-2.89878,52,0.241619
2.81,2,-2,nan,nan,nan,nan,-1.9626,0,-0.00745708,4.59542,5.93555,33,20,step,2.81,1.79069e+09,-2.8311,52,0.241554
2.811,2,-2,nan,nan,nan,nan,-1.9626,0,-0.0234365,4.59542,5.93555,33,20,step,2.811,1.79069e+09,-2.8875,52,0.241516
2.812,2,-2,nan,nan,nan,nan,-1.95132,0,-0.0298283,4.59542,5.93555,33,20,step,2.812,1.79069e+09,-2.89878,52,0.241447
2.813,2,-2,nan,nan,nan,nan,-1.95132,0,-0.0553954,4.59542,5.93555,33,20,step,2.813,1.79069e+09,-2.91006,52,0.241392
2.814,2,-2,nan,nan,nan,nan,-1.95132,-0.00872665,-0.0660484,4.59542,5.93555,33,20,step,2.814,1.79069e+09,-2.91006,52,0.241364
2.815,2,-2,nan,nan,nan,nan,-1.95132,-0.00872665,-0.0926808,4.59542,5.93555,33,20,step,2.815,1.79069e+09,-2.8875,52,0.241319
2.816,2,-2,nan,nan,nan,nan,-1.94004,-0.0488692,-0.109726,4.59533,5.93555,33,20,step,2.816,1.79069e+09,-2.8875,52,0.24129
2.817,2,-2,nan,nan,nan,nan,-1.94004,-0.0488692,-0.104399,4.59533,5.93555,33,20,step,2.817,1.79069e+09,-2.8875,52,0.241252
2.818,2,-2,nan,nan,nan,nan,-1.9062,-0.0959931,-0.109726,4.59514,5.93555,33,20,step,2.818,1.79069e+09,-2.85366,52,0.241193
2.819,2,-2,nan,nan,nan,nan,-1.9062,-0.0959931,-0.133162,4.59514,5.93555,33,20,step,2.819,1.79069e+09,-2.93262,52,0.241174
2.82,2,-2,nan,nan,nan,nan,-1.88364,-0.144862,-0.148076,4.59494,5.93555,33,20,step,2.82,1.79069e+09,-2.91006,52,0.241142
2.821,2,-2,nan,nan,nan,nan,-1.88364,-0.144862,-0.150207,4.59494,5.93555,33,20,step,2.821,1.79069e+09,-2.89878,52,0.241114
2.822,2,-2,nan,nan,nan,nan,-1.88364,-0.171042,-0.157664,4.59456,5.93555,33,20,step,2.822,1.79069e+09,-2.89878,52,0.241128
2.823,2,-2,nan,nan,nan,nan,-1.88364,-0.171042,-0.170448,4.59456,5.93555,33,20,step,2.823,1.79069e+09,-2.92134,52,0.241105
2.824,2,-2,nan,nan,nan,nan,-1.9062,-0.18675,-0.193884,4.59418,5.93555,33,20,step,2.824,1.79069e+09,-2.8311,52,0.241072
2.825,2,-2,nan,nan,nan,nan,-1.9062,-0.18675,-0.218386,4.59418,5.93564,33,20,step,2.825,1.79069e+09,-2.89878,52,0.241035
2.826,2,-2,nan,nan,nan,nan,-1.9062,-0.198968,-0.213059,4.59379,5.93564,33,20,step,2.826,1.79069e+09,-2.91006,52,0.24099
2.827,2,-2,nan,nan,nan,nan,-1.9062,-0.198968,-0.223712,4.59379,5.93564,33,20,step,2.827,1.79069e+09,-2.91006,52,0.240964
2.828,2,-2,nan,nan,nan,nan,-1.92876,-0.237365,-0.226908,4.59331,5.93564,33,20,step,2.828,1.79069e+09,-2.92134,52,0.240951
2.829,2,-2,nan,nan,nan,nan,-1.92876,-0.237365,-0.235431,4.59331,5.93564,33,20,step,2.829,1.79069e+09,-2.87622,52,0.24094
2.83,2,-2,nan,nan,nan,nan,-1.94004,-0.253073,-0.25141,4.59283,5.93564,33,20,step,2.83,1.79069e+09,-2.87622,52,0.240887
2.831,2,-2,nan,nan,nan,nan,-1.94004,-0.253073,-0.262063,4.59283,5.93564,33,20,step,2.831,1.79069e+09,-2.92134,52,0.240851
2.832,2,-2,nan,nan,nan,nan,-1.94004,-0.29147,-0.272716,4.59226,5.93564,33,20,step,2.832,1.79069e+09,-2.95518,52,0.24087
2.833,2,-2,nan,nan,nan,nan,-1.94004,-0.29147,-0.281238,4.59226,5.93564,33,20,step,2.833,1.79069e+09,-2.89878,52,0.240872
2.834,2,-2,nan,nan,nan,nan,-1.94004,-0.321141,-0.294022,4.59168,5.93564,33,20,step,2.834,1.79069e+09,-2.8875,52,0.240858
2.835,2,-2,nan,nan,nan,nan,-1.94004,-0.321141,-0.310001,4.59168,5.93564,33,20,step,2.835,1.79069e+09,-2.91006,52,0.240844
2.836,2,-2,nan,nan,nan,nan,-1.99644,-0.349066,-0.319589,4.59092,5.93564,33,20,step,2.836,1.79069e+09,-2.92134,52,0.240835
2.837,2,-2,nan,nan,nan,nan,-1.99644,-0.349066,-0.314263,4.59092,5.93564,33,20,step,2.837,1.79069e+09,-2.8875,52,0.240809
2.838,2,-2,nan,nan,nan,nan,-2.00771,-0.361283,-0.334503,4.59025,5.93564,33,20,step,2.838,1.79069e+09,-2.87622,52,0.240762
2.839,2,-2,nan,nan,nan,nan,-2.00771,-0.361283,-0.353679,4.59025,5.93564,33,20,step,2.839,1.79069e+09,-2.92134,52,0.240709
2.84,2,-2,nan,nan,nan,nan,-2.00771,-0.3735,-0.350483,4.58948,5.93564,33,20,step,2.84,1.79069e+09,-2.93262,52,0.24069
2.841,2,-2,nan,nan,nan,nan,-2.00771,-0.3735,-0.381376,4.58948,5.93564,33,20,step,2.841,1.79069e+09,-2.9439,52,0.240656
2.842,2,-2,nan,nan,nan,nan,-1.9626,-0.394444,-0.37818,4.58871,5.93564,33,20,step,2.842,1.79069e+09,-2.92134,52,0.240662
2.843,2,-2,nan,nan,nan,nan,-1.9626,-0.394444,-0.399486,4.58871,5.93564,33,20,step,2.843,1.79069e+09,-2.92134,52,0.240656
2.844,2,-2,nan,nan,nan,nan,-1.9062,-0.406662,-0.408009,4.58785,5.93564,33,20,step,2.844,1.79069e+09,-2.89878,52,0.240622
2.845,2,-2,nan,nan,nan,nan,-1.9062,-0.406662,-0.41227,4.58785,5.93564,33,20,step,2.845,1.79069e+09,-2.8875,52,0.240593
2.846,2,-2,nan,nan,nan,nan,-1.91748,-0.406662,-0.415466,4.58708,5.93564,33,20,step,2.846,1.79069e+09,-2.95518,52,0.24056
2.847,2,-2,nan,nan,nan,nan,-1.91748,-0.406662,-0.445294,4.58708,5.93564,33,20,step,2.847,1.79069e+09,-2.95518,52,0.24056
2.848,2,-2,nan,nan,nan,nan,-1.92876,-0.42237,-0.441033,4.58622,5.93564,33,20,step,2.848,1.79069e+09,-2.96646,52,0.240552
2.849,2,-2,nan,nan,nan,nan,-1.92876,-0.42237,-0.472992,4.58622,5.93564,33,20,step,2.849,1.79069e+09,-2.92134,52,0.24054
2.85,2,-2,nan,nan,nan,nan,-1.94004,-0.459022,-0.471927,4.58536,5.93564,33,20,step,2.85,1.79069e+09,-2.92134,52,0.240534
2.851,2,-2,nan,nan,nan,nan,-1.94004,-0.459022,-0.4666,4.58536,5.93564,33,20,step,2.851,1.79069e+09,-2.91006,52,0.240484
2.852,2,-2,nan,nan,nan,nan,-1.95132,-0.520108,-0.492167,4.5843,5.93564,33,20,step,2.852,1.79069e+09,-2.95518,52,0.240447
2.853,2,-2,nan,nan,nan,nan,-1.95132,-0.520108,-0.490037,4.5843,5.93564,33,20,step,2.853,1.79069e+09,-2.96646,52,0.240398
2.854,2,-2,nan,nan,nan,nan,-1.99644,-0.575959,-0.491102,4.58315,5.93564,33,20,step,2.854,1.79069e+09,-2.97773,52,0.240389
2.855,2,-2,nan,nan,nan,nan,-1.99644,-0.575959,-0.493232,4.58315,5.93564,33,20,step,2.855,1.79069e+09,-2.98901,52,0.240397
2.856,2,-2,nan,nan,nan,nan,-2.04155,-0.584685,-0.508147,4.582,5.93564,33,20,step,2.856,1.79069e+09,-2.9439,52,0.240382
2.857,2,-2,nan,nan,nan,nan,-2.04155,-0.584685,-0.525191,4.582,5.93564,33,20,step,2.857,1.79069e+09,-2.96646,52,0.240374
2.858,2,-2,nan,nan,nan,nan,-1.99644,-0.570723,-0.525191,4.58085,5.93564,33,20,step,2.858,1.79069e+09,-2.95518,52,0.240336
2.859,2,-2,nan,nan,nan,nan,-1.99644,-0.570723,-0.559281,4.58085,5.93564,33,20,step,2.859,1.79069e+09,-2.97773,52,0.240289
2.86,2,-2,nan,nan,nan,nan,-1.97388,-0.563741,-0.57313,4.5797,5.93564,33,20,step,2.86,1.79069e+09,-2.96646,52,0.240255
2.861,2,-2,nan,nan,nan,nan,-1.97388,-0.563741,-0.551824,4.5797,5.93564,33,20,step,2.861,1.79069e+09,-3.12437,52,0.240227
2.862,2,-2,nan,nan,nan,nan,-1.99644,-0.525344,-0.562477,4.57865,5.93564,33,20,step,2.862,1.79069e+09,-3.02285,52,0.240218
2.863,2,-2,nan,nan,nan,nan,-1.99644,-0.525344,-0.588044,4.57865,5.93564,33,20,step,2.863,1.79069e+09,-2.98901,52,0.240197
2.864,2,-2,nan,nan,nan,nan,-2.00771,-0.537561,-0.599762,4.57759,5.93564,33,20,step,2.864,1.79069e+09,-2.96646,52,0.240159
2.865,2,-2,nan,nan,nan,nan,-2.00771,-0.537561,-0.595501,4.57759,5.93564,33,20,step,2.865,1.79069e+09,-3.01157,52,0.240144
2.866,2,-2,nan,nan,nan,nan,-1.98516,-0.626573,-0.610415,4.57625,5.93564,33,20,step,2.866,1.79069e+09,-3.03413,52,0.240119
2.867,2,-2,nan,nan,nan,nan,-1.98516,-0.626573,-0.597632,4.57625,5.93564,33,20,step,2.867,1.79069e+09,-3.00029,52,0.240105
2.868,2,-2,nan,nan,nan,nan,-2.04155,-0.71384,-0.613611,4.57491,5.93564,33,20,step,2.868,1.79069e+09,-3.02285,52,0.24011
2.869,2,-2,nan,nan,nan,nan,-2.04155,-0.71384,-0.628525,4.57491,5.93564,33,20,step,2.869,1.79069e+09,-3.00029,52,0.240132
2.87,2,-2,nan,nan,nan,nan,-2.01899,-0.733038,-0.644505,4.57337,5.93564,33,20,step,2.87,1.79069e+09,-3.03413,52,0.240163
2.871,2,-2,nan,nan,nan,nan,-2.01899,-0.733038,-0.651962,4.57337,5.93564,33,20,step,2.871,1.79069e+09,-2.96646,52,0.240131
2.872,2,-2,nan,nan,nan,nan,-1.86108,-0.68766,-0.676464,4.57203,5.93564,33,20,step,2.872,1.79069e+09,-2.98901,52,0.2401
2.873,2,-2,nan,nan,nan,nan,-1.86108,-0.68766,-0.678594,4.57203,5.93564,33,20,step,2.873,1.79069e+09,-3.14692,52,0.240082
2.874,2,-2,nan,nan,nan,nan,-1.89492,-0.617847,-0.667941,4.57078,5.93564,33,20,step,2.874,1.79069e+09,-3.03413,52,0.240035
2.875,2,-2,nan,nan,nan,nan,-1.89492,-0.617847,-0.683921,4.57078,5.93564,33,20,step,2.875,1.79069e+09,-3.03413,52,0.240017
2.876,2,-2,nan,nan,nan,nan,-1.88364,-0.6353,-0.706292,4.56954,5.93564,33,20,step,2.876,1.79069e+09,-3.06797,52,0.239986
2.877,2,-2,nan,nan,nan,nan,-1.88364,-0.6353,-0.704161,4.56954,5.93564,33,20,step,2.877,1.79069e+09,-3.04541,52,0.240003
2.878,2,-2,nan,nan,nan,nan,-1.88364,-0.764454,-0.695639,4.568,5.93564,33,20,step,2.878,1.79069e+09,-3.04541,52,0.240042
2.879,2,-2,nan,nan,nan,nan,-1.88364,-0.764454,-0.713749,4.568,5.93564,33,20,step,2.879,1.79069e+09,-2.98901,52,0.240024
2.88,2,-2,nan,nan,nan,nan,-1.92876,-0.886627,-0.719075,4.56637,5.93564,33,20,step,2.88,1.79069e+09,-2.98901,52,0.239985
2.881,2,-2,nan,nan,nan,nan,-1.92876,-0.886627,-0.71801,4.56637,5.93564,33,20,step,2.881,1.79069e+09,-3.04541,52,0.239982
2.882,2,-2,nan,nan,nan,nan,-1.92876,-0.911062,-0.742512,4.56455,5.93564,33,20,step,2.882,1.79069e+09,-3.09053,52,0.239986
2.883,2,-2,nan,nan,nan,nan,-1.92876,-0.911062,-0.753165,4.56455,5.93564,33,20,step,2.883,1.79069e+09,-3.03413,52,0.240018
2.884,2,-2,nan,nan,nan,nan,-2.01899,-0.771436,-0.744643,4.56292,5.93564,33,20,step,2.884,1.79069e+09,-3.05669,52,0.240022
2.885,2,-2,nan,nan,nan,nan,-2.01899,-0.771436,-0.757426,4.56292,5.93564,33,20,step,2.885,1.79069e+09,-3.03413,52,0.239976
2.886,2,-2,nan,nan,nan,nan,-2.03027,-0.682424,-0.758491,4.56158,5.93564,33,20,step,2.886,1.79069e+09,-3.04541,52,0.239938
2.887,2,-2,nan,nan,nan,nan,-2.03027,-0.682424,-0.785124,4.56158,5.93564,33,20,step,2.887,1.79069e+09,-3.12437,52,0.239883
2.888,2,-2,nan,nan,nan,nan,-1.98516,-0.774926,-0.809626,4.56005,5.93564,33,20,step,2.888,1.79069e+09,-3.10181,52,0.239865
2.889,2,-2,nan,nan,nan,nan,-1.98516,-0.774926,-0.814952,4.56005,5.93564,33,20,step,2.889,1.79069e+09,-3.11309,52,0.239843
2.89,2,-2,nan,nan,nan,nan,-1.8498,-0.938987,-0.797907,4.55822,5.93564,33,20,step,2.89,1.79069e+09,-3.11309,52,0.239839
2.891,2,-2,nan,nan,nan,nan,-1.8498,-0.938987,-0.821344,4.55822,5.93564,33,20,step,2.891,1.79069e+09,-3.13564,52,0.239846
2.892,2,-2,nan,nan,nan,nan,-1.88364,-0.991347,-0.829866,4.55611,5.93564,33,20,step,2.892,1.79069e+09,-3.11309,52,0.239851
2.893,2,-2,nan,nan,nan,nan,-1.88364,-0.991347,-0.840519,4.55611,5.93564,33,20,step,2.893,1.79069e+09,-3.11309,52,0.239856
2.894,2,-2,nan,nan,nan,nan,-1.9626,-0.865683,-0.827736,4.55429,5.93564,33,20,step,2.894,1.79069e+09,-3.12437,52,0.239848
2.895,2,-2,nan,nan,nan,nan,-1.9626,-0.865683,-0.820279,4.55429,5.93564,33,20,step,2.895,1.79069e+09,-3.11309,52,0.23982
2.896,2,-2,nan,nan,nan,nan,-2.01899,-0.827286,-0.872478,4.55266,5.93564,33,20,step,2.896,1.79069e+09,-3.09053,52,0.239806
2.897,2,-2,nan,nan,nan,nan,-2.01899,-0.827286,-0.867152,4.55266,5.93564,33,20,step,2.897,1.79069e+09,-3.12437,52,0.239802
2.898,2,-2,nan,nan,nan,nan,-1.97388,-0.925025,-0.879935,4.55084,5.93564,33,20,step,2.898,1.79069e+09,-3.12437,52,0.239792
2.899,2,-2,nan,nan,nan,nan,-1.97388,-0.925025,-0.890588,4.55084,5.93564,33,20,step,2.899,1.79069e+09,-3.06797,52,0.239757
2.9,2,-2,nan,nan,nan,nan,-1.87236,-0.998328,-0.875674,4.54883,5.93564,33,20,step,2.9,1.79069e+09,-3.1582,52,0.239731
2.901,2,-2,nan,nan,nan,nan,-1.87236,-0.998328,-0.887392,4.54883,5.93564,33,20,step,2.901,1.79069e+09,-3.1582,52,0.239714
2.902,2,-2,nan,nan,nan,nan,-1.97388,-0.928515,-0.916155,4.5471,5.93564,33,20,step,2.902,1.79069e+09,-3.14692,52,0.2397
2.903,2,-2,nan,nan,nan,nan,-1.97388,-0.928515,-0.911894,4.5471,5.93564,33,20,step,2.903,1.79069e+09,-3.16948,52,0.239688
2.904,2,-2,nan,nan,nan,nan,-2.05283,-0.888373,-0.935331,4.54528,5.93564,33,20,step,2.904,1.79069e+09,-3.1582,52,0.239701
2.905,2,-2,nan,nan,nan,nan,-2.05283,-0.888373,-0.9332,4.54528,5.93564,33,20,step,2.905,1.79069e+09,-3.19204,52,0.239691
2.906,2,-2,nan,nan,nan,nan,-1.91748,-0.989602,-0.957702,4.54336,5.93564,33,20,step,2.906,1.79069e+09,-3.1582,52,0.239671
2.907,2,-2,nan,nan,nan,nan,-1.91748,-0.989602,-0.963028,4.54336,5.93564,33,20,step,2.907,1.79069e+09,-3.16948,52,0.239647
2.908,2,-2,nan,nan,nan,nan,-1.91748,-1.11003,-0.953441,4.54116,5.93564,33,20,step,2.908,1.79069e+09,-3.2146,52,0.239614
2.909,2,-2,nan,nan,nan,nan,-1.91748,-1.11003,-0.953441,4.54116,5.93564,33,20,step,2.909,1.79069e+09,-3.20332,52,0.239615
2.91,2,-2,nan,nan,nan,nan,-2.03027,-1.03847,-0.975812,4.53895,5.93564,33,20,step,2.91,1.79069e+09,-3.22588,52,0.239618
2.911,2,-2,nan,nan,nan,nan,-2.03027,-1.03847,-0.9854,4.53895,5.93555,33,20,step,2.911,1.79069e+09,-3.2146,52,0.239627
2.912,2,-2,nan,nan,nan,nan,-2.07539,-0.994838,-1.00031,4.53704,5.93555,33,20,step,2.912,1.79069e+09,-3.2146,52,0.239628
2.913,2,-2,nan,nan,nan,nan,-2.07539,-0.994838,-0.972616,4.53704,5.93555,33,20,step,2.913,1.79069e+09,-3.2146,52,0.239596
2.914,2,-2,nan,nan,nan,nan,-1.94004,-1.01927,-0.991791,4.53493,5.93555,33,20,step,2.914,1.79069e+09,-3.20332,52,0.239575
2.915,2,-2,nan,nan,nan,nan,-1.94004,-1.01927,-1.02055,4.53493,5.93555,33,20,step,2.915,1.79069e+09,-3.2146,52,0.239518
2.916,2,-2,nan,nan,nan,nan,-1.94004,-1.02276,-1.01842,4.53282,5.93555,33,20,step,2.916,1.79069e+09,-3.24844,52,0.239508
2.917,2,-2,nan,nan,nan,nan,-1.94004,-1.02276,-1.00244,4.53282,5.93555,33,20,step,2.917,1.79069e+09,-3.24844,52,0.23949
2.918,2,-2,nan,nan,nan,nan,-2.04155,-1.01578,-1.03014,4.5309,5.93555,33,20,step,2.918,1.79069e+09,-3.25972,52,0.239487
2.919,2,-2,nan,nan,nan,nan,-2.04155,-1.01578,-1.05997,4.5309,5.93555,33,20,step,2.919,1.79069e+09,-3.24844,52,0.239494
2.92,2,-2,nan,nan,nan,nan,-1.88364,-1.10479,-1.04399,4.5286,5.93555,33,20,step,2.92,1.79069e+09,-3.24844,52,0.239489
2.921,2,-2,nan,nan,nan,nan,-1.88364,-1.10479,-1.04932,4.5286,5.93555,33,20,step,2.921,1.79069e+09,-3.271,52,0.239517
2.922,2,-2,nan,nan,nan,nan,-1.9626,-1.14843,-1.06636,4.52649,5.93555,33,20,step,2.922,1.79069e+09,-3.23716,52,0.239514
2.923,2,-2,nan,nan,nan,nan,-1.9626,-1.14843,-1.08341,4.52649,5.93555,33,20,step,2.923,1.79069e+09,-3.22588,52,0.239487
2.924,2,-2,nan,nan,nan,nan,-2.03027,-1.06989,-1.10045,4.52428,5.93555,33,20,step,2.924,1.79069e+09,-3.28228,52,0.239506
2.925,2,-2,nan,nan,nan,nan,-2.03027,-1.06989,-1.09406,4.52428,5.93555,33,20,step,2.925,1.79069e+09,-3.24844,52,0.239504
2.926,2,-2,nan,nan,nan,nan,-2.04155,-1.05243,-1.08341,4.52218,5.93555,33,20,step,2.926,1.79069e+09,-3.271,52,0.239488
2.927,2,-2,nan,nan,nan,nan,-2.04155,-1.05243,-1.10578,4.52218,5.93555,33,20,step,2.927,1.79069e+09,-3.29355,52,0.239455
2.928,2,-2,nan,nan,nan,nan,-1.91748,-1.16763,-1.09726,4.51987,5.93555,33,20,step,2.928,1.79069e+09,-3.30483,52,0.239412
2.929,2,-2,nan,nan,nan,nan,-1.91748,-1.16763,-1.09939,4.51987,5.93555,33,20,step,2.929,1.79069e+09,-3.32739,52,0.239421
2.93,2,-2,nan,nan,nan,nan,-1.9062,-1.1781,-1.12708,4.51738,5.93545,33,20,step,2.93,1.79069e+09,-3.47402,52,0.239449
2.931,2,-2,nan,nan,nan,nan,-1.9062,-1.1781,-1.12708,4.51738,5.93545,33,20,step,2.931,1.79069e+09,-3.38379,52,0.23948
2.932,2,-2,nan,nan,nan,nan,-1.99644,-1.16937,-1.12921,4.51518,5.93545,33,20,step,2.932,1.79069e+09,-3.271,52,0.239494
2.933,2,-2,nan,nan,nan,nan,-1.99644,-1.16937,-1.13561,4.51518,5.93545,33,20,step,2.933,1.79069e+09,-3.31611,52,0.239498
2.934,2,-2,nan,nan,nan,nan,-1.86108,-1.26885,-1.13348,4.51268,5.93545,33,20,step,2.934,1.79069e+09,-3.41763,52,0.239494
2.935,2,-2,nan,nan,nan,nan,-1.86108,-1.26885,-1.16437,4.51268,5.93545,33,20,step,2.935,1.79069e+09,-3.32739,52,0.239496
2.936,2,-2,nan,nan,nan,nan,-1.94004,-1.25838,-1.17502,4.51019,5.93545,33,20,step,2.936,1.79069e+09,-3.33867,52,0.239492
2.937,2,-2,nan,nan,nan,nan,-1.94004,-1.25838,-1.17822,4.51019,5.93545,33,20,step,2.937,1.79069e+09,-3.40635,52,0.239501
2.938,2,-2,nan,nan,nan,nan,-2.09795,-1.1589,-1.191,4.5077,5.93545,33,20,step,2.938,1.79069e+09,-3.46274,52,0.239498
2.939,2,-2,nan,nan,nan,nan,-2.09795,-1.1589,-1.20379,4.5077,5.93536,33,20,step,2.939,1.79069e+09,-3.46274,52,0.239506
2.94,2,-2,nan,nan,nan,nan,-1.9062,-1.23046,-1.20059,4.5054,5.93536,33,20,step,2.94,1.79069e+09,-3.44019,52,0.239471
2.941,2,-2,nan,nan,nan,nan,-1.9062,-1.23046,-1.18568,4.5054,5.93536,33,20,step,2.941,1.79069e+09,-3.34995,52,0.239426
2.942,2,-2,nan,nan,nan,nan,-1.95132,-1.30202,-1.20379,4.50281,5.93536,33,20,step,2.942,1.79069e+09,-3.40635,52,0.239427
2.943,2,-2,nan,nan,nan,nan,-1.95132,-1.30202,-1.22935,4.50281,5.93536,33,20,step,2.943,1.79069e+09,-3.49658,52,0.239437
2.944,2,-2,nan,nan,nan,nan,-2.04155,-1.24791,-1.24001,4.50032,5.93526,33,20,step,2.944,1.79069e+09,-3.4853,52,0.239461
2.945,2,-2,nan,nan,nan,nan,-2.04155,-1.24791,-1.22722,4.50032,5.93526,33,20,step,2.945,1.79069e+09,-3.34995,52,0.239479
2.946,2,-2,nan,nan,nan,nan,-1.99644,-1.29503,-1.22616,4.49754,5.93516,33,20,step,2.946,1.79069e+09,-3.47402,52,0.239487
2.947,2,-2,nan,nan,nan,nan,-1.99644,-1.29503,-1.25279,4.49754,5.93516,33,20,step,2.947,1.79069e+09,-3.37251,52,0.239496
2.948,2,-2,nan,nan,nan,nan,-2.01899,-1.3282,-1.25918,4.49485,5.93516,33,20,step,2.948,1.79069e+09,-3.50786,52,0.239492
2.949,2,-2,nan,nan,nan,nan,-2.01899,-1.3282,-1.28049,4.49485,5.93516,33,20,step,2.949,1.79069e+09,-3.51914,52,0.239499
2.95,2,-2,nan,nan,nan,nan,-2.06411,-1.2706,-1.28262,4.49245,5.93507,33,20,step,2.95,1.79069e+09,-3.44019,52,0.239495
2.951,2,-2,nan,nan,nan,nan,-2.06411,-1.2706,-1.28581,4.49245,5.93507,33,20,step,2.951,1.79069e+09,-3.42891,52,0.239506
2.952,2,-2,nan,nan,nan,nan,-1.92876,-1.36659,-1.29327,4.48967,5.93507,33,20,step,2.952,1.79069e+09,-3.51914,52,0.239532
2.953,2,-2,nan,nan,nan,nan,-1.92876,-1.36659,-1.29966,4.48967,5.93507,33,20,step,2.953,1.79069e+09,-3.47402,52,0.23953
2.954,2,-2,nan,nan,nan,nan,-1.99644,-1.41546,-1.31032,4.48699,5.93507,33,20,step,2.954,1.79069e+09,-3.40635,52,0.239515
2.955,2,-2,nan,nan,nan,nan,-1.99644,-1.41546,-1.31351,4.48699,5.93507,33,20,step,2.955,1.79069e+09,-3.44019,52,0.239497
2.956,2,-2,nan,nan,nan,nan,-2.08667,-1.38754,-1.31245,4.48402,5.93507,33,20,step,2.956,1.79069e+09,-3.46274,52,0.239493
2.957,2,-2,nan,nan,nan,nan,-2.08667,-1.38754,-1.33588,4.48402,5.93497,33,20,step,2.957,1.79069e+09,-3.57554,52,0.239518
2.958,2,-2,nan,nan,nan,nan,-1.87236,-1.39277,-1.34014,4.48124,5.93497,33,20,step,2.958,1.79069e+09,-3.41763,52,0.239543
2.959,2,-2,nan,nan,nan,nan,-1.87236,-1.39277,-1.33695,4.48124,5.93497,33,20,step,2.959,1.79069e+09,-3.44019,52,0.239559
2.96,2,-2,nan,nan,nan,nan,-1.95132,-1.34739,-1.34121,4.47855,5.93488,33,20,step,2.96,1.79069e+09,-3.5417,52,0.239579
2.961,2,-2,nan,nan,nan,nan,-1.95132,-1.34739,-1.35932,4.47855,5.93488,33,20,step,2.961,1.79069e+09,-3.55298,52,0.239574
2.962,2,-2,nan,nan,nan,nan,-1.97388,-1.40674,-1.37849,4.47577,5.93488,33,20,step,2.962,1.79069e+09,-3.46274,52,0.23959
2.963,2,-2,nan,nan,nan,nan,-1.97388,-1.40674,-1.38169,4.47577,5.93488,33,20,step,2.963,1.79069e+09,-3.60938,52,0.239601
2.964,2,-2,nan,nan,nan,nan,-1.9626,-1.44164,-1.38595,4.47309,5.93478,33,20,step,2.964,1.79069e+09,-3.58682,52,0.2396
2.965,2,-2,nan,nan,nan,nan,-1.9626,-1.44164,-1.37636,4.47309,5.93478,33,20,step,2.965,1.79069e+09,-3.58682,52,0.239641
2.966,2,-2,nan,nan,nan,nan,-2.03027,-1.39452,-1.40406,4.47012,5.93478,33,20,step,2.966,1.79069e+09,-3.49658,52,0.239662
2.967,2,-2,nan,nan,nan,nan,-2.03027,-1.39452,-1.40406,4.47012,5.93468,33,20,step,2.967,1.79069e+09,-3.56426,52,0.23965
2.968,2,-2,nan,nan,nan,nan,-1.92876,-1.45037,-1.40193,4.46724,5.93468,33,20,step,2.968,1.79069e+09,-3.5981,52,0.239651
2.969,2,-2,nan,nan,nan,nan,-1.92876,-1.45037,-1.3998,4.46724,5.93468,33,20,step,2.969,1.79069e+09,-3.63193,52,0.239661
2.97,2,-2,nan,nan,nan,nan,-1.9062,-1.4591,-1.42217,4.46427,5.93459,33,20,step,2.97,1.79069e+09,-3.51914,52,0.239692
2.971,2,-2,nan,nan,nan,nan,-1.9062,-1.4591,-1.43495,4.46427,5.93459,33,20,step,2.971,1.79069e+09,-3.63193,52,0.23974
2.972,2,-2,nan,nan,nan,nan,-1.88364,-1.50796,-1.43069,4.46149,5.93459,33,20,step,2.972,1.79069e+09,-3.60938,52,0.239784
2.973,2,-2,nan,nan,nan,nan,-1.88364,-1.50796,-1.43815,4.46149,5.93449,33,20,step,2.973,1.79069e+09,-3.58682,52,0.239826
2.974,2,-2,nan,nan,nan,nan,-1.95132,-1.58301,-1.44348,4.45832,5.93449,33,20,step,2.974,1.79069e+09,-3.51914,52,0.239853
2.975,2,-2,nan,nan,nan,nan,-1.95132,-1.58301,-1.44987,4.45832,5.93449,33,20,step,2.975,1.79069e+09,-3.5981,52,0.239859
2.976,2,-2,nan,nan,nan,nan,-2.14307,-1.46433,-1.46159,4.45516,5.93449,33,20,step,2.976,1.79069e+09,-3.63193,52,0.239851
2.977,2,-2,nan,nan,nan,nan,-2.14307,-1.46433,-1.46798,4.45516,5.93449,33,20,step,2.977,1.79069e+09,-3.66577,52,0.239882
2.978,2,-2,nan,nan,nan,nan,-1.94004,-1.51146,-1.48076,4.45219,5.9344,33,20,step,2.978,1.79069e+09,-3.65449,52,0.239893
2.979,2,-2,nan,nan,nan,nan,-1.94004,-1.51146,-1.48929,4.45219,5.9344,33,20,step,2.979,1.79069e+09,-3.60938,52,0.239886
2.98,2,-2,nan,nan,nan,nan,-2.01899,-1.5132,-1.47863,4.44912,5.9343,33,20,step,2.98,1.79069e+09,-3.50786,52,0.239899
2.981,2,-2,nan,nan,nan,nan,-2.01899,-1.5132,-1.50313,4.44912,5.9343,33,20,step,2.981,1.79069e+09,-3.66577,52,0.23993
2.982,2,-2,nan,nan,nan,nan,-1.95132,-1.54287,-1.52124,4.44605,5.9342,33,20,step,2.982,1.79069e+09,-3.66577,52,0.239957
2.983,2,-2,nan,nan,nan,nan,-1.95132,-1.54287,-1.52124,4.44605,5.93411,33,20,step,2.983,1.79069e+09,-3.65449,52,0.239987
2.984,2,-2,nan,nan,nan,nan,-1.99644,-1.56905,-1.52764,4.44289,5.93411,33,20,step,2.984,1.79069e+09,-3.67705,52,0.240016
2.985,2,-2,nan,nan,nan,nan,-1.99644,-1.56905,-1.52231,4.44289,5.93401,33,20,step,2.985,1.79069e+09,-3.68833,52,0.240067
2.986,2,-2,nan,nan,nan,nan,-2.07539,-1.53764,-1.5532,4.43982,5.93401,33,20,step,2.986,1.79069e+09,-3.66577,52,0.240111
2.987,2,-2,nan,nan,nan,nan,-2.07539,-1.53764,-1.52231,4.43982,5.93392,33,20,step,2.987,1.79069e+09,-3.65449,52,0.240138
2.988,2,-2,nan,nan,nan,nan,-1.91748,-1.6249,-1.54788,4.43656,5.93392,33,20,step,2.988,1.79069e+09,-3.5417,52,0.240174
2.989,2,-2,nan,nan,nan,nan,-1.91748,-1.6249,-1.56705,4.43656,5.93382,33,20,step,2.989,1.79069e+09,-3.66577,52,0.240202
2.99,2,-2,nan,nan,nan,nan,-2.03027,-1.66853,-1.56066,4.4333,5.93382,33,20,step,2.99,1.79069e+09,-3.66577,52,0.240229
2.991,2,-2,nan,nan,nan,nan,-2.03027,-1.66853,-1.56705,4.4333,5.93373,33,20,step,2.991,1.79069e+09,-3.66577,52,0.240256
2.992,2,-2,nan,nan,nan,nan,-1.9626,-1.67203,-1.58729,4.42994,5.93373,33,20,step,2.992,1.79069e+09,-3.69961,52,0.240292
2.993,2,-2,nan,nan,nan,nan,-1.9626,-1.67203,-1.59688,4.42994,5.93373,33,20,step,2.993,1.79069e+09,-3.66577,52,0.240351
2.994,2,-2,nan,nan,nan,nan,-1.98516,-1.65283,-1.57664,4.42659,5.93363,33,20,step,2.994,1.79069e+09,-3.68833,52,0.240389
2.995,2,-2,nan,nan,nan,nan,-1.98516,-1.65283,-1.59688,4.42659,5.93363,33,20,step,2.995,1.79069e+09,-3.57554,52,0.240425
2.996,2,-2,nan,nan,nan,nan,-1.94004,-1.67028,-1.62351,4.42323,5.93353,33,20,step,2.996,1.79069e+09,-3.68833,52,0.24045
2.997,2,-2,nan,nan,nan,nan,-1.94004,-1.67028,-1.59901,4.42323,5.93353,33,20,step,2.997,1.79069e+09,-3.71089,52,0.240494
2.998,2,-2,nan,nan,nan,nan,-2.01899,-1.67726,-1.62351,4.41988,5.93344,33,20,step,2.998,1.79069e+09,-3.62065,52,0.240573
2.999,2,-2,nan,nan,nan,nan,-2.01899,-1.67726,-1.6363,4.41988,5.93344,33,20,step,2.999,1.79069e+09,-3.58682,52,0.240627
