elapsed_s,phase,excitation_torque,ff_torque,reference_angle,reference_velocity,reference_acceleration,measured_torque,measured_velocity,measured_velocity_imu,measured_angle,pitch_angle,temperature,condition_id,condition_type,condition_elapsed_s,wallclock_s,pitch_torque,pitch_temperature,pitch_world_angle
0,2,0.8,nan,nan,nan,nan,1.00386,3.01767,3.00201,4.28077,0.0432391,33,18,step,0,1.79069e+09,-0.924902,51,-0.147151
0.001,2,0.8,nan,nan,nan,nan,1.00386,3.01767,2.99348,4.28077,0.0434308,33,18,step,0.001,1.79069e+09,-0.857227,51,-0.147123
0.002,2,0.8,nan,nan,nan,nan,1.00386,3.05258,2.99348,4.28681,0.0435267,33,18,step,0.002,1.79069e+09,-0.812109,51,-0.147096
0.003,2,0.8,nan,nan,nan,nan,1.00386,3.05258,2.99775,4.28681,0.0436226,33,18,step,0.003,1.79069e+09,-0.766992,51,-0.147073
0.004,2,0.8,nan,nan,nan,nan,0.778271,3.1032,3.0052,4.29304,0.0438143,33,18,step,0.004,1.79069e+09,-0.744434,51,-0.14706
0.005,2,0.8,nan,nan,nan,nan,0.778271,3.1032,3.01479,4.29304,0.0440061,33,18,step,0.005,1.79069e+09,-0.733154,51,-0.147045
0.006,2,0.8,nan,nan,nan,nan,0.913623,3.0456,3.00094,4.29908,0.0441978,33,18,step,0.006,1.79069e+09,-0.733154,51,-0.147035
0.007,2,0.8,nan,nan,nan,nan,0.913623,3.0456,2.97324,4.29908,0.0443896,33,18,step,0.007,1.79069e+09,-0.688037,51,-0.147028
0.008,2,0.8,nan,nan,nan,nan,0.834668,3.04385,2.96046,4.30483,0.0446772,33,18,step,0.008,1.79069e+09,-0.654199,51,-0.146992
0.009,2,0.8,nan,nan,nan,nan,0.834668,3.04385,2.97537,4.30483,0.0448689,33,18,step,0.009,1.79069e+09,-0.620361,51,-0.146961
0.01,2,0.8,nan,nan,nan,nan,0.80083,3.06654,2.97857,4.31087,0.0451566,33,18,step,0.01,1.79069e+09,-0.586523,51,-0.146936
0.011,2,0.8,nan,nan,nan,nan,0.80083,3.06654,2.97218,4.31087,0.0453483,33,18,step,0.011,1.79069e+09,-0.586523,51,-0.146897
0.012,2,0.8,nan,nan,nan,nan,0.834668,3.084,2.9807,4.3171,0.0456359,33,18,step,0.012,1.79069e+09,-0.563965,51,-0.146868
0.013,2,0.8,nan,nan,nan,nan,0.834668,3.084,2.96259,4.3171,0.0459235,33,18,step,0.013,1.79069e+09,-0.530127,51,-0.146847
0.014,2,0.8,nan,nan,nan,nan,0.868506,3.03164,2.94342,4.32314,0.0462112,33,18,step,0.014,1.79069e+09,-0.518848,51,-0.146825
0.015,2,0.8,nan,nan,nan,nan,0.868506,3.03164,2.953,4.32314,0.0465947,33,18,step,0.015,1.79069e+09,-0.507568,51,-0.146792
0.016,2,0.8,nan,nan,nan,nan,0.857227,2.97404,2.96579,4.32947,0.0468823,33,18,step,0.016,1.79069e+09,-0.48501,51,-0.146773
0.017,2,0.8,nan,nan,nan,nan,0.857227,2.97404,2.96898,4.32947,0.0471699,33,18,step,0.017,1.79069e+09,-0.462451,51,-0.146774
0.018,2,0.8,nan,nan,nan,nan,0.812109,3.01069,2.9562,4.33551,0.0475534,33,18,step,0.018,1.79069e+09,-0.47373,51,-0.146737
0.019,2,0.8,nan,nan,nan,nan,0.812109,3.01069,2.94768,4.33551,0.0479369,33,18,step,0.019,1.79069e+09,-0.462451,51,-0.146689
0.02,2,0.8,nan,nan,nan,nan,0.766992,3.05607,2.94555,4.34117,0.0484163,33,18,step,0.02,1.79069e+09,-0.372217,51,-0.146671
0.021,2,0.8,nan,nan,nan,nan,0.766992,3.05607,2.96685,4.34117,0.0487998,33,18,step,0.021,1.79069e+09,-0.349658,51,-0.146666
0.022,2,0.8,nan,nan,nan,nan,0.721875,3.05433,2.95833,4.3473,0.0492791,33,18,step,0.022,1.79069e+09,-0.349658,51,-0.146684
0.023,2,0.8,nan,nan,nan,nan,0.721875,3.05433,2.96792,4.3473,0.0497585,33,18,step,0.023,1.79069e+09,-0.338379,51,-0.146685
0.024,2,0.8,nan,nan,nan,nan,0.834668,3.00022,2.97537,4.35373,0.0502379,33,18,step,0.024,1.79069e+09,-0.304541,51,-0.146697
0.025,2,0.8,nan,nan,nan,nan,0.834668,3.00022,2.94874,4.35373,0.0508131,33,18,step,0.025,1.79069e+09,-0.281982,51,-0.14671
0.026,2,0.8,nan,nan,nan,nan,0.857227,2.98975,2.95194,4.35929,0.0512925,33,18,step,0.026,1.79069e+09,-0.236865,51,-0.146723
0.027,2,0.8,nan,nan,nan,nan,0.857227,2.98975,2.95087,4.35929,0.0518677,33,18,step,0.027,1.79069e+09,-0.236865,51,-0.146745
0.028,2,0.8,nan,nan,nan,nan,0.902344,2.95484,2.94555,4.36523,0.052443,33,18,step,0.028,1.79069e+09,-0.248145,51,-0.146754
0.029,2,0.8,nan,nan,nan,nan,0.902344,2.95484,2.95087,4.36523,0.0530182,33,18,step,0.029,1.79069e+09,-0.236865,51,-0.146779
0.03,2,0.8,nan,nan,nan,nan,0.879785,2.94437,2.94661,4.37117,0.0534976,33,18,step,0.03,1.79069e+09,-0.214307,51,-0.146847
0.031,2,0.8,nan,nan,nan,nan,0.879785,2.94437,2.9317,4.37117,0.0540728,33,18,step,0.031,1.79069e+09,-0.225586,51,-0.146917
0.032,2,0.8,nan,nan,nan,nan,0.823389,2.90597,2.93063,4.37693,0.0545522,33,18,step,0.032,1.79069e+09,-0.259424,51,-0.146977
0.033,2,0.8,nan,nan,nan,nan,0.823389,2.90597,2.94342,4.37693,0.0551274,33,18,step,0.033,1.79069e+09,-0.248145,51,-0.147012
0.034,2,0.8,nan,nan,nan,nan,0.721875,2.92692,2.94661,4.38277,0.0556068,33,18,step,0.034,1.79069e+09,-0.191748,51,-0.147066
0.035,2,0.8,nan,nan,nan,nan,0.721875,2.92692,2.95087,4.38277,0.0560862,33,18,step,0.035,1.79069e+09,-0.180469,51,-0.147144
0.036,2,0.8,nan,nan,nan,nan,0.710596,2.98975,2.9562,4.3891,0.0564697,33,18,step,0.036,1.79069e+09,-0.191748,51,-0.14721
0.037,2,0.8,nan,nan,nan,nan,0.710596,2.98975,2.92424,4.3891,0.056949,33,18,step,0.037,1.79069e+09,-0.180469,51,-0.147276
0.038,2,0.8,nan,nan,nan,nan,0.766992,3.0648,2.93276,4.39485,0.0574284,33,18,step,0.038,1.79069e+09,-0.135352,51,-0.147361
0.039,2,0.8,nan,nan,nan,nan,0.766992,3.0648,2.94235,4.39485,0.0578119,33,18,step,0.039,1.79069e+09,-0.169189,51,-0.147447
0.04,2,0.8,nan,nan,nan,nan,0.834668,3.04036,2.92211,4.4009,0.0582913,33,18,step,0.04,1.79069e+09,-0.169189,51,-0.14751
0.041,2,0.8,nan,nan,nan,nan,0.834668,3.04036,2.91252,4.4009,0.0586748,33,18,step,0.041,1.79069e+09,-0.169189,51,-0.147542
0.042,2,0.8,nan,nan,nan,nan,0.845947,2.89899,2.92211,4.40674,0.0591541,33,18,step,0.042,1.79069e+09,-0.169189,51,-0.14758
0.043,2,0.8,nan,nan,nan,nan,0.845947,2.89899,2.93383,4.40674,0.0595376,33,18,step,0.043,1.79069e+09,-0.169189,51,-0.147613
0.044,2,0.8,nan,nan,nan,nan,0.857227,2.88503,2.91998,4.41259,0.0599211,33,18,step,0.044,1.79069e+09,-0.169189,51,-0.147633
0.045,2,0.8,nan,nan,nan,nan,0.857227,2.88503,2.90613,4.41259,0.0603046,33,18,step,0.045,1.79069e+09,-0.146631,51,-0.147662
0.046,2,0.8,nan,nan,nan,nan,0.857227,2.91645,2.91998,4.41834,0.0606881,33,18,step,0.046,1.79069e+09,-0.135352,51,-0.147689
0.047,2,0.8,nan,nan,nan,nan,0.857227,2.91645,2.91146,4.41834,0.0609757,33,18,step,0.047,1.79069e+09,-0.15791,51,-0.147759
0.048,2,0.8,nan,nan,nan,nan,0.812109,2.96182,2.9072,4.42429,0.0613592,33,18,step,0.048,1.79069e+09,-0.15791,51,-0.147784
0.049,2,0.8,nan,nan,nan,nan,0.812109,2.96182,2.89867,4.42429,0.061551,33,18,step,0.049,1.79069e+09,-0.112793,51,-0.147769
0.05,2,0.8,nan,nan,nan,nan,0.721875,2.90772,2.90187,4.43014,0.0618386,33,18,step,0.05,1.79069e+09,-0.101514,51,-0.147754
0.051,2,0.8,nan,nan,nan,nan,0.721875,2.90772,2.89974,4.43014,0.0620303,33,18,step,0.051,1.79069e+09,-0.101514,51,-0.147722
0.052,2,0.8,nan,nan,nan,nan,0.710596,2.89725,2.87417,4.43589,0.0622221,33,18,step,0.052,1.79069e+09,-0.101514,51,-0.147685
0.053,2,0.8,nan,nan,nan,nan,0.710596,2.89725,2.89441,4.43589,0.0624138,33,18,step,0.053,1.79069e+09,-0.112793,51,-0.147619
0.054,2,0.8,nan,nan,nan,nan,0.789551,2.93564,2.89335,4.44174,0.0625097,33,18,step,0.054,1.79069e+09,-0.101514,51,-0.147545
0.055,2,0.8,nan,nan,nan,nan,0.789551,2.93564,2.88695,4.44174,0.0627015,33,18,step,0.055,1.79069e+09,-0.101514,51,-0.147452
0.056,2,0.8,nan,nan,nan,nan,0.879785,2.94263,2.88482,4.44768,0.0627015,33,18,step,0.056,1.79069e+09,-0.0902344,51,-0.147356
0.057,2,0.8,nan,nan,nan,nan,0.879785,2.94263,2.87417,4.44768,0.0627973,33,18,step,0.057,1.79069e+09,-0.0902344,51,-0.147254
0.058,2,0.8,nan,nan,nan,nan,0.891064,2.86932,2.88163,4.45343,0.0627973,33,18,step,0.058,1.79069e+09,-0.101514,51,-0.147165
0.059,2,0.8,nan,nan,nan,nan,0.891064,2.86932,2.89335,4.45343,0.0628932,33,18,step,0.059,1.79069e+09,-0.0902344,51,-0.147077
0.06,2,0.8,nan,nan,nan,nan,0.857227,2.79253,2.89122,4.45909,0.0628932,33,18,step,0.06,1.79069e+09,-0.0902344,51,-0.146972
0.061,2,0.8,nan,nan,nan,nan,0.857227,2.79253,2.89548,4.45909,0.0627973,33,18,step,0.061,1.79069e+09,-0.0789551,51,-0.146886
0.062,2,0.8,nan,nan,nan,nan,0.834668,2.81522,2.88376,4.46465,0.0627973,33,18,step,0.062,1.79069e+09,-0.0902344,51,-0.146818
0.063,2,0.8,nan,nan,nan,nan,0.834668,2.81522,2.8763,4.46465,0.0627015,33,18,step,0.063,1.79069e+09,-0.0789551,51,-0.14676
0.064,2,0.8,nan,nan,nan,nan,0.789551,2.91994,2.88482,4.47079,0.0626056,33,18,step,0.064,1.79069e+09,-0.0902344,51,-0.146673
0.065,2,0.8,nan,nan,nan,nan,0.789551,2.91994,2.87098,4.47079,0.0625097,33,18,step,0.065,1.79069e+09,-0.0902344,51,-0.14663
0.066,2,0.8,nan,nan,nan,nan,0.755713,2.94612,2.85713,4.47673,0.0624138,33,18,step,0.066,1.79069e+09,-0.0902344,51,-0.146588
0.067,2,0.8,nan,nan,nan,nan,0.755713,2.94612,2.85713,4.47673,0.0624138,33,18,step,0.067,1.79069e+09,-0.112793,51,-0.146526
0.068,2,0.8,nan,nan,nan,nan,0.721875,2.91994,2.87098,4.48258,0.062318,33,18,step,0.068,1.79069e+09,-0.112793,51,-0.146495
0.069,2,0.8,nan,nan,nan,nan,0.721875,2.91994,2.86458,4.48258,0.0622221,33,18,step,0.069,1.79069e+09,-0.124072,51,-0.146457
0.07,2,0.8,nan,nan,nan,nan,0.80083,2.87281,2.86032,4.48795,0.0621262,33,18,step,0.07,1.79069e+09,-0.135352,51,-0.146426
0.071,2,0.8,nan,nan,nan,nan,0.80083,2.87281,2.8486,4.48795,0.0621262,33,18,step,0.071,1.79069e+09,-0.15791,51,-0.146412
0.072,2,0.8,nan,nan,nan,nan,0.879785,2.81173,2.84328,4.49399,0.0620303,33,18,step,0.072,1.79069e+09,-0.191748,51,-0.146414
0.073,2,0.8,nan,nan,nan,nan,0.879785,2.81173,2.8486,4.49399,0.0620303,33,18,step,0.073,1.79069e+09,-0.248145,51,-0.146393
0.074,2,0.8,nan,nan,nan,nan,0.913623,2.85536,2.83476,4.49926,0.0620303,33,18,step,0.074,1.79069e+09,-0.248145,51,-0.146357
0.075,2,0.8,nan,nan,nan,nan,0.913623,2.85536,2.83156,4.49926,0.0619345,33,18,step,0.075,1.79069e+09,-0.236865,51,-0.146315
0.076,2,0.8,nan,nan,nan,nan,0.733154,2.80823,2.83902,4.5053,0.0618386,33,18,step,0.076,1.79069e+09,-0.248145,51,-0.146303
0.077,2,0.8,nan,nan,nan,nan,0.733154,2.80823,2.83049,4.5053,0.0618386,33,18,step,0.077,1.79069e+09,-0.270703,51,-0.146318
0.078,2,0.8,nan,nan,nan,nan,0.778271,2.76635,2.8241,4.51048,0.0617427,33,18,step,0.078,1.79069e+09,-0.406055,51,-0.146387
0.079,2,0.8,nan,nan,nan,nan,0.778271,2.76635,2.82197,4.51048,0.0616469,33,18,step,0.079,1.79069e+09,-0.3271,51,-0.146432
0.08,2,0.8,nan,nan,nan,nan,0.766992,2.85536,2.82517,4.51614,0.061551,33,18,step,0.08,1.79069e+09,-0.372217,51,-0.146458
0.081,2,0.8,nan,nan,nan,nan,0.766992,2.85536,2.81558,4.51614,0.0613592,33,18,step,0.081,1.79069e+09,-0.47373,51,-0.146436
0.082,2,0.8,nan,nan,nan,nan,0.755713,2.91645,2.81665,4.52198,0.0612634,33,18,step,0.082,1.79069e+09,-0.383496,51,-0.146385
0.083,2,0.8,nan,nan,nan,nan,0.755713,2.91645,2.80919,4.52198,0.0610716,33,18,step,0.083,1.79069e+09,-0.349658,51,-0.146379
0.084,2,0.8,nan,nan,nan,nan,0.845947,2.90597,2.82197,4.52822,0.0608799,33,18,step,0.084,1.79069e+09,-0.31582,51,-0.146374
0.085,2,0.8,nan,nan,nan,nan,0.845947,2.90597,2.8241,4.52822,0.060784,33,18,step,0.085,1.79069e+09,-0.372217,51,-0.146376
0.086,2,0.8,nan,nan,nan,nan,0.778271,2.86234,2.80919,4.53358,0.0605922,33,18,step,0.086,1.79069e+09,-0.451172,51,-0.146364
0.087,2,0.8,nan,nan,nan,nan,0.778271,2.86234,2.79321,4.53358,0.0604005,33,18,step,0.087,1.79069e+09,-0.372217,51,-0.146296
0.088,2,0.8,nan,nan,nan,nan,0.845947,2.803,2.80919,4.53962,0.0602087,33,18,step,0.088,1.79069e+09,-0.338379,51,-0.146237
0.089,2,0.8,nan,nan,nan,nan,0.845947,2.803,2.80173,4.53962,0.0601129,33,18,step,0.089,1.79069e+09,-0.428613,51,-0.146165
0.09,2,0.8,nan,nan,nan,nan,0.924902,2.7838,2.7996,4.54519,0.060017,33,18,step,0.09,1.79069e+09,-0.31582,51,-0.146076
0.091,2,0.8,nan,nan,nan,nan,0.924902,2.7838,2.79534,4.54519,0.0599211,33,18,step,0.091,1.79069e+09,-0.31582,51,-0.14604
0.092,2,0.8,nan,nan,nan,nan,0.857227,2.8571,2.80173,4.55084,0.0598253,33,18,step,0.092,1.79069e+09,-0.293262,51,-0.146
0.093,2,0.8,nan,nan,nan,nan,0.857227,2.8571,2.80173,4.55084,0.0597294,33,18,step,0.093,1.79069e+09,-0.406055,51,-0.145967
0.094,2,0.8,nan,nan,nan,nan,0.778271,2.8571,2.76764,4.5565,0.0597294,33,18,step,0.094,1.79069e+09,-0.406055,51,-0.145927
0.095,2,0.8,nan,nan,nan,nan,0.778271,2.8571,2.77936,4.5565,0.0597294,33,18,step,0.095,1.79069e+09,-0.383496,51,-0.145861
0.096,2,0.8,nan,nan,nan,nan,0.766992,2.82743,2.78575,4.56225,0.0597294,33,18,step,0.096,1.79069e+09,-0.349658,51,-0.145802
0.097,2,0.8,nan,nan,nan,nan,0.766992,2.82743,2.78043,4.56225,0.0597294,33,18,step,0.097,1.79069e+09,-0.383496,51,-0.145708
0.098,2,0.8,nan,nan,nan,nan,0.766992,2.86932,2.76764,4.56762,0.0597294,33,18,step,0.098,1.79069e+09,-0.338379,51,-0.145666
0.099,2,0.8,nan,nan,nan,nan,0.766992,2.86932,2.76338,4.56762,0.0598253,33,18,step,0.099,1.79069e+09,-0.338379,51,-0.145602
0.1,2,0.8,nan,nan,nan,nan,0.789551,2.86583,2.77829,4.57337,0.0599211,33,18,step,0.1,1.79069e+09,-0.3271,51,-0.145513
0.101,2,0.8,nan,nan,nan,nan,0.789551,2.86583,2.77723,4.57337,0.060017,33,18,step,0.101,1.79069e+09,-0.248145,51,-0.145462
0.102,2,0.8,nan,nan,nan,nan,0.778271,2.85361,2.76445,4.57903,0.060017,33,18,step,0.102,1.79069e+09,-0.225586,51,-0.145412
0.103,2,0.8,nan,nan,nan,nan,0.778271,2.85361,2.75379,4.57903,0.0601129,33,18,step,0.103,1.79069e+09,-0.293262,51,-0.145365
0.104,2,0.8,nan,nan,nan,nan,0.879785,2.7262,2.75592,4.58488,0.0602087,33,18,step,0.104,1.79069e+09,-0.304541,51,-0.145332
0.105,2,0.8,nan,nan,nan,nan,0.879785,2.7262,2.75166,4.58488,0.0602087,33,18,step,0.105,1.79069e+09,-0.214307,51,-0.145316
0.106,2,0.8,nan,nan,nan,nan,0.95874,2.68955,2.75912,4.59025,0.0603046,33,18,step,0.106,1.79069e+09,-0.236865,51,-0.145299
0.107,2,0.8,nan,nan,nan,nan,0.95874,2.68955,2.74101,4.59025,0.0603046,33,18,step,0.107,1.79069e+09,-0.293262,51,-0.145273
0.108,2,0.8,nan,nan,nan,nan,0.744434,2.76286,2.73888,4.59581,0.0603046,33,18,step,0.108,1.79069e+09,-0.225586,51,-0.145271
0.109,2,0.8,nan,nan,nan,nan,0.744434,2.76286,2.76871,4.59581,0.0603046,33,18,step,0.109,1.79069e+09,-0.214307,51,-0.145254
0.11,2,0.8,nan,nan,nan,nan,0.699316,2.803,2.75592,4.60137,0.0603046,33,18,step,0.11,1.79069e+09,-0.191748,51,-0.145184
0.111,2,0.8,nan,nan,nan,nan,0.699316,2.803,2.71757,4.60137,0.0603046,33,18,step,0.111,1.79069e+09,-0.293262,51,-0.145207
0.112,2,0.8,nan,nan,nan,nan,0.778271,2.81522,2.71651,4.60702,0.0603046,33,18,step,0.112,1.79069e+09,-0.281982,51,-0.145205
0.113,2,0.8,nan,nan,nan,nan,0.778271,2.81522,2.71757,4.60702,0.0602087,33,18,step,0.113,1.79069e+09,-0.225586,51,-0.145157
0.114,2,0.8,nan,nan,nan,nan,0.891064,2.76984,2.71438,4.61258,0.0602087,33,18,step,0.114,1.79069e+09,-0.3271,51,-0.145142
0.115,2,0.8,nan,nan,nan,nan,0.891064,2.76984,2.72823,4.61258,0.0602087,33,18,step,0.115,1.79069e+09,-0.281982,51,-0.145136
0.116,2,0.8,nan,nan,nan,nan,0.766992,2.75937,2.73036,4.61776,0.0602087,33,18,step,0.116,1.79069e+09,-0.3271,51,-0.145129
0.117,2,0.8,nan,nan,nan,nan,0.766992,2.75937,2.70053,4.61776,0.0601129,33,18,step,0.117,1.79069e+09,-0.349658,51,-0.145116
0.118,2,0.8,nan,nan,nan,nan,0.80083,2.77333,2.69733,4.62361,0.0601129,33,18,step,0.118,1.79069e+09,-0.349658,51,-0.145103
0.119,2,0.8,nan,nan,nan,nan,0.80083,2.77333,2.70585,4.62361,0.0601129,33,18,step,0.119,1.79069e+09,-0.349658,51,-0.145085
0.12,2,0.8,nan,nan,nan,nan,0.80083,2.77856,2.72396,4.62917,0.0601129,33,18,step,0.12,1.79069e+09,-0.349658,51,-0.145058
0.121,2,0.8,nan,nan,nan,nan,0.80083,2.77856,2.71225,4.62917,0.0601129,33,18,step,0.121,1.79069e+09,-0.349658,51,-0.14507
0.122,2,0.8,nan,nan,nan,nan,0.823389,2.68955,2.70479,4.63464,0.0601129,33,18,step,0.122,1.79069e+09,-0.349658,51,-0.145057
0.123,2,0.8,nan,nan,nan,nan,0.823389,2.68955,2.69946,4.63464,0.0601129,33,18,step,0.123,1.79069e+09,-0.372217,51,-0.145014
0.124,2,0.8,nan,nan,nan,nan,0.834668,2.6529,2.69201,4.63991,0.0601129,33,18,step,0.124,1.79069e+09,-0.349658,51,-0.145
0.125,2,0.8,nan,nan,nan,nan,0.834668,2.6529,2.6984,4.63991,0.0601129,33,18,step,0.125,1.79069e+09,-0.349658,51,-0.14498
0.126,2,0.8,nan,nan,nan,nan,0.710596,2.7105,2.70053,4.64528,0.0601129,33,18,step,0.126,1.79069e+09,-0.349658,51,-0.144981
0.127,2,0.8,nan,nan,nan,nan,0.710596,2.7105,2.69094,4.64528,0.0601129,33,18,step,0.127,1.79069e+09,-0.360938,51,-0.145023
0.128,2,0.8,nan,nan,nan,nan,0.755713,2.76984,2.66111,4.65084,0.0601129,33,18,step,0.128,1.79069e+09,-0.372217,51,-0.145046
0.129,2,0.8,nan,nan,nan,nan,0.755713,2.76984,2.67496,4.65084,0.0601129,33,18,step,0.129,1.79069e+09,-0.394775,51,-0.145056
0.13,2,0.8,nan,nan,nan,nan,0.857227,2.80649,2.66111,4.65649,0.0601129,33,18,step,0.13,1.79069e+09,-0.394775,51,-0.145052
0.131,2,0.8,nan,nan,nan,nan,0.857227,2.80649,2.6707,4.65649,0.0601129,33,18,step,0.131,1.79069e+09,-0.394775,51,-0.145065
0.132,2,0.8,nan,nan,nan,nan,0.857227,2.71573,2.66431,4.66196,0.060017,33,18,step,0.132,1.79069e+09,-0.349658,51,-0.145089
0.133,2,0.8,nan,nan,nan,nan,0.857227,2.71573,2.66857,4.66196,0.060017,33,18,step,0.133,1.79069e+09,-0.372217,51,-0.145099
0.134,2,0.8,nan,nan,nan,nan,0.80083,2.62323,2.66537,4.66723,0.060017,33,18,step,0.134,1.79069e+09,-0.406055,51,-0.145132
0.135,2,0.8,nan,nan,nan,nan,0.80083,2.62323,2.63981,4.66723,0.060017,33,18,step,0.135,1.79069e+09,-0.372217,51,-0.145186
0.136,2,0.8,nan,nan,nan,nan,0.868506,2.67908,2.65046,4.67222,0.060017,33,18,step,0.136,1.79069e+09,-0.428613,51,-0.14523
0.137,2,0.8,nan,nan,nan,nan,0.868506,2.67908,2.67709,4.67222,0.060017,33,18,step,0.137,1.79069e+09,-0.439893,51,-0.145318
0.138,2,0.8,nan,nan,nan,nan,0.744434,2.69304,2.65472,4.67797,0.060017,33,18,step,0.138,1.79069e+09,-0.439893,51,-0.145548
0.139,2,0.8,nan,nan,nan,nan,0.744434,2.69304,2.66218,4.67797,0.060017,33,18,step,0.139,1.79069e+09,-0.552686,51,-0.145931
0.14,2,0.8,nan,nan,nan,nan,0.699316,2.72097,2.69094,4.68344,0.060017,33,18,step,0.14,1.79069e+09,-0.744434,51,-0.146416
0.141,2,0.8,nan,nan,nan,nan,0.699316,2.72097,2.68348,4.68344,0.060017,33,18,step,0.141,1.79069e+09,-0.936182,51,-0.146935
0.142,2,0.8,nan,nan,nan,nan,0.766992,2.69479,2.67603,4.6888,0.0599211,33,18,step,0.142,1.79069e+09,-1.09409,51,-0.147516
0.143,2,0.8,nan,nan,nan,nan,0.766992,2.69479,2.65792,4.6888,0.0597294,33,18,step,0.143,1.79069e+09,-1.18433,51,-0.148065
0.144,2,0.8,nan,nan,nan,nan,0.834668,2.64068,2.64407,4.69408,0.0594418,33,18,step,0.144,1.79069e+09,-1.27456,51,-0.148602
0.145,2,0.8,nan,nan,nan,nan,0.834668,2.64068,2.60891,4.69408,0.0591541,33,18,step,0.145,1.79069e+09,-1.38735,51,-0.149114
0.146,2,0.8,nan,nan,nan,nan,0.789551,2.65988,2.6185,4.69945,0.0588665,33,18,step,0.146,1.79069e+09,-1.42119,51,-0.149643
0.147,2,0.8,nan,nan,nan,nan,0.789551,2.65988,2.60359,4.69945,0.058483,33,18,step,0.147,1.79069e+09,-1.50015,51,-0.150334
0.148,2,0.8,nan,nan,nan,nan,0.812109,2.72271,2.60039,4.70481,0.0582913,33,18,step,0.148,1.79069e+09,-1.60166,51,-0.151061
0.149,2,0.8,nan,nan,nan,nan,0.812109,2.72271,2.56097,4.70481,0.0580995,33,18,step,0.149,1.79069e+09,-1.87236,51,-0.151879
0.15,2,0.8,nan,nan,nan,nan,0.913623,2.74715,2.55671,4.71038,0.0579078,33,18,step,0.15,1.79069e+09,-2.10923,51,-0.152641
0.151,2,0.8,nan,nan,nan,nan,0.913623,2.74715,2.58974,4.71038,0.0578119,33,18,step,0.151,1.79069e+09,-2.22202,51,-0.153315
0.152,2,0.8,nan,nan,nan,nan,0.902344,2.62847,2.63128,4.71565,0.0576202,33,18,step,0.152,1.79069e+09,-2.21074,51,-0.153906
0.153,2,0.8,nan,nan,nan,nan,0.902344,2.62847,2.64939,4.71565,0.0575243,33,18,step,0.153,1.79069e+09,-2.16563,51,-0.154409
0.154,2,0.8,nan,nan,nan,nan,0.80083,2.52724,2.62702,4.72073,0.0574284,33,18,step,0.154,1.79069e+09,-2.09795,51,-0.154991
0.155,2,0.8,nan,nan,nan,nan,0.80083,2.52724,2.60785,4.72073,0.0574284,33,18,step,0.155,1.79069e+09,-2.08667,51,-0.155604
0.156,2,0.8,nan,nan,nan,nan,0.755713,2.5796,2.62702,4.72581,0.0575243,33,18,step,0.156,1.79069e+09,-2.21074,51,-0.156185
0.157,2,0.8,nan,nan,nan,nan,0.755713,2.5796,2.66005,4.72581,0.0576202,33,18,step,0.157,1.79069e+09,-2.25586,51,-0.156672
0.158,2,0.8,nan,nan,nan,nan,0.733154,2.65116,2.63448,4.73108,0.0578119,33,18,step,0.158,1.79069e+09,-2.21074,51,-0.157002
0.159,2,0.8,nan,nan,nan,nan,0.733154,2.65116,2.60572,4.73108,0.0579078,33,18,step,0.159,1.79069e+09,-2.06411,51,-0.157395
0.16,2,0.8,nan,nan,nan,nan,0.733154,2.69653,2.60359,4.73655,0.0581954,33,18,step,0.16,1.79069e+09,-1.91748,51,-0.157727
0.161,2,0.8,nan,nan,nan,nan,0.733154,2.69653,2.60465,4.73655,0.0583871,33,18,step,0.161,1.79069e+09,-1.99644,51,-0.157694
0.162,2,0.8,nan,nan,nan,nan,0.857227,2.56214,2.66005,4.74173,0.0586748,33,18,step,0.162,1.79069e+09,-1.78213,51,-0.157466
0.163,2,0.8,nan,nan,nan,nan,0.857227,2.56214,2.58441,4.74173,0.0588665,33,18,step,0.163,1.79069e+09,-1.13921,51,-0.157067
0.164,2,0.8,nan,nan,nan,nan,0.97002,2.45393,2.5173,4.74662,0.0591541,33,18,step,0.164,1.79069e+09,-1.02642,51,-0.156228
0.165,2,0.8,nan,nan,nan,nan,0.97002,2.45393,2.51517,4.74662,0.0594418,33,18,step,0.165,1.79069e+09,-0.620361,51,-0.155184
0.166,2,0.8,nan,nan,nan,nan,0.868506,2.46964,2.4864,4.75151,0.0598253,33,18,step,0.166,1.79069e+09,-0.248145,51,-0.154165
0.167,2,0.8,nan,nan,nan,nan,0.868506,2.46964,2.47468,4.75151,0.0603046,33,18,step,0.167,1.79069e+09,-0.214307,51,-0.153354
0.168,2,0.8,nan,nan,nan,nan,0.857227,2.49757,2.45551,4.75649,0.0608799,33,18,step,0.168,1.79069e+09,-0.124072,51,-0.15287
0.169,2,0.8,nan,nan,nan,nan,0.857227,2.49757,2.52582,4.75649,0.0614551,33,18,step,0.169,1.79069e+09,-0.124072,51,-0.152514
0.17,2,0.8,nan,nan,nan,nan,0.857227,2.53073,2.60146,4.76157,0.0622221,33,18,step,0.17,1.79069e+09,-0.135352,51,-0.152207
0.171,2,0.8,nan,nan,nan,nan,0.857227,2.53073,2.55778,4.76157,0.0628932,33,18,step,0.171,1.79069e+09,-0.0563965,51,-0.151794
0.172,2,0.8,nan,nan,nan,nan,0.755713,2.4836,2.55884,4.76656,0.0636602,33,18,step,0.172,1.79069e+09,-0.146631,51,-0.151184
0.173,2,0.8,nan,nan,nan,nan,0.755713,2.4836,2.54393,4.76656,0.0644272,33,18,step,0.173,1.79069e+09,-0.112793,51,-0.150512
0.174,2,0.8,nan,nan,nan,nan,0.744434,2.45219,2.53541,4.77145,0.0650983,33,18,step,0.174,1.79069e+09,-0.0451172,51,-0.149763
0.175,2,0.8,nan,nan,nan,nan,0.744434,2.45219,2.50558,4.77145,0.0658653,33,18,step,0.175,1.79069e+09,0.0225586,51,-0.149073
0.176,2,0.8,nan,nan,nan,nan,0.766992,2.49931,2.4896,4.77643,0.0665364,33,18,step,0.176,1.79069e+09,0.214307,51,-0.148468
0.177,2,0.8,nan,nan,nan,nan,0.766992,2.49931,2.45764,4.77643,0.0673034,33,18,step,0.177,1.79069e+09,0.248145,51,-0.14794
0.178,2,0.8,nan,nan,nan,nan,0.699316,2.54993,2.40864,4.78161,0.0680704,33,18,step,0.178,1.79069e+09,0.31582,51,-0.14753
0.179,2,0.8,nan,nan,nan,nan,0.699316,2.54993,2.35537,4.78161,0.0689333,33,18,step,0.179,1.79069e+09,0.360938,51,-0.147161
0.18,2,0.8,nan,nan,nan,nan,0.778271,2.54469,2.32874,4.78669,0.0697003,33,18,step,0.18,1.79069e+09,0.383496,51,-0.146966
0.181,2,0.8,nan,nan,nan,nan,0.778271,2.54469,2.35218,4.78669,0.0705631,33,18,step,0.181,1.79069e+09,0.338379,51,-0.146778
0.182,2,0.8,nan,nan,nan,nan,0.947461,2.46615,2.40544,4.79196,0.071426,33,18,step,0.182,1.79069e+09,0.225586,51,-0.146513
0.183,2,0.8,nan,nan,nan,nan,0.947461,2.46615,2.44166,4.79196,0.072193,33,18,step,0.183,1.79069e+09,0.180469,51,-0.146349
0.184,2,0.8,nan,nan,nan,nan,0.766992,2.38761,2.41929,4.79647,0.07296,33,18,step,0.184,1.79069e+09,0.214307,51,-0.146283
0.185,2,0.8,nan,nan,nan,nan,0.766992,2.38761,2.41822,4.79647,0.0736311,33,18,step,0.185,1.79069e+09,0.15791,51,-0.146173
0.186,2,0.8,nan,nan,nan,nan,0.766992,2.45044,2.43101,4.80136,0.0743022,33,18,step,0.186,1.79069e+09,0.101514,51,-0.146065
0.187,2,0.8,nan,nan,nan,nan,0.766992,2.45044,2.44486,4.80136,0.0748774,33,18,step,0.187,1.79069e+09,0.146631,51,-0.146119
0.188,2,0.8,nan,nan,nan,nan,0.834668,2.53247,2.47149,4.80635,0.0754527,33,18,step,0.188,1.79069e+09,0.135352,51,-0.146343
0.189,2,0.8,nan,nan,nan,nan,0.834668,2.53247,2.50345,4.80635,0.075932,33,18,step,0.189,1.79069e+09,-0.0338379,51,-0.146752
0.19,2,0.8,nan,nan,nan,nan,0.812109,2.58832,2.4896,4.81152,0.0764114,33,18,step,0.19,1.79069e+09,-0,51,-0.147293
0.191,2,0.8,nan,nan,nan,nan,0.812109,2.58832,2.50771,4.81152,0.0767949,33,18,step,0.191,1.79069e+09,-0.406055,51,-0.14791
0.192,2,0.8,nan,nan,nan,nan,0.755713,2.48186,2.54073,4.81651,0.0770825,33,18,step,0.192,1.79069e+09,-0.789551,51,-0.148562
0.193,2,0.8,nan,nan,nan,nan,0.755713,2.48186,2.53221,4.81651,0.0771784,33,18,step,0.193,1.79069e+09,-1.08281,51,-0.149124
0.194,2,0.8,nan,nan,nan,nan,0.936182,2.40157,2.49919,4.82169,0.0770825,33,18,step,0.194,1.79069e+09,-1.26328,51,-0.149729
0.195,2,0.8,nan,nan,nan,nan,0.936182,2.40157,2.46297,4.82169,0.076699,33,18,step,0.195,1.79069e+09,-1.36479,51,-0.150354
0.196,2,0.8,nan,nan,nan,nan,0.733154,2.41903,2.46084,4.82648,0.0760279,33,18,step,0.196,1.79069e+09,-1.45503,51,-0.151039
0.197,2,0.8,nan,nan,nan,nan,0.733154,2.41903,2.42355,4.82648,0.0751651,33,18,step,0.197,1.79069e+09,-1.60166,51,-0.151844
0.198,2,0.8,nan,nan,nan,nan,0.744434,2.47139,2.36389,4.83118,0.0739187,33,18,step,0.198,1.79069e+09,-1.80469,51,-0.152639
0.199,2,0.8,nan,nan,nan,nan,0.744434,2.47139,2.32874,4.83118,0.0725765,33,18,step,0.199,1.79069e+09,-2.04155,51,-0.15347
0.2,2,0.8,nan,nan,nan,nan,0.766992,2.53073,2.30424,4.83616,0.0709466,33,18,step,0.2,1.79069e+09,-2.25586,51,-0.154249
0.201,2,0.8,nan,nan,nan,nan,0.766992,2.53073,2.35857,4.83616,0.0690291,33,18,step,0.201,1.79069e+09,-2.27842,51,-0.154943
0.202,2,0.8,nan,nan,nan,nan,0.710596,2.48884,2.39053,4.84115,0.066824,33,18,step,0.202,1.79069e+09,-2.2897,51,-0.155561
0.203,2,0.8,nan,nan,nan,nan,0.710596,2.48884,2.41503,4.84115,0.0644272,33,18,step,0.203,1.79069e+09,-2.33481,51,-0.156034
0.204,2,0.8,nan,nan,nan,nan,0.834668,2.38412,2.42355,4.84594,0.0620303,33,18,step,0.204,1.79069e+09,-2.42505,51,-0.156438
0.205,2,0.8,nan,nan,nan,nan,0.834668,2.38412,2.41716,4.84594,0.0595376,33,18,step,0.205,1.79069e+09,-2.27842,51,-0.156791
0.206,2,0.8,nan,nan,nan,nan,0.879785,2.30034,2.41396,4.85054,0.0571408,33,18,step,0.206,1.79069e+09,-2.33481,51,-0.15708
0.207,2,0.8,nan,nan,nan,nan,0.879785,2.30034,2.44486,4.85054,0.0549357,33,18,step,0.207,1.79069e+09,-2.45889,51,-0.157295
0.208,2,0.8,nan,nan,nan,nan,0.823389,2.38237,2.44166,4.85534,0.0528265,33,18,step,0.208,1.79069e+09,-2.37993,51,-0.157438
0.209,2,0.8,nan,nan,nan,nan,0.823389,2.38237,2.41183,4.85534,0.050909,33,18,step,0.209,1.79069e+09,-2.41377,51,-0.157569
0.21,2,0.8,nan,nan,nan,nan,0.902344,2.40681,2.40011,4.86013,0.049375,33,18,step,0.21,1.79069e+09,-2.51528,51,-0.157635
0.211,2,0.8,nan,nan,nan,nan,0.902344,2.40681,2.40544,4.86013,0.0481286,33,18,step,0.211,1.79069e+09,-2.63936,51,-0.157527
0.212,2,0.8,nan,nan,nan,nan,0.857227,2.4487,2.40651,4.86502,0.0472658,33,18,step,0.212,1.79069e+09,-2.58296,51,-0.157238
0.213,2,0.8,nan,nan,nan,nan,0.857227,2.4487,2.4097,4.86502,0.0466905,33,18,step,0.213,1.79069e+09,-2.34609,51,-0.156839
0.214,2,0.8,nan,nan,nan,nan,0.823389,2.36318,2.39905,4.86981,0.0464988,33,18,step,0.214,1.79069e+09,-2.13179,51,-0.156295
0.215,2,0.8,nan,nan,nan,nan,0.823389,2.36318,2.40757,4.86981,0.0465947,33,18,step,0.215,1.79069e+09,-1.89492,51,-0.15566
0.216,2,0.8,nan,nan,nan,nan,0.823389,2.33176,2.40118,4.87442,0.0469782,33,18,step,0.216,1.79069e+09,-1.65806,51,-0.154936
0.217,2,0.8,nan,nan,nan,nan,0.823389,2.33176,2.39266,4.87442,0.0476493,33,18,step,0.217,1.79069e+09,-1.40991,51,-0.154046
0.218,2,0.8,nan,nan,nan,nan,0.676758,2.39459,2.38733,4.87921,0.0485121,33,18,step,0.218,1.79069e+09,-1.10537,51,-0.153201
0.219,2,0.8,nan,nan,nan,nan,0.676758,2.39459,2.36389,4.87921,0.0495668,33,18,step,0.219,1.79069e+09,-0.733154,51,-0.152153
0.22,2,0.8,nan,nan,nan,nan,0.654199,2.48186,2.35857,4.88419,0.0507172,33,18,step,0.22,1.79069e+09,-0.428613,51,-0.151097
0.221,2,0.8,nan,nan,nan,nan,0.654199,2.48186,2.32661,4.88419,0.0519636,33,18,step,0.221,1.79069e+09,-0.225586,51,-0.150134
0.222,2,0.8,nan,nan,nan,nan,0.778271,2.5028,2.32448,4.88918,0.0534017,33,18,step,0.222,1.79069e+09,-0.124072,51,-0.149149
0.223,2,0.8,nan,nan,nan,nan,0.778271,2.5028,2.32874,4.88918,0.0548398,33,18,step,0.223,1.79069e+09,-0.0338379,51,-0.148293
0.224,2,0.8,nan,nan,nan,nan,0.789551,2.45219,2.34152,4.89417,0.0563738,33,18,step,0.224,1.79069e+09,-0.0563965,51,-0.147538
0.225,2,0.8,nan,nan,nan,nan,0.789551,2.45219,2.31702,4.89417,0.0580036,33,18,step,0.225,1.79069e+09,-0.0338379,51,-0.146884
0.226,2,0.8,nan,nan,nan,nan,0.879785,2.32478,2.30317,4.89877,0.0595376,33,18,step,0.226,1.79069e+09,-0.0225586,51,-0.146306
0.227,2,0.8,nan,nan,nan,nan,0.879785,2.32478,2.28826,4.89877,0.0610716,33,18,step,0.227,1.79069e+09,-0.0225586,51,-0.145757
0.228,2,0.8,nan,nan,nan,nan,0.947461,2.29336,2.30211,4.90347,0.0626056,33,18,step,0.228,1.79069e+09,-0.0338379,51,-0.145311
0.229,2,0.8,nan,nan,nan,nan,0.947461,2.29336,2.3298,4.90347,0.0641396,33,18,step,0.229,1.79069e+09,-0.0563965,51,-0.144904
0.23,2,0.8,nan,nan,nan,nan,0.812109,2.39983,2.34046,4.90816,0.0655777,33,18,step,0.23,1.79069e+09,-0.0902344,51,-0.144548
0.231,2,0.8,nan,nan,nan,nan,0.812109,2.39983,2.3362,4.90816,0.0670158,33,18,step,0.231,1.79069e+09,-0.0902344,51,-0.144247
0.232,2,0.8,nan,nan,nan,nan,0.834668,2.42426,2.34365,4.91305,0.068358,33,18,step,0.232,1.79069e+09,-0.135352,51,-0.143993
0.233,2,0.8,nan,nan,nan,nan,0.834668,2.42426,2.34472,4.91305,0.0696044,33,18,step,0.233,1.79069e+09,-0.180469,51,-0.143838
0.234,2,0.8,nan,nan,nan,nan,0.812109,2.44521,2.30424,4.91794,0.0707549,33,18,step,0.234,1.79069e+09,-0.248145,51,-0.143769
0.235,2,0.8,nan,nan,nan,nan,0.812109,2.44521,2.30424,4.91794,0.0718095,33,18,step,0.235,1.79069e+09,-0.338379,51,-0.14379
0.236,2,0.8,nan,nan,nan,nan,0.721875,2.38761,2.28932,4.92274,0.0726723,33,18,step,0.236,1.79069e+09,-0.451172,51,-0.143863
0.237,2,0.8,nan,nan,nan,nan,0.721875,2.38761,2.30743,4.92274,0.0733435,33,18,step,0.237,1.79069e+09,-0.552686,51,-0.143995
0.238,2,0.8,nan,nan,nan,nan,0.766992,2.35969,2.31596,4.92743,0.0739187,33,18,step,0.238,1.79069e+09,-0.676758,51,-0.144187
0.239,2,0.8,nan,nan,nan,nan,0.766992,2.35969,2.30317,4.92743,0.0742063,33,18,step,0.239,1.79069e+09,-0.80083,51,-0.144545
0.24,2,0.8,nan,nan,nan,nan,0.744434,2.40506,2.3362,4.93223,0.0743022,33,18,step,0.24,1.79069e+09,-0.924902,51,-0.144972
0.241,2,0.8,nan,nan,nan,nan,0.744434,2.40506,2.30424,4.93223,0.0742063,33,18,step,0.241,1.79069e+09,-1.15049,51,-0.14544
0.242,2,0.8,nan,nan,nan,nan,0.744434,2.41554,2.30317,4.93712,0.0738228,33,18,step,0.242,1.79069e+09,-1.36479,51,-0.145869
0.243,2,0.8,nan,nan,nan,nan,0.744434,2.41554,2.32128,4.93712,0.0730558,33,18,step,0.243,1.79069e+09,-1.40991,51,-0.146413
0.244,2,0.8,nan,nan,nan,nan,0.879785,2.39459,2.34152,4.94191,0.072193,33,18,step,0.244,1.79069e+09,-1.50015,51,-0.147064
0.245,2,0.8,nan,nan,nan,nan,0.879785,2.39459,2.34046,4.94191,0.0709466,33,18,step,0.245,1.79069e+09,-1.80469,51,-0.147706
0.246,2,0.8,nan,nan,nan,nan,0.891064,2.34747,2.31809,4.94661,0.0695085,33,18,step,0.246,1.79069e+09,-1.9062,51,-0.148481
0.247,2,0.8,nan,nan,nan,nan,0.891064,2.34747,2.26269,4.94661,0.0677828,33,18,step,0.247,1.79069e+09,-1.94004,51,-0.149312
0.248,2,0.8,nan,nan,nan,nan,0.913623,2.26544,2.31596,4.95111,0.0656736,33,18,step,0.248,1.79069e+09,-2.18818,51,-0.150191
0.249,2,0.8,nan,nan,nan,nan,0.913623,2.26544,2.29678,4.95111,0.0634685,33,18,step,0.249,1.79069e+09,-2.42505,51,-0.151072
0.25,2,0.8,nan,nan,nan,nan,0.924902,2.26195,2.28613,4.95562,0.0610716,33,18,step,0.25,1.79069e+09,-2.68447,51,-0.151511
0.251,2,0.8,nan,nan,nan,nan,0.924902,2.26195,2.31489,4.95562,0.0583871,33,18,step,0.251,1.79069e+09,-2.65063,51,-0.151866
0.252,2,0.8,nan,nan,nan,nan,0.766992,2.31431,2.31915,4.96032,0.0557027,33,18,step,0.252,1.79069e+09,-2.36865,51,-0.152361
0.253,2,0.8,nan,nan,nan,nan,0.766992,2.31431,2.34046,4.96032,0.0531141,33,18,step,0.253,1.79069e+09,-2.44761,51,-0.152821
0.254,2,0.8,nan,nan,nan,nan,0.744434,2.34747,2.3085,4.96502,0.0506214,33,18,step,0.254,1.79069e+09,-2.72959,51,-0.153379
0.255,2,0.8,nan,nan,nan,nan,0.744434,2.34747,2.27441,4.96502,0.0483204,33,18,step,0.255,1.79069e+09,-2.95518,51,-0.153917
0.256,2,0.8,nan,nan,nan,nan,0.733154,2.34747,2.35431,4.96962,0.0462112,33,18,step,0.256,1.79069e+09,-3.12437,51,-0.154302
0.257,2,0.8,nan,nan,nan,nan,0.733154,2.34747,2.36496,4.96962,0.0442937,33,18,step,0.257,1.79069e+09,-3.20332,51,-0.154525
0.258,2,0.8,nan,nan,nan,nan,0.721875,2.27765,2.34578,4.97422,0.042568,33,18,step,0.258,1.79069e+09,-3.19204,51,-0.154571
0.259,2,0.8,nan,nan,nan,nan,0.721875,2.27765,2.2776,4.97422,0.0413216,33,18,step,0.259,1.79069e+09,-3.12437,51,-0.154514
0.26,2,0.8,nan,nan,nan,nan,0.868506,2.21133,2.22221,4.97873,0.0404587,33,18,step,0.26,1.79069e+09,-3.05669,51,-0.15439
0.261,2,0.8,nan,nan,nan,nan,0.868506,2.21133,2.27654,4.97873,0.0399794,33,18,step,0.261,1.79069e+09,-3.01157,51,-0.154183
0.262,2,0.8,nan,nan,nan,nan,0.755713,2.2061,2.3053,4.98304,0.0399794,33,18,step,0.262,1.79069e+09,-2.91006,51,-0.15386
0.263,2,0.8,nan,nan,nan,nan,0.755713,2.2061,2.28187,4.98304,0.0403629,33,18,step,0.263,1.79069e+09,-2.71831,51,-0.153444
0.264,2,0.8,nan,nan,nan,nan,0.834668,2.26718,2.2808,4.98764,0.0411299,33,18,step,0.264,1.79069e+09,-2.47017,51,-0.152844
0.265,2,0.8,nan,nan,nan,nan,0.834668,2.26718,2.25523,4.98764,0.0420886,33,18,step,0.265,1.79069e+09,-2.12051,51,-0.152117
0.266,2,0.8,nan,nan,nan,nan,0.834668,2.30209,2.2041,4.99224,0.0432391,33,18,step,0.266,1.79069e+09,-1.75957,51,-0.151328
0.267,2,0.8,nan,nan,nan,nan,0.834668,2.30209,2.18279,4.99224,0.0444854,33,18,step,0.267,1.79069e+09,-1.43247,51,-0.150552
0.268,2,0.8,nan,nan,nan,nan,0.823389,2.337,2.22754,4.99713,0.0459235,33,18,step,0.268,1.79069e+09,-1.26328,51,-0.149767
0.269,2,0.8,nan,nan,nan,nan,0.823389,2.337,2.22008,4.99713,0.0474575,33,18,step,0.269,1.79069e+09,-1.07153,51,-0.148985
0.27,2,0.8,nan,nan,nan,nan,0.936182,2.28115,2.19238,5.00145,0.0488956,33,18,step,0.27,1.79069e+09,-0.766992,51,-0.148309
0.271,2,0.8,nan,nan,nan,nan,0.936182,2.28115,2.15723,5.00145,0.0505255,33,18,step,0.271,1.79069e+09,-0.620361,51,-0.147658
0.272,2,0.8,nan,nan,nan,nan,0.766992,2.19213,2.18812,5.00615,0.0520595,33,18,step,0.272,1.79069e+09,-0.609082,51,-0.147025
0.273,2,0.8,nan,nan,nan,nan,0.766992,2.19213,2.17214,5.00615,0.0535935,33,18,step,0.273,1.79069e+09,-0.620361,51,-0.146536
0.274,2,0.8,nan,nan,nan,nan,0.755713,2.22355,2.17427,5.01027,0.0551274,33,18,step,0.274,1.79069e+09,-0.64292,51,-0.146071
0.275,2,0.8,nan,nan,nan,nan,0.755713,2.22355,2.19025,5.01027,0.0564697,33,18,step,0.275,1.79069e+09,-0.631641,51,-0.145626
0.276,2,0.8,nan,nan,nan,nan,0.766992,2.27242,2.19664,5.01477,0.057716,33,18,step,0.276,1.79069e+09,-0.563965,51,-0.14519
0.277,2,0.8,nan,nan,nan,nan,0.766992,2.27242,2.21795,5.01477,0.0588665,33,18,step,0.277,1.79069e+09,-0.530127,51,-0.144789
0.278,2,0.8,nan,nan,nan,nan,0.699316,2.30383,2.2009,5.01966,0.0599211,33,18,step,0.278,1.79069e+09,-0.563965,51,-0.144479
0.279,2,0.8,nan,nan,nan,nan,0.699316,2.30383,2.19451,5.01966,0.0608799,33,18,step,0.279,1.79069e+09,-0.64292,51,-0.144233
0.28,2,0.8,nan,nan,nan,nan,0.80083,2.32827,2.19025,5.02436,0.0617427,33,18,step,0.28,1.79069e+09,-0.721875,51,-0.144115
0.281,2,0.8,nan,nan,nan,nan,0.80083,2.32827,2.1764,5.02436,0.062318,33,18,step,0.281,1.79069e+09,-0.778271,51,-0.144082
0.282,2,0.8,nan,nan,nan,nan,0.834668,2.2602,2.18173,5.02896,0.0627973,33,18,step,0.282,1.79069e+09,-0.947461,51,-0.144095
0.283,2,0.8,nan,nan,nan,nan,0.834668,2.2602,2.22221,5.02896,0.063085,33,18,step,0.283,1.79069e+09,-1.0377,51,-0.144164
0.284,2,0.8,nan,nan,nan,nan,0.857227,2.16944,2.2041,5.03299,0.063085,33,18,step,0.284,1.79069e+09,-1.12793,51,-0.14428
0.285,2,0.8,nan,nan,nan,nan,0.857227,2.16944,2.22114,5.03299,0.0628932,33,18,step,0.285,1.79069e+09,-1.19561,51,-0.144486
0.286,2,0.8,nan,nan,nan,nan,0.868506,2.20086,2.22327,5.0374,0.0625097,33,18,step,0.286,1.79069e+09,-1.3084,51,-0.144765
0.287,2,0.8,nan,nan,nan,nan,0.868506,2.20086,2.20836,5.0374,0.0618386,33,18,step,0.287,1.79069e+09,-1.45503,51,-0.145147
0.288,2,0.8,nan,nan,nan,nan,0.812109,2.21133,2.19345,5.04181,0.0610716,33,18,step,0.288,1.79069e+09,-1.53398,51,-0.145545
0.289,2,0.8,nan,nan,nan,nan,0.812109,2.21133,2.21795,5.04181,0.060017,33,18,step,0.289,1.79069e+09,-1.73701,51,-0.146013
0.29,2,0.8,nan,nan,nan,nan,0.879785,2.24275,2.21901,5.04632,0.0587706,33,18,step,0.29,1.79069e+09,-1.87236,51,-0.146548
0.291,2,0.8,nan,nan,nan,nan,0.879785,2.24275,2.18705,5.04632,0.0574284,33,18,step,0.291,1.79069e+09,-2.13179,51,-0.147135
0.292,2,0.8,nan,nan,nan,nan,0.778271,2.24275,2.20943,5.05082,0.0558944,33,18,step,0.292,1.79069e+09,-2.41377,51,-0.147804
0.293,2,0.8,nan,nan,nan,nan,0.778271,2.24275,2.21475,5.05082,0.0543604,33,18,step,0.293,1.79069e+09,-2.57168,51,-0.148441
0.294,2,0.8,nan,nan,nan,nan,0.755713,2.20959,2.24032,5.05523,0.0527306,33,18,step,0.294,1.79069e+09,-2.72959,51,-0.149112
0.295,2,0.8,nan,nan,nan,nan,0.755713,2.20959,2.26376,5.05523,0.0511007,33,18,step,0.295,1.79069e+09,-2.9439,51,-0.149713
0.296,2,0.8,nan,nan,nan,nan,0.755713,2.19737,2.25949,5.05964,0.0495668,33,18,step,0.296,1.79069e+09,-3.12437,51,-0.150324
0.297,2,0.8,nan,nan,nan,nan,0.755713,2.19737,2.29571,5.05964,0.0480328,33,18,step,0.297,1.79069e+09,-3.34995,51,-0.150985
0.298,2,0.8,nan,nan,nan,nan,0.699316,2.241,2.29571,5.06405,0.0465947,33,18,step,0.298,1.79069e+09,-3.40635,51,-0.151667
0.299,2,0.8,nan,nan,nan,nan,0.699316,2.241,2.28293,5.06405,0.0452524,33,18,step,0.299,1.79069e+09,-3.55298,51,-0.15235
0.3,2,-0.8,nan,nan,nan,nan,0.823389,2.23577,2.30424,5.06856,0.0440061,33,18,step,0.3,1.79069e+09,-3.74473,51,-0.152965
0.301,2,-0.8,nan,nan,nan,nan,0.823389,2.23577,2.30211,5.06856,0.0429515,33,18,step,0.301,1.79069e+09,-3.83496,51,-0.153469
0.302,2,-0.8,nan,nan,nan,nan,0.766992,2.26718,2.2808,5.07307,0.0421845,33,18,step,0.302,1.79069e+09,-3.8688,51,-0.153882
0.303,2,-0.8,nan,nan,nan,nan,0.766992,2.26718,2.29998,5.07307,0.0416092,33,18,step,0.303,1.79069e+09,-3.88008,51,-0.154209
0.304,2,-0.8,nan,nan,nan,nan,0.0676758,2.08218,2.31169,5.07738,0.0413216,33,18,step,0.304,1.79069e+09,-3.83496,51,-0.154587
0.305,2,-0.8,nan,nan,nan,nan,0.0676758,2.08218,2.29571,5.07738,0.0413216,33,18,step,0.305,1.79069e+09,-3.85752,51,-0.154987
0.306,2,-0.8,nan,nan,nan,nan,0.0563965,1.87099,2.24991,5.08112,0.0417051,33,18,step,0.306,1.79069e+09,-3.91392,51,-0.155272
0.307,2,-0.8,nan,nan,nan,nan,0.0563965,1.87099,2.22008,5.08112,0.0421845,33,18,step,0.307,1.79069e+09,-3.8688,51,-0.155434
0.308,2,-0.8,nan,nan,nan,nan,0.0451172,2.07694,2.18705,5.08524,0.0427597,33,18,step,0.308,1.79069e+09,-3.62065,51,-0.155403
0.309,2,-0.8,nan,nan,nan,nan,0.0451172,2.07694,2.17534,5.08524,0.0434308,33,18,step,0.309,1.79069e+09,-3.41763,51,-0.155099
0.31,2,-0.8,nan,nan,nan,nan,-0.0338379,2.37539,2.1764,5.08984,0.0441978,33,18,step,0.31,1.79069e+09,-3.05669,51,-0.154657
0.311,2,-0.8,nan,nan,nan,nan,-0.0338379,2.37539,2.14125,5.08984,0.0449648,33,18,step,0.311,1.79069e+09,-2.63936,51,-0.154219
0.312,2,-0.8,nan,nan,nan,nan,-0.146631,2.34921,2.05283,5.09464,0.0458277,33,18,step,0.312,1.79069e+09,-2.40249,51,-0.153783
0.313,2,-0.8,nan,nan,nan,nan,-0.146631,2.34921,1.99424,5.09464,0.0467864,33,18,step,0.313,1.79069e+09,-2.32354,51,-0.153524
0.314,2,-0.8,nan,nan,nan,nan,-0.406055,2.15897,1.9953,5.09905,0.0477452,33,18,step,0.314,1.79069e+09,-2.2333,51,-0.153172
0.315,2,-0.8,nan,nan,nan,nan,-0.406055,2.15897,2.03365,5.09905,0.0487039,33,18,step,0.315,1.79069e+09,-2.15435,51,-0.15277
0.316,2,-0.8,nan,nan,nan,nan,-0.451172,1.93906,2.09757,5.10298,0.0496626,33,18,step,0.316,1.79069e+09,-1.97388,51,-0.152364
0.317,2,-0.8,nan,nan,nan,nan,-0.451172,1.93906,2.08905,5.10298,0.0505255,33,18,step,0.317,1.79069e+09,-1.81597,51,-0.151979
0.318,2,-0.8,nan,nan,nan,nan,-0.699316,1.98444,2.11568,5.10691,0.0513884,33,18,step,0.318,1.79069e+09,-1.73701,51,-0.151677
0.319,2,-0.8,nan,nan,nan,nan,-0.699316,1.98444,2.10929,5.10691,0.0521553,33,18,step,0.319,1.79069e+09,-1.73701,51,-0.151404
0.32,2,-0.8,nan,nan,nan,nan,-0.710596,2.04902,2.12101,5.11094,0.0528265,33,18,step,0.32,1.79069e+09,-1.71445,51,-0.151186
0.321,2,-0.8,nan,nan,nan,nan,-0.710596,2.04902,2.10609,5.11094,0.0533058,33,18,step,0.321,1.79069e+09,-1.71445,51,-0.151036
0.322,2,-0.8,nan,nan,nan,nan,-0.778271,2.13279,2.09757,5.11525,0.0535935,33,18,step,0.322,1.79069e+09,-1.73701,51,-0.150966
0.323,2,-0.8,nan,nan,nan,nan,-0.778271,2.13279,2.10396,5.11525,0.0537852,33,18,step,0.323,1.79069e+09,-1.79341,51,-0.150954
0.324,2,-0.8,nan,nan,nan,nan,-0.80083,2.10487,2.09544,5.11947,0.0536893,33,18,step,0.324,1.79069e+09,-1.83853,51,-0.150933
0.325,2,-0.8,nan,nan,nan,nan,-0.80083,2.10487,2.05602,5.11947,0.0534976,33,18,step,0.325,1.79069e+09,-1.88364,51,-0.150958
0.326,2,-0.8,nan,nan,nan,nan,-0.688037,2.06298,2.0198,5.12359,0.0531141,33,18,step,0.326,1.79069e+09,-1.99644,51,-0.15103
0.327,2,-0.8,nan,nan,nan,nan,-0.688037,2.06298,2.05815,5.12359,0.0527306,33,18,step,0.327,1.79069e+09,-2.10923,51,-0.15117
0.328,2,-0.8,nan,nan,nan,nan,-0.778271,2.12407,2.06241,5.12781,0.0522512,33,18,step,0.328,1.79069e+09,-2.26714,51,-0.151215
0.329,2,-0.8,nan,nan,nan,nan,-0.778271,2.12407,2.03898,5.12781,0.0517719,33,18,step,0.329,1.79069e+09,-2.36865,51,-0.151223
0.33,2,-0.8,nan,nan,nan,nan,-0.597803,1.98968,1.99211,5.13184,0.0512925,33,18,step,0.33,1.79069e+09,-2.42505,51,-0.151257
0.331,2,-0.8,nan,nan,nan,nan,-0.597803,1.98968,1.93671,5.13184,0.0508131,33,18,step,0.331,1.79069e+09,-2.48145,51,-0.151401
0.332,2,-0.8,nan,nan,nan,nan,-0.755713,1.91986,1.92925,5.13577,0.0505255,33,18,step,0.332,1.79069e+09,-2.58296,51,-0.151565
0.333,2,-0.8,nan,nan,nan,nan,-0.755713,1.91986,1.93245,5.13577,0.0502379,33,18,step,0.333,1.79069e+09,-2.72959,51,-0.151655
0.334,2,-0.8,nan,nan,nan,nan,-0.710596,1.85528,1.95589,5.13941,0.0499502,33,18,step,0.334,1.79069e+09,-2.86494,51,-0.151785
0.335,2,-0.8,nan,nan,nan,nan,-0.710596,1.85528,1.95589,5.13941,0.0497585,33,18,step,0.335,1.79069e+09,-2.93262,51,-0.151868
0.336,2,-0.8,nan,nan,nan,nan,-0.902344,1.96,1.97293,5.14334,0.0496626,33,18,step,0.336,1.79069e+09,-2.92134,51,-0.151938
0.337,2,-0.8,nan,nan,nan,nan,-0.902344,1.96,1.95482,5.14334,0.0495668,33,18,step,0.337,1.79069e+09,-2.85366,51,-0.152025
0.338,2,-0.8,nan,nan,nan,nan,-0.80083,1.97048,1.95589,5.14727,0.0494709,33,18,step,0.338,1.79069e+09,-2.87622,51,-0.152151
0.339,2,-0.8,nan,nan,nan,nan,-0.80083,1.97048,1.95802,5.14727,0.049375,33,18,step,0.339,1.79069e+09,-2.92134,51,-0.152229
0.34,2,-0.8,nan,nan,nan,nan,-0.924902,2.04902,1.97826,5.1514,0.049375,33,18,step,0.34,1.79069e+09,-2.96646,51,-0.152518
0.341,2,-0.8,nan,nan,nan,nan,-0.924902,2.04902,1.95269,5.1514,0.049375,33,18,step,0.341,1.79069e+09,-3.00029,51,-0.152772
0.342,2,-0.8,nan,nan,nan,nan,-0.778271,1.94255,1.91434,5.15533,0.049375,33,18,step,0.342,1.79069e+09,-3.10181,51,-0.152933
0.343,2,-0.8,nan,nan,nan,nan,-0.778271,1.94255,1.91008,5.15533,0.0494709,33,18,step,0.343,1.79069e+09,-3.14692,51,-0.15329
0.344,2,-0.8,nan,nan,nan,nan,-0.766992,1.87448,1.92393,5.15907,0.0494709,33,18,step,0.344,1.79069e+09,-3.19204,51,-0.153403
0.345,2,-0.8,nan,nan,nan,nan,-0.766992,1.87448,1.93991,5.15907,0.0494709,33,18,step,0.345,1.79069e+09,-3.14692,51,-0.153745
0.346,2,-0.8,nan,nan,nan,nan,-0.699316,1.79245,1.91221,5.16271,0.0494709,33,18,step,0.346,1.79069e+09,-3.16948,51,-0.153966
0.347,2,-0.8,nan,nan,nan,nan,-0.699316,1.79245,1.87812,5.16271,0.0494709,33,18,step,0.347,1.79069e+09,-3.2146,51,-0.154162
0.348,2,-0.8,nan,nan,nan,nan,-0.80083,1.85354,1.84722,5.16635,0.0494709,33,18,step,0.348,1.79069e+09,-3.22588,51,-0.154342
0.349,2,-0.8,nan,nan,nan,nan,-0.80083,1.85354,1.84509,5.16635,0.0494709,33,18,step,0.349,1.79069e+09,-3.22588,51,-0.154427
0.35,2,-0.8,nan,nan,nan,nan,-0.699316,1.83783,1.80035,5.17009,0.0494709,33,18,step,0.35,1.79069e+09,-3.20332,51,-0.154578
0.351,2,-0.8,nan,nan,nan,nan,-0.699316,1.83783,1.76307,5.17009,0.0494709,33,18,step,0.351,1.79069e+09,-3.22588,51,-0.154724
0.352,2,-0.8,nan,nan,nan,nan,-0.789551,1.82911,1.83551,5.17373,0.0494709,33,18,step,0.352,1.79069e+09,-3.12437,51,-0.154941
0.353,2,-0.8,nan,nan,nan,nan,-0.789551,1.82911,1.91647,5.17373,0.0494709,33,18,step,0.353,1.79069e+09,-3.24844,51,-0.15511
0.354,2,-0.8,nan,nan,nan,nan,-0.699316,1.83085,1.88984,5.17738,0.0494709,33,18,step,0.354,1.79069e+09,-3.33867,51,-0.155109
0.355,2,-0.8,nan,nan,nan,nan,-0.699316,1.83085,1.61073,5.17738,0.0495668,33,18,step,0.355,1.79069e+09,-3.22588,51,-0.15493
0.356,2,-0.8,nan,nan,nan,nan,-0.80083,1.79943,1.62138,5.18121,0.0495668,33,18,step,0.356,1.79069e+09,-3.09053,51,-0.154771
0.357,2,-0.8,nan,nan,nan,nan,-0.80083,1.79943,1.71513,5.18121,0.0496626,33,18,step,0.357,1.79069e+09,-2.81982,51,-0.154602
0.358,2,-0.8,nan,nan,nan,nan,-0.688037,1.70519,1.72365,5.18466,0.0497585,33,18,step,0.358,1.79069e+09,-2.84238,51,-0.154433
0.359,2,-0.8,nan,nan,nan,nan,-0.688037,1.70519,1.70661,5.18466,0.0499502,33,18,step,0.359,1.79069e+09,-2.77471,51,-0.154368
0.36,2,-0.8,nan,nan,nan,nan,-0.879785,1.72788,1.68743,5.18811,0.050142,33,18,step,0.36,1.79069e+09,-2.75215,51,-0.154194
0.361,2,-0.8,nan,nan,nan,nan,-0.879785,1.72788,1.68956,5.18811,0.0504296,33,18,step,0.361,1.79069e+09,-2.71831,51,-0.15406
0.362,2,-0.8,nan,nan,nan,nan,-0.721875,1.7017,1.64482,5.19157,0.0506214,33,18,step,0.362,1.79069e+09,-2.72959,51,-0.153883
0.363,2,-0.8,nan,nan,nan,nan,-0.721875,1.7017,1.64695,5.19157,0.0508131,33,18,step,0.363,1.79069e+09,-2.6168,51,-0.153766
0.364,2,-0.8,nan,nan,nan,nan,-0.812109,1.79594,1.65867,5.19511,0.050909,33,18,step,0.364,1.79069e+09,-2.59424,51,-0.153731
0.365,2,-0.8,nan,nan,nan,nan,-0.812109,1.79594,1.6853,5.19511,0.0511007,33,18,step,0.365,1.79069e+09,-2.66191,51,-0.153722
0.366,2,-0.8,nan,nan,nan,nan,-0.744434,1.69646,1.65547,5.19857,0.0511007,33,18,step,0.366,1.79069e+09,-2.67319,51,-0.153803
0.367,2,-0.8,nan,nan,nan,nan,-0.744434,1.69646,1.64482,5.19857,0.0511007,33,18,step,0.367,1.79069e+09,-2.74087,51,-0.153818
0.368,2,-0.8,nan,nan,nan,nan,-0.879785,1.72788,1.65228,5.20192,0.0511007,33,18,step,0.368,1.79069e+09,-2.81982,51,-0.15374
0.369,2,-0.8,nan,nan,nan,nan,-0.879785,1.72788,1.6299,5.20192,0.0510049,33,18,step,0.369,1.79069e+09,-2.78599,51,-0.153587
0.37,2,-0.8,nan,nan,nan,nan,-0.665479,1.65457,1.64162,5.20528,0.050909,33,18,step,0.37,1.79069e+09,-2.67319,51,-0.153456
0.371,2,-0.8,nan,nan,nan,nan,-0.665479,1.65457,1.65867,5.20528,0.0508131,33,18,step,0.371,1.79069e+09,-2.63936,51,-0.153364
0.372,2,-0.8,nan,nan,nan,nan,-0.755713,1.60221,1.60114,5.20854,0.0507172,33,18,step,0.372,1.79069e+09,-2.66191,51,-0.153312
0.373,2,-0.8,nan,nan,nan,nan,-0.755713,1.60221,1.62032,5.20854,0.0506214,33,18,step,0.373,1.79069e+09,-2.71831,51,-0.153287
0.374,2,-0.8,nan,nan,nan,nan,-0.766992,1.52367,1.60434,5.2116,0.0505255,33,18,step,0.374,1.79069e+09,-2.79727,51,-0.153298
0.375,2,-0.8,nan,nan,nan,nan,-0.766992,1.52367,1.57451,5.2116,0.0504296,33,18,step,0.375,1.79069e+09,-2.80854,51,-0.153313
0.376,2,-0.8,nan,nan,nan,nan,-0.733154,1.50273,1.57131,5.21458,0.0504296,33,18,step,0.376,1.79069e+09,-2.81982,51,-0.153404
0.377,2,-0.8,nan,nan,nan,nan,-0.733154,1.50273,1.56173,5.21458,0.0503337,33,18,step,0.377,1.79069e+09,-2.86494,51,-0.153511
0.378,2,-0.8,nan,nan,nan,nan,-0.812109,1.54462,1.56066,5.21755,0.0502379,33,18,step,0.378,1.79069e+09,-2.91006,51,-0.153574
0.379,2,-0.8,nan,nan,nan,nan,-0.812109,1.54462,1.55214,5.21755,0.050142,33,18,step,0.379,1.79069e+09,-2.95518,51,-0.153687
0.38,2,-0.8,nan,nan,nan,nan,-0.688037,1.52367,1.46052,5.22062,0.0500461,33,18,step,0.38,1.79069e+09,-2.96646,51,-0.153696
0.381,2,-0.8,nan,nan,nan,nan,-0.688037,1.52367,1.22509,5.22062,0.0499502,33,18,step,0.381,1.79069e+09,-3.04541,51,-0.153829
0.382,2,-0.8,nan,nan,nan,nan,-0.721875,1.51669,1.29114,5.22359,0.0498544,33,18,step,0.382,1.79069e+09,-2.98901,51,-0.154785
0.383,2,-0.8,nan,nan,nan,nan,-0.721875,1.51669,1.23042,5.22359,0.0497585,33,18,step,0.383,1.79069e+09,-3.30483,51,-0.155895
0.384,2,-0.8,nan,nan,nan,nan,-0.710596,1.35088,1.1697,5.22637,0.0496626,33,18,step,0.384,1.79069e+09,-4.523,51,-0.155152
0.385,2,-0.8,nan,nan,nan,nan,-0.710596,1.35088,1.41898,5.22637,0.0492791,33,18,step,0.385,1.79069e+09,-4.1959,51,-0.153405
0.386,2,-0.8,nan,nan,nan,nan,-0.586523,1.17984,1.32416,5.22877,0.0487039,33,18,step,0.386,1.79069e+09,-1.82725,51,-0.151653
0.387,2,-0.8,nan,nan,nan,nan,-0.586523,1.17984,1.22935,5.22877,0.0481286,33,18,step,0.387,1.79069e+09,-0.868506,51,-0.149847
0.388,2,-0.8,nan,nan,nan,nan,-0.676758,1.08559,1.25172,5.23097,0.0480328,33,18,step,0.388,1.79069e+09,-0.766992,51,-0.148329
0.389,2,-0.8,nan,nan,nan,nan,-0.676758,1.08559,1.13774,5.23097,0.0482245,33,18,step,0.389,1.79069e+09,-0.439893,51,-0.147499
0.39,2,-0.8,nan,nan,nan,nan,-0.845947,1.09432,1.24853,5.23327,0.0487039,33,18,step,0.39,1.79069e+09,-0.699316,51,-0.14748
0.391,2,-0.8,nan,nan,nan,nan,-0.845947,1.09432,1.34867,5.23327,0.049375,33,18,step,0.391,1.79069e+09,-1.39863,51,-0.147873
0.392,2,-0.8,nan,nan,nan,nan,-0.857227,1.24966,1.39128,5.23557,0.0499502,33,18,step,0.392,1.79069e+09,-2.22202,51,-0.148259
0.393,2,-0.8,nan,nan,nan,nan,-0.857227,1.24966,1.46904,5.23557,0.0502379,33,18,step,0.393,1.79069e+09,-2.5604,51,-0.148733
0.394,2,-0.8,nan,nan,nan,nan,-0.891064,1.43466,1.40832,5.23845,0.0502379,33,18,step,0.394,1.79069e+09,-2.6168,51,-0.149105
0.395,2,-0.8,nan,nan,nan,nan,-0.891064,1.43466,1.29114,5.23845,0.0499502,33,18,step,0.395,1.79069e+09,-2.79727,51,-0.148995
0.396,2,-0.8,nan,nan,nan,nan,-0.733154,1.30376,1.15478,5.24123,0.0492791,33,18,step,0.396,1.79069e+09,-2.66191,51,-0.148542
0.397,2,-0.8,nan,nan,nan,nan,-0.733154,1.30376,1.19846,5.24123,0.0485121,33,18,step,0.397,1.79069e+09,-2.15435,51,-0.148148
0.398,2,-0.8,nan,nan,nan,nan,-0.688037,1.11527,1.08021,5.24343,0.047841,33,18,step,0.398,1.79069e+09,-1.89492,51,-0.147453
0.399,2,-0.8,nan,nan,nan,nan,-0.688037,1.11527,0.952375,5.24343,0.047074,33,18,step,0.399,1.79069e+09,-1.98516,51,-0.146296
0.4,2,-0.8,nan,nan,nan,nan,-0.676758,1.028,0.802169,5.24554,0.0464988,33,18,step,0.4,1.79069e+09,-1.39863,51,-0.14545
0.401,2,-0.8,nan,nan,nan,nan,-0.676758,1.028,0.660484,5.24554,0.0458277,33,18,step,0.401,1.79069e+09,-0.981299,51,-0.144531
0.402,2,-0.8,nan,nan,nan,nan,-0.755713,0.914553,0.817083,5.24736,0.0454442,33,18,step,0.402,1.79069e+09,-1.20688,51,-0.143395
0.403,2,-0.8,nan,nan,nan,nan,-0.755713,0.914553,0.905502,5.24736,0.0451566,33,18,step,0.403,1.79069e+09,-0.924902,51,-0.142545
0.404,2,-0.8,nan,nan,nan,nan,-0.778271,0.851721,0.974747,5.24909,0.0449648,33,18,step,0.404,1.79069e+09,-0.688037,51,-0.142202
0.405,2,-0.8,nan,nan,nan,nan,-0.778271,0.851721,1.12602,5.24909,0.0448689,33,18,step,0.405,1.79069e+09,-1.06025,51,-0.14231
0.406,2,-0.8,nan,nan,nan,nan,-0.733154,0.959931,1.03334,5.25101,0.0448689,33,18,step,0.406,1.79069e+09,-1.61294,51,-0.142634
0.407,2,-0.8,nan,nan,nan,nan,-0.733154,0.959931,0.984334,5.25101,0.0447731,33,18,step,0.407,1.79069e+09,-2.09795,51,-0.142907
0.408,2,-0.8,nan,nan,nan,nan,-0.823389,1.08385,1.05677,5.25312,0.0444854,33,18,step,0.408,1.79069e+09,-2.32354,51,-0.142984
0.409,2,-0.8,nan,nan,nan,nan,-0.823389,1.08385,1.13028,5.25312,0.0440061,33,18,step,0.409,1.79069e+09,-2.26714,51,-0.142788
0.41,2,-0.8,nan,nan,nan,nan,-0.834668,1.01055,1.16757,5.25513,0.043335,33,18,step,0.41,1.79069e+09,-2.08667,51,-0.142468
0.411,2,-0.8,nan,nan,nan,nan,-0.834668,1.01055,1.07915,5.25513,0.042568,33,18,step,0.411,1.79069e+09,-1.83853,51,-0.142125
0.412,2,-0.8,nan,nan,nan,nan,-0.755713,0.966912,0.960898,5.25705,0.041801,33,18,step,0.412,1.79069e+09,-1.68062,51,-0.141856
0.413,2,-0.8,nan,nan,nan,nan,-0.755713,0.966912,0.904437,5.25705,0.0413216,33,18,step,0.413,1.79069e+09,-1.83853,51,-0.14169
0.414,2,-0.8,nan,nan,nan,nan,-0.755713,1.04022,0.902307,5.25916,0.0409381,33,18,step,0.414,1.79069e+09,-1.9626,51,-0.141594
0.415,2,-0.8,nan,nan,nan,nan,-0.755713,1.04022,0.981138,5.25916,0.0407464,33,18,step,0.415,1.79069e+09,-2.21074,51,-0.141613
0.416,2,-0.8,nan,nan,nan,nan,-0.778271,1.03149,0.986465,5.26127,0.0406505,33,18,step,0.416,1.79069e+09,-2.36865,51,-0.141698
0.417,2,-0.8,nan,nan,nan,nan,-0.778271,1.03149,0.890588,5.26127,0.0406505,33,18,step,0.417,1.79069e+09,-2.33481,51,-0.141877
0.418,2,-0.8,nan,nan,nan,nan,-0.688037,0.799361,0.855433,5.2629,0.0406505,33,18,step,0.418,1.79069e+09,-2.53784,51,-0.142039
0.419,2,-0.8,nan,nan,nan,nan,-0.688037,0.799361,0.857564,5.2629,0.0406505,33,18,step,0.419,1.79069e+09,-2.48145,51,-0.142222
0.42,2,-0.8,nan,nan,nan,nan,-0.654199,0.642281,0.884196,5.26424,0.0407464,33,18,step,0.42,1.79069e+09,-2.51528,51,-0.142437
0.421,2,-0.8,nan,nan,nan,nan,-0.654199,0.642281,0.875674,5.26424,0.0407464,33,18,step,0.421,1.79069e+09,-2.65063,51,-0.142677
0.422,2,-0.8,nan,nan,nan,nan,-0.721875,0.747001,0.817083,5.26568,0.0407464,33,18,step,0.422,1.79069e+09,-2.74087,51,-0.142871
0.423,2,-0.8,nan,nan,nan,nan,-0.721875,0.747001,0.755296,5.26568,0.0407464,33,18,step,0.423,1.79069e+09,-2.75215,51,-0.143045
0.424,2,-0.8,nan,nan,nan,nan,-0.95874,0.938987,0.73399,5.26759,0.0407464,33,18,step,0.424,1.79069e+09,-2.70703,51,-0.143198
0.425,2,-0.8,nan,nan,nan,nan,-0.95874,0.938987,0.725467,5.26759,0.0407464,33,18,step,0.425,1.79069e+09,-2.6168,51,-0.143217
0.426,2,-0.8,nan,nan,nan,nan,-0.868506,0.966912,0.711618,5.26942,0.0407464,33,18,step,0.426,1.79069e+09,-2.504,51,-0.143201
0.427,2,-0.8,nan,nan,nan,nan,-0.868506,0.966912,0.71588,5.26942,0.0407464,33,18,step,0.427,1.79069e+09,-2.43633,51,-0.143197
0.428,2,-0.8,nan,nan,nan,nan,-0.80083,0.856957,0.705227,5.27114,0.0408422,33,18,step,0.428,1.79069e+09,-2.53784,51,-0.143211
0.429,2,-0.8,nan,nan,nan,nan,-0.80083,0.856957,0.713749,5.27114,0.0409381,33,18,step,0.429,1.79069e+09,-2.51528,51,-0.143296
0.43,2,-0.8,nan,nan,nan,nan,-0.699316,0.778417,0.756361,5.27277,0.0412257,33,18,step,0.43,1.79069e+09,-2.47017,51,-0.143484
0.431,2,-0.8,nan,nan,nan,nan,-0.699316,0.778417,0.821344,5.27277,0.0415134,33,18,step,0.431,1.79069e+09,-2.53784,51,-0.143836
0.432,2,-0.8,nan,nan,nan,nan,-0.733154,0.74002,0.84265,5.27431,0.0417051,33,18,step,0.432,1.79069e+09,-2.71831,51,-0.144207
0.433,2,-0.8,nan,nan,nan,nan,-0.733154,0.74002,0.833062,5.27431,0.0419927,33,18,step,0.433,1.79069e+09,-2.91006,51,-0.144587
0.434,2,-0.8,nan,nan,nan,nan,-0.778271,0.712094,0.80856,5.27574,0.0421845,33,18,step,0.434,1.79069e+09,-2.9439,51,-0.145038
0.435,2,-0.8,nan,nan,nan,nan,-0.778271,0.712094,0.80643,5.27574,0.0422803,33,18,step,0.435,1.79069e+09,-2.97773,51,-0.145441
0.436,2,-0.8,nan,nan,nan,nan,-0.845947,0.668461,0.792581,5.27718,0.0422803,33,18,step,0.436,1.79069e+09,-3.07925,51,-0.145789
0.437,2,-0.8,nan,nan,nan,nan,-0.845947,0.668461,0.771275,5.27718,0.0422803,33,18,step,0.437,1.79069e+09,-3.10181,51,-0.146074
0.438,2,-0.8,nan,nan,nan,nan,-0.913623,0.69115,0.73399,5.27843,0.0421845,33,18,step,0.438,1.79069e+09,-3.06797,51,-0.146323
0.439,2,-0.8,nan,nan,nan,nan,-0.913623,0.69115,0.707357,5.27843,0.0421845,33,18,step,0.439,1.79069e+09,-3.03413,51,-0.146501
0.44,2,-0.8,nan,nan,nan,nan,-0.834668,0.79587,0.66368,5.27996,0.0420886,33,18,step,0.44,1.79069e+09,-3.03413,51,-0.146571
0.441,2,-0.8,nan,nan,nan,nan,-0.834668,0.79587,0.610415,5.27996,0.0420886,33,18,step,0.441,1.79069e+09,-2.9439,51,-0.146573
0.442,2,-0.8,nan,nan,nan,nan,-0.755713,0.781908,0.617872,5.28159,0.0420886,33,18,step,0.442,1.79069e+09,-2.85366,51,-0.146625
0.443,2,-0.8,nan,nan,nan,nan,-0.755713,0.781908,0.617872,5.28159,0.0421845,33,18,step,0.443,1.79069e+09,-2.76343,51,-0.146658
0.444,2,-0.8,nan,nan,nan,nan,-0.744434,0.678933,0.612546,5.28303,0.0422803,33,18,step,0.444,1.79069e+09,-2.78599,51,-0.146747
0.445,2,-0.8,nan,nan,nan,nan,-0.744434,0.678933,0.576326,5.28303,0.0424721,33,18,step,0.445,1.79069e+09,-2.77471,51,-0.146904
0.446,2,-0.8,nan,nan,nan,nan,-0.778271,0.518363,0.569934,5.28418,0.0426638,33,18,step,0.446,1.79069e+09,-2.85366,51,-0.147122
0.447,2,-0.8,nan,nan,nan,nan,-0.778271,0.518363,0.567803,5.28418,0.0428556,33,18,step,0.447,1.79069e+09,-2.9439,51,-0.147351
0.448,2,-0.8,nan,nan,nan,nan,-0.868506,0.467748,0.604023,5.28514,0.0430473,33,18,step,0.448,1.79069e+09,-3.01157,51,-0.147561
0.449,2,-0.8,nan,nan,nan,nan,-0.868506,0.467748,0.62746,5.28514,0.0431432,33,18,step,0.449,1.79069e+09,-3.00029,51,-0.147692
0.45,2,-0.8,nan,nan,nan,nan,-0.936182,0.565487,0.631721,5.28619,0.0432391,33,18,step,0.45,1.79069e+09,-3.03413,51,-0.147771
0.451,2,-0.8,nan,nan,nan,nan,-0.936182,0.565487,0.580587,5.28619,0.0432391,33,18,step,0.451,1.79069e+09,-2.81982,51,-0.147815
0.452,2,-0.8,nan,nan,nan,nan,-0.868506,0.663225,0.566738,5.28754,0.0431432,33,18,step,0.452,1.79069e+09,-2.78599,51,-0.147831
0.453,2,-0.8,nan,nan,nan,nan,-0.868506,0.663225,0.576326,5.28754,0.0431432,33,18,step,0.453,1.79069e+09,-2.85366,51,-0.147903
0.454,2,-0.8,nan,nan,nan,nan,-0.654199,0.68766,0.581652,5.28888,0.0431432,33,18,step,0.454,1.79069e+09,-2.76343,51,-0.147979
0.455,2,-0.8,nan,nan,nan,nan,-0.654199,0.68766,0.553954,5.28888,0.0431432,33,18,step,0.455,1.79069e+09,-2.79727,51,-0.148109
0.456,2,-0.8,nan,nan,nan,nan,-0.766992,0.616101,0.552889,5.29012,0.0432391,33,18,step,0.456,1.79069e+09,-2.81982,51,-0.148242
0.457,2,-0.8,nan,nan,nan,nan,-0.766992,0.616101,0.546497,5.29012,0.0432391,33,18,step,0.457,1.79069e+09,-2.93262,51,-0.1483
0.458,2,-0.8,nan,nan,nan,nan,-0.812109,0.479966,0.556085,5.29118,0.043335,33,18,step,0.458,1.79069e+09,-2.91006,51,-0.148348
0.459,2,-0.8,nan,nan,nan,nan,-0.812109,0.479966,0.546497,5.29118,0.0434308,33,18,step,0.459,1.79069e+09,-2.85366,51,-0.148373
0.46,2,-0.8,nan,nan,nan,nan,-0.688037,0.397935,0.533714,5.29195,0.0435267,33,18,step,0.46,1.79069e+09,-2.86494,51,-0.14841
0.461,2,-0.8,nan,nan,nan,nan,-0.688037,0.397935,0.524126,5.29195,0.0436226,33,18,step,0.461,1.79069e+09,-2.81982,51,-0.148462
0.462,2,-0.8,nan,nan,nan,nan,-0.733154,0.42237,0.498559,5.29281,0.0437185,33,18,step,0.462,1.79069e+09,-2.89878,51,-0.148504
0.463,2,-0.8,nan,nan,nan,nan,-0.733154,0.42237,0.469796,5.29281,0.0438143,33,18,step,0.463,1.79069e+09,-2.78599,51,-0.148514
0.464,2,-0.8,nan,nan,nan,nan,-0.755713,0.47822,0.449555,5.29377,0.0439102,33,18,step,0.464,1.79069e+09,-2.74087,51,-0.14844
0.465,2,-0.8,nan,nan,nan,nan,-0.755713,0.47822,0.413335,5.29377,0.0439102,33,18,step,0.465,1.79069e+09,-2.67319,51,-0.148379
0.466,2,-0.8,nan,nan,nan,nan,-0.80083,0.502655,0.380311,5.29473,0.0439102,33,18,step,0.466,1.79069e+09,-2.65063,51,-0.148347
0.467,2,-0.8,nan,nan,nan,nan,-0.80083,0.502655,0.372854,5.29473,0.0439102,33,18,step,0.467,1.79069e+09,-2.70703,51,-0.148361
0.468,2,-0.8,nan,nan,nan,nan,-0.665479,0.486947,0.374985,5.29569,0.0440061,33,18,step,0.468,1.79069e+09,-2.6168,51,-0.148369
0.469,2,-0.8,nan,nan,nan,nan,-0.665479,0.486947,0.362201,5.29569,0.0440061,33,18,step,0.469,1.79069e+09,-2.69575,51,-0.148333
0.47,2,-0.8,nan,nan,nan,nan,-0.665479,0.436332,0.355809,5.29664,0.0440061,33,18,step,0.47,1.79069e+09,-2.67319,51,-0.148292
0.471,2,-0.8,nan,nan,nan,nan,-0.665479,0.436332,0.361136,5.29664,0.0440061,33,18,step,0.471,1.79069e+09,-2.71831,51,-0.148175
0.472,2,-0.8,nan,nan,nan,nan,-0.699316,0.385718,0.356874,5.29741,0.0440061,33,18,step,0.472,1.79069e+09,-2.71831,51,-0.148088
0.473,2,-0.8,nan,nan,nan,nan,-0.699316,0.385718,0.380311,5.29741,0.0440061,33,18,step,0.473,1.79069e+09,-2.67319,51,-0.14796
0.474,2,-0.8,nan,nan,nan,nan,-0.733154,0.331613,0.389899,5.29808,0.0441019,33,18,step,0.474,1.79069e+09,-2.68447,51,-0.14785
0.475,2,-0.8,nan,nan,nan,nan,-0.733154,0.331613,0.384572,5.29808,0.0441019,33,18,step,0.475,1.79069e+09,-2.67319,51,-0.147819
0.476,2,-0.8,nan,nan,nan,nan,-0.755713,0.287979,0.39416,5.29866,0.0441019,33,18,step,0.476,1.79069e+09,-2.68447,51,-0.147766
0.477,2,-0.8,nan,nan,nan,nan,-0.755713,0.287979,0.418662,5.29866,0.0441019,33,18,step,0.477,1.79069e+09,-2.68447,51,-0.147756
0.478,2,-0.8,nan,nan,nan,nan,-0.80083,0.305433,0.399486,5.29933,0.0441019,33,18,step,0.478,1.79069e+09,-2.65063,51,-0.147834
0.479,2,-0.8,nan,nan,nan,nan,-0.80083,0.305433,0.388833,5.29933,0.0441019,33,18,step,0.479,1.79069e+09,-2.69575,51,-0.147978
0.48,2,-0.8,nan,nan,nan,nan,-0.812109,0.322886,0.377115,5.2999,0.0441019,33,18,step,0.48,1.79069e+09,-2.74087,51,-0.148024
0.481,2,-0.8,nan,nan,nan,nan,-0.812109,0.322886,0.34196,5.2999,0.0440061,33,18,step,0.481,1.79069e+09,-2.77471,51,-0.148068
0.482,2,-0.8,nan,nan,nan,nan,-0.812109,0.333358,0.314263,5.30057,0.0440061,33,18,step,0.482,1.79069e+09,-2.78599,51,-0.148104
0.483,2,-0.8,nan,nan,nan,nan,-0.812109,0.333358,0.30361,5.30057,0.0440061,33,18,step,0.483,1.79069e+09,-2.78599,51,-0.148103
0.484,2,-0.8,nan,nan,nan,nan,-0.778271,0.315905,0.264194,5.30125,0.0439102,33,18,step,0.484,1.79069e+09,-2.79727,51,-0.148135
0.485,2,-0.8,nan,nan,nan,nan,-0.778271,0.315905,0.232235,5.30125,0.0439102,33,18,step,0.485,1.79069e+09,-2.75215,51,-0.148163
0.486,2,-0.8,nan,nan,nan,nan,-0.744434,0.277507,0.2333,5.30182,0.0439102,33,18,step,0.486,1.79069e+09,-2.72959,51,-0.148184
0.487,2,-0.8,nan,nan,nan,nan,-0.744434,0.277507,0.220516,5.30182,0.0439102,33,18,step,0.487,1.79069e+09,-2.74087,51,-0.148151
0.488,2,-0.8,nan,nan,nan,nan,-0.733154,0.232129,0.206668,5.3023,0.0439102,33,18,step,0.488,1.79069e+09,-2.69575,51,-0.148139
0.489,2,-0.8,nan,nan,nan,nan,-0.733154,0.232129,0.193884,5.3023,0.0439102,33,18,step,0.489,1.79069e+09,-2.77471,51,-0.148145
0.49,2,-0.8,nan,nan,nan,nan,-0.744434,0.197222,0.176839,5.30268,0.0439102,33,18,step,0.49,1.79069e+09,-2.79727,51,-0.148149
0.491,2,-0.8,nan,nan,nan,nan,-0.744434,0.197222,0.173643,5.30268,0.0439102,33,18,step,0.491,1.79069e+09,-2.71831,51,-0.14817
0.492,2,-0.8,nan,nan,nan,nan,-0.721875,0.178024,0.183231,5.30307,0.0439102,33,18,step,0.492,1.79069e+09,-2.74087,51,-0.14818
0.493,2,-0.8,nan,nan,nan,nan,-0.721875,0.178024,0.182166,5.30307,0.0439102,33,18,step,0.493,1.79069e+09,-2.76343,51,-0.148207
0.494,2,-0.8,nan,nan,nan,nan,-0.80083,0.18675,0.194949,5.30345,0.0439102,33,18,step,0.494,1.79069e+09,-2.84238,51,-0.148246
0.495,2,-0.8,nan,nan,nan,nan,-0.80083,0.18675,0.17897,5.30345,0.0439102,33,18,step,0.495,1.79069e+09,-2.8875,51,-0.148279
0.496,2,-0.8,nan,nan,nan,nan,-0.823389,0.193732,0.190688,5.30383,0.0439102,33,18,step,0.496,1.79069e+09,-2.89878,51,-0.148314
0.497,2,-0.8,nan,nan,nan,nan,-0.823389,0.193732,0.1811,5.30383,0.0439102,33,18,step,0.497,1.79069e+09,-2.89878,51,-0.148342
0.498,2,-0.8,nan,nan,nan,nan,-0.834668,0.191986,0.177905,5.30422,0.0439102,33,18,step,0.498,1.79069e+09,-2.87622,51,-0.14837
0.499,2,-0.8,nan,nan,nan,nan,-0.834668,0.191986,0.171513,5.30422,0.0439102,33,18,step,0.499,1.79069e+09,-2.8875,51,-0.148419
0.5,2,-0.8,nan,nan,nan,nan,-0.823389,0.153589,0.176839,5.30451,0.0439102,33,18,step,0.5,1.79069e+09,-2.8875,51,-0.148458
0.501,2,-0.8,nan,nan,nan,nan,-0.823389,0.153589,0.168317,5.30451,0.0439102,33,18,step,0.501,1.79069e+09,-2.89878,51,-0.148535
0.502,2,-0.8,nan,nan,nan,nan,-0.823389,0.116937,0.153403,5.30479,0.0439102,33,18,step,0.502,1.79069e+09,-2.89878,51,-0.14864
0.503,2,-0.8,nan,nan,nan,nan,-0.823389,0.116937,0.133162,5.30479,0.0439102,33,18,step,0.503,1.79069e+09,-2.86494,51,-0.148697
0.504,2,-0.8,nan,nan,nan,nan,-0.834668,0.0802851,0.135293,5.30498,0.0439102,33,18,step,0.504,1.79069e+09,-2.8875,51,-0.148792
0.505,2,-0.8,nan,nan,nan,nan,-0.834668,0.0802851,0.105464,5.30498,0.0439102,33,18,step,0.505,1.79069e+09,-2.84238,51,-0.148874
0.506,2,-0.8,nan,nan,nan,nan,-0.823389,0.0575959,0.0948114,5.30508,0.0439102,33,18,step,0.506,1.79069e+09,-2.86494,51,-0.148983
0.507,2,-0.8,nan,nan,nan,nan,-0.823389,0.0575959,0.0767014,5.30508,0.0439102,33,18,step,0.507,1.79069e+09,-2.95518,51,-0.149081
0.508,2,-0.8,nan,nan,nan,nan,-0.744434,0.0523599,0.0660484,5.30518,0.0439102,33,18,step,0.508,1.79069e+09,-2.8875,51,-0.14911
0.509,2,-0.8,nan,nan,nan,nan,-0.744434,0.0523599,0.039416,5.30518,0.0439102,33,18,step,0.509,1.79069e+09,-2.87622,51,-0.14915
0.51,2,-0.8,nan,nan,nan,nan,-0.834668,0.0488692,0.0447425,5.30527,0.0439102,33,18,step,0.51,1.79069e+09,-2.8311,51,-0.149155
0.511,2,-0.8,nan,nan,nan,nan,-0.834668,0.0488692,0.0213059,5.30527,0.0439102,33,18,step,0.511,1.79069e+09,-2.8875,51,-0.149157
0.512,2,-0.8,nan,nan,nan,nan,-0.845947,0.0349066,-0.0010653,5.30537,0.0439102,33,18,step,0.512,1.79069e+09,-2.8875,51,-0.149143
0.513,2,-0.8,nan,nan,nan,nan,-0.845947,0.0349066,0.0213059,5.30537,0.0439102,33,18,step,0.513,1.79069e+09,-2.8875,51,-0.149089
0.514,2,-0.8,nan,nan,nan,nan,-0.834668,0.020944,0.0138489,5.30537,0.0439102,33,18,step,0.514,1.79069e+09,-2.85366,51,-0.149038
0.515,2,-0.8,nan,nan,nan,nan,-0.834668,0.020944,-0.0010653,5.30537,0.0439102,33,18,step,0.515,1.79069e+09,-2.81982,51,-0.149033
0.516,2,-0.8,nan,nan,nan,nan,-0.857227,0,0.010653,5.30537,0.0439102,33,18,step,0.516,1.79069e+09,-2.86494,51,-0.148996
0.517,2,-0.8,nan,nan,nan,nan,-0.857227,0,0.0010653,5.30537,0.0439102,33,18,step,0.517,1.79069e+09,-2.91006,51,-0.148939
0.518,2,-0.8,nan,nan,nan,nan,-0.834668,0,0.00426119,5.30537,0.0439102,33,18,step,0.518,1.79069e+09,-2.84238,51,-0.148928
0.519,2,-0.8,nan,nan,nan,nan,-0.834668,0,0.0202406,5.30537,0.0439102,33,18,step,0.519,1.79069e+09,-2.8311,51,-0.148937
0.52,2,-0.8,nan,nan,nan,nan,-0.834668,0,0.0138489,5.30537,0.0439102,33,18,step,0.52,1.79069e+09,-2.87622,51,-0.14896
0.521,2,-0.8,nan,nan,nan,nan,-0.834668,0,0.00852238,5.30537,0.0439102,33,18,step,0.521,1.79069e+09,-2.87622,51,-0.149012
0.522,2,-0.8,nan,nan,nan,nan,-0.857227,-0.00872665,-0.0010653,5.30537,0.0439102,33,18,step,0.522,1.79069e+09,-2.89878,51,-0.149094
0.523,2,-0.8,nan,nan,nan,nan,-0.857227,-0.00872665,-0.0245018,5.30537,0.0439102,33,18,step,0.523,1.79069e+09,-2.95518,51,-0.149125
0.524,2,-0.8,nan,nan,nan,nan,-0.845947,-0.0314159,-0.0351548,5.30537,0.0439102,33,18,step,0.524,1.79069e+09,-2.93262,51,-0.14917
0.525,2,-0.8,nan,nan,nan,nan,-0.845947,-0.0314159,-0.039416,5.30537,0.0439102,33,18,step,0.525,1.79069e+09,-2.91006,51,-0.149218
0.526,2,-0.8,nan,nan,nan,nan,-0.766992,-0.0366519,-0.0426119,5.30527,0.0439102,33,18,step,0.526,1.79069e+09,-2.86494,51,-0.149216
0.527,2,-0.8,nan,nan,nan,nan,-0.766992,-0.0366519,-0.0383507,5.30527,0.0439102,33,18,step,0.527,1.79069e+09,-2.86494,51,-0.149234
0.528,2,-0.8,nan,nan,nan,nan,-0.778271,-0.0488692,-0.0735055,5.30518,0.0439102,33,18,step,0.528,1.79069e+09,-2.84238,51,-0.149239
0.529,2,-0.8,nan,nan,nan,nan,-0.778271,-0.0488692,-0.0820279,5.30518,0.0439102,33,18,step,0.529,1.79069e+09,-2.87622,51,-0.149247
0.53,2,-0.8,nan,nan,nan,nan,-0.766992,-0.0750492,-0.0660484,5.30498,0.0439102,33,18,step,0.53,1.79069e+09,-2.8875,51,-0.149254
0.531,2,-0.8,nan,nan,nan,nan,-0.766992,-0.0750492,-0.0894849,5.30498,0.0439102,33,18,step,0.531,1.79069e+09,-2.87622,51,-0.149212
0.532,2,-0.8,nan,nan,nan,nan,-0.755713,-0.0890118,-0.12464,5.30479,0.0439102,33,18,step,0.532,1.79069e+09,-2.87622,51,-0.149135
0.533,2,-0.8,nan,nan,nan,nan,-0.755713,-0.0890118,-0.110791,5.30479,0.0439102,33,18,step,0.533,1.79069e+09,-2.8311,51,-0.14903
0.534,2,-0.8,nan,nan,nan,nan,-0.778271,-0.0890118,-0.128901,5.3046,0.0439102,33,18,step,0.534,1.79069e+09,-2.78599,51,-0.148957
0.535,2,-0.8,nan,nan,nan,nan,-0.778271,-0.0890118,-0.113987,5.3046,0.0439102,33,18,step,0.535,1.79069e+09,-2.75215,51,-0.148917
0.536,2,-0.8,nan,nan,nan,nan,-0.755713,-0.0872665,-0.104399,5.30451,0.0439102,33,18,step,0.536,1.79069e+09,-2.81982,51,-0.148886
0.537,2,-0.8,nan,nan,nan,nan,-0.755713,-0.0872665,-0.104399,5.30451,0.0439102,33,18,step,0.537,1.79069e+09,-2.84238,51,-0.148875
0.538,2,-0.8,nan,nan,nan,nan,-0.845947,-0.0959931,-0.0884196,5.30422,0.0439102,33,18,step,0.538,1.79069e+09,-2.8311,51,-0.148895
0.539,2,-0.8,nan,nan,nan,nan,-0.845947,-0.0959931,-0.112921,5.30422,0.0439102,33,18,step,0.539,1.79069e+09,-2.87622,51,-0.148887
0.54,2,-0.8,nan,nan,nan,nan,-0.845947,-0.111701,-0.10653,5.30403,0.0439102,33,18,step,0.54,1.79069e+09,-2.89878,51,-0.148881
0.541,2,-0.8,nan,nan,nan,nan,-0.845947,-0.111701,-0.0852238,5.30403,0.0439102,33,18,step,0.541,1.79069e+09,-2.85366,51,-0.14891
0.542,2,-0.8,nan,nan,nan,nan,-0.789551,-0.106465,-0.078832,5.30383,0.0439102,33,18,step,0.542,1.79069e+09,-2.86494,51,-0.148964
0.543,2,-0.8,nan,nan,nan,nan,-0.789551,-0.106465,-0.0980073,5.30383,0.0439102,33,18,step,0.543,1.79069e+09,-2.92134,51,-0.149059
0.544,2,-0.8,nan,nan,nan,nan,-0.778271,-0.10821,-0.096942,5.30364,0.0439102,33,18,step,0.544,1.79069e+09,-2.96646,51,-0.149136
0.545,2,-0.8,nan,nan,nan,nan,-0.778271,-0.10821,-0.102269,5.30364,0.0439102,33,18,step,0.545,1.79069e+09,-3.01157,51,-0.149206
0.546,2,-0.8,nan,nan,nan,nan,-0.766992,-0.115192,-0.111856,5.30336,0.0439102,33,18,step,0.546,1.79069e+09,-2.98901,51,-0.149239
0.547,2,-0.8,nan,nan,nan,nan,-0.766992,-0.115192,-0.139554,5.30336,0.0439102,33,18,step,0.547,1.79069e+09,-2.96646,51,-0.149268
0.548,2,-0.8,nan,nan,nan,nan,-0.778271,-0.13439,-0.153403,5.30316,0.0439102,33,18,step,0.548,1.79069e+09,-2.93262,51,-0.149334
0.549,2,-0.8,nan,nan,nan,nan,-0.778271,-0.13439,-0.150207,5.30316,0.0439102,33,18,step,0.549,1.79069e+09,-2.93262,51,-0.149409
0.55,2,-0.8,nan,nan,nan,nan,-0.789551,-0.151844,-0.137423,5.30278,0.0439102,33,18,step,0.55,1.79069e+09,-2.98901,51,-0.149464
0.551,2,-0.8,nan,nan,nan,nan,-0.789551,-0.151844,-0.136358,5.30278,0.0439102,33,18,step,0.551,1.79069e+09,-3.00029,51,-0.149498
0.552,2,-0.8,nan,nan,nan,nan,-0.778271,-0.164061,-0.161925,5.30249,0.0439102,33,18,step,0.552,1.79069e+09,-2.9439,51,-0.149548
0.553,2,-0.8,nan,nan,nan,nan,-0.778271,-0.164061,-0.174709,5.30249,0.0439102,33,18,step,0.553,1.79069e+09,-2.96646,51,-0.149583
0.554,2,-0.8,nan,nan,nan,nan,-0.80083,-0.167552,-0.175774,5.30211,0.0439102,33,18,step,0.554,1.79069e+09,-2.93262,51,-0.149591
0.555,2,-0.8,nan,nan,nan,nan,-0.80083,-0.167552,-0.191753,5.30211,0.0439102,33,18,step,0.555,1.79069e+09,-2.96646,51,-0.149579
0.556,2,-0.8,nan,nan,nan,nan,-0.80083,-0.155334,-0.190688,5.30182,0.0439102,33,18,step,0.556,1.79069e+09,-2.9439,51,-0.149574
0.557,2,-0.8,nan,nan,nan,nan,-0.80083,-0.155334,-0.16299,5.30182,0.0439102,33,18,step,0.557,1.79069e+09,-2.92134,51,-0.149568
0.558,2,-0.8,nan,nan,nan,nan,-0.812109,-0.165806,-0.175774,5.30153,0.0439102,33,18,step,0.558,1.79069e+09,-2.95518,51,-0.149562
0.559,2,-0.8,nan,nan,nan,nan,-0.812109,-0.165806,-0.166186,5.30153,0.0439102,33,18,step,0.559,1.79069e+09,-2.95518,51,-0.149549
0.56,2,-0.8,nan,nan,nan,nan,-0.823389,-0.158825,-0.172578,5.30115,0.0439102,33,18,step,0.56,1.79069e+09,-2.9439,51,-0.149545
0.561,2,-0.8,nan,nan,nan,nan,-0.823389,-0.158825,-0.165121,5.30115,0.0439102,33,18,step,0.561,1.79069e+09,-2.96646,51,-0.149537
0.562,2,-0.8,nan,nan,nan,nan,-0.834668,-0.18326,-0.165121,5.30086,0.0439102,33,18,step,0.562,1.79069e+09,-2.9439,51,-0.149563
0.563,2,-0.8,nan,nan,nan,nan,-0.834668,-0.18326,-0.172578,5.30086,0.0439102,33,18,step,0.563,1.79069e+09,-2.9439,51,-0.149605
0.564,2,-0.8,nan,nan,nan,nan,-0.823389,-0.193732,-0.176839,5.30048,0.0439102,33,18,step,0.564,1.79069e+09,-2.92134,51,-0.149655
0.565,2,-0.8,nan,nan,nan,nan,-0.823389,-0.193732,-0.1811,5.30048,0.0439102,33,18,step,0.565,1.79069e+09,-3.01157,51,-0.149695
0.566,2,-0.8,nan,nan,nan,nan,-0.834668,-0.204204,-0.166186,5.3,0.0439102,33,18,step,0.566,1.79069e+09,-3.00029,51,-0.149717
0.567,2,-0.8,nan,nan,nan,nan,-0.834668,-0.204204,-0.191753,5.3,0.0439102,33,18,step,0.567,1.79069e+09,-2.96646,51,-0.149705
0.568,2,-0.8,nan,nan,nan,nan,-0.812109,-0.205949,-0.189623,5.29962,0.0439102,33,18,step,0.568,1.79069e+09,-2.9439,51,-0.149731
0.569,2,-0.8,nan,nan,nan,nan,-0.812109,-0.205949,-0.180035,5.29962,0.0439102,33,18,step,0.569,1.79069e+09,-2.93262,51,-0.149728
0.57,2,-0.8,nan,nan,nan,nan,-0.834668,-0.20944,-0.220516,5.29923,0.0439102,33,18,step,0.57,1.79069e+09,-2.9439,51,-0.149754
0.571,2,-0.8,nan,nan,nan,nan,-0.834668,-0.20944,-0.226908,5.29923,0.0439102,33,18,step,0.571,1.79069e+09,-2.93262,51,-0.149755
0.572,2,-0.8,nan,nan,nan,nan,-0.823389,-0.216421,-0.227974,5.29875,0.0439102,33,18,step,0.572,1.79069e+09,-2.89878,51,-0.149724
0.573,2,-0.8,nan,nan,nan,nan,-0.823389,-0.216421,-0.226908,5.29875,0.0439102,33,18,step,0.573,1.79069e+09,-2.91006,51,-0.149698
0.574,2,-0.8,nan,nan,nan,nan,-0.812109,-0.21293,-0.231169,5.29837,0.0439102,33,18,step,0.574,1.79069e+09,-2.86494,51,-0.149651
0.575,2,-0.8,nan,nan,nan,nan,-0.812109,-0.21293,-0.240757,5.29837,0.0439102,33,18,step,0.575,1.79069e+09,-2.86494,51,-0.149609
0.576,2,-0.8,nan,nan,nan,nan,-0.778271,-0.21293,-0.243953,5.29789,0.0439102,33,18,step,0.576,1.79069e+09,-2.86494,51,-0.149574
0.577,2,-0.8,nan,nan,nan,nan,-0.778271,-0.21293,-0.235431,5.29789,0.0439102,33,18,step,0.577,1.79069e+09,-2.89878,51,-0.149558
0.578,2,-0.8,nan,nan,nan,nan,-0.766992,-0.21293,-0.232235,5.29751,0.0439102,33,18,step,0.578,1.79069e+09,-2.89878,51,-0.14954
0.579,2,-0.8,nan,nan,nan,nan,-0.766992,-0.21293,-0.234365,5.29751,0.0439102,33,18,step,0.579,1.79069e+09,-2.9439,51,-0.14951
0.58,2,-0.8,nan,nan,nan,nan,-0.778271,-0.211185,-0.254606,5.29703,0.0439102,33,18,step,0.58,1.79069e+09,-2.93262,51,-0.149483
0.581,2,-0.8,nan,nan,nan,nan,-0.778271,-0.211185,-0.248214,5.29703,0.0439102,33,18,step,0.581,1.79069e+09,-2.92134,51,-0.149481
0.582,2,-0.8,nan,nan,nan,nan,-0.766992,-0.221657,-0.246084,5.29664,0.0439102,33,18,step,0.582,1.79069e+09,-2.95518,51,-0.149495
0.583,2,-0.8,nan,nan,nan,nan,-0.766992,-0.221657,-0.240757,5.29664,0.0439102,33,18,step,0.583,1.79069e+09,-2.97773,51,-0.149524
0.584,2,-0.8,nan,nan,nan,nan,-0.80083,-0.237365,-0.222647,5.29616,0.0439102,33,18,step,0.584,1.79069e+09,-2.98901,51,-0.149583
0.585,2,-0.8,nan,nan,nan,nan,-0.80083,-0.237365,-0.217321,5.29616,0.0439102,33,18,step,0.585,1.79069e+09,-3.02285,51,-0.149626
0.586,2,-0.8,nan,nan,nan,nan,-0.80083,-0.249582,-0.246084,5.29569,0.0439102,33,18,step,0.586,1.79069e+09,-3.05669,51,-0.149675
0.587,2,-0.8,nan,nan,nan,nan,-0.80083,-0.249582,-0.246084,5.29569,0.0439102,33,18,step,0.587,1.79069e+09,-3.04541,51,-0.149691
0.588,2,-0.8,nan,nan,nan,nan,-0.812109,-0.260054,-0.250345,5.29511,0.0438143,33,18,step,0.588,1.79069e+09,-3.05669,51,-0.149721
0.589,2,-0.8,nan,nan,nan,nan,-0.812109,-0.260054,-0.2333,5.29511,0.0438143,33,18,step,0.589,1.79069e+09,-3.05669,51,-0.14976
0.59,2,-0.8,nan,nan,nan,nan,-0.823389,-0.260054,-0.246084,5.29463,0.0438143,33,18,step,0.59,1.79069e+09,-3.06797,51,-0.149796
0.591,2,-0.8,nan,nan,nan,nan,-0.823389,-0.260054,-0.271651,5.29463,0.0438143,33,18,step,0.591,1.79069e+09,-3.06797,51,-0.149843
0.592,2,-0.8,nan,nan,nan,nan,-0.845947,-0.26529,-0.292957,5.29406,0.0438143,33,18,step,0.592,1.79069e+09,-3.10181,51,-0.149863
0.593,2,-0.8,nan,nan,nan,nan,-0.845947,-0.26529,-0.273781,5.29406,0.0438143,33,18,step,0.593,1.79069e+09,-3.07925,51,-0.149898
0.594,2,-0.8,nan,nan,nan,nan,-0.879785,-0.256563,-0.275912,5.29358,0.0438143,33,18,step,0.594,1.79069e+09,-3.10181,51,-0.149903
0.595,2,-0.8,nan,nan,nan,nan,-0.879785,-0.256563,-0.26952,5.29358,0.0438143,33,18,step,0.595,1.79069e+09,-3.10181,51,-0.149887
0.596,2,-0.8,nan,nan,nan,nan,-0.857227,-0.275762,-0.259932,5.293,0.0438143,33,18,step,0.596,1.79069e+09,-3.07925,51,-0.149877
0.597,2,-0.8,nan,nan,nan,nan,-0.857227,-0.275762,-0.272716,5.293,0.0438143,33,18,step,0.597,1.79069e+09,-3.10181,51,-0.149877
0.598,2,-0.8,nan,nan,nan,nan,-0.868506,-0.282743,-0.281238,5.29243,0.0438143,33,18,step,0.598,1.79069e+09,-3.12437,51,-0.149862
0.599,2,-0.8,nan,nan,nan,nan,-0.868506,-0.282743,-0.270585,5.29243,0.0438143,33,18,step,0.599,1.79069e+09,-3.14692,51,-0.149842
0.6,2,0.8,nan,nan,nan,nan,-0.857227,-0.289725,-0.284434,5.29185,0.0438143,33,18,step,0.6,1.79069e+09,-3.11309,51,-0.149806
0.601,2,0.8,nan,nan,nan,nan,-0.857227,-0.289725,-0.281238,5.29185,0.0438143,33,18,step,0.601,1.79069e+09,-3.14692,51,-0.149758
0.602,2,0.8,nan,nan,nan,nan,-0.823389,-0.282743,-0.283369,5.29127,0.0438143,33,18,step,0.602,1.79069e+09,-3.12437,51,-0.14974
0.603,2,0.8,nan,nan,nan,nan,-0.823389,-0.282743,-0.2855,5.29127,0.0437185,33,18,step,0.603,1.79069e+09,-3.14692,51,-0.149702
0.604,2,0.8,nan,nan,nan,nan,-0.169189,-0.181514,-0.264194,5.29089,0.0437185,33,18,step,0.604,1.79069e+09,-3.19204,51,-0.149681
0.605,2,0.8,nan,nan,nan,nan,-0.169189,-0.181514,-0.26952,5.29089,0.0437185,33,18,step,0.605,1.79069e+09,-3.1582,51,-0.149693
0.606,2,0.8,nan,nan,nan,nan,-0.0902344,-0.0418879,-0.271651,5.2908,0.0436226,33,18,step,0.606,1.79069e+09,-3.20332,51,-0.149717
0.607,2,0.8,nan,nan,nan,nan,-0.0902344,-0.0418879,-0.262063,5.2908,0.0436226,33,18,step,0.607,1.79069e+09,-3.24844,51,-0.149705
0.608,2,0.8,nan,nan,nan,nan,0,-0.219911,-0.259932,5.29041,0.0436226,33,18,step,0.608,1.79069e+09,-3.25972,51,-0.14968
0.609,2,0.8,nan,nan,nan,nan,0,-0.219911,-0.26739,5.29041,0.0435267,33,18,step,0.609,1.79069e+09,-3.23716,51,-0.149666
0.61,2,0.8,nan,nan,nan,nan,0.0676758,-0.378736,-0.271651,5.28974,0.0435267,33,18,step,0.61,1.79069e+09,-3.24844,51,-0.149669
0.611,2,0.8,nan,nan,nan,nan,0.0676758,-0.378736,-0.243953,5.28974,0.0434308,33,18,step,0.611,1.79069e+09,-3.30483,51,-0.14964
0.612,2,0.8,nan,nan,nan,nan,0.203027,-0.308923,-0.237561,5.28907,0.043335,33,18,step,0.612,1.79069e+09,-3.31611,51,-0.149603
0.613,2,0.8,nan,nan,nan,nan,0.203027,-0.308923,-0.256737,5.28907,0.043335,33,18,step,0.613,1.79069e+09,-3.33867,51,-0.149539
0.614,2,0.8,nan,nan,nan,nan,0.360938,-0.132645,-0.254606,5.28869,0.0432391,33,18,step,0.614,1.79069e+09,-3.31611,51,-0.14948
0.615,2,0.8,nan,nan,nan,nan,0.360938,-0.132645,-0.250345,5.28869,0.0431432,33,18,step,0.615,1.79069e+09,-3.29355,51,-0.149427
0.616,2,0.8,nan,nan,nan,nan,0.64292,-0.122173,-0.268455,5.28849,0.0431432,33,18,step,0.616,1.79069e+09,-3.29355,51,-0.149387
0.617,2,0.8,nan,nan,nan,nan,0.64292,-0.122173,-0.255671,5.28849,0.0430473,33,18,step,0.617,1.79069e+09,-3.32739,51,-0.149364
0.618,2,0.8,nan,nan,nan,nan,0.64292,-0.202458,-0.243953,5.28811,0.0430473,33,18,step,0.618,1.79069e+09,-3.33867,51,-0.149326
0.619,2,0.8,nan,nan,nan,nan,0.64292,-0.202458,-0.243953,5.28811,0.0429515,33,18,step,0.619,1.79069e+09,-3.39507,51,-0.149235
0.62,2,0.8,nan,nan,nan,nan,0.710596,-0.232129,-0.230104,5.28763,0.0429515,33,18,step,0.62,1.79069e+09,-3.36123,51,-0.149158
0.621,2,0.8,nan,nan,nan,nan,0.710596,-0.232129,-0.190688,5.28763,0.0428556,33,18,step,0.621,1.79069e+09,-3.37251,51,-0.149048
0.622,2,0.8,nan,nan,nan,nan,0.744434,-0.193732,-0.199211,5.28725,0.0427597,33,18,step,0.622,1.79069e+09,-3.39507,51,-0.148925
0.623,2,0.8,nan,nan,nan,nan,0.744434,-0.193732,-0.192819,5.28725,0.0426638,33,18,step,0.623,1.79069e+09,-3.39507,51,-0.148831
0.624,2,0.8,nan,nan,nan,nan,0.733154,-0.148353,-0.176839,5.28696,0.0426638,33,18,step,0.624,1.79069e+09,-3.40635,51,-0.148735
0.625,2,0.8,nan,nan,nan,nan,0.733154,-0.148353,-0.14488,5.28696,0.042568,33,18,step,0.625,1.79069e+09,-3.41763,51,-0.148678
0.626,2,0.8,nan,nan,nan,nan,0.778271,-0.153589,-0.149142,5.28658,0.0424721,33,18,step,0.626,1.79069e+09,-3.45146,51,-0.148594
0.627,2,0.8,nan,nan,nan,nan,0.778271,-0.153589,-0.157664,5.28658,0.0423762,33,18,step,0.627,1.79069e+09,-3.47402,51,-0.148526
0.628,2,0.8,nan,nan,nan,nan,0.744434,-0.151844,-0.145946,5.28629,0.0423762,33,18,step,0.628,1.79069e+09,-3.45146,51,-0.148464
0.629,2,0.8,nan,nan,nan,nan,0.744434,-0.151844,-0.147011,5.28629,0.0422803,33,18,step,0.629,1.79069e+09,-3.49658,51,-0.148392
0.63,2,0.8,nan,nan,nan,nan,0.744434,-0.118682,-0.112921,5.286,0.0421845,33,18,step,0.63,1.79069e+09,-3.51914,51,-0.148334
0.631,2,0.8,nan,nan,nan,nan,0.744434,-0.118682,-0.0990726,5.286,0.0420886,33,18,step,0.631,1.79069e+09,-3.49658,51,-0.148278
0.632,2,0.8,nan,nan,nan,nan,0.891064,-0.0890118,-0.113987,5.28581,0.0418969,33,18,step,0.632,1.79069e+09,-3.55298,51,-0.148207
0.633,2,0.8,nan,nan,nan,nan,0.891064,-0.0890118,-0.0958767,5.28581,0.041801,33,18,step,0.633,1.79069e+09,-3.55298,51,-0.148109
0.634,2,0.8,nan,nan,nan,nan,0.778271,-0.0872665,-0.0948114,5.28571,0.0417051,33,18,step,0.634,1.79069e+09,-3.5417,51,-0.147986
0.635,2,0.8,nan,nan,nan,nan,0.778271,-0.0872665,-0.0905502,5.28571,0.0415134,33,18,step,0.635,1.79069e+09,-3.53042,51,-0.147856
0.636,2,0.8,nan,nan,nan,nan,0.755713,-0.101229,-0.0809626,5.28552,0.0414175,33,18,step,0.636,1.79069e+09,-3.5417,51,-0.147725
0.637,2,0.8,nan,nan,nan,nan,0.755713,-0.101229,-0.0884196,5.28552,0.0412257,33,18,step,0.637,1.79069e+09,-3.5417,51,-0.147595
0.638,2,0.8,nan,nan,nan,nan,0.778271,-0.0837758,-0.0948114,5.28533,0.0411299,33,18,step,0.638,1.79069e+09,-3.58682,51,-0.147476
0.639,2,0.8,nan,nan,nan,nan,0.778271,-0.0837758,-0.068179,5.28533,0.0409381,33,18,step,0.639,1.79069e+09,-3.62065,51,-0.147297
0.64,2,0.8,nan,nan,nan,nan,0.766992,-0.0593412,-0.0628525,5.28523,0.0408422,33,18,step,0.64,1.79069e+09,-3.5981,51,-0.147132
0.641,2,0.8,nan,nan,nan,nan,0.766992,-0.0593412,-0.0639178,5.28523,0.0406505,33,18,step,0.641,1.79069e+09,-3.55298,51,-0.146974
0.642,2,0.8,nan,nan,nan,nan,0.755713,-0.0314159,-0.0511343,5.28514,0.0405546,33,18,step,0.642,1.79069e+09,-3.63193,51,-0.146795
0.643,2,0.8,nan,nan,nan,nan,0.755713,-0.0314159,-0.0149142,5.28514,0.0403629,33,18,step,0.643,1.79069e+09,-3.5981,51,-0.146632
0.644,2,0.8,nan,nan,nan,nan,0.766992,-0.0174533,-0.00852238,5.28504,0.0401711,33,18,step,0.644,1.79069e+09,-3.64321,51,-0.146448
0.645,2,0.8,nan,nan,nan,nan,0.766992,-0.0174533,-0.00639178,5.28504,0.0400752,33,18,step,0.645,1.79069e+09,-3.62065,51,-0.146278
0.646,2,0.8,nan,nan,nan,nan,0.755713,-0.0174533,0.00852238,5.28504,0.0398835,33,18,step,0.646,1.79069e+09,-3.62065,51,-0.146121
0.647,2,0.8,nan,nan,nan,nan,0.755713,-0.0174533,0.0308936,5.28504,0.0396918,33,18,step,0.647,1.79069e+09,-3.62065,51,-0.145938
0.648,2,0.8,nan,nan,nan,nan,0.766992,0,0.0234365,5.28504,0.0395,33,18,step,0.648,1.79069e+09,-3.5981,51,-0.145758
0.649,2,0.8,nan,nan,nan,nan,0.766992,0,0.00426119,5.28504,0.0392124,33,18,step,0.649,1.79069e+09,-3.5981,51,-0.145567
0.65,2,0.8,nan,nan,nan,nan,0.755713,0,0.0340895,5.28504,0.0390206,33,18,step,0.65,1.79069e+09,-3.58682,51,-0.145401
0.651,2,0.8,nan,nan,nan,nan,0.755713,0,0.0415466,5.28504,0.0388289,33,18,step,0.651,1.79069e+09,-3.64321,51,-0.145222
0.652,2,0.8,nan,nan,nan,nan,0.755713,0.0139626,0.0479384,5.28504,0.0386371,33,18,step,0.652,1.79069e+09,-3.64321,51,-0.14503
0.653,2,0.8,nan,nan,nan,nan,0.755713,0.0139626,0.0585913,5.28504,0.0383495,33,18,step,0.653,1.79069e+09,-3.64321,51,-0.144859
0.654,2,0.8,nan,nan,nan,nan,0.766992,0.0279253,0.0628525,5.28514,0.0381578,33,18,step,0.654,1.79069e+09,-3.63193,51,-0.144661
0.655,2,0.8,nan,nan,nan,nan,0.766992,0.0279253,0.0585913,5.28514,0.037966,33,18,step,0.655,1.79069e+09,-3.68833,51,-0.144457
0.656,2,0.8,nan,nan,nan,nan,0.766992,0.0436332,0.0596566,5.28523,0.0376784,33,18,step,0.656,1.79069e+09,-3.65449,51,-0.144238
0.657,2,0.8,nan,nan,nan,nan,0.766992,0.0436332,0.0607219,5.28523,0.0374867,33,18,step,0.657,1.79069e+09,-3.63193,51,-0.144033
0.658,2,0.8,nan,nan,nan,nan,0.766992,0.0541052,0.0905502,5.28533,0.0372949,33,18,step,0.658,1.79069e+09,-3.65449,51,-0.143814
0.659,2,0.8,nan,nan,nan,nan,0.766992,0.0541052,0.078832,5.28533,0.0370073,33,18,step,0.659,1.79069e+09,-3.67705,51,-0.143571
0.66,2,0.8,nan,nan,nan,nan,0.789551,0.0715585,0.0703096,5.28552,0.0368155,33,18,step,0.66,1.79069e+09,-3.66577,51,-0.143321
0.661,2,0.8,nan,nan,nan,nan,0.789551,0.0715585,0.0809626,5.28552,0.0366238,33,18,step,0.661,1.79069e+09,-3.67705,51,-0.143059
0.662,2,0.8,nan,nan,nan,nan,0.755713,0.0837758,0.0820279,5.28562,0.0363362,33,18,step,0.662,1.79069e+09,-3.67705,51,-0.142774
0.663,2,0.8,nan,nan,nan,nan,0.755713,0.0837758,0.0926808,5.28562,0.0361444,33,18,step,0.663,1.79069e+09,-3.67705,51,-0.14247
0.664,2,0.8,nan,nan,nan,nan,0.755713,0.0872665,0.0830932,5.28581,0.0359527,33,18,step,0.664,1.79069e+09,-3.68833,51,-0.142209
0.665,2,0.8,nan,nan,nan,nan,0.755713,0.0872665,0.0980073,5.28581,0.0357609,33,18,step,0.665,1.79069e+09,-3.67705,51,-0.141958
0.666,2,0.8,nan,nan,nan,nan,0.755713,0.0837758,0.121444,5.286,0.0354733,33,18,step,0.666,1.79069e+09,-3.74473,51,-0.141704
0.667,2,0.8,nan,nan,nan,nan,0.755713,0.0837758,0.14488,5.286,0.0352816,33,18,step,0.667,1.79069e+09,-3.75601,51,-0.141446
0.668,2,0.8,nan,nan,nan,nan,0.744434,0.0994838,0.128901,5.28619,0.0350898,33,18,step,0.668,1.79069e+09,-3.74473,51,-0.141151
0.669,2,0.8,nan,nan,nan,nan,0.744434,0.0994838,0.128901,5.28619,0.0348022,33,18,step,0.669,1.79069e+09,-3.75601,51,-0.140854
0.67,2,0.8,nan,nan,nan,nan,0.721875,0.111701,0.132097,5.28639,0.0345146,33,18,step,0.67,1.79069e+09,-3.71089,51,-0.140613
0.671,2,0.8,nan,nan,nan,nan,0.721875,0.111701,0.138489,5.28639,0.0341311,33,18,step,0.671,1.79069e+09,-3.73345,51,-0.140364
0.672,2,0.8,nan,nan,nan,nan,0.744434,0.125664,0.136358,5.28667,0.0338435,33,18,step,0.672,1.79069e+09,-3.80112,51,-0.140105
0.673,2,0.8,nan,nan,nan,nan,0.744434,0.125664,0.151272,5.28667,0.03346,33,18,step,0.673,1.79069e+09,-3.82368,51,-0.139821
0.674,2,0.8,nan,nan,nan,nan,0.845947,0.129154,0.136358,5.28696,0.0330765,33,18,step,0.674,1.79069e+09,-3.8124,51,-0.139523
0.675,2,0.8,nan,nan,nan,nan,0.845947,0.129154,0.141684,5.28696,0.032693,33,18,step,0.675,1.79069e+09,-3.82368,51,-0.139245
0.676,2,0.8,nan,nan,nan,nan,0.744434,0.127409,0.139554,5.28715,0.0322136,33,18,step,0.676,1.79069e+09,-3.8124,51,-0.138947
0.677,2,0.8,nan,nan,nan,nan,0.744434,0.127409,0.145946,5.28715,0.0318301,33,18,step,0.677,1.79069e+09,-3.78984,51,-0.138623
0.678,2,0.8,nan,nan,nan,nan,0.755713,0.122173,0.125705,5.28744,0.0313507,33,18,step,0.678,1.79069e+09,-3.78984,51,-0.138279
0.679,2,0.8,nan,nan,nan,nan,0.755713,0.122173,0.129966,5.28744,0.0308714,33,18,step,0.679,1.79069e+09,-3.65449,51,-0.137943
0.68,2,0.8,nan,nan,nan,nan,0.755713,0.129154,0.151272,5.28763,0.0304879,33,18,step,0.68,1.79069e+09,-3.74473,51,-0.137628
0.681,2,0.8,nan,nan,nan,nan,0.755713,0.129154,0.148076,5.28763,0.0301044,33,18,step,0.681,1.79069e+09,-3.8124,51,-0.137275
0.682,2,0.8,nan,nan,nan,nan,0.766992,0.141372,0.14488,5.28792,0.0297209,33,18,step,0.682,1.79069e+09,-3.82368,51,-0.136909
0.683,2,0.8,nan,nan,nan,nan,0.766992,0.141372,0.149142,5.28792,0.0293374,33,18,step,0.683,1.79069e+09,-3.82368,51,-0.136522
0.684,2,0.8,nan,nan,nan,nan,0.744434,0.15708,0.16086,5.2883,0.0289539,33,18,step,0.684,1.79069e+09,-3.83496,51,-0.136112
0.685,2,0.8,nan,nan,nan,nan,0.744434,0.15708,0.143815,5.2883,0.0286663,33,18,step,0.685,1.79069e+09,-3.8124,51,-0.135736
0.686,2,0.8,nan,nan,nan,nan,0.755713,0.171042,0.149142,5.28859,0.0282828,33,18,step,0.686,1.79069e+09,-3.83496,51,-0.135353
0.687,2,0.8,nan,nan,nan,nan,0.755713,0.171042,0.155533,5.28859,0.0279951,33,18,step,0.687,1.79069e+09,-3.78984,51,-0.134954
0.688,2,0.8,nan,nan,nan,nan,0.778271,0.165806,0.154468,5.28897,0.0277075,33,18,step,0.688,1.79069e+09,-3.85752,51,-0.134564
0.689,2,0.8,nan,nan,nan,nan,0.778271,0.165806,0.165121,5.28897,0.0274199,33,18,step,0.689,1.79069e+09,-3.8124,51,-0.134125
0.69,2,0.8,nan,nan,nan,nan,0.766992,0.164061,0.1811,5.28926,0.0270364,33,18,step,0.69,1.79069e+09,-3.82368,51,-0.133721
0.691,2,0.8,nan,nan,nan,nan,0.766992,0.164061,0.17897,5.28926,0.0267488,33,18,step,0.691,1.79069e+09,-3.82368,51,-0.133308
0.692,2,0.8,nan,nan,nan,nan,0.778271,0.165806,0.180035,5.28965,0.0263653,33,18,step,0.692,1.79069e+09,-3.82368,51,-0.132899
0.693,2,0.8,nan,nan,nan,nan,0.778271,0.165806,0.191753,5.28965,0.0259818,33,18,step,0.693,1.79069e+09,-3.84624,51,-0.132503
0.694,2,0.8,nan,nan,nan,nan,0.778271,0.179769,0.200276,5.28993,0.0256942,33,18,step,0.694,1.79069e+09,-3.88008,51,-0.132074
0.695,2,0.8,nan,nan,nan,nan,0.778271,0.179769,0.199211,5.28993,0.0252148,33,18,step,0.695,1.79069e+09,-3.89136,51,-0.131659
0.696,2,0.8,nan,nan,nan,nan,0.778271,0.18326,0.17897,5.29032,0.0248313,33,18,step,0.696,1.79069e+09,-3.85752,51,-0.131204
0.697,2,0.8,nan,nan,nan,nan,0.778271,0.18326,0.194949,5.29032,0.0242561,33,18,step,0.697,1.79069e+09,-3.80112,51,-0.13074
0.698,2,0.8,nan,nan,nan,nan,0.778271,0.174533,0.189623,5.2907,0.0237767,33,18,step,0.698,1.79069e+09,-3.74473,51,-0.130304
0.699,2,0.8,nan,nan,nan,nan,0.778271,0.174533,0.171513,5.2907,0.0232973,33,18,step,0.699,1.79069e+09,-3.75601,51,-0.129844
0.7,2,0.8,nan,nan,nan,nan,0.778271,0.169297,0.171513,5.29108,0.022818,33,18,step,0.7,1.79069e+09,-3.84624,51,-0.129405
0.701,2,0.8,nan,nan,nan,nan,0.778271,0.169297,0.209863,5.29108,0.0223386,33,18,step,0.701,1.79069e+09,-3.85752,51,-0.128916
0.702,2,0.8,nan,nan,nan,nan,0.789551,0.181514,0.21519,5.29137,0.0219551,33,18,step,0.702,1.79069e+09,-3.80112,51,-0.128439
0.703,2,0.8,nan,nan,nan,nan,0.789551,0.181514,0.204537,5.29137,0.0214757,33,18,step,0.703,1.79069e+09,-3.8124,51,-0.12794
0.704,2,0.8,nan,nan,nan,nan,0.913623,0.193732,0.192819,5.29175,0.0210922,33,18,step,0.704,1.79069e+09,-3.82368,51,-0.127417
0.705,2,0.8,nan,nan,nan,nan,0.913623,0.193732,0.193884,5.29175,0.0206129,33,18,step,0.705,1.79069e+09,-3.90264,51,-0.126964
0.706,2,0.8,nan,nan,nan,nan,0.891064,0.211185,0.220516,5.29223,0.0202294,33,18,step,0.706,1.79069e+09,-3.83496,51,-0.126487
0.707,2,0.8,nan,nan,nan,nan,0.891064,0.211185,0.211994,5.29223,0.0198459,33,18,step,0.707,1.79069e+09,-3.85752,51,-0.126011
0.708,2,0.8,nan,nan,nan,nan,0.902344,0.225147,0.21519,5.29262,0.0193665,33,18,step,0.708,1.79069e+09,-3.90264,51,-0.125506
0.709,2,0.8,nan,nan,nan,nan,0.902344,0.225147,0.231169,5.29262,0.0187913,33,18,step,0.709,1.79069e+09,-3.98159,51,-0.124974
0.71,2,0.8,nan,nan,nan,nan,0.812109,0.228638,0.218386,5.2931,0.0184078,33,18,step,0.71,1.79069e+09,-3.98159,51,-0.12448
0.711,2,0.8,nan,nan,nan,nan,0.812109,0.228638,0.234365,5.2931,0.0177367,33,18,step,0.711,1.79069e+09,-3.99287,51,-0.123964
0.712,2,0.8,nan,nan,nan,nan,0.812109,0.221657,0.247149,5.29348,0.0172573,33,18,step,0.712,1.79069e+09,-3.8688,51,-0.123475
0.713,2,0.8,nan,nan,nan,nan,0.812109,0.221657,0.2333,5.29348,0.016682,33,18,step,0.713,1.79069e+09,-3.85752,51,-0.12296
0.714,2,0.8,nan,nan,nan,nan,0.789551,0.204204,0.240757,5.29396,0.0160109,33,18,step,0.714,1.79069e+09,-3.97031,51,-0.122412
0.715,2,0.8,nan,nan,nan,nan,0.789551,0.204204,0.238627,5.29396,0.0154357,33,18,step,0.715,1.79069e+09,-3.95903,51,-0.121921
0.716,2,0.8,nan,nan,nan,nan,0.778271,0.204204,0.241822,5.29434,0.0149563,33,18,step,0.716,1.79069e+09,-3.85752,51,-0.12139
0.717,2,0.8,nan,nan,nan,nan,0.778271,0.204204,0.25141,5.29434,0.0143811,33,18,step,0.717,1.79069e+09,-3.91392,51,-0.120848
0.718,2,0.8,nan,nan,nan,nan,0.744434,0.216421,0.247149,5.29482,0.0138058,33,18,step,0.718,1.79069e+09,-3.99287,51,-0.120317
0.719,2,0.8,nan,nan,nan,nan,0.744434,0.216421,0.230104,5.29482,0.0134223,33,18,step,0.719,1.79069e+09,-3.95903,51,-0.119777
0.72,2,0.8,nan,nan,nan,nan,0.699316,0.216421,0.248214,5.29521,0.012943,33,18,step,0.72,1.79069e+09,-3.95903,51,-0.119287
0.721,2,0.8,nan,nan,nan,nan,0.699316,0.216421,0.238627,5.29521,0.0125595,33,18,step,0.721,1.79069e+09,-3.94775,51,-0.118775
0.722,2,0.8,nan,nan,nan,nan,0.789551,0.23911,0.2333,5.29569,0.0120801,33,18,step,0.722,1.79069e+09,-3.98159,51,-0.118216
0.723,2,0.8,nan,nan,nan,nan,0.789551,0.23911,0.259932,5.29569,0.0116007,33,18,step,0.723,1.79069e+09,-4.08311,51,-0.117658
0.724,2,0.8,nan,nan,nan,nan,0.80083,0.253073,0.266324,5.29616,0.0112172,33,18,step,0.724,1.79069e+09,-3.93647,51,-0.11706
0.725,2,0.8,nan,nan,nan,nan,0.80083,0.253073,0.229039,5.29616,0.010642,33,18,step,0.725,1.79069e+09,-4.06055,51,-0.116518
0.726,2,0.8,nan,nan,nan,nan,0.812109,0.261799,0.210929,5.29674,0.0100667,33,18,step,0.726,1.79069e+09,-4.04927,51,-0.11597
0.727,2,0.8,nan,nan,nan,nan,0.812109,0.261799,0.240757,5.29674,0.00949151,33,18,step,0.727,1.79069e+09,-3.99287,51,-0.115411
0.728,2,0.8,nan,nan,nan,nan,0.834668,0.254818,0.238627,5.29722,0.00891626,33,18,step,0.728,1.79069e+09,-3.99287,51,-0.114824
0.729,2,0.8,nan,nan,nan,nan,0.834668,0.254818,0.259932,5.29722,0.00834102,33,18,step,0.729,1.79069e+09,-3.93647,51,-0.113978
0.73,2,0.8,nan,nan,nan,nan,0.834668,0.237365,0.252475,5.2977,0.0076699,33,18,step,0.73,1.79069e+09,-3.97031,51,-0.113387
0.731,2,0.8,nan,nan,nan,nan,0.834668,0.237365,0.26952,5.2977,0.00709466,33,18,step,0.731,1.79069e+09,-4.00415,51,-0.113083
0.732,2,0.8,nan,nan,nan,nan,0.812109,0.228638,0.28763,5.29818,0.00632767,33,18,step,0.732,1.79069e+09,-4.00415,51,-0.112215
0.733,2,0.8,nan,nan,nan,nan,0.812109,0.228638,0.281238,5.29818,0.00575243,33,18,step,0.733,1.79069e+09,-4.02671,51,-0.111635
0.734,2,0.8,nan,nan,nan,nan,0.823389,0.237365,0.276977,5.29866,0.00527306,33,18,step,0.734,1.79069e+09,-4.07183,51,-0.111074
0.735,2,0.8,nan,nan,nan,nan,0.823389,0.237365,0.315328,5.29866,0.00469782,33,18,step,0.735,1.79069e+09,-4.08311,51,-0.110521
0.736,2,0.8,nan,nan,nan,nan,0.823389,0.253073,0.316393,5.29914,0.0040267,33,18,step,0.736,1.79069e+09,-4.10566,51,-0.110251
0.737,2,0.8,nan,nan,nan,nan,0.823389,0.253073,0.274847,5.29914,0.00345146,33,18,step,0.737,1.79069e+09,-4.10566,51,-0.109394
0.738,2,0.8,nan,nan,nan,nan,0.823389,0.268781,0.278043,5.29971,0.00287621,33,18,step,0.738,1.79069e+09,-4.1395,51,-0.108802
0.739,2,0.8,nan,nan,nan,nan,0.823389,0.268781,0.268455,5.29971,0.0022051,33,18,step,0.739,1.79069e+09,-4.02671,51,-0.108204
0.74,2,0.8,nan,nan,nan,nan,0.845947,0.279253,0.274847,5.30029,0.00143811,33,18,step,0.74,1.79069e+09,-3.97031,51,-0.107624
0.741,2,0.8,nan,nan,nan,nan,0.845947,0.279253,0.276977,5.30029,0.00076699,33,18,step,0.741,1.79069e+09,-3.97031,51,-0.107338
0.742,2,0.8,nan,nan,nan,nan,0.845947,0.274017,0.247149,5.30086,9.58738e-05,33,18,step,0.742,1.79069e+09,-4.01543,51,-0.106374
0.743,2,0.8,nan,nan,nan,nan,0.845947,0.274017,0.248214,5.30086,6.28271,33,18,step,0.743,1.79069e+09,-4.07183,51,-0.105716
0.744,2,0.8,nan,nan,nan,nan,0.823389,0.260054,0.242888,5.30134,6.28203,33,18,step,0.744,1.79069e+09,-3.97031,51,-0.105365
0.745,2,0.8,nan,nan,nan,nan,0.823389,0.260054,0.282304,5.30134,6.28146,33,18,step,0.745,1.79069e+09,-4.11694,51,-0.104443
0.746,2,0.8,nan,nan,nan,nan,0.834668,0.244346,0.279108,5.30182,6.28098,33,18,step,0.746,1.79069e+09,-4.06055,51,-0.104127
0.747,2,0.8,nan,nan,nan,nan,0.834668,0.244346,0.28763,5.30182,6.2804,33,18,step,0.747,1.79069e+09,-4.07183,51,-0.103194
0.748,2,0.8,nan,nan,nan,nan,0.789551,0.244346,0.282304,5.3024,6.27993,33,18,step,0.748,1.79069e+09,-4.09438,51,-0.102602
0.749,2,0.8,nan,nan,nan,nan,0.789551,0.244346,0.273781,5.3024,6.27935,33,18,step,0.749,1.79069e+09,-4.10566,51,-0.102006
0.75,2,0.8,nan,nan,nan,nan,0.744434,0.26529,0.284434,5.30288,6.27878,33,18,step,0.75,1.79069e+09,-4.25229,51,-0.101369
0.751,2,0.8,nan,nan,nan,nan,0.744434,0.26529,0.282304,5.30288,6.2782,33,18,step,0.751,1.79069e+09,-4.07183,51,-0.101053
0.752,2,0.8,nan,nan,nan,nan,0.688037,0.282743,0.276977,5.30345,6.27743,33,18,step,0.752,1.79069e+09,-4.01543,51,-0.100087
0.753,2,0.8,nan,nan,nan,nan,0.688037,0.282743,0.256737,5.30345,6.27676,33,18,step,0.753,1.79069e+09,-3.97031,51,-0.0994451
0.754,2,0.8,nan,nan,nan,nan,0.688037,0.296706,0.265259,5.30403,6.2759,33,18,step,0.754,1.79069e+09,-3.94775,51,-0.0987656
0.755,2,0.8,nan,nan,nan,nan,0.688037,0.296706,0.281238,5.30403,6.27513,33,18,step,0.755,1.79069e+09,-4.00415,51,-0.0980919
0.756,2,0.8,nan,nan,nan,nan,0.699316,0.298451,0.2855,5.3046,6.27436,33,18,step,0.756,1.79069e+09,-4.00415,51,-0.0977442
0.757,2,0.8,nan,nan,nan,nan,0.699316,0.298451,0.278043,5.3046,6.27369,33,18,step,0.757,1.79069e+09,-4.06055,51,-0.0966949
0.758,2,0.8,nan,nan,nan,nan,0.733154,0.284489,0.260998,5.30518,6.27293,33,18,step,0.758,1.79069e+09,-4.08311,51,-0.0959997
0.759,2,0.8,nan,nan,nan,nan,0.733154,0.284489,0.286565,5.30518,6.27226,33,18,step,0.759,1.79069e+09,-4.10566,51,-0.0953406
0.76,2,0.8,nan,nan,nan,nan,0.744434,0.26529,0.301479,5.30575,6.27158,33,18,step,0.76,1.79069e+09,-4.1959,51,-0.0946988
0.761,2,0.8,nan,nan,nan,nan,0.744434,0.26529,0.296153,5.30575,6.27091,33,18,step,0.761,1.79069e+09,-4.24102,51,-0.0943814
0.762,2,0.8,nan,nan,nan,nan,0.755713,0.253073,0.290826,5.30623,6.27015,33,18,step,0.762,1.79069e+09,-4.20718,51,-0.0934087
0.763,2,0.8,nan,nan,nan,nan,0.755713,0.253073,0.271651,5.30623,6.26938,33,18,step,0.763,1.79069e+09,-4.1959,51,-0.092724
0.764,2,0.8,nan,nan,nan,nan,0.755713,0.272271,0.260998,5.30681,6.26861,33,18,step,0.764,1.79069e+09,-4.1395,51,-0.0920331
0.765,2,0.8,nan,nan,nan,nan,0.755713,0.272271,0.264194,5.30681,6.26785,33,18,step,0.765,1.79069e+09,-4.18462,51,-0.0913014
0.766,2,0.8,nan,nan,nan,nan,0.755713,0.300197,0.254606,5.30738,6.26717,33,18,step,0.766,1.79069e+09,-4.1959,51,-0.0909288
0.767,2,0.8,nan,nan,nan,nan,0.755713,0.300197,0.264194,5.30738,6.2665,33,18,step,0.767,1.79069e+09,-4.25229,51,-0.0898094
0.768,2,0.8,nan,nan,nan,nan,0.857227,0.315905,0.274847,5.30805,6.26583,33,18,step,0.768,1.79069e+09,-4.30869,51,-0.0890644
0.769,2,0.8,nan,nan,nan,nan,0.857227,0.315905,0.276977,5.30805,6.26516,33,18,step,0.769,1.79069e+09,-4.28613,51,-0.0883036
0.77,2,0.8,nan,nan,nan,nan,0.744434,0.305433,0.282304,5.30863,6.26449,33,18,step,0.77,1.79069e+09,-4.30869,51,-0.087537
0.771,2,0.8,nan,nan,nan,nan,0.744434,0.305433,0.291891,5.30863,6.26382,33,18,step,0.771,1.79069e+09,-4.34253,51,-0.0867181
0.772,2,0.8,nan,nan,nan,nan,0.733154,0.277507,0.284434,5.3092,6.26315,33,18,step,0.772,1.79069e+09,-4.31997,51,-0.0859908
0.773,2,0.8,nan,nan,nan,nan,0.733154,0.277507,0.30361,5.3092,6.26238,33,18,step,0.773,1.79069e+09,-4.26357,51,-0.0852266
0.774,2,0.8,nan,nan,nan,nan,0.845947,0.237365,0.32385,5.30968,6.26161,33,18,step,0.774,1.79069e+09,-4.29741,51,-0.0844412
0.775,2,0.8,nan,nan,nan,nan,0.845947,0.237365,0.334503,5.30968,6.26085,33,18,step,0.775,1.79069e+09,-4.25229,51,-0.0836614
0.776,2,0.8,nan,nan,nan,nan,0.676758,0.260054,0.311067,5.31016,6.26008,33,18,step,0.776,1.79069e+09,-4.30869,51,-0.0828445
0.777,2,0.8,nan,nan,nan,nan,0.676758,0.260054,0.300414,5.31016,6.25931,33,18,step,0.777,1.79069e+09,-4.34253,51,-0.0820797
0.778,2,0.8,nan,nan,nan,nan,0.64292,0.279253,0.302544,5.31074,6.25855,33,18,step,0.778,1.79069e+09,-4.27485,51,-0.0812471
0.779,2,0.8,nan,nan,nan,nan,0.64292,0.279253,0.310001,5.31074,6.25778,33,18,step,0.779,1.79069e+09,-4.22974,51,-0.080438
0.78,2,0.8,nan,nan,nan,nan,0.755713,0.305433,0.304675,5.31131,6.25701,33,18,step,0.78,1.79069e+09,-4.37637,51,-0.0796287
0.781,2,0.8,nan,nan,nan,nan,0.755713,0.305433,0.297218,5.31131,6.25624,33,18,step,0.781,1.79069e+09,-4.41021,51,-0.0787997
0.782,2,0.8,nan,nan,nan,nan,0.766992,0.324631,0.294022,5.31198,6.25538,33,18,step,0.782,1.79069e+09,-4.38765,51,-0.0780534
0.783,2,0.8,nan,nan,nan,nan,0.766992,0.324631,0.280173,5.31198,6.25452,33,18,step,0.783,1.79069e+09,-4.35381,51,-0.0772359
0.784,2,0.8,nan,nan,nan,nan,0.823389,0.305433,0.263128,5.31256,6.25366,33,18,step,0.784,1.79069e+09,-4.36509,51,-0.0763943
0.785,2,0.8,nan,nan,nan,nan,0.823389,0.305433,0.250345,5.31256,6.25289,33,18,step,0.785,1.79069e+09,-4.20718,51,-0.0755432
0.786,2,0.8,nan,nan,nan,nan,0.857227,0.279253,0.268455,5.31313,6.25203,33,18,step,0.786,1.79069e+09,-4.35381,51,-0.0746631
0.787,2,0.8,nan,nan,nan,nan,0.857227,0.279253,0.304675,5.31313,6.25126,33,18,step,0.787,1.79069e+09,-4.27485,51,-0.0738464
0.788,2,0.8,nan,nan,nan,nan,0.913623,0.260054,0.30361,5.31371,6.2504,33,18,step,0.788,1.79069e+09,-4.44404,51,-0.0729843
0.789,2,0.8,nan,nan,nan,nan,0.913623,0.260054,0.307871,5.31371,6.24963,33,18,step,0.789,1.79069e+09,-4.36509,51,-0.0721043
0.79,2,0.8,nan,nan,nan,nan,0.879785,0.275762,0.283369,5.31419,6.24867,33,18,step,0.79,1.79069e+09,-4.37637,51,-0.0712193
0.791,2,0.8,nan,nan,nan,nan,0.879785,0.275762,0.297218,5.31419,6.24771,33,18,step,0.791,1.79069e+09,-4.39893,51,-0.0702786
0.792,2,0.8,nan,nan,nan,nan,0.879785,0.286234,0.302544,5.31476,6.24675,33,18,step,0.792,1.79069e+09,-4.21846,51,-0.0694368
0.793,2,0.8,nan,nan,nan,nan,0.879785,0.286234,0.310001,5.31476,6.24579,33,18,step,0.793,1.79069e+09,-4.31997,51,-0.0685302
0.794,2,0.8,nan,nan,nan,nan,0.733154,0.301942,0.306806,5.31534,6.24484,33,18,step,0.794,1.79069e+09,-4.29741,51,-0.0676148
0.795,2,0.8,nan,nan,nan,nan,0.733154,0.301942,0.308936,5.31534,6.24397,33,18,step,0.795,1.79069e+09,-4.31997,51,-0.066678
0.796,2,0.8,nan,nan,nan,nan,0.744434,0.296706,0.314263,5.31601,6.24301,33,18,step,0.796,1.79069e+09,-4.35381,51,-0.0657114
0.797,2,0.8,nan,nan,nan,nan,0.744434,0.296706,0.310001,5.31601,6.24215,33,18,step,0.797,1.79069e+09,-4.37637,51,-0.0648304
0.798,2,0.8,nan,nan,nan,nan,0.721875,0.272271,0.318524,5.31659,6.24129,33,18,step,0.798,1.79069e+09,-4.43276,51,-0.063895
0.799,2,0.8,nan,nan,nan,nan,0.721875,0.272271,0.317458,5.31659,6.24043,33,18,step,0.799,1.79069e+09,-4.36509,51,-0.0629505
0.8,2,0.8,nan,nan,nan,nan,0.699316,0.258309,0.322785,5.31707,6.23947,33,18,step,0.8,1.79069e+09,-4.28613,51,-0.0619909
0.801,2,0.8,nan,nan,nan,nan,0.699316,0.258309,0.30361,5.31707,6.23851,33,18,step,0.801,1.79069e+09,-4.30869,51,-0.0610016
0.802,2,0.8,nan,nan,nan,nan,0.80083,0.253073,0.291891,5.31754,6.23755,33,18,step,0.802,1.79069e+09,-4.26357,51,-0.0601067
0.803,2,0.8,nan,nan,nan,nan,0.80083,0.253073,0.283369,5.31754,6.23669,33,18,step,0.803,1.79069e+09,-4.41021,51,-0.0591234
0.804,2,0.8,nan,nan,nan,nan,0.699316,0.274017,0.286565,5.31812,6.23573,33,18,step,0.804,1.79069e+09,-4.42148,51,-0.058144
0.805,2,0.8,nan,nan,nan,nan,0.699316,0.274017,0.278043,5.31812,6.23486,33,18,step,0.805,1.79069e+09,-4.41021,51,-0.0571396
0.806,2,0.8,nan,nan,nan,nan,0.710596,0.305433,0.263128,5.31879,6.23391,33,18,step,0.806,1.79069e+09,-4.44404,51,-0.0561002
0.807,2,0.8,nan,nan,nan,nan,0.710596,0.305433,0.274847,5.31879,6.23304,33,18,step,0.807,1.79069e+09,-4.33125,51,-0.0551745
0.808,2,0.8,nan,nan,nan,nan,0.721875,0.310669,0.298283,5.31937,6.23199,33,18,step,0.808,1.79069e+09,-4.34253,51,-0.0541792
0.809,2,0.8,nan,nan,nan,nan,0.721875,0.310669,0.298283,5.31937,6.23103,33,18,step,0.809,1.79069e+09,-4.31997,51,-0.053169
0.81,2,0.8,nan,nan,nan,nan,0.80083,0.29147,0.273781,5.31994,6.22998,33,18,step,0.81,1.79069e+09,-4.36509,51,-0.0521484
0.811,2,0.8,nan,nan,nan,nan,0.80083,0.29147,0.25141,5.31994,6.22902,33,18,step,0.811,1.79069e+09,-4.38765,51,-0.0510381
0.812,2,0.8,nan,nan,nan,nan,0.845947,0.267035,0.201341,5.32052,6.22796,33,18,step,0.812,1.79069e+09,-4.43276,51,-0.0499926
0.813,2,0.8,nan,nan,nan,nan,0.845947,0.267035,0.235431,5.32052,6.227,33,18,step,0.813,1.79069e+09,-4.43276,51,-0.0488691
0.814,2,0.8,nan,nan,nan,nan,0.823389,0.261799,0.302544,5.321,6.22595,33,18,step,0.814,1.79069e+09,-4.41021,51,-0.0477802
0.815,2,0.8,nan,nan,nan,nan,0.823389,0.261799,0.338764,5.321,6.22489,33,18,step,0.815,1.79069e+09,-4.30869,51,-0.046691
0.816,2,0.8,nan,nan,nan,nan,0.845947,0.272271,0.347287,5.32157,6.22384,33,18,step,0.816,1.79069e+09,-4.29741,51,-0.0455626
0.817,2,0.8,nan,nan,nan,nan,0.845947,0.272271,0.312132,5.32157,6.22269,33,18,step,0.817,1.79069e+09,-4.30869,51,-0.0445272
0.818,2,0.8,nan,nan,nan,nan,0.823389,0.286234,0.278043,5.32215,6.22154,33,18,step,0.818,1.79069e+09,-4.31997,51,-0.0434229
0.819,2,0.8,nan,nan,nan,nan,0.823389,0.286234,0.28763,5.32215,6.22039,33,18,step,0.819,1.79069e+09,-4.34253,51,-0.042309
0.82,2,0.8,nan,nan,nan,nan,0.823389,0.280998,0.313197,5.32272,6.21933,33,18,step,0.82,1.79069e+09,-4.41021,51,-0.0411796
0.821,2,0.8,nan,nan,nan,nan,0.823389,0.280998,0.308936,5.32272,6.21818,33,18,step,0.821,1.79069e+09,-4.41021,51,-0.0399851
0.822,2,0.8,nan,nan,nan,nan,0.80083,0.270526,0.302544,5.3232,6.21713,33,18,step,0.822,1.79069e+09,-4.31997,51,-0.0389425
0.823,2,0.8,nan,nan,nan,nan,0.80083,0.270526,0.284434,5.3232,6.21598,33,18,step,0.823,1.79069e+09,-4.30869,51,-0.0378305
0.824,2,0.8,nan,nan,nan,nan,0.778271,0.263545,0.297218,5.32378,6.21492,33,18,step,0.824,1.79069e+09,-4.35381,51,-0.0366799
0.825,2,0.8,nan,nan,nan,nan,0.778271,0.263545,0.30361,5.32378,6.21387,33,18,step,0.825,1.79069e+09,-4.35381,51,-0.0355307
0.826,2,0.8,nan,nan,nan,nan,0.766992,0.246091,0.300414,5.32426,6.21281,33,18,step,0.826,1.79069e+09,-4.35381,51,-0.0343067
0.827,2,0.8,nan,nan,nan,nan,0.766992,0.246091,0.289761,5.32426,6.21176,33,18,step,0.827,1.79069e+09,-4.36509,51,-0.0331885
0.828,2,0.8,nan,nan,nan,nan,0.744434,0.253073,0.275912,5.32483,6.2107,33,18,step,0.828,1.79069e+09,-4.35381,51,-0.0320022
0.829,2,0.8,nan,nan,nan,nan,0.744434,0.253073,0.296153,5.32483,6.20955,33,18,step,0.829,1.79069e+09,-4.26357,51,-0.0308553
0.83,2,0.8,nan,nan,nan,nan,0.744434,0.263545,0.289761,5.32531,6.2085,33,18,step,0.83,1.79069e+09,-4.22974,51,-0.0296812
0.831,2,0.8,nan,nan,nan,nan,0.744434,0.263545,0.292957,5.32531,6.20735,33,18,step,0.831,1.79069e+09,-4.34253,51,-0.0284129
0.832,2,0.8,nan,nan,nan,nan,0.744434,0.289725,0.28763,5.32589,6.20629,33,18,step,0.832,1.79069e+09,-4.27485,51,-0.0272523
0.833,2,0.8,nan,nan,nan,nan,0.744434,0.289725,0.266324,5.32589,6.20514,33,18,step,0.833,1.79069e+09,-4.30869,51,-0.0260335
0.834,2,0.8,nan,nan,nan,nan,0.744434,0.294961,0.281238,5.32646,6.20399,33,18,step,0.834,1.79069e+09,-4.31997,51,-0.0248448
0.835,2,0.8,nan,nan,nan,nan,0.744434,0.294961,0.301479,5.32646,6.20284,33,18,step,0.835,1.79069e+09,-4.28613,51,-0.0236381
0.836,2,0.8,nan,nan,nan,nan,0.755713,0.296706,0.318524,5.32704,6.2016,33,18,step,0.836,1.79069e+09,-4.28613,51,-0.0223669
0.837,2,0.8,nan,nan,nan,nan,0.755713,0.296706,0.32385,5.32704,6.20025,33,18,step,0.837,1.79069e+09,-4.29741,51,-0.0211947
0.838,2,0.8,nan,nan,nan,nan,0.778271,0.268781,0.294022,5.32761,6.19901,33,18,step,0.838,1.79069e+09,-4.29741,51,-0.0199756
0.839,2,0.8,nan,nan,nan,nan,0.778271,0.268781,0.2855,5.32761,6.19767,33,18,step,0.839,1.79069e+09,-4.31997,51,-0.0187271
0.84,2,0.8,nan,nan,nan,nan,0.778271,0.26529,0.301479,5.32819,6.19632,33,18,step,0.84,1.79069e+09,-4.41021,51,-0.0174646
0.841,2,0.8,nan,nan,nan,nan,0.778271,0.26529,0.306806,5.32819,6.19498,33,18,step,0.841,1.79069e+09,-4.30869,51,-0.0161774
0.842,2,0.8,nan,nan,nan,nan,0.789551,0.272271,0.300414,5.32867,6.19354,33,18,step,0.842,1.79069e+09,-4.33125,51,-0.0149817
0.843,2,0.8,nan,nan,nan,nan,0.789551,0.272271,0.297218,5.32867,6.1922,33,18,step,0.843,1.79069e+09,-4.39893,51,-0.0137127
0.844,2,0.8,nan,nan,nan,nan,0.766992,0.284489,0.290826,5.32924,6.19086,33,18,step,0.844,1.79069e+09,-4.42148,51,-0.0124423
0.845,2,0.8,nan,nan,nan,nan,0.766992,0.284489,0.307871,5.32924,6.18952,33,18,step,0.845,1.79069e+09,-4.44404,51,-0.0111712
0.846,2,0.8,nan,nan,nan,nan,0.80083,0.305433,0.292957,5.32991,6.18808,33,18,step,0.846,1.79069e+09,-4.34253,51,-0.0098358
0.847,2,0.8,nan,nan,nan,nan,0.80083,0.305433,0.286565,5.32991,6.18693,33,18,step,0.847,1.79069e+09,-4.37637,51,-0.00862036
0.848,2,0.8,nan,nan,nan,nan,0.778271,0.305433,0.298283,5.33049,6.18559,33,18,step,0.848,1.79069e+09,-4.43276,51,-0.00732914
0.849,2,0.8,nan,nan,nan,nan,0.778271,0.305433,0.300414,5.33049,6.18424,33,18,step,0.849,1.79069e+09,-4.42148,51,-0.00600275
0.85,2,0.8,nan,nan,nan,nan,0.80083,0.284489,0.307871,5.33106,6.183,33,18,step,0.85,1.79069e+09,-4.4666,51,-0.00466894
0.851,2,0.8,nan,nan,nan,nan,0.80083,0.284489,0.290826,5.33106,6.18165,33,18,step,0.851,1.79069e+09,-4.50044,51,-0.00324422
0.852,2,0.8,nan,nan,nan,nan,0.744434,0.272271,0.280173,5.33164,6.18041,33,18,step,0.852,1.79069e+09,-4.4666,51,-0.00191444
0.853,2,0.8,nan,nan,nan,nan,0.744434,0.272271,0.30361,5.33164,6.17907,33,18,step,0.853,1.79069e+09,-4.39893,51,-0.000523737
0.854,2,0.8,nan,nan,nan,nan,0.721875,0.261799,0.311067,5.33212,6.17782,33,18,step,0.854,1.79069e+09,-4.34253,51,0.000847019
0.855,2,0.8,nan,nan,nan,nan,0.721875,0.261799,0.302544,5.33212,6.17657,33,18,step,0.855,1.79069e+09,-4.41021,51,0.00225213
0.856,2,0.8,nan,nan,nan,nan,0.710596,0.272271,0.298283,5.33269,6.17533,33,18,step,0.856,1.79069e+09,-4.43276,51,0.00371185
0.857,2,0.8,nan,nan,nan,nan,0.710596,0.272271,0.317458,5.33269,6.17408,33,18,step,0.857,1.79069e+09,-4.45532,51,0.00502505
0.858,2,0.8,nan,nan,nan,nan,0.699316,0.305433,0.311067,5.33327,6.17283,33,18,step,0.858,1.79069e+09,-4.38765,51,0.0064346
0.859,2,0.8,nan,nan,nan,nan,0.699316,0.305433,0.310001,5.33327,6.17159,33,18,step,0.859,1.79069e+09,-4.31997,51,0.00784112
0.86,2,0.8,nan,nan,nan,nan,0.744434,0.315905,0.331307,5.33394,6.17025,33,18,step,0.86,1.79069e+09,-4.28613,51,0.0092497
0.861,2,0.8,nan,nan,nan,nan,0.744434,0.315905,0.316393,5.33394,6.16881,33,18,step,0.861,1.79069e+09,-4.30869,51,0.0107232
0.862,2,0.8,nan,nan,nan,nan,0.766992,0.31765,0.308936,5.33451,6.16747,33,18,step,0.862,1.79069e+09,-4.35381,51,0.0120767
0.863,2,0.8,nan,nan,nan,nan,0.766992,0.31765,0.308936,5.33451,6.16612,33,18,step,0.863,1.79069e+09,-4.39893,51,0.0135009
0.864,2,0.8,nan,nan,nan,nan,0.755713,0.289725,0.306806,5.33519,6.16469,33,18,step,0.864,1.79069e+09,-4.29741,51,0.0149374
0.865,2,0.8,nan,nan,nan,nan,0.755713,0.289725,0.329177,5.33519,6.16325,33,18,step,0.865,1.79069e+09,-4.28613,51,0.0163958
0.866,2,0.8,nan,nan,nan,nan,0.913623,0.272271,0.316393,5.33576,6.16181,33,18,step,0.866,1.79069e+09,-4.28613,51,0.0179385
0.867,2,0.8,nan,nan,nan,nan,0.913623,0.272271,0.312132,5.33576,6.16037,33,18,step,0.867,1.79069e+09,-4.34253,51,0.0193187
0.868,2,0.8,nan,nan,nan,nan,0.913623,0.280998,0.314263,5.33634,6.15903,33,18,step,0.868,1.79069e+09,-4.41021,51,0.0207721
0.869,2,0.8,nan,nan,nan,nan,0.913623,0.280998,0.319589,5.33634,6.15759,33,18,step,0.869,1.79069e+09,-4.34253,51,0.0222128
0.87,2,0.8,nan,nan,nan,nan,0.778271,0.308923,0.314263,5.33691,6.15615,33,18,step,0.87,1.79069e+09,-4.29741,51,0.0236631
0.871,2,0.8,nan,nan,nan,nan,0.778271,0.308923,0.324916,5.33691,6.15462,33,18,step,0.871,1.79069e+09,-4.35381,51,0.0251772
0.872,2,0.8,nan,nan,nan,nan,0.812109,0.319395,0.311067,5.33749,6.15318,33,18,step,0.872,1.79069e+09,-4.38765,51,0.0265523
0.873,2,0.8,nan,nan,nan,nan,0.812109,0.319395,0.310001,5.33749,6.15165,33,18,step,0.873,1.79069e+09,-4.4666,51,0.0279988
0.874,2,0.8,nan,nan,nan,nan,0.823389,0.315905,0.314263,5.33816,6.15021,33,18,step,0.874,1.79069e+09,-4.44404,51,0.0294893
0.875,2,0.8,nan,nan,nan,nan,0.823389,0.315905,0.301479,5.33816,6.14867,33,18,step,0.875,1.79069e+09,-4.41021,51,0.0309875
0.876,2,0.8,nan,nan,nan,nan,0.812109,0.307178,0.32172,5.33873,6.14714,33,18,step,0.876,1.79069e+09,-4.42148,51,0.032553
0.877,2,0.8,nan,nan,nan,nan,0.812109,0.307178,0.325981,5.33873,6.14561,33,18,step,0.877,1.79069e+09,-4.47788,51,0.0339722
0.878,2,0.8,nan,nan,nan,nan,0.789551,0.282743,0.32172,5.33931,6.14407,33,18,step,0.878,1.79069e+09,-4.53428,51,0.0354821
0.879,2,0.8,nan,nan,nan,nan,0.789551,0.282743,0.327046,5.33931,6.14254,33,18,step,0.879,1.79069e+09,-4.45532,51,0.0370118
0.88,2,0.8,nan,nan,nan,nan,0.755713,0.284489,0.329177,5.33988,6.141,33,18,step,0.88,1.79069e+09,-4.41021,51,0.0385355
0.881,2,0.8,nan,nan,nan,nan,0.755713,0.284489,0.334503,5.33988,6.13937,33,18,step,0.881,1.79069e+09,-4.44404,51,0.0401286
0.882,2,0.8,nan,nan,nan,nan,0.721875,0.298451,0.329177,5.34046,6.13784,33,18,step,0.882,1.79069e+09,-4.50044,51,0.0415823
0.883,2,0.8,nan,nan,nan,nan,0.721875,0.298451,0.327046,5.34046,6.13631,33,18,step,0.883,1.79069e+09,-4.59067,51,0.0430955
0.884,2,0.8,nan,nan,nan,nan,0.733154,0.322886,0.327046,5.34113,6.13468,33,18,step,0.884,1.79069e+09,-4.4666,51,0.0446386
0.885,2,0.8,nan,nan,nan,nan,0.733154,0.322886,0.345156,5.34113,6.13314,33,18,step,0.885,1.79069e+09,-4.50044,51,0.046197
0.886,2,0.8,nan,nan,nan,nan,0.766992,0.345575,0.347287,5.3418,6.13151,33,18,step,0.886,1.79069e+09,-4.48916,51,0.0478172
0.887,2,0.8,nan,nan,nan,nan,0.766992,0.345575,0.337699,5.3418,6.12988,33,18,step,0.887,1.79069e+09,-4.523,51,0.0492863
0.888,2,0.8,nan,nan,nan,nan,0.80083,0.31765,0.322785,5.34247,6.12835,33,18,step,0.888,1.79069e+09,-4.53428,51,0.0508629
0.889,2,0.8,nan,nan,nan,nan,0.80083,0.31765,0.329177,5.34247,6.12672,33,18,step,0.889,1.79069e+09,-4.4666,51,0.0524608
0.89,2,0.8,nan,nan,nan,nan,0.812109,0.289725,0.318524,5.34305,6.12519,33,18,step,0.89,1.79069e+09,-4.4666,51,0.0540703
0.891,2,0.8,nan,nan,nan,nan,0.812109,0.289725,0.320654,5.34305,6.12356,33,18,step,0.891,1.79069e+09,-4.4666,51,0.0557498
0.892,2,0.8,nan,nan,nan,nan,0.834668,0.274017,0.328111,5.34362,6.12212,33,18,step,0.892,1.79069e+09,-4.55684,51,0.0573023
0.893,2,0.8,nan,nan,nan,nan,0.834668,0.274017,0.314263,5.34362,6.12058,33,18,step,0.893,1.79069e+09,-4.4666,51,0.0589619
0.894,2,0.8,nan,nan,nan,nan,0.845947,0.301942,0.312132,5.3442,6.11905,33,18,step,0.894,1.79069e+09,-4.36509,51,0.0605839
0.895,2,0.8,nan,nan,nan,nan,0.845947,0.301942,0.327046,5.3442,6.11752,33,18,step,0.895,1.79069e+09,-4.35381,51,0.0622114
0.896,2,0.8,nan,nan,nan,nan,0.845947,0.315905,0.322785,5.34487,6.11598,33,18,step,0.896,1.79069e+09,-4.47788,51,0.0639002
0.897,2,0.8,nan,nan,nan,nan,0.845947,0.315905,0.313197,5.34487,6.11445,33,18,step,0.897,1.79069e+09,-4.523,51,0.0654365
0.898,2,0.8,nan,nan,nan,nan,0.834668,0.336849,0.295087,5.34554,6.11291,33,18,step,0.898,1.79069e+09,-4.44404,51,0.067116
0.899,2,0.8,nan,nan,nan,nan,0.834668,0.336849,0.301479,5.34554,6.11138,33,18,step,0.899,1.79069e+09,-4.39893,51,0.0687963
0.9,2,-0.8,nan,nan,nan,nan,0.857227,0.319395,0.310001,5.34621,6.10975,33,18,step,0.9,1.79069e+09,-4.34253,51,0.0704605
0.901,2,-0.8,nan,nan,nan,nan,0.857227,0.319395,0.314263,5.34621,6.10812,33,18,step,0.901,1.79069e+09,-4.41021,51,0.0722047
0.902,2,-0.8,nan,nan,nan,nan,0.845947,0.296706,0.319589,5.34679,6.10649,33,18,step,0.902,1.79069e+09,-4.50044,51,0.0737919
0.903,2,-0.8,nan,nan,nan,nan,0.845947,0.296706,0.322785,5.34679,6.10486,33,18,step,0.903,1.79069e+09,-4.42148,51,0.0754706
0.904,2,-0.8,nan,nan,nan,nan,0.0902344,0.181514,0.328111,5.34717,6.10313,33,18,step,0.904,1.79069e+09,-4.45532,51,0.0771583
0.905,2,-0.8,nan,nan,nan,nan,0.0902344,0.181514,0.328111,5.34717,6.10141,33,18,step,0.905,1.79069e+09,-4.48916,51,0.0788572
0.906,2,-0.8,nan,nan,nan,nan,0.0338379,0.0453786,0.343026,5.34736,6.09978,33,18,step,0.906,1.79069e+09,-4.54556,51,0.0806235
0.907,2,-0.8,nan,nan,nan,nan,0.0338379,0.0453786,0.327046,5.34736,6.09805,33,18,step,0.907,1.79069e+09,-4.51172,51,0.0822108
0.908,2,-0.8,nan,nan,nan,nan,-0.0225586,0.225147,0.312132,5.34765,6.09633,33,18,step,0.908,1.79069e+09,-4.4666,51,0.0839206
0.909,2,-0.8,nan,nan,nan,nan,-0.0225586,0.225147,0.308936,5.34765,6.0947,33,18,step,0.909,1.79069e+09,-4.51172,51,0.0855899
0.91,2,-0.8,nan,nan,nan,nan,-0.135352,0.411898,0.296153,5.34851,6.09297,33,18,step,0.91,1.79069e+09,-4.523,51,0.0872133
0.911,2,-0.8,nan,nan,nan,nan,-0.135352,0.411898,0.307871,5.34851,6.09125,33,18,step,0.911,1.79069e+09,-4.63579,51,0.0889625
0.912,2,-0.8,nan,nan,nan,nan,-0.236865,0.345575,0.284434,5.34918,6.08942,33,18,step,0.912,1.79069e+09,-4.53428,51,0.0905261
0.913,2,-0.8,nan,nan,nan,nan,-0.236865,0.345575,0.268455,5.34918,6.0876,33,18,step,0.913,1.79069e+09,-4.50044,51,0.0922278
0.914,2,-0.8,nan,nan,nan,nan,-0.349658,0.150098,0.26739,5.34957,6.08588,33,18,step,0.914,1.79069e+09,-4.57939,51,0.0939447
0.915,2,-0.8,nan,nan,nan,nan,-0.349658,0.150098,0.259932,5.34957,6.08406,33,18,step,0.915,1.79069e+09,-4.62451,51,0.0956763
0.916,2,-0.8,nan,nan,nan,nan,-0.496289,0.0767945,0.255671,5.34976,6.08233,33,18,step,0.916,1.79069e+09,-4.53428,51,0.0974965
0.917,2,-0.8,nan,nan,nan,nan,-0.496289,0.0767945,0.243953,5.34976,6.08051,33,18,step,0.917,1.79069e+09,-4.54556,51,0.0991668
0.918,2,-0.8,nan,nan,nan,nan,-0.620361,0.150098,0.242888,5.35005,6.07878,33,18,step,0.918,1.79069e+09,-4.56812,51,0.100931
0.919,2,-0.8,nan,nan,nan,nan,-0.620361,0.150098,0.255671,5.35005,6.07706,33,18,step,0.919,1.79069e+09,-4.63579,51,0.102675
0.92,2,-0.8,nan,nan,nan,nan,-0.688037,0.211185,0.235431,5.35043,6.07524,33,18,step,0.92,1.79069e+09,-4.50044,51,0.10438
0.921,2,-0.8,nan,nan,nan,nan,-0.688037,0.211185,0.216255,5.35043,6.07351,33,18,step,0.921,1.79069e+09,-4.51172,51,0.106206
0.922,2,-0.8,nan,nan,nan,nan,-0.710596,0.191986,0.229039,5.35081,6.07178,33,18,step,0.922,1.79069e+09,-4.59067,51,0.107832
0.923,2,-0.8,nan,nan,nan,nan,-0.710596,0.191986,0.202406,5.35081,6.07006,33,18,step,0.923,1.79069e+09,-4.61323,51,0.109586
0.924,2,-0.8,nan,nan,nan,nan,-0.733154,0.136136,0.173643,5.3511,6.06833,33,18,step,0.924,1.79069e+09,-4.63579,51,0.111308
0.925,2,-0.8,nan,nan,nan,nan,-0.733154,0.136136,0.176839,5.3511,6.06651,33,18,step,0.925,1.79069e+09,-4.53428,51,0.11304
0.926,2,-0.8,nan,nan,nan,nan,-0.755713,0.129154,0.170448,5.35139,6.06478,33,18,step,0.926,1.79069e+09,-4.59067,51,0.114923
0.927,2,-0.8,nan,nan,nan,nan,-0.755713,0.129154,0.170448,5.35139,6.06296,33,18,step,0.927,1.79069e+09,-4.61323,51,0.116612
0.928,2,-0.8,nan,nan,nan,nan,-0.744434,0.137881,0.14275,5.35168,6.06114,33,18,step,0.928,1.79069e+09,-4.62451,51,0.118415
0.929,2,-0.8,nan,nan,nan,nan,-0.744434,0.137881,0.115052,5.35168,6.05932,33,18,step,0.929,1.79069e+09,-4.55684,51,0.120248
0.93,2,-0.8,nan,nan,nan,nan,-0.744434,0.10821,0.115052,5.35187,6.0575,33,18,step,0.93,1.79069e+09,-4.56812,51,0.12207
0.931,2,-0.8,nan,nan,nan,nan,-0.744434,0.10821,0.107595,5.35187,6.05568,33,18,step,0.931,1.79069e+09,-4.59067,51,0.123982
0.932,2,-0.8,nan,nan,nan,nan,-0.766992,0.0628319,0.111856,5.35196,6.05386,33,18,step,0.932,1.79069e+09,-4.64707,51,0.125706
0.933,2,-0.8,nan,nan,nan,nan,-0.766992,0.0628319,0.0798973,5.35196,6.05203,33,18,step,0.933,1.79069e+09,-4.59067,51,0.127533
0.934,2,-0.8,nan,nan,nan,nan,-0.766992,0.0401426,0.0767014,5.35206,6.05021,33,18,step,0.934,1.79069e+09,-4.54556,51,0.129388
0.935,2,-0.8,nan,nan,nan,nan,-0.766992,0.0401426,0.0798973,5.35206,6.04839,33,18,step,0.935,1.79069e+09,-4.62451,51,0.131233
0.936,2,-0.8,nan,nan,nan,nan,-0.766992,0.0453786,0.0916155,5.35215,6.04657,33,18,step,0.936,1.79069e+09,-4.69219,51,0.133174
0.937,2,-0.8,nan,nan,nan,nan,-0.766992,0.0453786,0.0767014,5.35215,6.04475,33,18,step,0.937,1.79069e+09,-4.56812,51,0.134907
0.938,2,-0.8,nan,nan,nan,nan,-0.778271,0.0401426,0.0319589,5.35225,6.04293,33,18,step,0.938,1.79069e+09,-4.57939,51,0.136755
0.939,2,-0.8,nan,nan,nan,nan,-0.778271,0.0401426,0.0276977,5.35225,6.0411,33,18,step,0.939,1.79069e+09,-4.62451,51,0.138643
0.94,2,-0.8,nan,nan,nan,nan,-0.766992,0.00698132,0.028763,5.35225,6.03919,33,18,step,0.94,1.79069e+09,-4.65835,51,0.140524
0.941,2,-0.8,nan,nan,nan,nan,-0.766992,0.00698132,0.0010653,5.35225,6.03736,33,18,step,0.941,1.79069e+09,-4.523,51,0.142533
0.942,2,-0.8,nan,nan,nan,nan,-0.766992,0,-0.00745708,5.35225,6.03545,33,18,step,0.942,1.79069e+09,-4.54556,51,0.144349
0.943,2,-0.8,nan,nan,nan,nan,-0.766992,0,0.00319589,5.35225,6.03353,33,18,step,0.943,1.79069e+09,-4.54556,51,0.146299
0.944,2,-0.8,nan,nan,nan,nan,-0.766992,0,-0.00532648,5.35225,6.03161,33,18,step,0.944,1.79069e+09,-4.64707,51,0.148255
0.945,2,-0.8,nan,nan,nan,nan,-0.766992,0,-0.0415466,5.35225,6.02979,33,18,step,0.945,1.79069e+09,-4.4666,51,0.150175
0.946,2,-0.8,nan,nan,nan,nan,-0.789551,-0.00523599,-0.0138489,5.35225,6.02787,33,18,step,0.946,1.79069e+09,-4.50044,51,0.152201
0.947,2,-0.8,nan,nan,nan,nan,-0.789551,-0.00523599,0.00426119,5.35225,6.02596,33,18,step,0.947,1.79069e+09,-4.55684,51,0.154077
0.948,2,-0.8,nan,nan,nan,nan,-0.766992,-0.0366519,-0.0511343,5.35225,6.02413,33,18,step,0.948,1.79069e+09,-4.57939,51,0.156041
0.949,2,-0.8,nan,nan,nan,nan,-0.766992,-0.0366519,-0.0777667,5.35225,6.02222,33,18,step,0.949,1.79069e+09,-4.45532,51,0.158023
0.95,2,-0.8,nan,nan,nan,nan,-0.766992,-0.0575959,-0.057526,5.35206,6.0202,33,18,step,0.95,1.79069e+09,-4.44404,51,0.159961
0.951,2,-0.8,nan,nan,nan,nan,-0.766992,-0.0575959,-0.0543301,5.35206,6.01829,33,18,step,0.951,1.79069e+09,-4.50044,51,0.161993
0.952,2,-0.8,nan,nan,nan,nan,-0.766992,-0.0750492,-0.0511343,5.35196,6.01627,33,18,step,0.952,1.79069e+09,-4.59067,51,0.163878
0.953,2,-0.8,nan,nan,nan,nan,-0.766992,-0.0750492,-0.0553954,5.35196,6.01436,33,18,step,0.953,1.79069e+09,-4.48916,51,0.165866
0.954,2,-0.8,nan,nan,nan,nan,-0.721875,-0.0872665,-0.0767014,5.35177,6.01225,33,18,step,0.954,1.79069e+09,-4.50044,51,0.16787
0.955,2,-0.8,nan,nan,nan,nan,-0.721875,-0.0872665,-0.0926808,5.35177,6.01023,33,18,step,0.955,1.79069e+09,-4.523,51,0.169879
0.956,2,-0.8,nan,nan,nan,nan,-0.857227,-0.0890118,-0.0926808,5.35158,6.00822,33,18,step,0.956,1.79069e+09,-4.50044,51,0.171988
0.957,2,-0.8,nan,nan,nan,nan,-0.857227,-0.0890118,-0.0916155,5.35158,6.00611,33,18,step,0.957,1.79069e+09,-4.48916,51,0.173915
0.958,2,-0.8,nan,nan,nan,nan,-0.845947,-0.0942478,-0.105464,5.35139,6.0041,33,18,step,0.958,1.79069e+09,-4.523,51,0.175937
0.959,2,-0.8,nan,nan,nan,nan,-0.845947,-0.0942478,-0.0958767,5.35139,6.00208,33,18,step,0.959,1.79069e+09,-4.61323,51,0.177972
0.96,2,-0.8,nan,nan,nan,nan,-0.834668,-0.115192,-0.0926808,5.3512,6.00007,33,18,step,0.96,1.79069e+09,-4.48916,51,0.180004
0.961,2,-0.8,nan,nan,nan,nan,-0.834668,-0.115192,-0.0980073,5.3512,5.99806,33,18,step,0.961,1.79069e+09,-4.48916,51,0.182143
0.962,2,-0.8,nan,nan,nan,nan,-0.755713,-0.115192,-0.104399,5.35091,5.99604,33,18,step,0.962,1.79069e+09,-4.48916,51,0.184104
0.963,2,-0.8,nan,nan,nan,nan,-0.755713,-0.115192,-0.125705,5.35091,5.99403,33,18,step,0.963,1.79069e+09,-4.54556,51,0.18616
0.964,2,-0.8,nan,nan,nan,nan,-0.755713,-0.120428,-0.128901,5.35072,5.99202,33,18,step,0.964,1.79069e+09,-4.45532,51,0.188233
0.965,2,-0.8,nan,nan,nan,nan,-0.755713,-0.120428,-0.119313,5.35072,5.9901,33,18,step,0.965,1.79069e+09,-4.42148,51,0.190289
0.966,2,-0.8,nan,nan,nan,nan,-0.766992,-0.13439,-0.122509,5.35043,5.98809,33,18,step,0.966,1.79069e+09,-4.4666,51,0.192436
0.967,2,-0.8,nan,nan,nan,nan,-0.766992,-0.13439,-0.153403,5.35043,5.98588,33,18,step,0.967,1.79069e+09,-4.55684,51,0.194428
0.968,2,-0.8,nan,nan,nan,nan,-0.755713,-0.137881,-0.148076,5.35014,5.98387,33,18,step,0.968,1.79069e+09,-4.50044,51,0.196536
0.969,2,-0.8,nan,nan,nan,nan,-0.755713,-0.137881,-0.137423,5.35014,5.98195,33,18,step,0.969,1.79069e+09,-4.47788,51,0.198643
0.97,2,-0.8,nan,nan,nan,nan,-0.766992,-0.141372,-0.158729,5.34985,5.98022,33,18,step,0.97,1.79069e+09,-4.42148,51,0.200731
0.971,2,-0.8,nan,nan,nan,nan,-0.766992,-0.141372,-0.192819,5.34985,5.97821,33,18,step,0.971,1.79069e+09,-4.39893,51,0.202917
0.972,2,-0.8,nan,nan,nan,nan,-0.766992,-0.146608,-0.161925,5.34957,5.97629,33,18,step,0.972,1.79069e+09,-4.34253,51,0.204904
0.973,2,-0.8,nan,nan,nan,nan,-0.766992,-0.146608,-0.168317,5.34957,5.97428,33,18,step,0.973,1.79069e+09,-4.41021,51,0.206979
0.974,2,-0.8,nan,nan,nan,nan,-0.778271,-0.15708,-0.138489,5.34928,5.97227,33,18,step,0.974,1.79069e+09,-4.4666,51,0.209068
0.975,2,-0.8,nan,nan,nan,nan,-0.778271,-0.15708,-0.156599,5.34928,5.96997,33,18,step,0.975,1.79069e+09,-4.33125,51,0.211158
0.976,2,-0.8,nan,nan,nan,nan,-0.789551,-0.158825,-0.182166,5.3489,5.96814,33,18,step,0.976,1.79069e+09,-4.41021,51,0.213372
0.977,2,-0.8,nan,nan,nan,nan,-0.789551,-0.158825,-0.173643,5.3489,5.96575,33,18,step,0.977,1.79069e+09,-4.33125,51,0.215391
0.978,2,-0.8,nan,nan,nan,nan,-0.789551,-0.162316,-0.196015,5.34861,5.96373,33,18,step,0.978,1.79069e+09,-4.30869,51,0.217486
0.979,2,-0.8,nan,nan,nan,nan,-0.789551,-0.162316,-0.154468,5.34861,5.96153,33,18,step,0.979,1.79069e+09,-4.21846,51,0.219585
0.98,2,-0.8,nan,nan,nan,nan,-0.80083,-0.188496,-0.133162,5.34822,5.95942,33,18,step,0.98,1.79069e+09,-4.29741,51,0.221712
0.981,2,-0.8,nan,nan,nan,nan,-0.80083,-0.188496,-0.155533,5.34822,5.9575,33,18,step,0.981,1.79069e+09,-4.48916,51,0.223957
0.982,2,-0.8,nan,nan,nan,nan,-0.789551,-0.191986,-0.191753,5.34784,5.95511,33,18,step,0.982,1.79069e+09,-4.29741,51,0.225981
0.983,2,-0.8,nan,nan,nan,nan,-0.789551,-0.191986,-0.19708,5.34784,5.95319,33,18,step,0.983,1.79069e+09,-4.35381,51,0.228097
0.984,2,-0.8,nan,nan,nan,nan,-0.789551,-0.204204,-0.1811,5.34746,5.95069,33,18,step,0.984,1.79069e+09,-4.42148,51,0.230245
0.985,2,-0.8,nan,nan,nan,nan,-0.789551,-0.204204,-0.189623,5.34746,5.94859,33,18,step,0.985,1.79069e+09,-4.44404,51,0.232371
0.986,2,-0.8,nan,nan,nan,nan,-0.80083,-0.211185,-0.190688,5.34698,5.94648,33,18,step,0.986,1.79069e+09,-4.42148,51,0.234611
0.987,2,-0.8,nan,nan,nan,nan,-0.80083,-0.211185,-0.187492,5.34698,5.94456,33,18,step,0.987,1.79069e+09,-4.42148,51,0.236641
0.988,2,-0.8,nan,nan,nan,nan,-0.812109,-0.197222,-0.187492,5.34659,5.94226,33,18,step,0.988,1.79069e+09,-4.56812,51,0.23876
0.989,2,-0.8,nan,nan,nan,nan,-0.812109,-0.197222,-0.168317,5.34659,5.94015,33,18,step,0.989,1.79069e+09,-4.50044,51,0.240893
0.99,2,-0.8,nan,nan,nan,nan,-0.834668,-0.195477,-0.182166,5.34621,5.93842,33,18,step,0.99,1.79069e+09,-4.41021,51,0.243043
0.991,2,-0.8,nan,nan,nan,nan,-0.834668,-0.195477,-0.210929,5.34621,5.93631,33,18,step,0.991,1.79069e+09,-4.53428,51,0.245297
0.992,2,-0.8,nan,nan,nan,nan,-0.823389,-0.20944,-0.214125,5.34583,5.93401,33,18,step,0.992,1.79069e+09,-4.55684,51,0.247341
0.993,2,-0.8,nan,nan,nan,nan,-0.823389,-0.20944,-0.192819,5.34583,5.9319,33,18,step,0.993,1.79069e+09,-4.41021,51,0.24947
0.994,2,-0.8,nan,nan,nan,nan,-0.834668,-0.218166,-0.204537,5.34544,5.92979,33,18,step,0.994,1.79069e+09,-4.42148,51,0.251596
0.995,2,-0.8,nan,nan,nan,nan,-0.834668,-0.218166,-0.214125,5.34544,5.92778,33,18,step,0.995,1.79069e+09,-4.4666,51,0.253763
0.996,2,-0.8,nan,nan,nan,nan,-0.823389,-0.230383,-0.211994,5.34496,5.92596,33,18,step,0.996,1.79069e+09,-4.42148,51,0.256014
0.997,2,-0.8,nan,nan,nan,nan,-0.823389,-0.230383,-0.229039,5.34496,5.92356,33,18,step,0.997,1.79069e+09,-4.38765,51,0.25809
0.998,2,-0.8,nan,nan,nan,nan,-0.834668,-0.235619,-0.236496,5.34448,5.92145,33,18,step,0.998,1.79069e+09,-4.31997,51,0.260262
0.999,2,-0.8,nan,nan,nan,nan,-0.834668,-0.235619,-0.227974,5.34448,5.91963,33,18,step,0.999,1.79069e+09,-4.48916,51,0.262413
1,2,-0.8,nan,nan,nan,nan,-0.823389,-0.226893,-0.235431,5.34401,5.91714,33,18,step,1,1.79069e+09,-4.22974,51,0.264571
1.001,2,-0.8,nan,nan,nan,nan,-0.823389,-0.226893,-0.221582,5.34401,5.91503,33,18,step,1.001,1.79069e+09,-4.29741,51,0.266811
1.002,2,-0.8,nan,nan,nan,nan,-0.80083,-0.232129,-0.231169,5.34353,5.91321,33,18,step,1.002,1.79069e+09,-4.47788,51,0.268872
1.003,2,-0.8,nan,nan,nan,nan,-0.80083,-0.232129,-0.223712,5.34353,5.91072,33,18,step,1.003,1.79069e+09,-4.29741,51,0.271035
1.004,2,-0.8,nan,nan,nan,nan,-0.755713,-0.230383,-0.230104,5.34305,5.90851,33,18,step,1.004,1.79069e+09,-4.27485,51,0.273186
1.005,2,-0.8,nan,nan,nan,nan,-0.755713,-0.230383,-0.243953,5.34305,5.90631,33,18,step,1.005,1.79069e+09,-4.35381,51,0.275356
1.006,2,-0.8,nan,nan,nan,nan,-0.778271,-0.230383,-0.240757,5.34257,5.9041,33,18,step,1.006,1.79069e+09,-4.4666,51,0.277622
1.007,2,-0.8,nan,nan,nan,nan,-0.778271,-0.230383,-0.239692,5.34257,5.9018,33,18,step,1.007,1.79069e+09,-4.43276,51,0.279694
1.008,2,-0.8,nan,nan,nan,nan,-0.755713,-0.233874,-0.248214,5.34209,5.89959,33,18,step,1.008,1.79069e+09,-4.45532,51,0.281888
1.009,2,-0.8,nan,nan,nan,nan,-0.755713,-0.233874,-0.265259,5.34209,5.89729,33,18,step,1.009,1.79069e+09,-4.523,51,0.284081
1.01,2,-0.8,nan,nan,nan,nan,-0.755713,-0.237365,-0.253541,5.34161,5.89509,33,18,step,1.01,1.79069e+09,-4.45532,51,0.286286
1.011,2,-0.8,nan,nan,nan,nan,-0.755713,-0.237365,-0.274847,5.34161,5.89288,33,18,step,1.011,1.79069e+09,-4.44404,51,0.288608
1.012,2,-0.8,nan,nan,nan,nan,-0.766992,-0.258309,-0.257802,5.34113,5.89068,33,18,step,1.012,1.79069e+09,-4.47788,51,0.290689
1.013,2,-0.8,nan,nan,nan,nan,-0.766992,-0.258309,-0.249279,5.34113,5.88857,33,18,step,1.013,1.79069e+09,-4.45532,51,0.292879
1.014,2,-0.8,nan,nan,nan,nan,-0.778271,-0.280998,-0.247149,5.34055,5.88646,33,18,step,1.014,1.79069e+09,-4.35381,51,0.295069
1.015,2,-0.8,nan,nan,nan,nan,-0.778271,-0.280998,-0.258867,5.34055,5.88435,33,18,step,1.015,1.79069e+09,-4.36509,51,0.297292
1.016,2,-0.8,nan,nan,nan,nan,-0.721875,-0.286234,-0.254606,5.33998,5.88215,33,18,step,1.016,1.79069e+09,-4.42148,51,0.299615
1.017,2,-0.8,nan,nan,nan,nan,-0.721875,-0.286234,-0.255671,5.33998,5.88004,33,18,step,1.017,1.79069e+09,-4.24102,51,0.301733
1.018,2,-0.8,nan,nan,nan,nan,-0.823389,-0.29147,-0.270585,5.3394,5.87783,33,18,step,1.018,1.79069e+09,-4.31997,51,0.303974
1.019,2,-0.8,nan,nan,nan,nan,-0.823389,-0.29147,-0.281238,5.3394,5.87563,33,18,step,1.019,1.79069e+09,-4.31997,51,0.306172
1.02,2,-0.8,nan,nan,nan,nan,-0.834668,-0.282743,-0.273781,5.33883,5.87352,33,18,step,1.02,1.79069e+09,-4.17334,51,0.308404
1.021,2,-0.8,nan,nan,nan,nan,-0.834668,-0.282743,-0.257802,5.33883,5.87141,33,18,step,1.021,1.79069e+09,-4.12822,51,0.31074
1.022,2,-0.8,nan,nan,nan,nan,-0.766992,-0.268781,-0.273781,5.33825,5.8692,33,18,step,1.022,1.79069e+09,-4.1395,51,0.31288
1.023,2,-0.8,nan,nan,nan,nan,-0.766992,-0.268781,-0.284434,5.33825,5.867,33,18,step,1.023,1.79069e+09,-4.34253,51,0.315153
1.024,2,-0.8,nan,nan,nan,nan,-0.755713,-0.284489,-0.278043,5.33768,5.86489,33,18,step,1.024,1.79069e+09,-4.10566,51,0.317372
1.025,2,-0.8,nan,nan,nan,nan,-0.755713,-0.284489,-0.260998,5.33768,5.86268,33,18,step,1.025,1.79069e+09,-4.12822,51,0.319597
1.026,2,-0.8,nan,nan,nan,nan,-0.744434,-0.296706,-0.272716,5.3371,5.86057,33,18,step,1.026,1.79069e+09,-4.22974,51,0.32192
1.027,2,-0.8,nan,nan,nan,nan,-0.744434,-0.296706,-0.283369,5.3371,5.85846,33,18,step,1.027,1.79069e+09,-4.21846,51,0.324027
1.028,2,-0.8,nan,nan,nan,nan,-0.699316,-0.305433,-0.26952,5.33653,5.85626,33,18,step,1.028,1.79069e+09,-4.20718,51,0.326261
1.029,2,-0.8,nan,nan,nan,nan,-0.699316,-0.305433,-0.273781,5.33653,5.85405,33,18,step,1.029,1.79069e+09,-4.24102,51,0.328499
1.03,2,-0.8,nan,nan,nan,nan,-0.688037,-0.294961,-0.301479,5.33586,5.85185,33,18,step,1.03,1.79069e+09,-4.27485,51,0.330728
1.031,2,-0.8,nan,nan,nan,nan,-0.688037,-0.294961,-0.289761,5.33586,5.84974,33,18,step,1.031,1.79069e+09,-4.15078,51,0.333061
1.032,2,-0.8,nan,nan,nan,nan,-0.654199,-0.279253,-0.283369,5.33528,5.84753,33,18,step,1.032,1.79069e+09,-4.1395,51,0.335167
1.033,2,-0.8,nan,nan,nan,nan,-0.654199,-0.279253,-0.284434,5.33528,5.84514,33,18,step,1.033,1.79069e+09,-4.1395,51,0.33737
1.034,2,-0.8,nan,nan,nan,nan,-0.676758,-0.256563,-0.30574,5.3348,5.84332,33,18,step,1.034,1.79069e+09,-4.12822,51,0.33956
1.035,2,-0.8,nan,nan,nan,nan,-0.676758,-0.256563,-0.297218,5.3348,5.84111,33,18,step,1.035,1.79069e+09,-4.07183,51,0.341763
1.036,2,-0.8,nan,nan,nan,nan,-0.654199,-0.270526,-0.279108,5.33423,5.839,33,18,step,1.036,1.79069e+09,-4.07183,51,0.344093
1.037,2,-0.8,nan,nan,nan,nan,-0.654199,-0.270526,-0.290826,5.33423,5.83689,33,18,step,1.037,1.79069e+09,-4.09438,51,0.346174
1.038,2,-0.8,nan,nan,nan,nan,-0.654199,-0.305433,-0.28763,5.33365,5.83469,33,18,step,1.038,1.79069e+09,-3.93647,51,0.34837
1.039,2,-0.8,nan,nan,nan,nan,-0.654199,-0.305433,-0.307871,5.33365,5.83267,33,18,step,1.039,1.79069e+09,-4.02671,51,0.350572
1.04,2,-0.8,nan,nan,nan,nan,-0.789551,-0.322886,-0.301479,5.33298,5.83057,33,18,step,1.04,1.79069e+09,-4.00415,51,0.352773
1.041,2,-0.8,nan,nan,nan,nan,-0.789551,-0.322886,-0.299348,5.33298,5.82846,33,18,step,1.041,1.79069e+09,-3.95903,51,0.355074
1.042,2,-0.8,nan,nan,nan,nan,-0.857227,-0.333358,-0.279108,5.33231,5.82635,33,18,step,1.042,1.79069e+09,-3.77856,51,0.357148
1.043,2,-0.8,nan,nan,nan,nan,-0.857227,-0.333358,-0.283369,5.33231,5.82424,33,18,step,1.043,1.79069e+09,-3.94775,51,0.359305
1.044,2,-0.8,nan,nan,nan,nan,-0.733154,-0.329867,-0.30574,5.33173,5.82222,33,18,step,1.044,1.79069e+09,-4.00415,51,0.361449
1.045,2,-0.8,nan,nan,nan,nan,-0.733154,-0.329867,-0.273781,5.33173,5.82021,33,18,step,1.045,1.79069e+09,-3.76729,51,0.363618
1.046,2,-0.8,nan,nan,nan,nan,-0.755713,-0.308923,-0.297218,5.33106,5.8181,33,18,step,1.046,1.79069e+09,-3.84624,51,0.365866
1.047,2,-0.8,nan,nan,nan,nan,-0.755713,-0.308923,-0.315328,5.33106,5.81609,33,18,step,1.047,1.79069e+09,-3.80112,51,0.36789
1.048,2,-0.8,nan,nan,nan,nan,-0.778271,-0.305433,-0.314263,5.33049,5.81407,33,18,step,1.048,1.79069e+09,-3.83496,51,0.370006
1.049,2,-0.8,nan,nan,nan,nan,-0.778271,-0.305433,-0.308936,5.33049,5.81206,33,18,step,1.049,1.79069e+09,-3.72217,51,0.37211
1.05,2,-0.8,nan,nan,nan,nan,-0.755713,-0.322886,-0.297218,5.32982,5.81005,33,18,step,1.05,1.79069e+09,-3.77856,51,0.374222
1.051,2,-0.8,nan,nan,nan,nan,-0.755713,-0.322886,-0.295087,5.32982,5.80813,33,18,step,1.051,1.79069e+09,-3.75601,51,0.376428
1.052,2,-0.8,nan,nan,nan,nan,-0.80083,-0.336849,-0.281238,5.32915,5.80621,33,18,step,1.052,1.79069e+09,-3.66577,51,0.378412
1.053,2,-0.8,nan,nan,nan,nan,-0.80083,-0.336849,-0.310001,5.32915,5.8043,33,18,step,1.053,1.79069e+09,-3.5981,51,0.380469
1.054,2,-0.8,nan,nan,nan,nan,-0.80083,-0.347321,-0.288695,5.32847,5.80238,33,18,step,1.054,1.79069e+09,-3.60938,51,0.382514
1.055,2,-0.8,nan,nan,nan,nan,-0.80083,-0.347321,-0.30361,5.32847,5.80046,33,18,step,1.055,1.79069e+09,-3.65449,51,0.38455
1.056,2,-0.8,nan,nan,nan,nan,-0.80083,-0.322886,-0.317458,5.3278,5.79864,33,18,step,1.056,1.79069e+09,-3.5981,51,0.386682
1.057,2,-0.8,nan,nan,nan,nan,-0.80083,-0.322886,-0.294022,5.3278,5.79672,33,18,step,1.057,1.79069e+09,-3.55298,51,0.388597
1.058,2,-0.8,nan,nan,nan,nan,-0.789551,-0.305433,-0.308936,5.32713,5.7949,33,18,step,1.058,1.79069e+09,-3.47402,51,0.390561
1.059,2,-0.8,nan,nan,nan,nan,-0.789551,-0.305433,-0.308936,5.32713,5.79308,33,18,step,1.059,1.79069e+09,-3.5417,51,0.39252
1.06,2,-0.8,nan,nan,nan,nan,-0.710596,-0.314159,-0.307871,5.32656,5.79126,33,18,step,1.06,1.79069e+09,-3.51914,51,0.394483
1.061,2,-0.8,nan,nan,nan,nan,-0.710596,-0.314159,-0.315328,5.32656,5.78934,33,18,step,1.061,1.79069e+09,-3.44019,51,0.396506
1.062,2,-0.8,nan,nan,nan,nan,-0.80083,-0.338594,-0.306806,5.32589,5.78752,33,18,step,1.062,1.79069e+09,-3.44019,51,0.398312
1.063,2,-0.8,nan,nan,nan,nan,-0.80083,-0.338594,-0.311067,5.32589,5.7857,33,18,step,1.063,1.79069e+09,-3.4853,51,0.40021
1.064,2,-0.8,nan,nan,nan,nan,-0.80083,-0.354302,-0.301479,5.32521,5.78397,33,18,step,1.064,1.79069e+09,-3.50786,51,0.402094
1.065,2,-0.8,nan,nan,nan,nan,-0.80083,-0.354302,-0.302544,5.32521,5.78215,33,18,step,1.065,1.79069e+09,-3.40635,51,0.403953
1.066,2,-0.8,nan,nan,nan,nan,-0.823389,-0.366519,-0.320654,5.32445,5.78042,33,18,step,1.066,1.79069e+09,-3.45146,51,0.405887
1.067,2,-0.8,nan,nan,nan,nan,-0.823389,-0.366519,-0.311067,5.32445,5.7787,33,18,step,1.067,1.79069e+09,-3.46274,51,0.407594
1.068,2,-0.8,nan,nan,nan,nan,-0.857227,-0.356047,-0.30361,5.32378,5.77697,33,18,step,1.068,1.79069e+09,-3.41763,51,0.409393
1.069,2,-0.8,nan,nan,nan,nan,-0.857227,-0.356047,-0.315328,5.32378,5.77525,33,18,step,1.069,1.79069e+09,-3.31611,51,0.411194
1.07,2,-0.8,nan,nan,nan,nan,-0.845947,-0.34383,-0.301479,5.32301,5.77352,33,18,step,1.07,1.79069e+09,-3.29355,51,0.412957
1.071,2,-0.8,nan,nan,nan,nan,-0.845947,-0.34383,-0.302544,5.32301,5.77179,33,18,step,1.071,1.79069e+09,-3.28228,51,0.414766
1.072,2,-0.8,nan,nan,nan,nan,-0.80083,-0.331613,-0.331307,5.32234,5.77026,33,18,step,1.072,1.79069e+09,-3.34995,51,0.416388
1.073,2,-0.8,nan,nan,nan,nan,-0.80083,-0.331613,-0.329177,5.32234,5.76873,33,18,step,1.073,1.79069e+09,-3.24844,51,0.418075
1.074,2,-0.8,nan,nan,nan,nan,-0.789551,-0.352557,-0.332373,5.32167,5.76719,33,18,step,1.074,1.79069e+09,-3.18076,51,0.419734
1.075,2,-0.8,nan,nan,nan,nan,-0.789551,-0.352557,-0.327046,5.32167,5.76566,33,18,step,1.075,1.79069e+09,-3.22588,51,0.421378
1.076,2,-0.8,nan,nan,nan,nan,-0.733154,-0.359538,-0.291891,5.321,5.76422,33,18,step,1.076,1.79069e+09,-3.16948,51,0.423074
1.077,2,-0.8,nan,nan,nan,nan,-0.733154,-0.359538,-0.30574,5.321,5.76288,33,18,step,1.077,1.79069e+09,-3.20332,51,0.424589
1.078,2,-0.8,nan,nan,nan,nan,-0.733154,-0.359538,-0.33983,5.32023,5.76154,33,18,step,1.078,1.79069e+09,-3.13564,51,0.426168
1.079,2,-0.8,nan,nan,nan,nan,-0.733154,-0.359538,-0.320654,5.32023,5.76019,33,18,step,1.079,1.79069e+09,-3.02285,51,0.427732
1.08,2,-0.8,nan,nan,nan,nan,-0.744434,-0.363028,-0.337699,5.31956,5.75895,33,18,step,1.08,1.79069e+09,-2.97773,51,0.42926
1.081,2,-0.8,nan,nan,nan,nan,-0.744434,-0.363028,-0.338764,5.31956,5.7577,33,18,step,1.081,1.79069e+09,-3.01157,51,0.430828
1.082,2,-0.8,nan,nan,nan,nan,-0.744434,-0.366519,-0.317458,5.31879,5.75645,33,18,step,1.082,1.79069e+09,-3.02285,51,0.432208
1.083,2,-0.8,nan,nan,nan,nan,-0.744434,-0.366519,-0.314263,5.31879,5.7553,33,18,step,1.083,1.79069e+09,-3.12437,51,0.433662
1.084,2,-0.8,nan,nan,nan,nan,-0.834668,-0.383972,-0.328111,5.31802,5.75415,33,18,step,1.084,1.79069e+09,-3.02285,51,0.435089
1.085,2,-0.8,nan,nan,nan,nan,-0.834668,-0.383972,-0.311067,5.31802,5.753,33,18,step,1.085,1.79069e+09,-2.89878,51,0.436461
1.086,2,-0.8,nan,nan,nan,nan,-0.766992,-0.408407,-0.317458,5.31726,5.75176,33,18,step,1.086,1.79069e+09,-2.89878,51,0.437838
1.087,2,-0.8,nan,nan,nan,nan,-0.766992,-0.408407,-0.346222,5.31726,5.75051,33,18,step,1.087,1.79069e+09,-2.92134,51,0.439053
1.088,2,-0.8,nan,nan,nan,nan,-0.789551,-0.404916,-0.350483,5.31639,5.74936,33,18,step,1.088,1.79069e+09,-2.96646,51,0.440326
1.089,2,-0.8,nan,nan,nan,nan,-0.789551,-0.404916,-0.355809,5.31639,5.74821,33,18,step,1.089,1.79069e+09,-3.04541,51,0.441576
1.09,2,-0.8,nan,nan,nan,nan,-0.80083,-0.389208,-0.338764,5.31563,5.74696,33,18,step,1.09,1.79069e+09,-3.05669,51,0.442818
1.091,2,-0.8,nan,nan,nan,nan,-0.80083,-0.389208,-0.345156,5.31563,5.74581,33,18,step,1.091,1.79069e+09,-2.97773,51,0.444077
1.092,2,-0.8,nan,nan,nan,nan,-0.778271,-0.383972,-0.368593,5.31486,5.74457,33,18,step,1.092,1.79069e+09,-2.95518,51,0.445187
1.093,2,-0.8,nan,nan,nan,nan,-0.778271,-0.383972,-0.356874,5.31486,5.74342,33,18,step,1.093,1.79069e+09,-2.97773,51,0.446313
1.094,2,-0.8,nan,nan,nan,nan,-0.744434,-0.397935,-0.344091,5.31409,5.74227,33,18,step,1.094,1.79069e+09,-3.02285,51,0.447378
1.095,2,-0.8,nan,nan,nan,nan,-0.744434,-0.397935,-0.330242,5.31409,5.74121,33,18,step,1.095,1.79069e+09,-3.11309,51,0.448436
1.096,2,-0.8,nan,nan,nan,nan,-0.857227,-0.39968,-0.355809,5.31323,5.74016,33,18,step,1.096,1.79069e+09,-3.19204,51,0.44954
1.097,2,-0.8,nan,nan,nan,nan,-0.857227,-0.39968,-0.389899,5.31323,5.73901,33,18,step,1.097,1.79069e+09,-3.13564,51,0.450518
1.098,2,-0.8,nan,nan,nan,nan,-0.744434,-0.378736,-0.370723,5.31246,5.73795,33,18,step,1.098,1.79069e+09,-3.02285,51,0.45149
1.099,2,-0.8,nan,nan,nan,nan,-0.744434,-0.378736,-0.365397,5.31246,5.7369,33,18,step,1.099,1.79069e+09,-3.02285,51,0.452405
1.1,2,-0.8,nan,nan,nan,nan,-0.710596,-0.375246,-0.371789,5.3117,5.73594,33,18,step,1.1,1.79069e+09,-3.10181,51,0.453278
1.101,2,-0.8,nan,nan,nan,nan,-0.710596,-0.375246,-0.370723,5.3117,5.73498,33,18,step,1.101,1.79069e+09,-3.2146,51,0.454226
1.102,2,-0.8,nan,nan,nan,nan,-0.710596,-0.401426,-0.385637,5.31093,5.73412,33,18,step,1.102,1.79069e+09,-3.24844,51,0.455053
1.103,2,-0.8,nan,nan,nan,nan,-0.710596,-0.401426,-0.371789,5.31093,5.73325,33,18,step,1.103,1.79069e+09,-3.29355,51,0.455924
1.104,2,-0.8,nan,nan,nan,nan,-0.733154,-0.441568,-0.364332,5.31007,5.73239,33,18,step,1.104,1.79069e+09,-3.30483,51,0.456765
1.105,2,-0.8,nan,nan,nan,nan,-0.733154,-0.441568,-0.37605,5.31007,5.73162,33,18,step,1.105,1.79069e+09,-3.2146,51,0.457557
1.106,2,-0.8,nan,nan,nan,nan,-0.913623,-0.45204,-0.368593,5.30911,5.73086,33,18,step,1.106,1.79069e+09,-3.1582,51,0.458383
1.107,2,-0.8,nan,nan,nan,nan,-0.913623,-0.45204,-0.382442,5.30911,5.73009,33,18,step,1.107,1.79069e+09,-3.18076,51,0.459087
1.108,2,-0.8,nan,nan,nan,nan,-0.789551,-0.424115,-0.39629,5.30834,5.72942,33,18,step,1.108,1.79069e+09,-3.18076,51,0.459821
1.109,2,-0.8,nan,nan,nan,nan,-0.789551,-0.424115,-0.385637,5.30834,5.72875,33,18,step,1.109,1.79069e+09,-3.23716,51,0.460535
1.11,2,-0.8,nan,nan,nan,nan,-0.834668,-0.401426,-0.366462,5.30748,5.72808,33,18,step,1.11,1.79069e+09,-3.23716,51,0.461226
1.111,2,-0.8,nan,nan,nan,nan,-0.834668,-0.401426,-0.386703,5.30748,5.7275,33,18,step,1.111,1.79069e+09,-3.24844,51,0.461923
1.112,2,-0.8,nan,nan,nan,nan,-0.789551,-0.403171,-0.383507,5.30671,5.72693,33,18,step,1.112,1.79069e+09,-3.22588,51,0.462526
1.113,2,-0.8,nan,nan,nan,nan,-0.789551,-0.403171,-0.39416,5.30671,5.72635,33,18,step,1.113,1.79069e+09,-3.24844,51,0.463133
1.114,2,-0.8,nan,nan,nan,nan,-0.733154,-0.42237,-0.377115,5.30585,5.72578,33,18,step,1.114,1.79069e+09,-3.271,51,0.463713
1.115,2,-0.8,nan,nan,nan,nan,-0.733154,-0.42237,-0.39416,5.30585,5.7252,33,18,step,1.115,1.79069e+09,-3.28228,51,0.464265
1.116,2,-0.8,nan,nan,nan,nan,-0.733154,-0.408407,-0.387768,5.30498,5.72462,33,18,step,1.116,1.79069e+09,-3.31611,51,0.464839
1.117,2,-0.8,nan,nan,nan,nan,-0.733154,-0.408407,-0.387768,5.30498,5.72405,33,18,step,1.117,1.79069e+09,-3.271,51,0.465343
1.118,2,-0.8,nan,nan,nan,nan,-0.721875,-0.403171,-0.387768,5.30412,5.72347,33,18,step,1.118,1.79069e+09,-3.22588,51,0.46585
1.119,2,-0.8,nan,nan,nan,nan,-0.721875,-0.403171,-0.39416,5.30412,5.7229,33,18,step,1.119,1.79069e+09,-3.22588,51,0.466349
1.12,2,-0.8,nan,nan,nan,nan,-0.744434,-0.431096,-0.409074,5.30336,5.72242,33,18,step,1.12,1.79069e+09,-3.25972,51,0.466809
1.121,2,-0.8,nan,nan,nan,nan,-0.744434,-0.431096,-0.385637,5.30336,5.72184,33,18,step,1.121,1.79069e+09,-3.28228,51,0.467282
1.122,2,-0.8,nan,nan,nan,nan,-0.766992,-0.47822,-0.369658,5.3024,5.72146,33,18,step,1.122,1.79069e+09,-3.34995,51,0.467671
1.123,2,-0.8,nan,nan,nan,nan,-0.766992,-0.47822,-0.395225,5.3024,5.72098,33,18,step,1.123,1.79069e+09,-3.44019,51,0.468081
1.124,2,-0.8,nan,nan,nan,nan,-0.834668,-0.500909,-0.385637,5.30134,5.72069,33,18,step,1.124,1.79069e+09,-3.44019,51,0.46849
1.125,2,-0.8,nan,nan,nan,nan,-0.834668,-0.500909,-0.387768,5.30134,5.7205,33,18,step,1.125,1.79069e+09,-3.45146,51,0.468865
1.126,2,-0.8,nan,nan,nan,nan,-0.868506,-0.460767,-0.395225,5.30048,5.72021,33,18,step,1.126,1.79069e+09,-3.41763,51,0.469212
1.127,2,-0.8,nan,nan,nan,nan,-0.868506,-0.460767,-0.398421,5.30048,5.72002,33,18,step,1.127,1.79069e+09,-3.42891,51,0.469486
1.128,2,-0.8,nan,nan,nan,nan,-0.868506,-0.429351,-0.413335,5.29962,5.71983,33,18,step,1.128,1.79069e+09,-3.4853,51,0.469756
1.129,2,-0.8,nan,nan,nan,nan,-0.868506,-0.429351,-0.411205,5.29962,5.71964,33,18,step,1.129,1.79069e+09,-3.50786,51,0.470024
1.13,2,-0.8,nan,nan,nan,nan,-0.857227,-0.432842,-0.399486,5.29875,5.71945,33,18,step,1.13,1.79069e+09,-3.53042,51,0.470303
1.131,2,-0.8,nan,nan,nan,nan,-0.857227,-0.432842,-0.401617,5.29875,5.71926,33,18,step,1.131,1.79069e+09,-3.55298,51,0.47057
1.132,2,-0.8,nan,nan,nan,nan,-0.80083,-0.436332,-0.395225,5.29789,5.71906,33,18,step,1.132,1.79069e+09,-3.49658,51,0.470791
1.133,2,-0.8,nan,nan,nan,nan,-0.80083,-0.436332,-0.409074,5.29789,5.71887,33,18,step,1.133,1.79069e+09,-3.5417,51,0.470989
1.134,2,-0.8,nan,nan,nan,nan,-0.778271,-0.411898,-0.428249,5.29703,5.71868,33,18,step,1.134,1.79069e+09,-3.65449,51,0.471175
1.135,2,-0.8,nan,nan,nan,nan,-0.778271,-0.411898,-0.409074,5.29703,5.71849,33,18,step,1.135,1.79069e+09,-3.68833,51,0.47135
1.136,2,-0.8,nan,nan,nan,nan,-0.789551,-0.401426,-0.402682,5.29626,5.7183,33,18,step,1.136,1.79069e+09,-3.62065,51,0.47153
1.137,2,-0.8,nan,nan,nan,nan,-0.789551,-0.401426,-0.39629,5.29626,5.71801,33,18,step,1.137,1.79069e+09,-3.63193,51,0.471694
1.138,2,-0.8,nan,nan,nan,nan,-0.789551,-0.45204,-0.406943,5.2953,5.71772,33,18,step,1.138,1.79069e+09,-3.67705,51,0.471822
1.139,2,-0.8,nan,nan,nan,nan,-0.789551,-0.45204,-0.406943,5.2953,5.71743,33,18,step,1.139,1.79069e+09,-3.66577,51,0.471923
1.14,2,-0.8,nan,nan,nan,nan,-0.823389,-0.507891,-0.386703,5.29434,5.71705,33,18,step,1.14,1.79069e+09,-3.69961,51,0.472004
1.141,2,-0.8,nan,nan,nan,nan,-0.823389,-0.507891,-0.392029,5.29434,5.71676,33,18,step,1.141,1.79069e+09,-3.73345,51,0.472073
1.142,2,-0.8,nan,nan,nan,nan,-0.868506,-0.486947,-0.39416,5.29329,5.71648,33,18,step,1.142,1.79069e+09,-3.69961,51,0.472154
1.143,2,-0.8,nan,nan,nan,nan,-0.868506,-0.486947,-0.406943,5.29329,5.71609,33,18,step,1.143,1.79069e+09,-3.76729,51,0.472239
1.144,2,-0.8,nan,nan,nan,nan,-0.902344,-0.469494,-0.421858,5.29243,5.71571,33,18,step,1.144,1.79069e+09,-3.75601,51,0.472291
1.145,2,-0.8,nan,nan,nan,nan,-0.902344,-0.469494,-0.421858,5.29243,5.71542,33,18,step,1.145,1.79069e+09,-3.76729,51,0.472321
1.146,2,-0.8,nan,nan,nan,nan,-0.879785,-0.457276,-0.420792,5.29147,5.71513,33,18,step,1.146,1.79069e+09,-3.78984,51,0.472348
1.147,2,-0.8,nan,nan,nan,nan,-0.879785,-0.457276,-0.41227,5.29147,5.71485,33,18,step,1.147,1.79069e+09,-3.83496,51,0.472358
1.148,2,-0.8,nan,nan,nan,nan,-0.823389,-0.446804,-0.409074,5.2906,5.71465,33,18,step,1.148,1.79069e+09,-3.88008,51,0.47236
1.149,2,-0.8,nan,nan,nan,nan,-0.823389,-0.446804,-0.427184,5.2906,5.71446,33,18,step,1.149,1.79069e+09,-3.90264,51,0.472328
1.15,2,-0.8,nan,nan,nan,nan,-0.823389,-0.417134,-0.414401,5.28974,5.71427,33,18,step,1.15,1.79069e+09,-3.98159,51,0.472324
1.151,2,-0.8,nan,nan,nan,nan,-0.823389,-0.417134,-0.432511,5.28974,5.71427,33,18,step,1.151,1.79069e+09,-3.97031,51,0.47232
1.152,2,-0.8,nan,nan,nan,nan,-0.834668,-0.42237,-0.421858,5.28888,5.71417,33,18,step,1.152,1.79069e+09,-3.97031,51,0.472296
1.153,2,-0.8,nan,nan,nan,nan,-0.834668,-0.42237,-0.414401,5.28888,5.71417,33,18,step,1.153,1.79069e+09,-4.02671,51,0.472294
1.154,2,-0.8,nan,nan,nan,nan,-0.766992,-0.469494,-0.392029,5.28792,5.71417,33,18,step,1.154,1.79069e+09,-4.01543,51,0.472248
1.155,2,-0.8,nan,nan,nan,nan,-0.766992,-0.469494,-0.419727,5.28792,5.71417,33,18,step,1.155,1.79069e+09,-3.99287,51,0.472233
1.156,2,-0.8,nan,nan,nan,nan,-0.812109,-0.507891,-0.431445,5.28696,5.71427,33,18,step,1.156,1.79069e+09,-4.04927,51,0.472224
1.157,2,-0.8,nan,nan,nan,nan,-0.812109,-0.507891,-0.41227,5.28696,5.71427,33,18,step,1.157,1.79069e+09,-4.01543,51,0.472224
1.158,2,-0.8,nan,nan,nan,nan,-0.868506,-0.499164,-0.399486,5.28591,5.71427,33,18,step,1.158,1.79069e+09,-4.01543,51,0.47222
1.159,2,-0.8,nan,nan,nan,nan,-0.868506,-0.499164,-0.416531,5.28591,5.71427,33,18,step,1.159,1.79069e+09,-3.98159,51,0.472209
1.16,2,-0.8,nan,nan,nan,nan,-0.879785,-0.467748,-0.429315,5.28504,5.71427,33,18,step,1.16,1.79069e+09,-3.97031,51,0.472197
1.161,2,-0.8,nan,nan,nan,nan,-0.879785,-0.467748,-0.449555,5.28504,5.71427,33,18,step,1.161,1.79069e+09,-4.07183,51,0.47218
1.162,2,-0.8,nan,nan,nan,nan,-0.845947,-0.44855,-0.442098,5.28408,5.71427,33,18,step,1.162,1.79069e+09,-3.98159,51,0.472165
1.163,2,-0.8,nan,nan,nan,nan,-0.845947,-0.44855,-0.434641,5.28408,5.71427,33,18,step,1.163,1.79069e+09,-3.98159,51,0.472156
1.164,2,-0.8,nan,nan,nan,nan,-0.80083,-0.464258,-0.429315,5.28313,5.71427,33,18,step,1.164,1.79069e+09,-3.98159,51,0.472115
1.165,2,-0.8,nan,nan,nan,nan,-0.80083,-0.464258,-0.421858,5.28313,5.71427,33,18,step,1.165,1.79069e+09,-4.00415,51,0.472096
1.166,2,-0.8,nan,nan,nan,nan,-0.778271,-0.446804,-0.414401,5.28226,5.71427,33,18,step,1.166,1.79069e+09,-3.98159,51,0.47208
1.167,2,-0.8,nan,nan,nan,nan,-0.778271,-0.446804,-0.437837,5.28226,5.71427,33,18,step,1.167,1.79069e+09,-3.98159,51,0.472052
1.168,2,-0.8,nan,nan,nan,nan,-0.721875,-0.439823,-0.432511,5.2813,5.71427,33,18,step,1.168,1.79069e+09,-3.95903,51,0.472031
1.169,2,-0.8,nan,nan,nan,nan,-0.721875,-0.439823,-0.432511,5.2813,5.71427,33,18,step,1.169,1.79069e+09,-4.00415,51,0.471988
1.17,2,-0.8,nan,nan,nan,nan,-0.778271,-0.467748,-0.419727,5.28044,5.71427,33,18,step,1.17,1.79069e+09,-4.04927,51,0.471968
1.171,2,-0.8,nan,nan,nan,nan,-0.778271,-0.467748,-0.402682,5.28044,5.71427,33,18,step,1.171,1.79069e+09,-3.95903,51,0.471958
1.172,2,-0.8,nan,nan,nan,nan,-0.812109,-0.509636,-0.405878,5.27948,5.71427,33,18,step,1.172,1.79069e+09,-4.00415,51,0.471982
1.173,2,-0.8,nan,nan,nan,nan,-0.812109,-0.509636,-0.402682,5.27948,5.71427,33,18,step,1.173,1.79069e+09,-3.98159,51,0.471985
1.174,2,-0.8,nan,nan,nan,nan,-0.823389,-0.521853,-0.422923,5.27843,5.71427,33,18,step,1.174,1.79069e+09,-3.95903,51,0.471959
1.175,2,-0.8,nan,nan,nan,nan,-0.823389,-0.521853,-0.397356,5.27843,5.71427,33,18,step,1.175,1.79069e+09,-3.97031,51,0.471968
1.176,2,-0.8,nan,nan,nan,nan,-0.812109,-0.471239,-0.423988,5.27747,5.71427,33,18,step,1.176,1.79069e+09,-4.00415,51,0.471978
1.177,2,-0.8,nan,nan,nan,nan,-0.812109,-0.471239,-0.428249,5.27747,5.71437,33,18,step,1.177,1.79069e+09,-3.97031,51,0.471984
1.178,2,-0.8,nan,nan,nan,nan,-0.755713,-0.47473,-0.406943,5.27651,5.71437,33,18,step,1.178,1.79069e+09,-4.00415,51,0.471987
1.179,2,-0.8,nan,nan,nan,nan,-0.755713,-0.47473,-0.406943,5.27651,5.71437,33,18,step,1.179,1.79069e+09,-3.97031,51,0.472012
1.18,2,-0.8,nan,nan,nan,nan,-0.733154,-0.479966,-0.426119,5.27555,5.71437,33,18,step,1.18,1.79069e+09,-3.99287,51,0.472011
1.181,2,-0.8,nan,nan,nan,nan,-0.733154,-0.479966,-0.414401,5.27555,5.71427,33,18,step,1.181,1.79069e+09,-3.98159,51,0.472034
1.182,2,-0.8,nan,nan,nan,nan,-0.744434,-0.472984,-0.405878,5.27459,5.71427,33,18,step,1.182,1.79069e+09,-3.99287,51,0.472042
1.183,2,-0.8,nan,nan,nan,nan,-0.744434,-0.472984,-0.409074,5.27459,5.71427,33,18,step,1.183,1.79069e+09,-3.93647,51,0.472031
1.184,2,-0.8,nan,nan,nan,nan,-0.755713,-0.466003,-0.416531,5.27363,5.71427,33,18,step,1.184,1.79069e+09,-3.99287,51,0.47202
1.185,2,-0.8,nan,nan,nan,nan,-0.755713,-0.466003,-0.411205,5.27363,5.71427,33,18,step,1.185,1.79069e+09,-3.99287,51,0.472015
1.186,2,-0.8,nan,nan,nan,nan,-0.755713,-0.47822,-0.417596,5.27268,5.71427,33,18,step,1.186,1.79069e+09,-3.95903,51,0.472026
1.187,2,-0.8,nan,nan,nan,nan,-0.755713,-0.47822,-0.418662,5.27268,5.71427,33,18,step,1.187,1.79069e+09,-3.93647,51,0.47202
1.188,2,-0.8,nan,nan,nan,nan,-0.812109,-0.513127,-0.427184,5.27172,5.71427,33,18,step,1.188,1.79069e+09,-3.95903,51,0.472021
1.189,2,-0.8,nan,nan,nan,nan,-0.812109,-0.513127,-0.425053,5.27172,5.71427,33,18,step,1.189,1.79069e+09,-3.95903,51,0.471997
1.19,2,-0.8,nan,nan,nan,nan,-0.845947,-0.506145,-0.400552,5.27066,5.71427,33,18,step,1.19,1.79069e+09,-3.93647,51,0.471969
1.191,2,-0.8,nan,nan,nan,nan,-0.845947,-0.506145,-0.420792,5.27066,5.71427,33,18,step,1.191,1.79069e+09,-3.99287,51,0.471969
1.192,2,-0.8,nan,nan,nan,nan,-0.823389,-0.471239,-0.443164,5.2697,5.71427,33,18,step,1.192,1.79069e+09,-3.97031,51,0.471972
1.193,2,-0.8,nan,nan,nan,nan,-0.823389,-0.471239,-0.435706,5.2697,5.71427,33,18,step,1.193,1.79069e+09,-3.93647,51,0.471954
1.194,2,-0.8,nan,nan,nan,nan,-0.721875,-0.483456,-0.463404,5.26865,5.71427,33,18,step,1.194,1.79069e+09,-3.93647,51,0.471945
1.195,2,-0.8,nan,nan,nan,nan,-0.721875,-0.483456,-0.444229,5.26865,5.71427,33,18,step,1.195,1.79069e+09,-3.95903,51,0.471923
1.196,2,-0.8,nan,nan,nan,nan,-0.721875,-0.495674,-0.44849,5.26779,5.71427,33,18,step,1.196,1.79069e+09,-3.95903,51,0.471899
1.197,2,-0.8,nan,nan,nan,nan,-0.721875,-0.495674,-0.432511,5.26779,5.71427,33,18,step,1.197,1.79069e+09,-4.00415,51,0.471908
1.198,2,-0.8,nan,nan,nan,nan,-0.733154,-0.479966,-0.425053,5.26683,5.71427,33,18,step,1.198,1.79069e+09,-3.99287,51,0.471912
1.199,2,-0.8,nan,nan,nan,nan,-0.733154,-0.479966,-0.442098,5.26683,5.71427,33,18,step,1.199,1.79069e+09,-3.97031,51,0.471919
1.2,2,0.8,nan,nan,nan,nan,-0.744434,-0.495674,-0.445294,5.26587,5.71427,33,18,step,1.2,1.79069e+09,-3.93647,51,0.471908
1.201,2,0.8,nan,nan,nan,nan,-0.744434,-0.495674,-0.425053,5.26587,5.71427,33,18,step,1.201,1.79069e+09,-3.95903,51,0.471888
1.202,2,0.8,nan,nan,nan,nan,-0.778271,-0.53058,-0.432511,5.26481,5.71427,33,18,step,1.202,1.79069e+09,-3.99287,51,0.471864
1.203,2,0.8,nan,nan,nan,nan,-0.778271,-0.53058,-0.455947,5.26481,5.71427,33,18,step,1.203,1.79069e+09,-4.00415,51,0.471852
1.204,2,0.8,nan,nan,nan,nan,-0.0112793,-0.445059,-0.43038,5.26376,5.71427,33,18,step,1.204,1.79069e+09,-3.97031,51,0.471845
1.205,2,0.8,nan,nan,nan,nan,-0.0112793,-0.445059,-0.437837,5.26376,5.71427,33,18,step,1.205,1.79069e+09,-3.93647,51,0.471834
1.206,2,0.8,nan,nan,nan,nan,0,-0.235619,-0.451686,5.26328,5.71427,33,18,step,1.206,1.79069e+09,-4.08311,51,0.471838
1.207,2,0.8,nan,nan,nan,nan,0,-0.235619,-0.438902,5.26328,5.71427,33,18,step,1.207,1.79069e+09,-3.99287,51,0.471824
1.208,2,0.8,nan,nan,nan,nan,0.101514,-0.401426,-0.438902,5.26251,5.71427,33,18,step,1.208,1.79069e+09,-3.95903,51,0.471829
1.209,2,0.8,nan,nan,nan,nan,0.101514,-0.401426,-0.437837,5.26251,5.71427,33,18,step,1.209,1.79069e+09,-3.99287,51,0.471814
1.21,2,0.8,nan,nan,nan,nan,0.0789551,-0.60912,-0.422923,5.26136,5.71427,33,18,step,1.21,1.79069e+09,-3.99287,51,0.471841
1.211,2,0.8,nan,nan,nan,nan,0.0789551,-0.60912,-0.402682,5.26136,5.71427,33,18,step,1.211,1.79069e+09,-4.00415,51,0.471883
1.212,2,0.8,nan,nan,nan,nan,0.214307,-0.588176,-0.405878,5.26021,5.71427,33,18,step,1.212,1.79069e+09,-3.93647,51,0.471942
1.213,2,0.8,nan,nan,nan,nan,0.214307,-0.588176,-0.401617,5.26021,5.71427,33,18,step,1.213,1.79069e+09,-3.93647,51,0.471964
1.214,2,0.8,nan,nan,nan,nan,0.270703,-0.387463,-0.395225,5.25944,5.71427,33,18,step,1.214,1.79069e+09,-3.93647,51,0.471976
1.215,2,0.8,nan,nan,nan,nan,0.270703,-0.387463,-0.39629,5.25944,5.71427,33,18,step,1.215,1.79069e+09,-3.95903,51,0.472003
1.216,2,0.8,nan,nan,nan,nan,0.417334,-0.275762,-0.413335,5.25887,5.71427,33,18,step,1.216,1.79069e+09,-3.93647,51,0.472006
1.217,2,0.8,nan,nan,nan,nan,0.417334,-0.275762,-0.397356,5.25887,5.71427,33,18,step,1.217,1.79069e+09,-3.90264,51,0.47201
1.218,2,0.8,nan,nan,nan,nan,0.609082,-0.345575,-0.400552,5.2581,5.71427,33,18,step,1.218,1.79069e+09,-4.03799,51,0.472028
1.219,2,0.8,nan,nan,nan,nan,0.609082,-0.345575,-0.37818,5.2581,5.71427,33,18,step,1.219,1.79069e+09,-3.93647,51,0.472033
1.22,2,0.8,nan,nan,nan,nan,0.721875,-0.420624,-0.371789,5.25734,5.71427,33,18,step,1.22,1.79069e+09,-3.93647,51,0.472072
1.221,2,0.8,nan,nan,nan,nan,0.721875,-0.420624,-0.366462,5.25734,5.71427,33,18,step,1.221,1.79069e+09,-3.93647,51,0.472123
1.222,2,0.8,nan,nan,nan,nan,0.744434,-0.417134,-0.356874,5.25647,5.71427,33,18,step,1.222,1.79069e+09,-3.91392,51,0.472158
1.223,2,0.8,nan,nan,nan,nan,0.744434,-0.417134,-0.336634,5.25647,5.71427,33,18,step,1.223,1.79069e+09,-3.90264,51,0.47218
1.224,2,0.8,nan,nan,nan,nan,0.744434,-0.350811,-0.335569,5.25571,5.71427,33,18,step,1.224,1.79069e+09,-3.90264,51,0.472184
1.225,2,0.8,nan,nan,nan,nan,0.744434,-0.350811,-0.330242,5.25571,5.71427,33,18,step,1.225,1.79069e+09,-3.93647,51,0.472218
1.226,2,0.8,nan,nan,nan,nan,0.744434,-0.328122,-0.325981,5.25513,5.71427,33,18,step,1.226,1.79069e+09,-3.88008,51,0.472267
1.227,2,0.8,nan,nan,nan,nan,0.744434,-0.328122,-0.324916,5.25513,5.71427,33,18,step,1.227,1.79069e+09,-3.90264,51,0.472286
1.228,2,0.8,nan,nan,nan,nan,0.733154,-0.329867,-0.298283,5.25446,5.71427,33,18,step,1.228,1.79069e+09,-3.88008,51,0.472304
1.229,2,0.8,nan,nan,nan,nan,0.733154,-0.329867,-0.289761,5.25446,5.71427,33,18,step,1.229,1.79069e+09,-3.90264,51,0.472305
1.23,2,0.8,nan,nan,nan,nan,0.721875,-0.333358,-0.281238,5.25379,5.71437,33,18,step,1.23,1.79069e+09,-3.90264,51,0.472348
1.231,2,0.8,nan,nan,nan,nan,0.721875,-0.333358,-0.253541,5.25379,5.71437,33,18,step,1.231,1.79069e+09,-3.91392,51,0.472412
1.232,2,0.8,nan,nan,nan,nan,0.710596,-0.310669,-0.268455,5.25312,5.71437,33,18,step,1.232,1.79069e+09,-3.90264,51,0.472466
1.233,2,0.8,nan,nan,nan,nan,0.710596,-0.310669,-0.26952,5.25312,5.71437,33,18,step,1.233,1.79069e+09,-3.88008,51,0.472516
1.234,2,0.8,nan,nan,nan,nan,0.710596,-0.267035,-0.246084,5.25264,5.71437,33,18,step,1.234,1.79069e+09,-3.85752,51,0.472538
1.235,2,0.8,nan,nan,nan,nan,0.710596,-0.267035,-0.239692,5.25264,5.71437,33,18,step,1.235,1.79069e+09,-3.85752,51,0.47256
1.236,2,0.8,nan,nan,nan,nan,0.733154,-0.235619,-0.242888,5.25206,5.71437,33,18,step,1.236,1.79069e+09,-3.98159,51,0.47257
1.237,2,0.8,nan,nan,nan,nan,0.733154,-0.235619,-0.243953,5.25206,5.71437,33,18,step,1.237,1.79069e+09,-3.85752,51,0.472581
1.238,2,0.8,nan,nan,nan,nan,0.744434,-0.244346,-0.243953,5.25158,5.71437,33,18,step,1.238,1.79069e+09,-3.90264,51,0.472597
1.239,2,0.8,nan,nan,nan,nan,0.744434,-0.244346,-0.211994,5.25158,5.71437,33,18,step,1.239,1.79069e+09,-3.88008,51,0.472612
1.24,2,0.8,nan,nan,nan,nan,0.766992,-0.235619,-0.200276,5.2512,5.71437,33,18,step,1.24,1.79069e+09,-3.88008,51,0.472633
1.241,2,0.8,nan,nan,nan,nan,0.766992,-0.235619,-0.209863,5.2512,5.71437,33,18,step,1.241,1.79069e+09,-3.84624,51,0.472642
1.242,2,0.8,nan,nan,nan,nan,0.778271,-0.205949,-0.185362,5.25072,5.71437,33,18,step,1.242,1.79069e+09,-3.84624,51,0.472641
1.243,2,0.8,nan,nan,nan,nan,0.778271,-0.205949,-0.167252,5.25072,5.71437,33,18,step,1.243,1.79069e+09,-3.89136,51,0.472663
1.244,2,0.8,nan,nan,nan,nan,0.755713,-0.197222,-0.16086,5.25034,5.71437,33,18,step,1.244,1.79069e+09,-3.90264,51,0.472695
1.245,2,0.8,nan,nan,nan,nan,0.755713,-0.197222,-0.140619,5.25034,5.71437,33,18,step,1.245,1.79069e+09,-3.88008,51,0.472709
1.246,2,0.8,nan,nan,nan,nan,0.778271,-0.162316,-0.148076,5.24995,5.71437,33,18,step,1.246,1.79069e+09,-3.88008,51,0.472727
1.247,2,0.8,nan,nan,nan,nan,0.778271,-0.162316,-0.165121,5.24995,5.71437,33,18,step,1.247,1.79069e+09,-3.88008,51,0.472751
1.248,2,0.8,nan,nan,nan,nan,0.80083,-0.15708,-0.156599,5.24967,5.71437,33,18,step,1.248,1.79069e+09,-3.88008,51,0.472791
1.249,2,0.8,nan,nan,nan,nan,0.80083,-0.15708,-0.134227,5.24967,5.71437,33,18,step,1.249,1.79069e+09,-3.98159,51,0.472793
1.25,2,0.8,nan,nan,nan,nan,0.80083,-0.13439,-0.120379,5.24938,5.71437,33,18,step,1.25,1.79069e+09,-3.85752,51,0.472788
1.251,2,0.8,nan,nan,nan,nan,0.80083,-0.13439,-0.116117,5.24938,5.71437,33,18,step,1.251,1.79069e+09,-3.88008,51,0.472812
1.252,2,0.8,nan,nan,nan,nan,0.755713,-0.115192,-0.105464,5.24919,5.71437,33,18,step,1.252,1.79069e+09,-3.85752,51,0.472813
1.253,2,0.8,nan,nan,nan,nan,0.755713,-0.115192,-0.112921,5.24919,5.71437,33,18,step,1.253,1.79069e+09,-3.85752,51,0.472837
1.254,2,0.8,nan,nan,nan,nan,0.755713,-0.0907571,-0.0916155,5.24899,5.71437,33,18,step,1.254,1.79069e+09,-3.97031,51,0.472866
1.255,2,0.8,nan,nan,nan,nan,0.755713,-0.0907571,-0.0735055,5.24899,5.71437,33,18,step,1.255,1.79069e+09,-3.85752,51,0.472877
1.256,2,0.8,nan,nan,nan,nan,0.755713,-0.0680678,-0.0745708,5.2488,5.71437,33,18,step,1.256,1.79069e+09,-3.80112,51,0.472884
1.257,2,0.8,nan,nan,nan,nan,0.755713,-0.0680678,-0.0873543,5.2488,5.71437,33,18,step,1.257,1.79069e+09,-3.95903,51,0.47288
1.258,2,0.8,nan,nan,nan,nan,0.845947,-0.0523599,-0.057526,5.24871,5.71437,33,18,step,1.258,1.79069e+09,-3.98159,51,0.472888
1.259,2,0.8,nan,nan,nan,nan,0.845947,-0.0523599,-0.0436772,5.24871,5.71437,33,18,step,1.259,1.79069e+09,-3.97031,51,0.472898
1.26,2,0.8,nan,nan,nan,nan,0.778271,-0.0418879,-0.0436772,5.24861,5.71437,33,18,step,1.26,1.79069e+09,-3.98159,51,0.47292
1.261,2,0.8,nan,nan,nan,nan,0.778271,-0.0418879,-0.0383507,5.24861,5.71437,33,18,step,1.261,1.79069e+09,-3.82368,51,0.472956
1.262,2,0.8,nan,nan,nan,nan,0.778271,-0.0279253,-0.0479384,5.24852,5.71437,33,18,step,1.262,1.79069e+09,-3.78984,51,0.47297
1.263,2,0.8,nan,nan,nan,nan,0.778271,-0.0279253,-0.00745708,5.24852,5.71437,33,18,step,1.263,1.79069e+09,-3.82368,51,0.473004
1.264,2,0.8,nan,nan,nan,nan,0.778271,-0.0174533,-0.00958767,5.24852,5.71437,33,18,step,1.264,1.79069e+09,-3.95903,51,0.47303
1.265,2,0.8,nan,nan,nan,nan,0.778271,-0.0174533,-0.0213059,5.24852,5.71437,33,18,step,1.265,1.79069e+09,-3.93647,51,0.473021
1.266,2,0.8,nan,nan,nan,nan,0.845947,0,-1.30461e-19,5.24852,5.71437,33,18,step,1.266,1.79069e+09,-3.8688,51,0.473043
1.267,2,0.8,nan,nan,nan,nan,0.845947,0,0.0255671,5.24852,5.71437,33,18,step,1.267,1.79069e+09,-3.99287,51,0.473092
1.268,2,0.8,nan,nan,nan,nan,0.857227,0,0.0138489,5.24852,5.71437,33,18,step,1.268,1.79069e+09,-3.8124,51,0.473107
1.269,2,0.8,nan,nan,nan,nan,0.857227,0,0.00745708,5.24852,5.71437,33,18,step,1.269,1.79069e+09,-3.90264,51,0.473138
1.27,2,0.8,nan,nan,nan,nan,0.857227,0.00872665,0.0458078,5.24852,5.71437,33,18,step,1.27,1.79069e+09,-3.97031,51,0.473153
1.271,2,0.8,nan,nan,nan,nan,0.857227,0.00872665,0.0468731,5.24852,5.71437,33,18,step,1.271,1.79069e+09,-3.95903,51,0.473162
1.272,2,0.8,nan,nan,nan,nan,0.789551,0.0296706,0.0372854,5.24861,5.71437,33,18,step,1.272,1.79069e+09,-3.84624,51,0.473168
1.273,2,0.8,nan,nan,nan,nan,0.789551,0.0296706,0.039416,5.24861,5.71437,33,18,step,1.273,1.79069e+09,-3.95903,51,0.473191
1.274,2,0.8,nan,nan,nan,nan,0.778271,0.0418879,0.0607219,5.24871,5.71446,33,18,step,1.274,1.79069e+09,-3.93647,51,0.473206
1.275,2,0.8,nan,nan,nan,nan,0.778271,0.0418879,0.0703096,5.24871,5.71446,33,18,step,1.275,1.79069e+09,-3.91392,51,0.473209
1.276,2,0.8,nan,nan,nan,nan,0.834668,0.0575959,0.0671137,5.2488,5.71446,33,18,step,1.276,1.79069e+09,-3.91392,51,0.47319
1.277,2,0.8,nan,nan,nan,nan,0.834668,0.0575959,0.0617872,5.2488,5.71446,33,18,step,1.277,1.79069e+09,-3.90264,51,0.473202
1.278,2,0.8,nan,nan,nan,nan,0.766992,0.0715585,0.0703096,5.24899,5.71446,33,18,step,1.278,1.79069e+09,-3.93647,51,0.4732
1.279,2,0.8,nan,nan,nan,nan,0.766992,0.0715585,0.0820279,5.24899,5.71446,33,18,step,1.279,1.79069e+09,-3.8124,51,0.473221
1.28,2,0.8,nan,nan,nan,nan,0.766992,0.0837758,0.0820279,5.24909,5.71446,33,18,step,1.28,1.79069e+09,-3.95903,51,0.473253
1.281,2,0.8,nan,nan,nan,nan,0.766992,0.0837758,0.0777667,5.24909,5.71446,33,18,step,1.281,1.79069e+09,-3.93647,51,0.473291
1.282,2,0.8,nan,nan,nan,nan,0.755713,0.0872665,0.0894849,5.24928,5.71446,33,18,step,1.282,1.79069e+09,-3.90264,51,0.473312
1.283,2,0.8,nan,nan,nan,nan,0.755713,0.0872665,0.0926808,5.24928,5.71446,33,18,step,1.283,1.79069e+09,-3.90264,51,0.473315
1.284,2,0.8,nan,nan,nan,nan,0.834668,0.0994838,0.0692443,5.24947,5.71446,33,18,step,1.284,1.79069e+09,-3.95903,51,0.47333
1.285,2,0.8,nan,nan,nan,nan,0.834668,0.0994838,0.101203,5.24947,5.71446,33,18,step,1.285,1.79069e+09,-3.93647,51,0.473324
1.286,2,0.8,nan,nan,nan,nan,0.733154,0.109956,0.125705,5.24976,5.71446,33,18,step,1.286,1.79069e+09,-3.93647,51,0.473316
1.287,2,0.8,nan,nan,nan,nan,0.733154,0.109956,0.0894849,5.24976,5.71446,33,18,step,1.287,1.79069e+09,-3.95903,51,0.473308
1.288,2,0.8,nan,nan,nan,nan,0.755713,0.123918,0.109726,5.24995,5.71446,33,18,step,1.288,1.79069e+09,-3.95903,51,0.473314
1.289,2,0.8,nan,nan,nan,nan,0.755713,0.123918,0.131032,5.24995,5.71446,33,18,step,1.289,1.79069e+09,-3.93647,51,0.473334
1.29,2,0.8,nan,nan,nan,nan,0.823389,0.129154,0.102269,5.25024,5.71446,33,18,step,1.29,1.79069e+09,-3.91392,51,0.473358
1.291,2,0.8,nan,nan,nan,nan,0.823389,0.129154,0.10653,5.25024,5.71446,33,18,step,1.291,1.79069e+09,-3.78984,51,0.473382
1.292,2,0.8,nan,nan,nan,nan,0.766992,0.144862,0.136358,5.25053,5.71446,33,18,step,1.292,1.79069e+09,-3.91392,51,0.473386
1.293,2,0.8,nan,nan,nan,nan,0.766992,0.144862,0.141684,5.25053,5.71446,33,18,step,1.293,1.79069e+09,-3.88008,51,0.473392
1.294,2,0.8,nan,nan,nan,nan,0.733154,0.16057,0.145946,5.25082,5.71446,33,18,step,1.294,1.79069e+09,-3.9252,51,0.473403
1.295,2,0.8,nan,nan,nan,nan,0.733154,0.16057,0.139554,5.25082,5.71446,33,18,step,1.295,1.79069e+09,-3.91392,51,0.473417
1.296,2,0.8,nan,nan,nan,nan,0.823389,0.174533,0.127836,5.2512,5.71446,33,18,step,1.296,1.79069e+09,-3.80112,51,0.473426
1.297,2,0.8,nan,nan,nan,nan,0.823389,0.174533,0.149142,5.2512,5.71446,33,18,step,1.297,1.79069e+09,-3.89136,51,0.473419
1.298,2,0.8,nan,nan,nan,nan,0.834668,0.169297,0.14488,5.25149,5.71446,33,18,step,1.298,1.79069e+09,-3.78984,51,0.473404
1.299,2,0.8,nan,nan,nan,nan,0.834668,0.169297,0.149142,5.25149,5.71446,33,18,step,1.299,1.79069e+09,-3.94775,51,0.473428
1.3,2,0.8,nan,nan,nan,nan,0.789551,0.158825,0.143815,5.25187,5.71446,33,18,step,1.3,1.79069e+09,-3.93647,51,0.473456
1.301,2,0.8,nan,nan,nan,nan,0.789551,0.158825,0.150207,5.25187,5.71446,33,18,step,1.301,1.79069e+09,-3.80112,51,0.473467
1.302,2,0.8,nan,nan,nan,nan,0.834668,0.172788,0.155533,5.25216,5.71446,33,18,step,1.302,1.79069e+09,-3.91392,51,0.473467
1.303,2,0.8,nan,nan,nan,nan,0.834668,0.172788,0.170448,5.25216,5.71446,33,18,step,1.303,1.79069e+09,-3.82368,51,0.473486
1.304,2,0.8,nan,nan,nan,nan,0.823389,0.18326,0.161925,5.25254,5.71446,33,18,step,1.304,1.79069e+09,-3.94775,51,0.473483
1.305,2,0.8,nan,nan,nan,nan,0.823389,0.18326,0.174709,5.25254,5.71446,33,18,step,1.305,1.79069e+09,-3.89136,51,0.473469
1.306,2,0.8,nan,nan,nan,nan,0.834668,0.188496,0.180035,5.25293,5.71446,33,18,step,1.306,1.79069e+09,-3.94775,51,0.47349
1.307,2,0.8,nan,nan,nan,nan,0.834668,0.188496,0.196015,5.25293,5.71446,33,18,step,1.307,1.79069e+09,-3.94775,51,0.473502
1.308,2,0.8,nan,nan,nan,nan,0.834668,0.202458,0.196015,5.25331,5.71446,33,18,step,1.308,1.79069e+09,-3.9252,51,0.473518
1.309,2,0.8,nan,nan,nan,nan,0.834668,0.202458,0.192819,5.25331,5.71446,33,18,step,1.309,1.79069e+09,-3.9252,51,0.473524
1.31,2,0.8,nan,nan,nan,nan,0.834668,0.202458,0.173643,5.25379,5.71446,33,18,step,1.31,1.79069e+09,-3.89136,51,0.473521
1.311,2,0.8,nan,nan,nan,nan,0.834668,0.202458,0.187492,5.25379,5.71446,33,18,step,1.311,1.79069e+09,-3.91392,51,0.47351
1.312,2,0.8,nan,nan,nan,nan,0.834668,0.205949,0.198145,5.25417,5.71446,33,18,step,1.312,1.79069e+09,-3.91392,51,0.473512
1.313,2,0.8,nan,nan,nan,nan,0.834668,0.205949,0.192819,5.25417,5.71446,33,18,step,1.313,1.79069e+09,-3.78984,51,0.473516
1.314,2,0.8,nan,nan,nan,nan,0.845947,0.235619,0.202406,5.25465,5.71446,33,18,step,1.314,1.79069e+09,-3.9252,51,0.473526
1.315,2,0.8,nan,nan,nan,nan,0.845947,0.235619,0.198145,5.25465,5.71446,33,18,step,1.315,1.79069e+09,-3.78984,51,0.473532
1.316,2,0.8,nan,nan,nan,nan,0.834668,0.23911,0.193884,5.25513,5.71446,33,18,step,1.316,1.79069e+09,-3.9252,51,0.473535
1.317,2,0.8,nan,nan,nan,nan,0.834668,0.23911,0.237561,5.25513,5.71446,33,18,step,1.317,1.79069e+09,-3.9252,51,0.473547
1.318,2,0.8,nan,nan,nan,nan,0.845947,0.246091,0.245018,5.25561,5.71446,33,18,step,1.318,1.79069e+09,-3.91392,51,0.473551
1.319,2,0.8,nan,nan,nan,nan,0.845947,0.246091,0.221582,5.25561,5.71446,33,18,step,1.319,1.79069e+09,-3.9252,51,0.473552
1.32,2,0.8,nan,nan,nan,nan,0.845947,0.23911,0.234365,5.25609,5.71446,33,18,step,1.32,1.79069e+09,-3.80112,51,0.473569
1.321,2,0.8,nan,nan,nan,nan,0.845947,0.23911,0.225843,5.25609,5.71446,33,18,step,1.321,1.79069e+09,-3.93647,51,0.473587
1.322,2,0.8,nan,nan,nan,nan,0.823389,0.232129,0.225843,5.25657,5.71446,33,18,step,1.322,1.79069e+09,-3.75601,51,0.473605
1.323,2,0.8,nan,nan,nan,nan,0.823389,0.232129,0.231169,5.25657,5.71446,33,18,step,1.323,1.79069e+09,-3.91392,51,0.47361
1.324,2,0.8,nan,nan,nan,nan,0.789551,0.246091,0.243953,5.25705,5.71446,33,18,step,1.324,1.79069e+09,-3.89136,51,0.473608
1.325,2,0.8,nan,nan,nan,nan,0.789551,0.246091,0.239692,5.25705,5.71446,33,18,step,1.325,1.79069e+09,-3.9252,51,0.473612
1.326,2,0.8,nan,nan,nan,nan,0.778271,0.258309,0.234365,5.25753,5.71446,33,18,step,1.326,1.79069e+09,-3.76729,51,0.473614
1.327,2,0.8,nan,nan,nan,nan,0.778271,0.258309,0.238627,5.25753,5.71446,33,18,step,1.327,1.79069e+09,-3.9252,51,0.47363
1.328,2,0.8,nan,nan,nan,nan,0.721875,0.261799,0.235431,5.25801,5.71446,33,18,step,1.328,1.79069e+09,-3.76729,51,0.473627
1.329,2,0.8,nan,nan,nan,nan,0.721875,0.261799,0.248214,5.25801,5.71446,33,18,step,1.329,1.79069e+09,-3.89136,51,0.47364
1.33,2,0.8,nan,nan,nan,nan,0.755713,0.267035,0.258867,5.25858,5.71446,33,18,step,1.33,1.79069e+09,-3.9252,51,0.473654
1.331,2,0.8,nan,nan,nan,nan,0.755713,0.267035,0.25141,5.25858,5.71446,33,18,step,1.331,1.79069e+09,-3.75601,51,0.473652
1.332,2,0.8,nan,nan,nan,nan,0.688037,0.282743,0.262063,5.25916,5.71446,33,18,step,1.332,1.79069e+09,-3.78984,51,0.473669
1.333,2,0.8,nan,nan,nan,nan,0.688037,0.282743,0.268455,5.25916,5.71446,33,18,step,1.333,1.79069e+09,-3.82368,51,0.473685
1.334,2,0.8,nan,nan,nan,nan,0.778271,0.29147,0.255671,5.25973,5.71446,33,18,step,1.334,1.79069e+09,-3.74473,51,0.473695
1.335,2,0.8,nan,nan,nan,nan,0.778271,0.29147,0.254606,5.25973,5.71446,33,18,step,1.335,1.79069e+09,-3.80112,51,0.473704
1.336,2,0.8,nan,nan,nan,nan,0.823389,0.296706,0.259932,5.26031,5.71446,33,18,step,1.336,1.79069e+09,-3.77856,51,0.473724
1.337,2,0.8,nan,nan,nan,nan,0.823389,0.296706,0.257802,5.26031,5.71446,33,18,step,1.337,1.79069e+09,-3.74473,51,0.473718
1.338,2,0.8,nan,nan,nan,nan,0.744434,0.296706,0.271651,5.26088,5.71446,33,18,step,1.338,1.79069e+09,-3.88008,51,0.473717
1.339,2,0.8,nan,nan,nan,nan,0.744434,0.296706,0.276977,5.26088,5.71446,33,18,step,1.339,1.79069e+09,-3.77856,51,0.473726
1.34,2,0.8,nan,nan,nan,nan,0.845947,0.289725,0.273781,5.26146,5.71446,33,18,step,1.34,1.79069e+09,-3.78984,51,0.47374
1.341,2,0.8,nan,nan,nan,nan,0.845947,0.289725,0.254606,5.26146,5.71446,33,18,step,1.341,1.79069e+09,-3.76729,51,0.473749
1.342,2,0.8,nan,nan,nan,nan,0.857227,0.307178,0.280173,5.26203,5.71446,33,18,step,1.342,1.79069e+09,-3.74473,51,0.473757
1.343,2,0.8,nan,nan,nan,nan,0.857227,0.307178,0.271651,5.26203,5.71446,33,18,step,1.343,1.79069e+09,-3.74473,51,0.473755
1.344,2,0.8,nan,nan,nan,nan,0.868506,0.315905,0.257802,5.2627,5.71446,33,18,step,1.344,1.79069e+09,-3.77856,51,0.473752
1.345,2,0.8,nan,nan,nan,nan,0.868506,0.315905,0.264194,5.2627,5.71446,33,18,step,1.345,1.79069e+09,-3.77856,51,0.473736
1.346,2,0.8,nan,nan,nan,nan,0.891064,0.326377,0.272716,5.26338,5.71446,33,18,step,1.346,1.79069e+09,-3.80112,51,0.473724
1.347,2,0.8,nan,nan,nan,nan,0.891064,0.326377,0.2855,5.26338,5.71446,33,18,step,1.347,1.79069e+09,-3.80112,51,0.473723
1.348,2,0.8,nan,nan,nan,nan,0.868506,0.303687,0.289761,5.26395,5.71446,33,18,step,1.348,1.79069e+09,-3.78984,51,0.473713
1.349,2,0.8,nan,nan,nan,nan,0.868506,0.303687,0.291891,5.26395,5.71446,33,18,step,1.349,1.79069e+09,-3.80112,51,0.473721
1.35,2,0.8,nan,nan,nan,nan,0.857227,0.286234,0.282304,5.26453,5.71446,33,18,step,1.35,1.79069e+09,-3.82368,51,0.473731
1.351,2,0.8,nan,nan,nan,nan,0.857227,0.286234,0.275912,5.26453,5.71446,33,18,step,1.351,1.79069e+09,-3.76729,51,0.473737
1.352,2,0.8,nan,nan,nan,nan,0.676758,0.29147,0.270585,5.2651,5.71446,33,18,step,1.352,1.79069e+09,-3.76729,51,0.47372
1.353,2,0.8,nan,nan,nan,nan,0.676758,0.29147,0.298283,5.2651,5.71446,33,18,step,1.353,1.79069e+09,-3.80112,51,0.473728
1.354,2,0.8,nan,nan,nan,nan,0.789551,0.315905,0.296153,5.26577,5.71446,33,18,step,1.354,1.79069e+09,-3.78984,51,0.473734
1.355,2,0.8,nan,nan,nan,nan,0.789551,0.315905,0.28763,5.26577,5.71446,33,18,step,1.355,1.79069e+09,-3.78984,51,0.473715
1.356,2,0.8,nan,nan,nan,nan,0.789551,0.333358,0.26952,5.26644,5.71446,33,18,step,1.356,1.79069e+09,-3.80112,51,0.473695
1.357,2,0.8,nan,nan,nan,nan,0.789551,0.333358,0.275912,5.26644,5.71446,33,18,step,1.357,1.79069e+09,-3.82368,51,0.473702
1.358,2,0.8,nan,nan,nan,nan,0.812109,0.361283,0.295087,5.26721,5.71446,33,18,step,1.358,1.79069e+09,-3.8124,51,0.473717
1.359,2,0.8,nan,nan,nan,nan,0.812109,0.361283,0.310001,5.26721,5.71446,33,18,step,1.359,1.79069e+09,-3.78984,51,0.473693
1.36,2,0.8,nan,nan,nan,nan,0.688037,0.361283,0.297218,5.26788,5.71446,33,18,step,1.36,1.79069e+09,-3.80112,51,0.473681
1.361,2,0.8,nan,nan,nan,nan,0.688037,0.361283,0.281238,5.26788,5.71446,33,18,step,1.361,1.79069e+09,-3.83496,51,0.473717
1.362,2,0.8,nan,nan,nan,nan,0.834668,0.347321,0.28763,5.26855,5.71446,33,18,step,1.362,1.79069e+09,-3.80112,51,0.473724
1.363,2,0.8,nan,nan,nan,nan,0.834668,0.347321,0.311067,5.26855,5.71446,33,18,step,1.363,1.79069e+09,-3.77856,51,0.473738
1.364,2,0.8,nan,nan,nan,nan,0.744434,0.329867,0.317458,5.26922,5.71446,33,18,step,1.364,1.79069e+09,-3.80112,51,0.473762
1.365,2,0.8,nan,nan,nan,nan,0.744434,0.329867,0.294022,5.26922,5.71446,33,18,step,1.365,1.79069e+09,-3.74473,51,0.473753
1.366,2,0.8,nan,nan,nan,nan,0.755713,0.345575,0.278043,5.2699,5.71446,33,18,step,1.366,1.79069e+09,-3.76729,51,0.473752
1.367,2,0.8,nan,nan,nan,nan,0.755713,0.345575,0.295087,5.2699,5.71446,33,18,step,1.367,1.79069e+09,-3.84624,51,0.473768
1.368,2,0.8,nan,nan,nan,nan,0.868506,0.350811,0.310001,5.27066,5.71446,33,18,step,1.368,1.79069e+09,-3.80112,51,0.47378
1.369,2,0.8,nan,nan,nan,nan,0.868506,0.350811,0.312132,5.27066,5.71446,33,18,step,1.369,1.79069e+09,-3.78984,51,0.473779
1.37,2,0.8,nan,nan,nan,nan,0.857227,0.350811,0.295087,5.27133,5.71446,33,18,step,1.37,1.79069e+09,-3.80112,51,0.473778
1.371,2,0.8,nan,nan,nan,nan,0.857227,0.350811,0.284434,5.27133,5.71446,33,18,step,1.371,1.79069e+09,-3.80112,51,0.473792
1.372,2,0.8,nan,nan,nan,nan,0.721875,0.322886,0.318524,5.272,5.71446,33,18,step,1.372,1.79069e+09,-3.80112,51,0.473801
1.373,2,0.8,nan,nan,nan,nan,0.721875,0.322886,0.328111,5.272,5.71446,33,18,step,1.373,1.79069e+09,-3.80112,51,0.473793
1.374,2,0.8,nan,nan,nan,nan,0.699316,0.319395,0.311067,5.27268,5.71446,33,18,step,1.374,1.79069e+09,-3.78984,51,0.473799
1.375,2,0.8,nan,nan,nan,nan,0.699316,0.319395,0.319589,5.27268,5.71446,33,18,step,1.375,1.79069e+09,-3.82368,51,0.473824
1.376,2,0.8,nan,nan,nan,nan,0.744434,0.342085,0.325981,5.27335,5.71446,33,18,step,1.376,1.79069e+09,-3.78984,51,0.47384
1.377,2,0.8,nan,nan,nan,nan,0.744434,0.342085,0.331307,5.27335,5.71446,33,18,step,1.377,1.79069e+09,-3.78984,51,0.473869
1.378,2,0.8,nan,nan,nan,nan,0.744434,0.380482,0.314263,5.27402,5.71446,33,18,step,1.378,1.79069e+09,-3.76729,51,0.473868
1.379,2,0.8,nan,nan,nan,nan,0.744434,0.380482,0.30361,5.27402,5.71446,33,18,step,1.379,1.79069e+09,-3.82368,51,0.473869
1.38,2,0.8,nan,nan,nan,nan,0.766992,0.394444,0.311067,5.27488,5.71446,33,18,step,1.38,1.79069e+09,-3.82368,51,0.473866
1.381,2,0.8,nan,nan,nan,nan,0.766992,0.394444,0.316393,5.27488,5.71446,33,18,step,1.381,1.79069e+09,-3.80112,51,0.473852
1.382,2,0.8,nan,nan,nan,nan,0.823389,0.371755,0.327046,5.27565,5.71446,33,18,step,1.382,1.79069e+09,-3.83496,51,0.473835
1.383,2,0.8,nan,nan,nan,nan,0.823389,0.371755,0.324916,5.27565,5.71446,33,18,step,1.383,1.79069e+09,-3.82368,51,0.473847
1.384,2,0.8,nan,nan,nan,nan,0.845947,0.361283,0.311067,5.27632,5.71446,33,18,step,1.384,1.79069e+09,-3.83496,51,0.47386
1.385,2,0.8,nan,nan,nan,nan,0.845947,0.361283,0.335569,5.27632,5.71446,33,18,step,1.385,1.79069e+09,-3.80112,51,0.473862
1.386,2,0.8,nan,nan,nan,nan,0.823389,0.371755,0.32385,5.27709,5.71446,33,18,step,1.386,1.79069e+09,-3.80112,51,0.473864
1.387,2,0.8,nan,nan,nan,nan,0.823389,0.371755,0.329177,5.27709,5.71446,33,18,step,1.387,1.79069e+09,-3.83496,51,0.473874
1.388,2,0.8,nan,nan,nan,nan,0.823389,0.397935,0.346222,5.27785,5.71446,33,18,step,1.388,1.79069e+09,-3.8124,51,0.473892
1.389,2,0.8,nan,nan,nan,nan,0.823389,0.397935,0.338764,5.27785,5.71446,33,18,step,1.389,1.79069e+09,-3.78984,51,0.473894
1.39,2,0.8,nan,nan,nan,nan,0.789551,0.401426,0.318524,5.27872,5.71446,33,18,step,1.39,1.79069e+09,-3.8124,51,0.473894
1.391,2,0.8,nan,nan,nan,nan,0.789551,0.401426,0.347287,5.27872,5.71446,33,18,step,1.391,1.79069e+09,-3.77856,51,0.473895
1.392,2,0.8,nan,nan,nan,nan,0.778271,0.375246,0.348352,5.27948,5.71446,33,18,step,1.392,1.79069e+09,-3.78984,51,0.473899
1.393,2,0.8,nan,nan,nan,nan,0.778271,0.375246,0.336634,5.27948,5.71446,33,18,step,1.393,1.79069e+09,-3.77856,51,0.473889
1.394,2,0.8,nan,nan,nan,nan,0.744434,0.354302,0.362201,5.28015,5.71446,33,18,step,1.394,1.79069e+09,-3.80112,51,0.473886
1.395,2,0.8,nan,nan,nan,nan,0.744434,0.354302,0.356874,5.28015,5.71446,33,18,step,1.395,1.79069e+09,-3.85752,51,0.473892
1.396,2,0.8,nan,nan,nan,nan,0.721875,0.3735,0.335569,5.28092,5.71446,33,18,step,1.396,1.79069e+09,-3.82368,51,0.473917
1.397,2,0.8,nan,nan,nan,nan,0.721875,0.3735,0.335569,5.28092,5.71446,33,18,step,1.397,1.79069e+09,-3.80112,51,0.473917
1.398,2,0.8,nan,nan,nan,nan,0.721875,0.415388,0.336634,5.28169,5.71446,33,18,step,1.398,1.79069e+09,-3.76729,51,0.473918
1.399,2,0.8,nan,nan,nan,nan,0.721875,0.415388,0.349417,5.28169,5.71446,33,18,step,1.399,1.79069e+09,-3.80112,51,0.473927
1.4,2,0.8,nan,nan,nan,nan,0.755713,0.42586,0.338764,5.28255,5.71446,33,18,step,1.4,1.79069e+09,-3.77856,51,0.473921
1.401,2,0.8,nan,nan,nan,nan,0.755713,0.42586,0.347287,5.28255,5.71446,33,18,step,1.401,1.79069e+09,-3.80112,51,0.473901
1.402,2,0.8,nan,nan,nan,nan,0.778271,0.394444,0.348352,5.28332,5.71446,33,18,step,1.402,1.79069e+09,-3.77856,51,0.473883
1.403,2,0.8,nan,nan,nan,nan,0.778271,0.394444,0.368593,5.28332,5.71446,33,18,step,1.403,1.79069e+09,-3.82368,51,0.473891
1.404,2,0.8,nan,nan,nan,nan,0.778271,0.383972,0.356874,5.28418,5.71446,33,18,step,1.404,1.79069e+09,-3.80112,51,0.473919
1.405,2,0.8,nan,nan,nan,nan,0.778271,0.383972,0.348352,5.28418,5.71446,33,18,step,1.405,1.79069e+09,-3.74473,51,0.473911
1.406,2,0.8,nan,nan,nan,nan,0.778271,0.39968,0.366462,5.28495,5.71446,33,18,step,1.406,1.79069e+09,-3.71089,51,0.473908
1.407,2,0.8,nan,nan,nan,nan,0.778271,0.39968,0.374985,5.28495,5.71446,33,18,step,1.407,1.79069e+09,-3.80112,51,0.473903
1.408,2,0.8,nan,nan,nan,nan,0.766992,0.429351,0.373919,5.28581,5.71446,33,18,step,1.408,1.79069e+09,-3.74473,51,0.473909
1.409,2,0.8,nan,nan,nan,nan,0.766992,0.429351,0.37818,5.28581,5.71446,33,18,step,1.409,1.79069e+09,-3.78984,51,0.473942
1.41,2,0.8,nan,nan,nan,nan,0.755713,0.420624,0.381376,5.28667,5.71446,33,18,step,1.41,1.79069e+09,-3.73345,51,0.473971
1.411,2,0.8,nan,nan,nan,nan,0.755713,0.420624,0.37605,5.28667,5.71446,33,18,step,1.411,1.79069e+09,-3.76729,51,0.473964
1.412,2,0.8,nan,nan,nan,nan,0.710596,0.389208,0.362201,5.28744,5.71456,33,18,step,1.412,1.79069e+09,-3.69961,51,0.473958
1.413,2,0.8,nan,nan,nan,nan,0.710596,0.389208,0.370723,5.28744,5.71456,33,18,step,1.413,1.79069e+09,-3.69961,51,0.473947
1.414,2,0.8,nan,nan,nan,nan,0.676758,0.389208,0.35794,5.28821,5.71456,33,18,step,1.414,1.79069e+09,-3.69961,51,0.473945
1.415,2,0.8,nan,nan,nan,nan,0.676758,0.389208,0.389899,5.28821,5.71456,33,18,step,1.415,1.79069e+09,-3.71089,51,0.473959
1.416,2,0.8,nan,nan,nan,nan,0.845947,0.429351,0.37818,5.28907,5.71465,33,18,step,1.416,1.79069e+09,-3.80112,51,0.473956
1.417,2,0.8,nan,nan,nan,nan,0.845947,0.429351,0.380311,5.28907,5.71465,33,18,step,1.417,1.79069e+09,-3.60938,51,0.47397
1.418,2,0.8,nan,nan,nan,nan,0.710596,0.460767,0.390964,5.28993,5.71465,33,18,step,1.418,1.79069e+09,-3.65449,51,0.473988
1.419,2,0.8,nan,nan,nan,nan,0.710596,0.460767,0.384572,5.28993,5.71465,33,18,step,1.419,1.79069e+09,-3.5981,51,0.473991
1.42,2,0.8,nan,nan,nan,nan,0.778271,0.431096,0.368593,5.29089,5.71465,33,18,step,1.42,1.79069e+09,-3.58682,51,0.473978
1.421,2,0.8,nan,nan,nan,nan,0.778271,0.431096,0.387768,5.29089,5.71475,33,18,step,1.421,1.79069e+09,-3.5981,51,0.473959
1.422,2,0.8,nan,nan,nan,nan,0.812109,0.404916,0.382442,5.29166,5.71475,33,18,step,1.422,1.79069e+09,-3.63193,51,0.47398
1.423,2,0.8,nan,nan,nan,nan,0.812109,0.404916,0.399486,5.29166,5.71475,33,18,step,1.423,1.79069e+09,-3.5981,51,0.473989
1.424,2,0.8,nan,nan,nan,nan,0.845947,0.420624,0.390964,5.29252,5.71485,33,18,step,1.424,1.79069e+09,-3.5417,51,0.474005
1.425,2,0.8,nan,nan,nan,nan,0.845947,0.420624,0.374985,5.29252,5.71485,33,18,step,1.425,1.79069e+09,-3.51914,51,0.474011
1.426,2,0.8,nan,nan,nan,nan,0.80083,0.453786,0.388833,5.29338,5.71494,33,18,step,1.426,1.79069e+09,-3.4853,51,0.473995
1.427,2,0.8,nan,nan,nan,nan,0.80083,0.453786,0.393095,5.29338,5.71494,33,18,step,1.427,1.79069e+09,-3.49658,51,0.473985
1.428,2,0.8,nan,nan,nan,nan,0.879785,0.441568,0.398421,5.29434,5.71504,33,18,step,1.428,1.79069e+09,-3.51914,51,0.473954
1.429,2,0.8,nan,nan,nan,nan,0.879785,0.441568,0.39629,5.29434,5.71513,33,18,step,1.429,1.79069e+09,-3.46274,51,0.473924
1.43,2,0.8,nan,nan,nan,nan,0.823389,0.420624,0.388833,5.29521,5.71513,33,18,step,1.43,1.79069e+09,-3.46274,51,0.473905
1.431,2,0.8,nan,nan,nan,nan,0.823389,0.420624,0.37605,5.29521,5.71523,33,18,step,1.431,1.79069e+09,-3.46274,51,0.473904
1.432,2,0.8,nan,nan,nan,nan,0.744434,0.404916,0.387768,5.29597,5.71523,33,18,step,1.432,1.79069e+09,-3.42891,51,0.473896
1.433,2,0.8,nan,nan,nan,nan,0.744434,0.404916,0.409074,5.29597,5.71532,33,18,step,1.433,1.79069e+09,-3.38379,51,0.473876
1.434,2,0.8,nan,nan,nan,nan,0.733154,0.44855,0.416531,5.29684,5.71532,33,18,step,1.434,1.79069e+09,-3.37251,51,0.473836
1.435,2,0.8,nan,nan,nan,nan,0.733154,0.44855,0.413335,5.29684,5.71542,33,18,step,1.435,1.79069e+09,-3.37251,51,0.47381
1.436,2,0.8,nan,nan,nan,nan,0.778271,0.479966,0.400552,5.29779,5.71552,33,18,step,1.436,1.79069e+09,-3.38379,51,0.4738
1.437,2,0.8,nan,nan,nan,nan,0.778271,0.479966,0.398421,5.29779,5.71552,33,18,step,1.437,1.79069e+09,-3.31611,51,0.473768
1.438,2,0.8,nan,nan,nan,nan,0.834668,0.45204,0.408009,5.29875,5.71561,33,18,step,1.438,1.79069e+09,-3.28228,51,0.473719
1.439,2,0.8,nan,nan,nan,nan,0.834668,0.45204,0.410139,5.29875,5.71571,33,18,step,1.439,1.79069e+09,-3.271,51,0.473681
1.44,2,0.8,nan,nan,nan,nan,0.857227,0.431096,0.405878,5.29962,5.7159,33,18,step,1.44,1.79069e+09,-3.23716,51,0.473647
1.441,2,0.8,nan,nan,nan,nan,0.857227,0.431096,0.401617,5.29962,5.716,33,18,step,1.441,1.79069e+09,-3.23716,51,0.473591
1.442,2,0.8,nan,nan,nan,nan,0.868506,0.45204,0.419727,5.30048,5.71609,33,18,step,1.442,1.79069e+09,-3.22588,51,0.473529
1.443,2,0.8,nan,nan,nan,nan,0.868506,0.45204,0.410139,5.30048,5.71628,33,18,step,1.443,1.79069e+09,-3.24844,51,0.473479
1.444,2,0.8,nan,nan,nan,nan,0.845947,0.483456,0.411205,5.30144,5.71638,33,18,step,1.444,1.79069e+09,-3.24844,51,0.473449
1.445,2,0.8,nan,nan,nan,nan,0.845947,0.483456,0.406943,5.30144,5.71657,33,18,step,1.445,1.79069e+09,-3.18076,51,0.473411
1.446,2,0.8,nan,nan,nan,nan,0.834668,0.467748,0.395225,5.3024,5.71667,33,18,step,1.446,1.79069e+09,-3.18076,51,0.473357
1.447,2,0.8,nan,nan,nan,nan,0.834668,0.467748,0.429315,5.3024,5.71686,33,18,step,1.447,1.79069e+09,-3.13564,51,0.473267
1.448,2,0.8,nan,nan,nan,nan,0.789551,0.429351,0.417596,5.30326,5.71705,33,18,step,1.448,1.79069e+09,-3.10181,51,0.473171
1.449,2,0.8,nan,nan,nan,nan,0.789551,0.429351,0.422923,5.30326,5.71724,33,18,step,1.449,1.79069e+09,-3.1582,51,0.473083
1.45,2,0.8,nan,nan,nan,nan,0.766992,0.443314,0.422923,5.30422,5.71743,33,18,step,1.45,1.79069e+09,-3.10181,51,0.472989
1.451,2,0.8,nan,nan,nan,nan,0.766992,0.443314,0.404813,5.30422,5.71763,33,18,step,1.451,1.79069e+09,-3.11309,51,0.472891
1.452,2,0.8,nan,nan,nan,nan,0.766992,0.485202,0.405878,5.30518,5.71791,33,18,step,1.452,1.79069e+09,-3.04541,51,0.472807
1.453,2,0.8,nan,nan,nan,nan,0.766992,0.485202,0.414401,5.30518,5.71811,33,18,step,1.453,1.79069e+09,-2.97773,51,0.472678
1.454,2,0.8,nan,nan,nan,nan,0.834668,0.492183,0.422923,5.30614,5.71839,33,18,step,1.454,1.79069e+09,-2.92134,51,0.47253
1.455,2,0.8,nan,nan,nan,nan,0.834668,0.492183,0.415466,5.30614,5.71868,33,18,step,1.455,1.79069e+09,-2.9439,51,0.472383
1.456,2,0.8,nan,nan,nan,nan,0.879785,0.460767,0.415466,5.30709,5.71897,33,18,step,1.456,1.79069e+09,-3.00029,51,0.47224
1.457,2,0.8,nan,nan,nan,nan,0.879785,0.460767,0.417596,5.30709,5.71935,33,18,step,1.457,1.79069e+09,-2.96646,51,0.472119
1.458,2,0.8,nan,nan,nan,nan,0.868506,0.460767,0.406943,5.30805,5.71973,33,18,step,1.458,1.79069e+09,-2.91006,51,0.471952
1.459,2,0.8,nan,nan,nan,nan,0.868506,0.460767,0.410139,5.30805,5.72012,33,18,step,1.459,1.79069e+09,-2.85366,51,0.471767
1.46,2,0.8,nan,nan,nan,nan,0.755713,0.471239,0.420792,5.30901,5.72041,33,18,step,1.46,1.79069e+09,-2.87622,51,0.471564
1.461,2,0.8,nan,nan,nan,nan,0.755713,0.471239,0.437837,5.30901,5.72089,33,18,step,1.461,1.79069e+09,-2.87622,51,0.471373
1.462,2,0.8,nan,nan,nan,nan,0.721875,0.431096,0.435706,5.30987,5.72127,33,18,step,1.462,1.79069e+09,-2.86494,51,0.471158
1.463,2,0.8,nan,nan,nan,nan,0.721875,0.431096,0.425053,5.30987,5.72156,33,18,step,1.463,1.79069e+09,-2.8311,51,0.47092
1.464,2,0.8,nan,nan,nan,nan,0.789551,0.427606,0.437837,5.31064,5.72204,33,18,step,1.464,1.79069e+09,-2.81982,51,0.470682
1.465,2,0.8,nan,nan,nan,nan,0.789551,0.427606,0.44849,5.31064,5.72232,33,18,step,1.465,1.79069e+09,-2.81982,51,0.470424
1.466,2,0.8,nan,nan,nan,nan,0.766992,0.441568,0.429315,5.3115,5.72261,33,18,step,1.466,1.79069e+09,-2.81982,51,0.470151
1.467,2,0.8,nan,nan,nan,nan,0.766992,0.441568,0.421858,5.3115,5.7229,33,18,step,1.467,1.79069e+09,-2.80854,51,0.469853
1.468,2,0.8,nan,nan,nan,nan,0.665479,0.495674,0.426119,5.31256,5.72319,33,18,step,1.468,1.79069e+09,-2.78599,51,0.469499
1.469,2,0.8,nan,nan,nan,nan,0.665479,0.495674,0.426119,5.31256,5.72338,33,18,step,1.469,1.79069e+09,-2.81982,51,0.469173
1.47,2,0.8,nan,nan,nan,nan,0.812109,0.495674,0.431445,5.31352,5.72357,33,18,step,1.47,1.79069e+09,-2.85366,51,0.46883
1.471,2,0.8,nan,nan,nan,nan,0.812109,0.495674,0.425053,5.31352,5.72376,33,18,step,1.471,1.79069e+09,-2.84238,51,0.468474
1.472,2,0.8,nan,nan,nan,nan,0.857227,0.464258,0.428249,5.31448,5.72395,33,18,step,1.472,1.79069e+09,-2.85366,51,0.468098
1.473,2,0.8,nan,nan,nan,nan,0.857227,0.464258,0.415466,5.31448,5.72415,33,18,step,1.473,1.79069e+09,-2.86494,51,0.467691
1.474,2,0.8,nan,nan,nan,nan,0.857227,0.441568,0.419727,5.31534,5.72434,33,18,step,1.474,1.79069e+09,-2.87622,51,0.467327
1.475,2,0.8,nan,nan,nan,nan,0.857227,0.441568,0.447425,5.31534,5.72453,33,18,step,1.475,1.79069e+09,-2.8875,51,0.466922
1.476,2,0.8,nan,nan,nan,nan,0.834668,0.464258,0.445294,5.3163,5.72482,33,18,step,1.476,1.79069e+09,-2.86494,51,0.466511
1.477,2,0.8,nan,nan,nan,nan,0.834668,0.464258,0.421858,5.3163,5.7251,33,18,step,1.477,1.79069e+09,-2.92134,51,0.466098
1.478,2,0.8,nan,nan,nan,nan,0.789551,0.450295,0.423988,5.31716,5.72539,33,18,step,1.478,1.79069e+09,-2.89878,51,0.465656
1.479,2,0.8,nan,nan,nan,nan,0.789551,0.450295,0.408009,5.31716,5.72578,33,18,step,1.479,1.79069e+09,-2.85366,51,0.46524
1.48,2,0.8,nan,nan,nan,nan,0.755713,0.439823,0.434641,5.31802,5.72616,33,18,step,1.48,1.79069e+09,-2.81982,51,0.464806
1.481,2,0.8,nan,nan,nan,nan,0.755713,0.439823,0.441033,5.31802,5.72664,33,18,step,1.481,1.79069e+09,-2.80854,51,0.464356
1.482,2,0.8,nan,nan,nan,nan,0.744434,0.464258,0.418662,5.31898,5.72721,33,18,step,1.482,1.79069e+09,-2.79727,51,0.463676
1.483,2,0.8,nan,nan,nan,nan,0.744434,0.464258,0.401617,5.31898,5.72798,33,18,step,1.483,1.79069e+09,-2.78599,51,0.463421
1.484,2,0.8,nan,nan,nan,nan,0.766992,0.509636,0.409074,5.32004,5.72856,33,18,step,1.484,1.79069e+09,-2.80854,51,0.462953
1.485,2,0.8,nan,nan,nan,nan,0.766992,0.509636,0.416531,5.32004,5.72923,33,18,step,1.485,1.79069e+09,-2.76343,51,0.462479
1.486,2,0.8,nan,nan,nan,nan,0.823389,0.506145,0.403748,5.321,5.72999,33,18,step,1.486,1.79069e+09,-2.77471,51,0.461992
1.487,2,0.8,nan,nan,nan,nan,0.823389,0.506145,0.417596,5.321,5.73076,33,18,step,1.487,1.79069e+09,-2.75215,51,0.461515
1.488,2,0.8,nan,nan,nan,nan,0.857227,0.47473,0.422923,5.32195,5.73143,33,18,step,1.488,1.79069e+09,-2.75215,51,0.460992
1.489,2,0.8,nan,nan,nan,nan,0.857227,0.47473,0.435706,5.32195,5.73239,33,18,step,1.489,1.79069e+09,-2.6168,51,0.460494
1.49,2,0.8,nan,nan,nan,nan,0.834668,0.460767,0.429315,5.32291,5.73287,33,18,step,1.49,1.79069e+09,-2.71831,51,0.459967
1.491,2,0.8,nan,nan,nan,nan,0.834668,0.460767,0.438902,5.32291,5.73354,33,18,step,1.491,1.79069e+09,-2.67319,51,0.459456
1.492,2,0.8,nan,nan,nan,nan,0.80083,0.453786,0.408009,5.32378,5.73421,33,18,step,1.492,1.79069e+09,-2.6168,51,0.458932
1.493,2,0.8,nan,nan,nan,nan,0.80083,0.453786,0.425053,5.32378,5.73488,33,18,step,1.493,1.79069e+09,-2.58296,51,0.458378
1.494,2,0.8,nan,nan,nan,nan,0.755713,0.434587,0.432511,5.32473,5.73555,33,18,step,1.494,1.79069e+09,-2.5604,51,0.457857
1.495,2,0.8,nan,nan,nan,nan,0.755713,0.434587,0.417596,5.32473,5.73632,33,18,step,1.495,1.79069e+09,-2.53784,51,0.457273
1.496,2,0.8,nan,nan,nan,nan,0.789551,0.42237,0.416531,5.3256,5.7369,33,18,step,1.496,1.79069e+09,-2.57168,51,0.456687
1.497,2,0.8,nan,nan,nan,nan,0.789551,0.42237,0.420792,5.3256,5.73747,33,18,step,1.497,1.79069e+09,-2.6168,51,0.456077
1.498,2,0.8,nan,nan,nan,nan,0.744434,0.483456,0.432511,5.32656,5.73814,33,18,step,1.498,1.79069e+09,-2.49272,51,0.455421
1.499,2,0.8,nan,nan,nan,nan,0.744434,0.483456,0.435706,5.32656,5.73862,33,18,step,1.499,1.79069e+09,-2.6168,51,0.454467
1.5,2,-0.8,nan,nan,nan,nan,0.766992,0.509636,0.429315,5.32752,5.7392,33,18,step,1.5,1.79069e+09,-2.67319,51,0.45414
1.501,2,-0.8,nan,nan,nan,nan,0.766992,0.509636,0.413335,5.32752,5.73977,33,18,step,1.501,1.79069e+09,-2.5604,51,0.453126
1.502,2,-0.8,nan,nan,nan,nan,0.812109,0.481711,0.410139,5.32847,5.74016,33,18,step,1.502,1.79069e+09,-2.67319,51,0.452794
1.503,2,-0.8,nan,nan,nan,nan,0.812109,0.481711,0.423988,5.32847,5.74064,33,18,step,1.503,1.79069e+09,-2.71831,51,0.452098
1.504,2,-0.8,nan,nan,nan,nan,0,0.352557,0.429315,5.32924,5.74121,33,18,step,1.504,1.79069e+09,-2.65063,51,0.451113
1.505,2,-0.8,nan,nan,nan,nan,0,0.352557,0.426119,5.32924,5.74169,33,18,step,1.505,1.79069e+09,-2.67319,51,0.450792
1.506,2,-0.8,nan,nan,nan,nan,0.0563965,0.178024,0.421858,5.32962,5.74236,33,18,step,1.506,1.79069e+09,-2.57168,51,0.450092
1.507,2,-0.8,nan,nan,nan,nan,0.0563965,0.178024,0.417596,5.32962,5.74294,33,18,step,1.507,1.79069e+09,-2.63936,51,0.449392
1.508,2,-0.8,nan,nan,nan,nan,-0.112793,0.39968,0.439968,5.33039,5.7437,33,18,step,1.508,1.79069e+09,-2.71831,51,0.448665
1.509,2,-0.8,nan,nan,nan,nan,-0.112793,0.39968,0.423988,5.33039,5.74437,33,18,step,1.509,1.79069e+09,-2.65063,51,0.447941
1.51,2,-0.8,nan,nan,nan,nan,-0.146631,0.630064,0.404813,5.33154,5.74514,33,18,step,1.51,1.79069e+09,-2.69575,51,0.447165
1.511,2,-0.8,nan,nan,nan,nan,-0.146631,0.630064,0.401617,5.33154,5.74591,33,18,step,1.511,1.79069e+09,-2.74087,51,0.446364
1.512,2,-0.8,nan,nan,nan,nan,-0.124072,0.513127,0.400552,5.33279,5.74677,33,18,step,1.512,1.79069e+09,-2.78599,51,0.445562
1.513,2,-0.8,nan,nan,nan,nan,-0.124072,0.513127,0.390964,5.33279,5.74754,33,18,step,1.513,1.79069e+09,-2.77471,51,0.44476
1.514,2,-0.8,nan,nan,nan,nan,-0.293262,0.307178,0.377115,5.33336,5.74821,33,18,step,1.514,1.79069e+09,-2.74087,51,0.444031
1.515,2,-0.8,nan,nan,nan,nan,-0.293262,0.307178,0.36007,5.33336,5.74907,33,18,step,1.515,1.79069e+09,-2.68447,51,0.443292
1.516,2,-0.8,nan,nan,nan,nan,-0.439893,0.263545,0.384572,5.33394,5.74984,33,18,step,1.516,1.79069e+09,-2.68447,51,0.442178
1.517,2,-0.8,nan,nan,nan,nan,-0.439893,0.263545,0.392029,5.33394,5.75051,33,18,step,1.517,1.79069e+09,-2.62808,51,0.441809
1.518,2,-0.8,nan,nan,nan,nan,-0.597803,0.368264,0.379246,5.33461,5.75147,33,18,step,1.518,1.79069e+09,-2.66191,51,0.441029
1.519,2,-0.8,nan,nan,nan,nan,-0.597803,0.368264,0.362201,5.33461,5.75224,33,18,step,1.519,1.79069e+09,-2.68447,51,0.439867
1.52,2,-0.8,nan,nan,nan,nan,-0.721875,0.387463,0.361136,5.33538,5.75291,33,18,step,1.52,1.79069e+09,-2.6168,51,0.439471
1.521,2,-0.8,nan,nan,nan,nan,-0.721875,0.387463,0.344091,5.33538,5.75367,33,18,step,1.521,1.79069e+09,-2.69575,51,0.438158
1.522,2,-0.8,nan,nan,nan,nan,-0.778271,0.315905,0.359005,5.33605,5.75435,33,18,step,1.522,1.79069e+09,-2.70703,51,0.437284
1.523,2,-0.8,nan,nan,nan,nan,-0.778271,0.315905,0.353679,5.33605,5.75511,33,18,step,1.523,1.79069e+09,-2.92134,51,0.436412
1.524,2,-0.8,nan,nan,nan,nan,-0.688037,0.272271,0.355809,5.33662,5.75578,33,18,step,1.524,1.79069e+09,-2.92134,51,0.435981
1.525,2,-0.8,nan,nan,nan,nan,-0.688037,0.272271,0.35794,5.33662,5.75655,33,18,step,1.525,1.79069e+09,-2.80854,51,0.435127
1.526,2,-0.8,nan,nan,nan,nan,-0.823389,0.312414,0.30574,5.3372,5.75732,33,18,step,1.526,1.79069e+09,-2.84238,51,0.433851
1.527,2,-0.8,nan,nan,nan,nan,-0.823389,0.312414,0.301479,5.3372,5.75799,33,18,step,1.527,1.79069e+09,-2.78599,51,0.433012
1.528,2,-0.8,nan,nan,nan,nan,-0.834668,0.347321,0.290826,5.33787,5.75895,33,18,step,1.528,1.79069e+09,-2.91006,51,0.432154
1.529,2,-0.8,nan,nan,nan,nan,-0.834668,0.347321,0.283369,5.33787,5.75981,33,18,step,1.529,1.79069e+09,-2.92134,51,0.431719
1.53,2,-0.8,nan,nan,nan,nan,-0.834668,0.315905,0.283369,5.33854,5.76067,33,18,step,1.53,1.79069e+09,-2.84238,51,0.430833
1.531,2,-0.8,nan,nan,nan,nan,-0.834668,0.315905,0.252475,5.33854,5.76154,33,18,step,1.531,1.79069e+09,-2.87622,51,0.429518
1.532,2,-0.8,nan,nan,nan,nan,-0.744434,0.26529,0.237561,5.33912,5.7623,33,18,step,1.532,1.79069e+09,-2.91006,51,0.42906
1.533,2,-0.8,nan,nan,nan,nan,-0.744434,0.26529,0.248214,5.33912,5.76317,33,18,step,1.533,1.79069e+09,-2.89878,51,0.42773
1.534,2,-0.8,nan,nan,nan,nan,-0.654199,0.232129,0.224778,5.3396,5.76412,33,18,step,1.534,1.79069e+09,-2.97773,51,0.426869
1.535,2,-0.8,nan,nan,nan,nan,-0.654199,0.232129,0.219451,5.3396,5.76499,33,18,step,1.535,1.79069e+09,-2.96646,51,0.426429
1.536,2,-0.8,nan,nan,nan,nan,-0.665479,0.233874,0.250345,5.34007,5.76585,33,18,step,1.536,1.79069e+09,-2.91006,51,0.425554
1.537,2,-0.8,nan,nan,nan,nan,-0.665479,0.233874,0.223712,5.34007,5.76681,33,18,step,1.537,1.79069e+09,-2.9439,51,0.424246
1.538,2,-0.8,nan,nan,nan,nan,-0.744434,0.232129,0.213059,5.34046,5.76758,33,18,step,1.538,1.79069e+09,-2.95518,51,0.42337
1.539,2,-0.8,nan,nan,nan,nan,-0.744434,0.232129,0.220516,5.34046,5.76853,33,18,step,1.539,1.79069e+09,-2.97773,51,0.422457
1.54,2,-0.8,nan,nan,nan,nan,-0.744434,0.205949,0.182166,5.34094,5.7694,33,18,step,1.54,1.79069e+09,-3.02285,51,0.421522
1.541,2,-0.8,nan,nan,nan,nan,-0.744434,0.205949,0.171513,5.34094,5.77026,33,18,step,1.541,1.79069e+09,-3.02285,51,0.420649
1.542,2,-0.8,nan,nan,nan,nan,-0.755713,0.178024,0.172578,5.34132,5.77103,33,18,step,1.542,1.79069e+09,-2.9439,51,0.41977
1.543,2,-0.8,nan,nan,nan,nan,-0.755713,0.178024,0.161925,5.34132,5.77179,33,18,step,1.543,1.79069e+09,-2.95518,51,0.418905
1.544,2,-0.8,nan,nan,nan,nan,-0.778271,0.143117,0.168317,5.34161,5.77256,33,18,step,1.544,1.79069e+09,-2.92134,51,0.418005
1.545,2,-0.8,nan,nan,nan,nan,-0.778271,0.143117,0.151272,5.34161,5.77333,33,18,step,1.545,1.79069e+09,-2.97773,51,0.417559
1.546,2,-0.8,nan,nan,nan,nan,-0.789551,0.125664,0.153403,5.3419,5.77419,33,18,step,1.546,1.79069e+09,-3.02285,51,0.416257
1.547,2,-0.8,nan,nan,nan,nan,-0.789551,0.125664,0.135293,5.3419,5.77496,33,18,step,1.547,1.79069e+09,-3.02285,51,0.41581
1.548,2,-0.8,nan,nan,nan,nan,-0.778271,0.115192,0.12677,5.34209,5.77573,33,18,step,1.548,1.79069e+09,-3.11309,51,0.414478
1.549,2,-0.8,nan,nan,nan,nan,-0.778271,0.115192,0.121444,5.34209,5.7764,33,18,step,1.549,1.79069e+09,-3.03413,51,0.413551
1.55,2,-0.8,nan,nan,nan,nan,-0.733154,0.0994838,0.122509,5.34228,5.77716,33,18,step,1.55,1.79069e+09,-3.10181,51,0.413085
1.551,2,-0.8,nan,nan,nan,nan,-0.733154,0.0994838,0.115052,5.34228,5.77774,33,18,step,1.551,1.79069e+09,-3.10181,51,0.411699
1.552,2,-0.8,nan,nan,nan,nan,-0.744434,0.0872665,0.0905502,5.34247,5.77841,33,18,step,1.552,1.79069e+09,-3.09053,51,0.410785
1.553,2,-0.8,nan,nan,nan,nan,-0.744434,0.0872665,0.0745708,5.34247,5.77898,33,18,step,1.553,1.79069e+09,-3.12437,51,0.409914
1.554,2,-0.8,nan,nan,nan,nan,-0.778271,0.0663225,0.0820279,5.34257,5.77966,33,18,step,1.554,1.79069e+09,-3.12437,51,0.409038
1.555,2,-0.8,nan,nan,nan,nan,-0.778271,0.0663225,0.0745708,5.34257,5.78014,33,18,step,1.555,1.79069e+09,-3.13564,51,0.408602
1.556,2,-0.8,nan,nan,nan,nan,-0.744434,0.0366519,0.0564607,5.34266,5.781,33,18,step,1.556,1.79069e+09,-3.16948,51,0.407311
1.557,2,-0.8,nan,nan,nan,nan,-0.744434,0.0366519,0.050069,5.34266,5.78177,33,18,step,1.557,1.79069e+09,-3.2146,51,0.406428
1.558,2,-0.8,nan,nan,nan,nan,-0.778271,0.0174533,0.0628525,5.34276,5.78253,33,18,step,1.558,1.79069e+09,-3.271,51,0.405577
1.559,2,-0.8,nan,nan,nan,nan,-0.778271,0.0174533,0.0245018,5.34276,5.7833,33,18,step,1.559,1.79069e+09,-3.30483,51,0.40472
1.56,2,-0.8,nan,nan,nan,nan,-0.789551,0.0174533,0.0159795,5.34276,5.78416,33,18,step,1.56,1.79069e+09,-3.34995,51,0.403818
1.561,2,-0.8,nan,nan,nan,nan,-0.789551,0.0174533,0.0138489,5.34276,5.78493,33,18,step,1.561,1.79069e+09,-3.36123,51,0.403037
1.562,2,-0.8,nan,nan,nan,nan,-0.755713,0,-0.0159795,5.34276,5.78579,33,18,step,1.562,1.79069e+09,-3.34995,51,0.402202
1.563,2,-0.8,nan,nan,nan,nan,-0.755713,0,-0.00319589,5.34276,5.78656,33,18,step,1.563,1.79069e+09,-3.32739,51,0.401387
1.564,2,-0.8,nan,nan,nan,nan,-0.789551,0,0.00213059,5.34276,5.78733,33,18,step,1.564,1.79069e+09,-3.34995,51,0.400579
1.565,2,-0.8,nan,nan,nan,nan,-0.789551,0,-0.0308936,5.34276,5.78819,33,18,step,1.565,1.79069e+09,-3.39507,51,0.399763
1.566,2,-0.8,nan,nan,nan,nan,-0.789551,0,-0.0149142,5.34276,5.78905,33,18,step,1.566,1.79069e+09,-3.40635,51,0.399038
1.567,2,-0.8,nan,nan,nan,nan,-0.789551,0,-0.0266324,5.34276,5.78982,33,18,step,1.567,1.79069e+09,-3.41763,51,0.398255
1.568,2,-0.8,nan,nan,nan,nan,-0.778271,-0.00872665,-0.0553954,5.34276,5.79059,33,18,step,1.568,1.79069e+09,-3.44019,51,0.397515
1.569,2,-0.8,nan,nan,nan,nan,-0.778271,-0.00872665,-0.0553954,5.34276,5.79135,33,18,step,1.569,1.79069e+09,-3.4853,51,0.396748
1.57,2,-0.8,nan,nan,nan,nan,-0.755713,-0.0366519,-0.050069,5.34266,5.79202,33,18,step,1.57,1.79069e+09,-3.50786,51,0.395938
1.571,2,-0.8,nan,nan,nan,nan,-0.755713,-0.0366519,-0.0798973,5.34266,5.79269,33,18,step,1.571,1.79069e+09,-3.50786,51,0.395236
1.572,2,-0.8,nan,nan,nan,nan,-0.744434,-0.0628319,-0.078832,5.34257,5.79337,33,18,step,1.572,1.79069e+09,-3.49658,51,0.394505
1.573,2,-0.8,nan,nan,nan,nan,-0.744434,-0.0628319,-0.068179,5.34257,5.79385,33,18,step,1.573,1.79069e+09,-3.49658,51,0.393784
1.574,2,-0.8,nan,nan,nan,nan,-0.733154,-0.0785398,-0.0905502,5.34238,5.79442,33,18,step,1.574,1.79069e+09,-3.53042,51,0.393101
1.575,2,-0.8,nan,nan,nan,nan,-0.733154,-0.0785398,-0.0916155,5.34238,5.795,33,18,step,1.575,1.79069e+09,-3.55298,51,0.392401
1.576,2,-0.8,nan,nan,nan,nan,-0.789551,-0.0767945,-0.0916155,5.34228,5.79557,33,18,step,1.576,1.79069e+09,-3.55298,51,0.391765
1.577,2,-0.8,nan,nan,nan,nan,-0.789551,-0.0767945,-0.0894849,5.34228,5.79615,33,18,step,1.577,1.79069e+09,-3.5981,51,0.391106
1.578,2,-0.8,nan,nan,nan,nan,-0.744434,-0.0942478,-0.0692443,5.34209,5.79672,33,18,step,1.578,1.79069e+09,-3.62065,51,0.390452
1.579,2,-0.8,nan,nan,nan,nan,-0.744434,-0.0942478,-0.078832,5.34209,5.7972,33,18,step,1.579,1.79069e+09,-3.65449,51,0.389853
1.58,2,-0.8,nan,nan,nan,nan,-0.744434,-0.0977384,-0.115052,5.3419,5.79768,33,18,step,1.58,1.79069e+09,-3.56426,51,0.389187
1.581,2,-0.8,nan,nan,nan,nan,-0.744434,-0.0977384,-0.119313,5.3419,5.79816,33,18,step,1.581,1.79069e+09,-3.5417,51,0.388611
1.582,2,-0.8,nan,nan,nan,nan,-0.755713,-0.106465,-0.118248,5.3417,5.79864,33,18,step,1.582,1.79069e+09,-3.60938,51,0.388031
1.583,2,-0.8,nan,nan,nan,nan,-0.755713,-0.106465,-0.112921,5.3417,5.79912,33,18,step,1.583,1.79069e+09,-3.62065,51,0.387457
1.584,2,-0.8,nan,nan,nan,nan,-0.789551,-0.118682,-0.121444,5.34142,5.7996,33,18,step,1.584,1.79069e+09,-3.71089,51,0.386902
1.585,2,-0.8,nan,nan,nan,nan,-0.789551,-0.118682,-0.117183,5.34142,5.79998,33,18,step,1.585,1.79069e+09,-3.75601,51,0.386329
1.586,2,-0.8,nan,nan,nan,nan,-0.744434,-0.122173,-0.118248,5.34123,5.80036,33,18,step,1.586,1.79069e+09,-3.73345,51,0.385823
1.587,2,-0.8,nan,nan,nan,nan,-0.744434,-0.122173,-0.132097,5.34123,5.80084,33,18,step,1.587,1.79069e+09,-3.60938,51,0.385304
1.588,2,-0.8,nan,nan,nan,nan,-0.733154,-0.143117,-0.138489,5.34094,5.80132,33,18,step,1.588,1.79069e+09,-3.71089,51,0.384821
1.589,2,-0.8,nan,nan,nan,nan,-0.733154,-0.143117,-0.128901,5.34094,5.8018,33,18,step,1.589,1.79069e+09,-3.57554,51,0.384367
1.59,2,-0.8,nan,nan,nan,nan,-0.744434,-0.141372,-0.107595,5.34065,5.80238,33,18,step,1.59,1.79069e+09,-3.50786,51,0.384136
1.591,2,-0.8,nan,nan,nan,nan,-0.744434,-0.141372,-0.12677,5.34065,5.80286,33,18,step,1.591,1.79069e+09,-3.62065,51,0.383471
1.592,2,-0.8,nan,nan,nan,nan,-0.733154,-0.1309,-0.123574,5.34036,5.80334,33,18,step,1.592,1.79069e+09,-3.49658,51,0.383032
1.593,2,-0.8,nan,nan,nan,nan,-0.733154,-0.1309,-0.12464,5.34036,5.80391,33,18,step,1.593,1.79069e+09,-3.4853,51,0.382609
1.594,2,-0.8,nan,nan,nan,nan,-0.755713,-0.144862,-0.133162,5.34007,5.8043,33,18,step,1.594,1.79069e+09,-3.47402,51,0.382232
1.595,2,-0.8,nan,nan,nan,nan,-0.755713,-0.144862,-0.153403,5.34007,5.80478,33,18,step,1.595,1.79069e+09,-3.46274,51,0.381825
1.596,2,-0.8,nan,nan,nan,nan,-0.733154,-0.150098,-0.157664,5.33979,5.80516,33,18,step,1.596,1.79069e+09,-3.41763,51,0.381484
1.597,2,-0.8,nan,nan,nan,nan,-0.733154,-0.150098,-0.165121,5.33979,5.80554,33,18,step,1.597,1.79069e+09,-3.44019,51,0.381139
1.598,2,-0.8,nan,nan,nan,nan,-0.857227,-0.16057,-0.157664,5.3395,5.80583,33,18,step,1.598,1.79069e+09,-3.42891,51,0.380802
1.599,2,-0.8,nan,nan,nan,nan,-0.857227,-0.16057,-0.153403,5.3395,5.80612,33,18,step,1.599,1.79069e+09,-3.39507,51,0.38049
1.6,2,-0.8,nan,nan,nan,nan,-0.744434,-0.158825,-0.167252,5.33912,5.80631,33,18,step,1.6,1.79069e+09,-3.46274,51,0.380193
1.601,2,-0.8,nan,nan,nan,nan,-0.744434,-0.158825,-0.172578,5.33912,5.8065,33,18,step,1.601,1.79069e+09,-3.40635,51,0.379933
1.602,2,-0.8,nan,nan,nan,nan,-0.744434,-0.158825,-0.156599,5.33883,5.80679,33,18,step,1.602,1.79069e+09,-3.41763,51,0.379673
1.603,2,-0.8,nan,nan,nan,nan,-0.744434,-0.158825,-0.153403,5.33883,5.80698,33,18,step,1.603,1.79069e+09,-3.42891,51,0.379417
1.604,2,-0.8,nan,nan,nan,nan,-0.755713,-0.179769,-0.166186,5.33844,5.80717,33,18,step,1.604,1.79069e+09,-3.40635,51,0.379148
1.605,2,-0.8,nan,nan,nan,nan,-0.755713,-0.179769,-0.165121,5.33844,5.80736,33,18,step,1.605,1.79069e+09,-3.40635,51,0.378875
1.606,2,-0.8,nan,nan,nan,nan,-0.845947,-0.188496,-0.164056,5.33806,5.80756,33,18,step,1.606,1.79069e+09,-3.55298,51,0.378646
1.607,2,-0.8,nan,nan,nan,nan,-0.845947,-0.188496,-0.165121,5.33806,5.80784,33,18,step,1.607,1.79069e+09,-3.51914,51,0.378445
1.608,2,-0.8,nan,nan,nan,nan,-0.857227,-0.179769,-0.17897,5.33768,5.80803,33,18,step,1.608,1.79069e+09,-3.38379,51,0.37824
1.609,2,-0.8,nan,nan,nan,nan,-0.857227,-0.179769,-0.1811,5.33768,5.80832,33,18,step,1.609,1.79069e+09,-3.44019,51,0.378054
1.61,2,-0.8,nan,nan,nan,nan,-0.857227,-0.18326,-0.174709,5.33729,5.80851,33,18,step,1.61,1.79069e+09,-3.31611,51,0.377894
1.611,2,-0.8,nan,nan,nan,nan,-0.857227,-0.18326,-0.201341,5.33729,5.8088,33,18,step,1.611,1.79069e+09,-3.40635,51,0.377755
1.612,2,-0.8,nan,nan,nan,nan,-0.857227,-0.193732,-0.205602,5.33691,5.80909,33,18,step,1.612,1.79069e+09,-3.28228,51,0.377619
1.613,2,-0.8,nan,nan,nan,nan,-0.857227,-0.193732,-0.200276,5.33691,5.80947,33,18,step,1.613,1.79069e+09,-3.28228,51,0.377486
1.614,2,-0.8,nan,nan,nan,nan,-0.721875,-0.191986,-0.203472,5.33653,5.80976,33,18,step,1.614,1.79069e+09,-3.25972,51,0.377395
1.615,2,-0.8,nan,nan,nan,nan,-0.721875,-0.191986,-0.210929,5.33653,5.81005,33,18,step,1.615,1.79069e+09,-3.2146,51,0.377284
1.616,2,-0.8,nan,nan,nan,nan,-0.699316,-0.195477,-0.216255,5.33614,5.81034,33,18,step,1.616,1.79069e+09,-3.16948,51,0.377156
1.617,2,-0.8,nan,nan,nan,nan,-0.699316,-0.195477,-0.202406,5.33614,5.81072,33,18,step,1.617,1.79069e+09,-3.16948,51,0.377054
1.618,2,-0.8,nan,nan,nan,nan,-0.812109,-0.190241,-0.202406,5.33576,5.81091,33,18,step,1.618,1.79069e+09,-3.20332,51,0.376948
1.619,2,-0.8,nan,nan,nan,nan,-0.812109,-0.190241,-0.208798,5.33576,5.8112,33,18,step,1.619,1.79069e+09,-3.1582,51,0.376844
1.62,2,-0.8,nan,nan,nan,nan,-0.823389,-0.185005,-0.210929,5.33538,5.81139,33,18,step,1.62,1.79069e+09,-3.1582,51,0.376737
1.621,2,-0.8,nan,nan,nan,nan,-0.823389,-0.185005,-0.206668,5.33538,5.81149,33,18,step,1.621,1.79069e+09,-3.1582,51,0.376666
1.622,2,-0.8,nan,nan,nan,nan,-0.665479,-0.198968,-0.207733,5.33499,5.81158,33,18,step,1.622,1.79069e+09,-3.1582,51,0.376603
1.623,2,-0.8,nan,nan,nan,nan,-0.665479,-0.198968,-0.202406,5.33499,5.81158,33,18,step,1.623,1.79069e+09,-3.11309,51,0.376505
1.624,2,-0.8,nan,nan,nan,nan,-0.676758,-0.207694,-0.207733,5.33461,5.81158,33,18,step,1.624,1.79069e+09,-3.13564,51,0.376418
1.625,2,-0.8,nan,nan,nan,nan,-0.676758,-0.207694,-0.190688,5.33461,5.81158,33,18,step,1.625,1.79069e+09,-3.20332,51,0.376351
1.626,2,-0.8,nan,nan,nan,nan,-0.80083,-0.205949,-0.211994,5.33413,5.81158,33,18,step,1.626,1.79069e+09,-3.19204,51,0.376324
1.627,2,-0.8,nan,nan,nan,nan,-0.80083,-0.205949,-0.206668,5.33413,5.81158,33,18,step,1.627,1.79069e+09,-3.19204,51,0.376261
1.628,2,-0.8,nan,nan,nan,nan,-0.676758,-0.232129,-0.225843,5.33365,5.81158,33,18,step,1.628,1.79069e+09,-3.1582,51,0.37621
1.629,2,-0.8,nan,nan,nan,nan,-0.676758,-0.232129,-0.210929,5.33365,5.81158,33,18,step,1.629,1.79069e+09,-3.19204,51,0.376145
1.63,2,-0.8,nan,nan,nan,nan,-0.710596,-0.233874,-0.203472,5.33317,5.81158,33,18,step,1.63,1.79069e+09,-3.16948,51,0.376069
1.631,2,-0.8,nan,nan,nan,nan,-0.710596,-0.233874,-0.208798,5.33317,5.81158,33,18,step,1.631,1.79069e+09,-3.20332,51,0.375989
1.632,2,-0.8,nan,nan,nan,nan,-0.857227,-0.242601,-0.220516,5.33279,5.81158,33,18,step,1.632,1.79069e+09,-3.20332,51,0.375902
1.633,2,-0.8,nan,nan,nan,nan,-0.857227,-0.242601,-0.237561,5.33279,5.81158,33,18,step,1.633,1.79069e+09,-3.28228,51,0.375837
1.634,2,-0.8,nan,nan,nan,nan,-0.834668,-0.232129,-0.217321,5.33231,5.81158,33,18,step,1.634,1.79069e+09,-3.23716,51,0.375807
1.635,2,-0.8,nan,nan,nan,nan,-0.834668,-0.232129,-0.225843,5.33231,5.81158,33,18,step,1.635,1.79069e+09,-3.19204,51,0.375762
1.636,2,-0.8,nan,nan,nan,nan,-0.879785,-0.23911,-0.220516,5.33183,5.81158,33,18,step,1.636,1.79069e+09,-3.18076,51,0.375739
1.637,2,-0.8,nan,nan,nan,nan,-0.879785,-0.23911,-0.221582,5.33183,5.81158,33,18,step,1.637,1.79069e+09,-3.19204,51,0.37572
1.638,2,-0.8,nan,nan,nan,nan,-0.868506,-0.230383,-0.234365,5.33135,5.81158,33,18,step,1.638,1.79069e+09,-3.14692,51,0.375659
1.639,2,-0.8,nan,nan,nan,nan,-0.868506,-0.230383,-0.237561,5.33135,5.81158,33,18,step,1.639,1.79069e+09,-3.18076,51,0.375627
1.64,2,-0.8,nan,nan,nan,nan,-0.879785,-0.247837,-0.226908,5.33087,5.81158,33,18,step,1.64,1.79069e+09,-3.20332,51,0.375609
1.641,2,-0.8,nan,nan,nan,nan,-0.879785,-0.247837,-0.225843,5.33087,5.81158,33,18,step,1.641,1.79069e+09,-3.16948,51,0.375597
1.642,2,-0.8,nan,nan,nan,nan,-0.868506,-0.240855,-0.249279,5.33039,5.81158,33,18,step,1.642,1.79069e+09,-3.1582,51,0.37559
1.643,2,-0.8,nan,nan,nan,nan,-0.868506,-0.240855,-0.249279,5.33039,5.81158,33,18,step,1.643,1.79069e+09,-3.13564,51,0.375574
1.644,2,-0.8,nan,nan,nan,nan,-0.834668,-0.261799,-0.240757,5.32991,5.81158,33,18,step,1.644,1.79069e+09,-3.14692,51,0.375591
1.645,2,-0.8,nan,nan,nan,nan,-0.834668,-0.261799,-0.211994,5.32991,5.81158,33,18,step,1.645,1.79069e+09,-3.12437,51,0.375573
1.646,2,-0.8,nan,nan,nan,nan,-0.845947,-0.26529,-0.21519,5.32934,5.81158,33,18,step,1.646,1.79069e+09,-3.10181,51,0.375542
1.647,2,-0.8,nan,nan,nan,nan,-0.845947,-0.26529,-0.238627,5.32934,5.81158,33,18,step,1.647,1.79069e+09,-3.1582,51,0.375558
1.648,2,-0.8,nan,nan,nan,nan,-0.789551,-0.261799,-0.247149,5.32886,5.81158,33,18,step,1.648,1.79069e+09,-3.13564,51,0.375603
1.649,2,-0.8,nan,nan,nan,nan,-0.789551,-0.261799,-0.254606,5.32886,5.81158,33,18,step,1.649,1.79069e+09,-3.07925,51,0.375628
1.65,2,-0.8,nan,nan,nan,nan,-0.766992,-0.256563,-0.247149,5.32828,5.81158,33,18,step,1.65,1.79069e+09,-3.09053,51,0.37565
1.651,2,-0.8,nan,nan,nan,nan,-0.766992,-0.256563,-0.225843,5.32828,5.81168,33,18,step,1.651,1.79069e+09,-3.06797,51,0.375655
1.652,2,-0.8,nan,nan,nan,nan,-0.710596,-0.249582,-0.247149,5.3278,5.81168,33,18,step,1.652,1.79069e+09,-3.06797,51,0.375623
1.653,2,-0.8,nan,nan,nan,nan,-0.710596,-0.249582,-0.248214,5.3278,5.81168,33,18,step,1.653,1.79069e+09,-3.07925,51,0.375612
1.654,2,-0.8,nan,nan,nan,nan,-0.778271,-0.251327,-0.257802,5.32732,5.81168,33,18,step,1.654,1.79069e+09,-3.13564,51,0.375632
1.655,2,-0.8,nan,nan,nan,nan,-0.778271,-0.251327,-0.255671,5.32732,5.81168,33,18,step,1.655,1.79069e+09,-3.09053,51,0.37563
1.656,2,-0.8,nan,nan,nan,nan,-0.80083,-0.268781,-0.245018,5.32675,5.81168,33,18,step,1.656,1.79069e+09,-3.06797,51,0.375619
1.657,2,-0.8,nan,nan,nan,nan,-0.80083,-0.268781,-0.26739,5.32675,5.81168,33,18,step,1.657,1.79069e+09,-3.11309,51,0.375647
1.658,2,-0.8,nan,nan,nan,nan,-0.80083,-0.277507,-0.243953,5.32617,5.81168,33,18,step,1.658,1.79069e+09,-3.09053,51,0.375687
1.659,2,-0.8,nan,nan,nan,nan,-0.80083,-0.277507,-0.258867,5.32617,5.81168,33,18,step,1.659,1.79069e+09,-3.06797,51,0.375716
1.66,2,-0.8,nan,nan,nan,nan,-0.812109,-0.286234,-0.254606,5.3256,5.81168,33,18,step,1.66,1.79069e+09,-3.06797,51,0.375721
1.661,2,-0.8,nan,nan,nan,nan,-0.812109,-0.286234,-0.250345,5.3256,5.81168,33,18,step,1.661,1.79069e+09,-3.09053,51,0.375765
1.662,2,-0.8,nan,nan,nan,nan,-0.812109,-0.282743,-0.257802,5.32502,5.81168,33,18,step,1.662,1.79069e+09,-3.10181,51,0.375798
1.663,2,-0.8,nan,nan,nan,nan,-0.812109,-0.282743,-0.268455,5.32502,5.81168,33,18,step,1.663,1.79069e+09,-3.05669,51,0.375835
1.664,2,-0.8,nan,nan,nan,nan,-0.834668,-0.296706,-0.275912,5.32445,5.81168,33,18,step,1.664,1.79069e+09,-3.05669,51,0.375852
1.665,2,-0.8,nan,nan,nan,nan,-0.834668,-0.296706,-0.255671,5.32445,5.81168,33,18,step,1.665,1.79069e+09,-3.03413,51,0.375852
1.666,2,-0.8,nan,nan,nan,nan,-0.834668,-0.286234,-0.256737,5.32387,5.81168,33,18,step,1.666,1.79069e+09,-3.06797,51,0.375872
1.667,2,-0.8,nan,nan,nan,nan,-0.834668,-0.286234,-0.264194,5.32387,5.81168,33,18,step,1.667,1.79069e+09,-3.09053,51,0.375888
1.668,2,-0.8,nan,nan,nan,nan,-0.834668,-0.29147,-0.26739,5.3233,5.81168,33,18,step,1.668,1.79069e+09,-3.05669,51,0.375899
1.669,2,-0.8,nan,nan,nan,nan,-0.834668,-0.29147,-0.26952,5.3233,5.81168,33,18,step,1.669,1.79069e+09,-3.06797,51,0.375897
1.67,2,-0.8,nan,nan,nan,nan,-0.812109,-0.29147,-0.274847,5.32272,5.81168,33,18,step,1.67,1.79069e+09,-3.06797,51,0.375928
1.671,2,-0.8,nan,nan,nan,nan,-0.812109,-0.29147,-0.272716,5.32272,5.81168,33,18,step,1.671,1.79069e+09,-3.06797,51,0.37594
1.672,2,-0.8,nan,nan,nan,nan,-0.789551,-0.312414,-0.28763,5.32205,5.81168,33,18,step,1.672,1.79069e+09,-3.02285,51,0.375889
1.673,2,-0.8,nan,nan,nan,nan,-0.789551,-0.312414,-0.278043,5.32205,5.81168,33,18,step,1.673,1.79069e+09,-3.06797,51,0.375861
1.674,2,-0.8,nan,nan,nan,nan,-0.744434,-0.315905,-0.281238,5.32148,5.81168,33,18,step,1.674,1.79069e+09,-3.1582,51,0.375851
1.675,2,-0.8,nan,nan,nan,nan,-0.744434,-0.315905,-0.26952,5.32148,5.81168,33,18,step,1.675,1.79069e+09,-3.11309,51,0.375826
1.676,2,-0.8,nan,nan,nan,nan,-0.721875,-0.312414,-0.283369,5.3208,5.81168,33,18,step,1.676,1.79069e+09,-3.11309,51,0.375816
1.677,2,-0.8,nan,nan,nan,nan,-0.721875,-0.312414,-0.280173,5.3208,5.81168,33,18,step,1.677,1.79069e+09,-3.11309,51,0.375782
1.678,2,-0.8,nan,nan,nan,nan,-0.733154,-0.305433,-0.298283,5.32023,5.81168,33,18,step,1.678,1.79069e+09,-3.11309,51,0.375772
1.679,2,-0.8,nan,nan,nan,nan,-0.733154,-0.305433,-0.307871,5.32023,5.81168,33,18,step,1.679,1.79069e+09,-3.1582,51,0.37576
1.68,2,-0.8,nan,nan,nan,nan,-0.755713,-0.319395,-0.30574,5.31956,5.81168,33,18,step,1.68,1.79069e+09,-3.16948,51,0.375728
1.681,2,-0.8,nan,nan,nan,nan,-0.755713,-0.319395,-0.298283,5.31956,5.81168,33,18,step,1.681,1.79069e+09,-3.14692,51,0.37568
1.682,2,-0.8,nan,nan,nan,nan,-0.755713,-0.319395,-0.296153,5.31889,5.81168,33,18,step,1.682,1.79069e+09,-3.1582,51,0.375641
1.683,2,-0.8,nan,nan,nan,nan,-0.755713,-0.319395,-0.263128,5.31889,5.81168,33,18,step,1.683,1.79069e+09,-3.19204,51,0.375633
1.684,2,-0.8,nan,nan,nan,nan,-0.733154,-0.338594,-0.284434,5.31822,5.81168,33,18,step,1.684,1.79069e+09,-3.1582,51,0.375613
1.685,2,-0.8,nan,nan,nan,nan,-0.733154,-0.338594,-0.310001,5.31822,5.81168,33,18,step,1.685,1.79069e+09,-3.11309,51,0.375577
1.686,2,-0.8,nan,nan,nan,nan,-0.755713,-0.363028,-0.299348,5.31754,5.81168,33,18,step,1.686,1.79069e+09,-3.13564,51,0.375537
1.687,2,-0.8,nan,nan,nan,nan,-0.755713,-0.363028,-0.308936,5.31754,5.81168,33,18,step,1.687,1.79069e+09,-3.1582,51,0.3755
1.688,2,-0.8,nan,nan,nan,nan,-0.789551,-0.368264,-0.30574,5.31678,5.81168,33,18,step,1.688,1.79069e+09,-3.1582,51,0.375467
1.689,2,-0.8,nan,nan,nan,nan,-0.789551,-0.368264,-0.308936,5.31678,5.81168,33,18,step,1.689,1.79069e+09,-3.1582,51,0.375434
1.69,2,-0.8,nan,nan,nan,nan,-0.823389,-0.352557,-0.318524,5.31611,5.81168,33,18,step,1.69,1.79069e+09,-3.16948,51,0.375398
1.691,2,-0.8,nan,nan,nan,nan,-0.823389,-0.352557,-0.325981,5.31611,5.81168,33,18,step,1.691,1.79069e+09,-3.1582,51,0.375369
1.692,2,-0.8,nan,nan,nan,nan,-0.834668,-0.345575,-0.310001,5.31534,5.81168,33,18,step,1.692,1.79069e+09,-3.1582,51,0.375351
1.693,2,-0.8,nan,nan,nan,nan,-0.834668,-0.345575,-0.301479,5.31534,5.81168,33,18,step,1.693,1.79069e+09,-3.16948,51,0.375318
1.694,2,-0.8,nan,nan,nan,nan,-0.766992,-0.338594,-0.334503,5.31476,5.81168,33,18,step,1.694,1.79069e+09,-3.14692,51,0.375277
1.695,2,-0.8,nan,nan,nan,nan,-0.766992,-0.338594,-0.340895,5.31476,5.81168,33,18,step,1.695,1.79069e+09,-3.19204,51,0.375286
1.696,2,-0.8,nan,nan,nan,nan,-0.733154,-0.356047,-0.320654,5.314,5.81168,33,18,step,1.696,1.79069e+09,-3.16948,51,0.375289
1.697,2,-0.8,nan,nan,nan,nan,-0.733154,-0.356047,-0.312132,5.314,5.81168,33,18,step,1.697,1.79069e+09,-3.12437,51,0.375288
1.698,2,-0.8,nan,nan,nan,nan,-0.857227,-0.361283,-0.329177,5.31323,5.81168,33,18,step,1.698,1.79069e+09,-3.12437,51,0.375305
1.699,2,-0.8,nan,nan,nan,nan,-0.857227,-0.361283,-0.345156,5.31323,5.81168,33,18,step,1.699,1.79069e+09,-3.13564,51,0.375299
1.7,2,-0.8,nan,nan,nan,nan,-0.733154,-0.335103,-0.343026,5.31256,5.81168,33,18,step,1.7,1.79069e+09,-3.09053,51,0.375283
1.701,2,-0.8,nan,nan,nan,nan,-0.733154,-0.335103,-0.336634,5.31256,5.81168,33,18,step,1.701,1.79069e+09,-3.11309,51,0.375311
1.702,2,-0.8,nan,nan,nan,nan,-0.755713,-0.338594,-0.336634,5.31189,5.81168,33,18,step,1.702,1.79069e+09,-3.09053,51,0.375331
1.703,2,-0.8,nan,nan,nan,nan,-0.755713,-0.338594,-0.345156,5.31189,5.81168,33,18,step,1.703,1.79069e+09,-3.04541,51,0.375338
1.704,2,-0.8,nan,nan,nan,nan,-0.733154,-0.359538,-0.327046,5.31122,5.81168,33,18,step,1.704,1.79069e+09,-3.04541,51,0.375357
1.705,2,-0.8,nan,nan,nan,nan,-0.733154,-0.359538,-0.331307,5.31122,5.81177,33,18,step,1.705,1.79069e+09,-3.03413,51,0.375364
1.706,2,-0.8,nan,nan,nan,nan,-0.755713,-0.390954,-0.352613,5.31045,5.81177,33,18,step,1.706,1.79069e+09,-3.03413,51,0.375376
1.707,2,-0.8,nan,nan,nan,nan,-0.755713,-0.390954,-0.356874,5.31045,5.81177,33,18,step,1.707,1.79069e+09,-3.03413,51,0.375373
1.708,2,-0.8,nan,nan,nan,nan,-0.755713,-0.410152,-0.343026,5.30959,5.81177,33,18,step,1.708,1.79069e+09,-3.03413,51,0.375376
1.709,2,-0.8,nan,nan,nan,nan,-0.755713,-0.410152,-0.340895,5.30959,5.81177,33,18,step,1.709,1.79069e+09,-3.04541,51,0.375385
1.71,2,-0.8,nan,nan,nan,nan,-0.812109,-0.371755,-0.364332,5.30882,5.81177,33,18,step,1.71,1.79069e+09,-3.01157,51,0.375395
1.711,2,-0.8,nan,nan,nan,nan,-0.812109,-0.371755,-0.370723,5.30882,5.81177,33,18,step,1.711,1.79069e+09,-3.02285,51,0.375427
1.712,2,-0.8,nan,nan,nan,nan,-0.812109,-0.371755,-0.368593,5.30805,5.81177,33,18,step,1.712,1.79069e+09,-2.97773,51,0.375444
1.713,2,-0.8,nan,nan,nan,nan,-0.812109,-0.371755,-0.353679,5.30805,5.81177,33,18,step,1.713,1.79069e+09,-2.9439,51,0.375436
1.714,2,-0.8,nan,nan,nan,nan,-0.913623,-0.37001,-0.344091,5.30729,5.81177,33,18,step,1.714,1.79069e+09,-2.95518,51,0.375412
1.715,2,-0.8,nan,nan,nan,nan,-0.913623,-0.37001,-0.348352,5.30729,5.81187,33,18,step,1.715,1.79069e+09,-2.98901,51,0.375388
1.716,2,-0.8,nan,nan,nan,nan,-0.80083,-0.382227,-0.34196,5.30661,5.81187,33,18,step,1.716,1.79069e+09,-3.01157,51,0.375396
1.717,2,-0.8,nan,nan,nan,nan,-0.80083,-0.382227,-0.344091,5.30661,5.81187,33,18,step,1.717,1.79069e+09,-2.95518,51,0.375406
1.718,2,-0.8,nan,nan,nan,nan,-0.778271,-0.389208,-0.359005,5.30585,5.81187,33,18,step,1.718,1.79069e+09,-2.89878,51,0.375413
1.719,2,-0.8,nan,nan,nan,nan,-0.778271,-0.389208,-0.361136,5.30585,5.81187,33,18,step,1.719,1.79069e+09,-2.8875,51,0.375414
1.72,2,-0.8,nan,nan,nan,nan,-0.755713,-0.37001,-0.353679,5.30508,5.81197,33,18,step,1.72,1.79069e+09,-2.89878,51,0.375411
1.721,2,-0.8,nan,nan,nan,nan,-0.755713,-0.37001,-0.368593,5.30508,5.81197,33,18,step,1.721,1.79069e+09,-2.8875,51,0.375397
1.722,2,-0.8,nan,nan,nan,nan,-0.755713,-0.361283,-0.370723,5.30431,5.81206,33,18,step,1.722,1.79069e+09,-2.87622,51,0.375383
1.723,2,-0.8,nan,nan,nan,nan,-0.755713,-0.361283,-0.35794,5.30431,5.81216,33,18,step,1.723,1.79069e+09,-2.93262,51,0.37537
1.724,2,-0.8,nan,nan,nan,nan,-0.733154,-0.394444,-0.356874,5.30355,5.81216,33,18,step,1.724,1.79069e+09,-2.85366,51,0.375355
1.725,2,-0.8,nan,nan,nan,nan,-0.733154,-0.394444,-0.364332,5.30355,5.81225,33,18,step,1.725,1.79069e+09,-2.84238,51,0.375318
1.726,2,-0.8,nan,nan,nan,nan,-0.766992,-0.438078,-0.366462,5.30268,5.81225,33,18,step,1.726,1.79069e+09,-2.81982,51,0.37529
1.727,2,-0.8,nan,nan,nan,nan,-0.766992,-0.438078,-0.383507,5.30268,5.81235,33,18,step,1.727,1.79069e+09,-2.8311,51,0.375286
1.728,2,-0.8,nan,nan,nan,nan,-0.80083,-0.450295,-0.382442,5.30182,5.81244,33,18,step,1.728,1.79069e+09,-2.79727,51,0.375257
1.729,2,-0.8,nan,nan,nan,nan,-0.80083,-0.450295,-0.373919,5.30182,5.81244,33,18,step,1.729,1.79069e+09,-2.75215,51,0.375215
1.73,2,-0.8,nan,nan,nan,nan,-0.857227,-0.42237,-0.373919,5.30096,5.81254,33,18,step,1.73,1.79069e+09,-2.77471,51,0.375187
1.731,2,-0.8,nan,nan,nan,nan,-0.857227,-0.42237,-0.387768,5.30096,5.81264,33,18,step,1.731,1.79069e+09,-2.77471,51,0.375174
1.732,2,-0.8,nan,nan,nan,nan,-0.879785,-0.39968,-0.390964,5.3001,5.81273,33,18,step,1.732,1.79069e+09,-2.69575,51,0.375141
1.733,2,-0.8,nan,nan,nan,nan,-0.879785,-0.39968,-0.373919,5.3001,5.81273,33,18,step,1.733,1.79069e+09,-2.68447,51,0.375089
1.734,2,-0.8,nan,nan,nan,nan,-0.857227,-0.401426,-0.388833,5.29933,5.81283,33,18,step,1.734,1.79069e+09,-2.68447,51,0.375037
1.735,2,-0.8,nan,nan,nan,nan,-0.857227,-0.401426,-0.385637,5.29933,5.81292,33,18,step,1.735,1.79069e+09,-2.68447,51,0.374965
1.736,2,-0.8,nan,nan,nan,nan,-0.834668,-0.418879,-0.392029,5.29847,5.81302,33,18,step,1.736,1.79069e+09,-2.68447,51,0.374897
1.737,2,-0.8,nan,nan,nan,nan,-0.834668,-0.418879,-0.408009,5.29847,5.81312,33,18,step,1.737,1.79069e+09,-2.68447,51,0.374853
1.738,2,-0.8,nan,nan,nan,nan,-0.789551,-0.39619,-0.400552,5.2977,5.81321,33,18,step,1.738,1.79069e+09,-2.65063,51,0.374792
1.739,2,-0.8,nan,nan,nan,nan,-0.789551,-0.39619,-0.39416,5.2977,5.81331,33,18,step,1.739,1.79069e+09,-2.60552,51,0.374725
1.74,2,-0.8,nan,nan,nan,nan,-0.778271,-0.361283,-0.398421,5.29693,5.8134,33,18,step,1.74,1.79069e+09,-2.60552,51,0.374671
1.741,2,-0.8,nan,nan,nan,nan,-0.778271,-0.361283,-0.388833,5.29693,5.8135,33,18,step,1.741,1.79069e+09,-2.57168,51,0.374613
1.742,2,-0.8,nan,nan,nan,nan,-0.778271,-0.375246,-0.395225,5.29616,5.8136,33,18,step,1.742,1.79069e+09,-2.52656,51,0.37452
1.743,2,-0.8,nan,nan,nan,nan,-0.778271,-0.375246,-0.399486,5.29616,5.81379,33,18,step,1.743,1.79069e+09,-2.54912,51,0.374424
1.744,2,-0.8,nan,nan,nan,nan,-0.766992,-0.432842,-0.387768,5.2953,5.81388,33,18,step,1.744,1.79069e+09,-2.5604,51,0.374375
1.745,2,-0.8,nan,nan,nan,nan,-0.766992,-0.432842,-0.413335,5.2953,5.81407,33,18,step,1.745,1.79069e+09,-2.51528,51,0.374296
1.746,2,-0.8,nan,nan,nan,nan,-0.834668,-0.471239,-0.411205,5.29434,5.81427,33,18,step,1.746,1.79069e+09,-2.45889,51,0.374187
1.747,2,-0.8,nan,nan,nan,nan,-0.834668,-0.471239,-0.37818,5.29434,5.81446,33,18,step,1.747,1.79069e+09,-2.49272,51,0.374058
1.748,2,-0.8,nan,nan,nan,nan,-0.868506,-0.436332,-0.370723,5.29348,5.81465,33,18,step,1.748,1.79069e+09,-2.51528,51,0.373953
1.749,2,-0.8,nan,nan,nan,nan,-0.868506,-0.436332,-0.398421,5.29348,5.81494,33,18,step,1.749,1.79069e+09,-2.49272,51,0.37384
1.75,2,-0.8,nan,nan,nan,nan,-0.879785,-0.42237,-0.399486,5.29262,5.81513,33,18,step,1.75,1.79069e+09,-2.43633,51,0.373689
1.751,2,-0.8,nan,nan,nan,nan,-0.879785,-0.42237,-0.420792,5.29262,5.81542,33,18,step,1.751,1.79069e+09,-2.40249,51,0.373562
1.752,2,-0.8,nan,nan,nan,nan,-0.857227,-0.420624,-0.398421,5.29185,5.81561,33,18,step,1.752,1.79069e+09,-2.37993,51,0.373426
1.753,2,-0.8,nan,nan,nan,nan,-0.857227,-0.420624,-0.39416,5.29185,5.81599,33,18,step,1.753,1.79069e+09,-2.31226,51,0.373251
1.754,2,-0.8,nan,nan,nan,nan,-0.834668,-0.427606,-0.39416,5.29099,5.81628,33,18,step,1.754,1.79069e+09,-2.30098,51,0.373063
1.755,2,-0.8,nan,nan,nan,nan,-0.834668,-0.427606,-0.418662,5.29099,5.81666,33,18,step,1.755,1.79069e+09,-2.30098,51,0.372868
1.756,2,-0.8,nan,nan,nan,nan,-0.789551,-0.404916,-0.428249,5.29012,5.81705,33,18,step,1.756,1.79069e+09,-2.2897,51,0.372683
1.757,2,-0.8,nan,nan,nan,nan,-0.789551,-0.404916,-0.397356,5.29012,5.81743,33,18,step,1.757,1.79069e+09,-2.26714,51,0.372479
1.758,2,-0.8,nan,nan,nan,nan,-0.789551,-0.385718,-0.398421,5.28936,5.81791,33,18,step,1.758,1.79069e+09,-2.19946,51,0.372252
1.759,2,-0.8,nan,nan,nan,nan,-0.789551,-0.385718,-0.403748,5.28936,5.81829,33,18,step,1.759,1.79069e+09,-2.2333,51,0.372011
1.76,2,-0.8,nan,nan,nan,nan,-0.766992,-0.401426,-0.399486,5.28859,5.81868,33,18,step,1.76,1.79069e+09,-2.21074,51,0.371719
1.761,2,-0.8,nan,nan,nan,nan,-0.766992,-0.401426,-0.384572,5.28859,5.81906,33,18,step,1.761,1.79069e+09,-2.22202,51,0.371452
1.762,2,-0.8,nan,nan,nan,nan,-0.80083,-0.457276,-0.398421,5.28773,5.81954,33,18,step,1.762,1.79069e+09,-2.25586,51,0.371175
1.763,2,-0.8,nan,nan,nan,nan,-0.80083,-0.457276,-0.410139,5.28773,5.81983,33,18,step,1.763,1.79069e+09,-2.2333,51,0.370901
1.764,2,-0.8,nan,nan,nan,nan,-0.857227,-0.47822,-0.397356,5.28677,5.82021,33,18,step,1.764,1.79069e+09,-2.19946,51,0.370619
1.765,2,-0.8,nan,nan,nan,nan,-0.857227,-0.47822,-0.39416,5.28677,5.8205,33,18,step,1.765,1.79069e+09,-2.19946,51,0.370275
1.766,2,-0.8,nan,nan,nan,nan,-0.868506,-0.45204,-0.413335,5.28581,5.82079,33,18,step,1.766,1.79069e+09,-2.1769,51,0.369943
1.767,2,-0.8,nan,nan,nan,nan,-0.868506,-0.45204,-0.414401,5.28581,5.82107,33,18,step,1.767,1.79069e+09,-2.21074,51,0.369595
1.768,2,-0.8,nan,nan,nan,nan,-0.834668,-0.429351,-0.395225,5.28495,5.82136,33,18,step,1.768,1.79069e+09,-2.13179,51,0.369238
1.769,2,-0.8,nan,nan,nan,nan,-0.834668,-0.429351,-0.413335,5.28495,5.82155,33,18,step,1.769,1.79069e+09,-2.19946,51,0.368868
1.77,2,-0.8,nan,nan,nan,nan,-0.823389,-0.42586,-0.410139,5.28408,5.82184,33,18,step,1.77,1.79069e+09,-2.12051,51,0.368426
1.771,2,-0.8,nan,nan,nan,nan,-0.823389,-0.42586,-0.410139,5.28408,5.82213,33,18,step,1.771,1.79069e+09,-2.12051,51,0.368028
1.772,2,-0.8,nan,nan,nan,nan,-0.755713,-0.439823,-0.400552,5.28322,5.82251,33,18,step,1.772,1.79069e+09,-2.15435,51,0.367609
1.773,2,-0.8,nan,nan,nan,nan,-0.755713,-0.439823,-0.401617,5.28322,5.8228,33,18,step,1.773,1.79069e+09,-2.07539,51,0.367158
1.774,2,-0.8,nan,nan,nan,nan,-0.766992,-0.415388,-0.410139,5.28236,5.82328,33,18,step,1.774,1.79069e+09,-2.05283,51,0.3667
1.775,2,-0.8,nan,nan,nan,nan,-0.766992,-0.415388,-0.419727,5.28236,5.82376,33,18,step,1.775,1.79069e+09,-2.03027,51,0.366205
1.776,2,-0.8,nan,nan,nan,nan,-0.778271,-0.404916,-0.435706,5.28159,5.82424,33,18,step,1.776,1.79069e+09,-2.16563,51,0.365754
1.777,2,-0.8,nan,nan,nan,nan,-0.778271,-0.404916,-0.418662,5.28159,5.82481,33,18,step,1.777,1.79069e+09,-2.16563,51,0.365257
1.778,2,-0.8,nan,nan,nan,nan,-0.789551,-0.429351,-0.420792,5.28073,5.82548,33,18,step,1.778,1.79069e+09,-2.14307,51,0.364755
1.779,2,-0.8,nan,nan,nan,nan,-0.789551,-0.429351,-0.409074,5.28073,5.82625,33,18,step,1.779,1.79069e+09,-2.15435,51,0.364227
1.78,2,-0.8,nan,nan,nan,nan,-0.80083,-0.471239,-0.416531,5.27977,5.82711,33,18,step,1.78,1.79069e+09,-2.12051,51,0.363642
1.781,2,-0.8,nan,nan,nan,nan,-0.80083,-0.471239,-0.401617,5.27977,5.82788,33,18,step,1.781,1.79069e+09,-2.13179,51,0.363109
1.782,2,-0.8,nan,nan,nan,nan,-0.834668,-0.479966,-0.395225,5.27872,5.82874,33,18,step,1.782,1.79069e+09,-2.15435,51,0.36252
1.783,2,-0.8,nan,nan,nan,nan,-0.834668,-0.479966,-0.416531,5.27872,5.82961,33,18,step,1.783,1.79069e+09,-2.12051,51,0.361919
1.784,2,-0.8,nan,nan,nan,nan,-0.834668,-0.45204,-0.418662,5.27785,5.83028,33,18,step,1.784,1.79069e+09,-2.07539,51,0.361326
1.785,2,-0.8,nan,nan,nan,nan,-0.834668,-0.45204,-0.392029,5.27785,5.83104,33,18,step,1.785,1.79069e+09,-1.99644,51,0.360683
1.786,2,-0.8,nan,nan,nan,nan,-0.778271,-0.438078,-0.408009,5.27699,5.83172,33,18,step,1.786,1.79069e+09,-1.92876,51,0.360065
1.787,2,-0.8,nan,nan,nan,nan,-0.778271,-0.438078,-0.428249,5.27699,5.83248,33,18,step,1.787,1.79069e+09,-1.91748,51,0.35941
1.788,2,-0.8,nan,nan,nan,nan,-0.755713,-0.459022,-0.422923,5.27603,5.83344,33,18,step,1.788,1.79069e+09,-1.95132,51,0.358744
1.789,2,-0.8,nan,nan,nan,nan,-0.755713,-0.459022,-0.410139,5.27603,5.83411,33,18,step,1.789,1.79069e+09,-1.97388,51,0.358068
1.79,2,-0.8,nan,nan,nan,nan,-0.778271,-0.457276,-0.417596,5.27507,5.83498,33,18,step,1.79,1.79069e+09,-1.94004,51,0.35731
1.791,2,-0.8,nan,nan,nan,nan,-0.778271,-0.457276,-0.422923,5.27507,5.83574,33,18,step,1.791,1.79069e+09,-1.99644,51,0.356589
1.792,2,-0.8,nan,nan,nan,nan,-0.812109,-0.445059,-0.422923,5.27421,5.83661,33,18,step,1.792,1.79069e+09,-2.05283,51,0.355816
1.793,2,-0.8,nan,nan,nan,nan,-0.812109,-0.445059,-0.417596,5.27421,5.83737,33,18,step,1.793,1.79069e+09,-2.05283,51,0.355024
1.794,2,-0.8,nan,nan,nan,nan,-0.778271,-0.434587,-0.426119,5.27335,5.83833,33,18,step,1.794,1.79069e+09,-1.99644,51,0.354174
1.795,2,-0.8,nan,nan,nan,nan,-0.778271,-0.434587,-0.445294,5.27335,5.8391,33,18,step,1.795,1.79069e+09,-1.92876,51,0.353279
1.796,2,-0.8,nan,nan,nan,nan,-0.778271,-0.471239,-0.441033,5.27248,5.83986,33,18,step,1.796,1.79069e+09,-1.9626,51,0.352444
1.797,2,-0.8,nan,nan,nan,nan,-0.778271,-0.471239,-0.428249,5.27248,5.84082,33,18,step,1.797,1.79069e+09,-2.01899,51,0.351554
1.798,2,-0.8,nan,nan,nan,nan,-0.789551,-0.490438,-0.413335,5.27143,5.84169,33,18,step,1.798,1.79069e+09,-2.07539,51,0.350645
1.799,2,-0.8,nan,nan,nan,nan,-0.789551,-0.490438,-0.427184,5.27143,5.84265,33,18,step,1.799,1.79069e+09,-2.12051,51,0.349716
1.8,2,0.8,nan,nan,nan,nan,-0.913623,-0.471239,-0.447425,5.27047,5.84351,33,18,step,1.8,1.79069e+09,-2.14307,51,0.348731
1.801,2,0.8,nan,nan,nan,nan,-0.913623,-0.471239,-0.433576,5.27047,5.84447,33,18,step,1.801,1.79069e+09,-2.09795,51,0.347797
1.802,2,0.8,nan,nan,nan,nan,-0.902344,-0.446804,-0.417596,5.26961,5.84533,33,18,step,1.802,1.79069e+09,-2.22202,51,0.346789
1.803,2,0.8,nan,nan,nan,nan,-0.902344,-0.446804,-0.419727,5.26961,5.84629,33,18,step,1.803,1.79069e+09,-2.15435,51,0.345738
1.804,2,0.8,nan,nan,nan,nan,0.0112793,-0.357792,-0.433576,5.26884,5.84725,33,18,step,1.804,1.79069e+09,-2.1769,51,0.344693
1.805,2,0.8,nan,nan,nan,nan,0.0112793,-0.357792,-0.44849,5.26884,5.8483,33,18,step,1.805,1.79069e+09,-2.22202,51,0.34359
1.806,2,0.8,nan,nan,nan,nan,0.0225586,-0.178024,-0.451686,5.26846,5.84936,33,18,step,1.806,1.79069e+09,-2.24458,51,0.342573
1.807,2,0.8,nan,nan,nan,nan,0.0225586,-0.178024,-0.438902,5.26846,5.85041,33,18,step,1.807,1.79069e+09,-2.16563,51,0.341508
1.808,2,0.8,nan,nan,nan,nan,0.135352,-0.382227,-0.433576,5.26779,5.85137,33,18,step,1.808,1.79069e+09,-2.31226,51,0.340399
1.809,2,0.8,nan,nan,nan,nan,0.135352,-0.382227,-0.423988,5.26779,5.85262,33,18,step,1.809,1.79069e+09,-2.2897,51,0.339291
1.81,2,0.8,nan,nan,nan,nan,0.191748,-0.579449,-0.403748,5.26664,5.85377,33,18,step,1.81,1.79069e+09,-2.25586,51,0.338133
1.811,2,0.8,nan,nan,nan,nan,0.191748,-0.579449,-0.398421,5.26664,5.85482,33,18,step,1.811,1.79069e+09,-2.21074,51,0.337048
1.812,2,0.8,nan,nan,nan,nan,0.270703,-0.532325,-0.409074,5.26548,5.85607,33,18,step,1.812,1.79069e+09,-2.18818,51,0.335934
1.813,2,0.8,nan,nan,nan,nan,0.270703,-0.532325,-0.408009,5.26548,5.85722,33,18,step,1.813,1.79069e+09,-2.16563,51,0.334799
1.814,2,0.8,nan,nan,nan,nan,0.31582,-0.361283,-0.388833,5.26472,5.85837,33,18,step,1.814,1.79069e+09,-2.1769,51,0.333624
1.815,2,0.8,nan,nan,nan,nan,0.31582,-0.361283,-0.392029,5.26472,5.85952,33,18,step,1.815,1.79069e+09,-2.16563,51,0.332313
1.816,2,0.8,nan,nan,nan,nan,0.360938,-0.282743,-0.37818,5.26414,5.86067,33,18,step,1.816,1.79069e+09,-2.13179,51,0.331084
1.817,2,0.8,nan,nan,nan,nan,0.360938,-0.282743,-0.400552,5.26414,5.86192,33,18,step,1.817,1.79069e+09,-2.13179,51,0.329782
1.818,2,0.8,nan,nan,nan,nan,0.541406,-0.314159,-0.381376,5.26347,5.86307,33,18,step,1.818,1.79069e+09,-2.14307,51,0.328494
1.819,2,0.8,nan,nan,nan,nan,0.541406,-0.314159,-0.37818,5.26347,5.86431,33,18,step,1.819,1.79069e+09,-2.16563,51,0.327206
1.82,2,0.8,nan,nan,nan,nan,0.620361,-0.359538,-0.389899,5.2628,5.86556,33,18,step,1.82,1.79069e+09,-2.16563,51,0.325869
1.821,2,0.8,nan,nan,nan,nan,0.620361,-0.359538,-0.400552,5.2628,5.8669,33,18,step,1.821,1.79069e+09,-2.21074,51,0.32464
1.822,2,0.8,nan,nan,nan,nan,0.654199,-0.361283,-0.387768,5.26203,5.86815,33,18,step,1.822,1.79069e+09,-2.16563,51,0.323356
1.823,2,0.8,nan,nan,nan,nan,0.654199,-0.361283,-0.35794,5.26203,5.86939,33,18,step,1.823,1.79069e+09,-2.09795,51,0.32205
1.824,2,0.8,nan,nan,nan,nan,0.654199,-0.357792,-0.319589,5.26136,5.87064,33,18,step,1.824,1.79069e+09,-2.21074,51,0.320702
1.825,2,0.8,nan,nan,nan,nan,0.654199,-0.357792,-0.316393,5.26136,5.87198,33,18,step,1.825,1.79069e+09,-2.18818,51,0.319313
1.826,2,0.8,nan,nan,nan,nan,0.665479,-0.349066,-0.324916,5.2606,5.87332,33,18,step,1.826,1.79069e+09,-2.24458,51,0.318017
1.827,2,0.8,nan,nan,nan,nan,0.665479,-0.349066,-0.344091,5.2606,5.87476,33,18,step,1.827,1.79069e+09,-2.27842,51,0.316667
1.828,2,0.8,nan,nan,nan,nan,0.654199,-0.321141,-0.322785,5.26002,5.87611,33,18,step,1.828,1.79069e+09,-2.21074,51,0.315291
1.829,2,0.8,nan,nan,nan,nan,0.654199,-0.321141,-0.290826,5.26002,5.87745,33,18,step,1.829,1.79069e+09,-2.21074,51,0.313891
1.83,2,0.8,nan,nan,nan,nan,0.665479,-0.263545,-0.284434,5.25944,5.87889,33,18,step,1.83,1.79069e+09,-2.26714,51,0.312422
1.831,2,0.8,nan,nan,nan,nan,0.665479,-0.263545,-0.273781,5.25944,5.88052,33,18,step,1.831,1.79069e+09,-2.39121,51,0.311057
1.832,2,0.8,nan,nan,nan,nan,0.688037,-0.244346,-0.282304,5.25897,5.88186,33,18,step,1.832,1.79069e+09,-2.44761,51,0.30964
1.833,2,0.8,nan,nan,nan,nan,0.688037,-0.244346,-0.280173,5.25897,5.8833,33,18,step,1.833,1.79069e+09,-2.39121,51,0.308209
1.834,2,0.8,nan,nan,nan,nan,0.778271,-0.249582,-0.291891,5.25839,5.88473,33,18,step,1.834,1.79069e+09,-2.30098,51,0.30678
1.835,2,0.8,nan,nan,nan,nan,0.778271,-0.249582,-0.263128,5.25839,5.88617,33,18,step,1.835,1.79069e+09,-2.35737,51,0.305288
1.836,2,0.8,nan,nan,nan,nan,0.766992,-0.258309,-0.243953,5.25791,5.88761,33,18,step,1.836,1.79069e+09,-2.41377,51,0.30389
1.837,2,0.8,nan,nan,nan,nan,0.766992,-0.258309,-0.249279,5.25791,5.88914,33,18,step,1.837,1.79069e+09,-2.5604,51,0.302426
1.838,2,0.8,nan,nan,nan,nan,0.834668,-0.258309,-0.253541,5.25743,5.89068,33,18,step,1.838,1.79069e+09,-2.42505,51,0.300975
1.839,2,0.8,nan,nan,nan,nan,0.834668,-0.258309,-0.240757,5.25743,5.89221,33,18,step,1.839,1.79069e+09,-2.49272,51,0.299498
1.84,2,0.8,nan,nan,nan,nan,0.778271,-0.225147,-0.221582,5.25695,5.89375,33,18,step,1.84,1.79069e+09,-2.504,51,0.297947
1.841,2,0.8,nan,nan,nan,nan,0.778271,-0.225147,-0.193884,5.25695,5.89528,33,18,step,1.841,1.79069e+09,-2.5604,51,0.296519
1.842,2,0.8,nan,nan,nan,nan,0.789551,-0.185005,-0.198145,5.25657,5.89691,33,18,step,1.842,1.79069e+09,-2.52656,51,0.295011
1.843,2,0.8,nan,nan,nan,nan,0.789551,-0.185005,-0.193884,5.25657,5.89844,33,18,step,1.843,1.79069e+09,-2.5604,51,0.293471
1.844,2,0.8,nan,nan,nan,nan,0.778271,-0.143117,-0.176839,5.25628,5.89998,33,18,step,1.844,1.79069e+09,-2.45889,51,0.291889
1.845,2,0.8,nan,nan,nan,nan,0.778271,-0.143117,-0.167252,5.25628,5.90151,33,18,step,1.845,1.79069e+09,-2.58296,51,0.29026
1.846,2,0.8,nan,nan,nan,nan,0.778271,-0.143117,-0.173643,5.25599,5.90305,33,18,step,1.846,1.79069e+09,-2.63936,51,0.288781
1.847,2,0.8,nan,nan,nan,nan,0.778271,-0.143117,-0.159795,5.25599,5.90448,33,18,step,1.847,1.79069e+09,-2.68447,51,0.287218
1.848,2,0.8,nan,nan,nan,nan,0.789551,-0.139626,-0.165121,5.25571,5.90592,33,18,step,1.848,1.79069e+09,-2.60552,51,0.285667
1.849,2,0.8,nan,nan,nan,nan,0.789551,-0.139626,-0.166186,5.25571,5.90726,33,18,step,1.849,1.79069e+09,-2.58296,51,0.284071
1.85,2,0.8,nan,nan,nan,nan,0.789551,-0.129154,-0.123574,5.25542,5.9087,33,18,step,1.85,1.79069e+09,-2.65063,51,0.282409
1.851,2,0.8,nan,nan,nan,nan,0.789551,-0.129154,-0.109726,5.25542,5.91014,33,18,step,1.851,1.79069e+09,-2.75215,51,0.280887
1.852,2,0.8,nan,nan,nan,nan,0.778271,-0.116937,-0.116117,5.25523,5.91148,33,18,step,1.852,1.79069e+09,-2.8875,51,0.279315
1.853,2,0.8,nan,nan,nan,nan,0.778271,-0.116937,-0.0894849,5.25523,5.91282,33,18,step,1.853,1.79069e+09,-2.87622,51,0.277727
1.854,2,0.8,nan,nan,nan,nan,0.766992,-0.0872665,-0.0894849,5.25503,5.91407,33,18,step,1.854,1.79069e+09,-2.76343,51,0.276119
1.855,2,0.8,nan,nan,nan,nan,0.766992,-0.0872665,-0.0820279,5.25503,5.91541,33,18,step,1.855,1.79069e+09,-2.85366,51,0.274427
1.856,2,0.8,nan,nan,nan,nan,0.766992,-0.0593412,-0.103334,5.25494,5.91685,33,18,step,1.856,1.79069e+09,-2.9439,51,0.272863
1.857,2,0.8,nan,nan,nan,nan,0.766992,-0.0593412,-0.0820279,5.25494,5.91829,33,18,step,1.857,1.79069e+09,-3.06797,51,0.271231
1.858,2,0.8,nan,nan,nan,nan,0.744434,-0.0471239,-0.0671137,5.25475,5.91973,33,18,step,1.858,1.79069e+09,-3.14692,51,0.269648
1.859,2,0.8,nan,nan,nan,nan,0.744434,-0.0471239,-0.0479384,5.25475,5.92107,33,18,step,1.859,1.79069e+09,-3.07925,51,0.268031
1.86,2,0.8,nan,nan,nan,nan,0.766992,-0.0296706,-0.0468731,5.25475,5.92241,33,18,step,1.86,1.79069e+09,-3.03413,51,0.266334
1.861,2,0.8,nan,nan,nan,nan,0.766992,-0.0296706,-0.0383507,5.25475,5.92385,33,18,step,1.861,1.79069e+09,-3.04541,51,0.264805
1.862,2,0.8,nan,nan,nan,nan,0.766992,-0.0174533,-0.0234365,5.25465,5.92529,33,18,step,1.862,1.79069e+09,-3.18076,51,0.263211
1.863,2,0.8,nan,nan,nan,nan,0.766992,-0.0174533,-0.0340895,5.25465,5.92673,33,18,step,1.863,1.79069e+09,-3.24844,51,0.26163
1.864,2,0.8,nan,nan,nan,nan,0.766992,-0.00349066,-0.00745708,5.25465,5.92816,33,18,step,1.864,1.79069e+09,-3.16948,51,0.260051
1.865,2,0.8,nan,nan,nan,nan,0.766992,-0.00349066,-0.0234365,5.25465,5.9296,33,18,step,1.865,1.79069e+09,-3.14692,51,0.258419
1.866,2,0.8,nan,nan,nan,nan,0.778271,0,-0.0127836,5.25465,5.93104,33,18,step,1.866,1.79069e+09,-3.19204,51,0.256965
1.867,2,0.8,nan,nan,nan,nan,0.778271,0,0.00639178,5.25465,5.93248,33,18,step,1.867,1.79069e+09,-3.24844,51,0.255426
1.868,2,0.8,nan,nan,nan,nan,0.789551,0,0.0255671,5.25465,5.93401,33,18,step,1.868,1.79069e+09,-3.29355,51,0.253896
1.869,2,0.8,nan,nan,nan,nan,0.789551,0,0.0319589,5.25465,5.93545,33,18,step,1.869,1.79069e+09,-3.25972,51,0.251599
1.87,2,0.8,nan,nan,nan,nan,0.789551,0.020944,0.0319589,5.25475,5.93689,33,18,step,1.87,1.79069e+09,-3.24844,51,0.250761
1.871,2,0.8,nan,nan,nan,nan,0.789551,0.020944,0.0170448,5.25475,5.93833,33,18,step,1.871,1.79069e+09,-3.39507,51,0.249323
1.872,2,0.8,nan,nan,nan,nan,0.789551,0.0401426,0.0245018,5.25484,5.93967,33,18,step,1.872,1.79069e+09,-3.46274,51,0.247849
1.873,2,0.8,nan,nan,nan,nan,0.789551,0.0401426,0.068179,5.25484,5.94111,33,18,step,1.873,1.79069e+09,-3.47402,51,0.246375
1.874,2,0.8,nan,nan,nan,nan,0.789551,0.0488692,0.0639178,5.25494,5.94255,33,18,step,1.874,1.79069e+09,-3.49658,51,0.244918
1.875,2,0.8,nan,nan,nan,nan,0.789551,0.0488692,0.0660484,5.25494,5.94398,33,18,step,1.875,1.79069e+09,-3.37251,51,0.243405
1.876,2,0.8,nan,nan,nan,nan,0.80083,0.0680678,0.078832,5.25503,5.94533,33,18,step,1.876,1.79069e+09,-3.36123,51,0.24202
1.877,2,0.8,nan,nan,nan,nan,0.80083,0.0680678,0.0724402,5.25503,5.94676,33,18,step,1.877,1.79069e+09,-3.41763,51,0.24059
1.878,2,0.8,nan,nan,nan,nan,0.80083,0.0907571,0.0852238,5.25523,5.94839,33,18,step,1.878,1.79069e+09,-3.49658,51,0.239187
1.879,2,0.8,nan,nan,nan,nan,0.80083,0.0907571,0.0767014,5.25523,5.94964,33,18,step,1.879,1.79069e+09,-3.53042,51,0.237781
1.88,2,0.8,nan,nan,nan,nan,0.80083,0.10472,0.0926808,5.25542,5.95089,33,18,step,1.88,1.79069e+09,-3.46274,51,0.236318
1.881,2,0.8,nan,nan,nan,nan,0.80083,0.10472,0.0926808,5.25542,5.95223,33,18,step,1.881,1.79069e+09,-3.39507,51,0.23499
1.882,2,0.8,nan,nan,nan,nan,0.812109,0.0977384,0.0777667,5.25561,5.95357,33,18,step,1.882,1.79069e+09,-3.50786,51,0.233633
1.883,2,0.8,nan,nan,nan,nan,0.812109,0.0977384,0.0884196,5.25561,5.95482,33,18,step,1.883,1.79069e+09,-3.58682,51,0.232277
1.884,2,0.8,nan,nan,nan,nan,0.823389,0.111701,0.111856,5.2558,5.95616,33,18,step,1.884,1.79069e+09,-3.62065,51,0.230934
1.885,2,0.8,nan,nan,nan,nan,0.823389,0.111701,0.135293,5.2558,5.95721,33,18,step,1.885,1.79069e+09,-3.73345,51,0.229557
1.886,2,0.8,nan,nan,nan,nan,0.812109,0.116937,0.127836,5.25609,5.95836,33,18,step,1.886,1.79069e+09,-3.67705,51,0.228302
1.887,2,0.8,nan,nan,nan,nan,0.812109,0.116937,0.12677,5.25609,5.95952,33,18,step,1.887,1.79069e+09,-3.68833,51,0.226989
1.888,2,0.8,nan,nan,nan,nan,0.812109,0.125664,0.12464,5.25628,5.96057,33,18,step,1.888,1.79069e+09,-3.72217,51,0.225721
1.889,2,0.8,nan,nan,nan,nan,0.812109,0.125664,0.133162,5.25628,5.96172,33,18,step,1.889,1.79069e+09,-3.73345,51,0.223883
1.89,2,0.8,nan,nan,nan,nan,0.812109,0.123918,0.121444,5.25657,5.96287,33,18,step,1.89,1.79069e+09,-3.75601,51,0.223195
1.891,2,0.8,nan,nan,nan,nan,0.812109,0.123918,0.152337,5.25657,5.96373,33,18,step,1.891,1.79069e+09,-3.82368,51,0.222013
1.892,2,0.8,nan,nan,nan,nan,0.80083,0.144862,0.155533,5.25686,5.96469,33,18,step,1.892,1.79069e+09,-3.8688,51,0.220819
1.893,2,0.8,nan,nan,nan,nan,0.80083,0.144862,0.148076,5.25686,5.96565,33,18,step,1.893,1.79069e+09,-3.8688,51,0.219644
1.894,2,0.8,nan,nan,nan,nan,0.80083,0.137881,0.131032,5.25714,5.96651,33,18,step,1.894,1.79069e+09,-3.8124,51,0.218493
1.895,2,0.8,nan,nan,nan,nan,0.80083,0.137881,0.151272,5.25714,5.96747,33,18,step,1.895,1.79069e+09,-3.84624,51,0.217299
1.896,2,0.8,nan,nan,nan,nan,0.789551,0.16057,0.159795,5.25743,5.96843,33,18,step,1.896,1.79069e+09,-3.89136,51,0.215707
1.897,2,0.8,nan,nan,nan,nan,0.789551,0.16057,0.151272,5.25743,5.96939,33,18,step,1.897,1.79069e+09,-3.95903,51,0.215169
1.898,2,0.8,nan,nan,nan,nan,0.789551,0.162316,0.157664,5.25782,5.97035,33,18,step,1.898,1.79069e+09,-3.98159,51,0.214104
1.899,2,0.8,nan,nan,nan,nan,0.789551,0.162316,0.194949,5.25782,5.97131,33,18,step,1.899,1.79069e+09,-3.99287,51,0.212522
1.9,2,0.8,nan,nan,nan,nan,0.778271,0.141372,0.190688,5.2581,5.97217,33,18,step,1.9,1.79069e+09,-3.98159,51,0.211984
1.901,2,0.8,nan,nan,nan,nan,0.778271,0.141372,0.155533,5.2581,5.97294,33,18,step,1.901,1.79069e+09,-3.90264,51,0.210528
1.902,2,0.8,nan,nan,nan,nan,0.710596,0.165806,0.166186,5.25839,5.9739,33,18,step,1.902,1.79069e+09,-3.84624,51,0.210031
1.903,2,0.8,nan,nan,nan,nan,0.710596,0.165806,0.177905,5.25839,5.97457,33,18,step,1.903,1.79069e+09,-3.89136,51,0.209077
1.904,2,0.8,nan,nan,nan,nan,0.755713,0.188496,0.168317,5.25877,5.97543,33,18,step,1.904,1.79069e+09,-3.90264,51,0.208156
1.905,2,0.8,nan,nan,nan,nan,0.755713,0.188496,0.192819,5.25877,5.97629,33,18,step,1.905,1.79069e+09,-3.90264,51,0.207214
1.906,2,0.8,nan,nan,nan,nan,0.766992,0.190241,0.189623,5.25916,5.97706,33,18,step,1.906,1.79069e+09,-3.9252,51,0.20638
1.907,2,0.8,nan,nan,nan,nan,0.766992,0.190241,0.184296,5.25916,5.97792,33,18,step,1.907,1.79069e+09,-3.93647,51,0.205549
1.908,2,0.8,nan,nan,nan,nan,0.80083,0.207694,0.187492,5.25954,5.97869,33,18,step,1.908,1.79069e+09,-3.94775,51,0.204764
1.909,2,0.8,nan,nan,nan,nan,0.80083,0.207694,0.184296,5.25954,5.97936,33,18,step,1.909,1.79069e+09,-3.89136,51,0.203595
1.91,2,0.8,nan,nan,nan,nan,0.823389,0.198968,0.185362,5.25992,5.98003,33,18,step,1.91,1.79069e+09,-3.83496,51,0.202846
1.911,2,0.8,nan,nan,nan,nan,0.823389,0.198968,0.191753,5.25992,5.9807,33,18,step,1.911,1.79069e+09,-3.8124,51,0.202483
1.912,2,0.8,nan,nan,nan,nan,0.845947,0.188496,0.202406,5.2604,5.98137,33,18,step,1.912,1.79069e+09,-3.83496,51,0.201784
1.913,2,0.8,nan,nan,nan,nan,0.845947,0.188496,0.190688,5.2604,5.98205,33,18,step,1.913,1.79069e+09,-3.80112,51,0.201128
1.914,2,0.8,nan,nan,nan,nan,0.755713,0.198968,0.214125,5.26079,5.98291,33,18,step,1.914,1.79069e+09,-3.77856,51,0.200188
1.915,2,0.8,nan,nan,nan,nan,0.755713,0.198968,0.194949,5.26079,5.98348,33,18,step,1.915,1.79069e+09,-3.77856,51,0.199586
1.916,2,0.8,nan,nan,nan,nan,0.857227,0.195477,0.209863,5.26117,5.98425,33,18,step,1.916,1.79069e+09,-3.75601,51,0.198997
1.917,2,0.8,nan,nan,nan,nan,0.857227,0.195477,0.226908,5.26117,5.98492,33,18,step,1.917,1.79069e+09,-3.74473,51,0.198706
1.918,2,0.8,nan,nan,nan,nan,0.834668,0.223402,0.206668,5.26155,5.98559,33,18,step,1.918,1.79069e+09,-3.71089,51,0.197849
1.919,2,0.8,nan,nan,nan,nan,0.834668,0.223402,0.218386,5.26155,5.98617,33,18,step,1.919,1.79069e+09,-3.72217,51,0.197317
1.92,2,0.8,nan,nan,nan,nan,0.755713,0.244346,0.208798,5.26213,5.98684,33,18,step,1.92,1.79069e+09,-3.83496,51,0.196808
1.921,2,0.8,nan,nan,nan,nan,0.755713,0.244346,0.221582,5.26213,5.98722,33,18,step,1.921,1.79069e+09,-3.63193,51,0.196326
1.922,2,0.8,nan,nan,nan,nan,0.879785,0.244346,0.207733,5.26251,5.98761,33,18,step,1.922,1.79069e+09,-3.65449,51,0.196106
1.923,2,0.8,nan,nan,nan,nan,0.879785,0.244346,0.198145,5.26251,5.98809,33,18,step,1.923,1.79069e+09,-3.55298,51,0.195491
1.924,2,0.8,nan,nan,nan,nan,0.891064,0.244346,0.217321,5.26299,5.98837,33,18,step,1.924,1.79069e+09,-3.53042,51,0.195096
1.925,2,0.8,nan,nan,nan,nan,0.891064,0.244346,0.246084,5.26299,5.98876,33,18,step,1.925,1.79069e+09,-3.51914,51,0.194699
1.926,2,0.8,nan,nan,nan,nan,0.868506,0.225147,0.258867,5.26347,5.98914,33,18,step,1.926,1.79069e+09,-3.5417,51,0.194354
1.927,2,0.8,nan,nan,nan,nan,0.868506,0.225147,0.250345,5.26347,5.98952,33,18,step,1.927,1.79069e+09,-3.56426,51,0.19419
1.928,2,0.8,nan,nan,nan,nan,0.879785,0.21293,0.241822,5.26386,5.98981,33,18,step,1.928,1.79069e+09,-3.50786,51,0.193702
1.929,2,0.8,nan,nan,nan,nan,0.879785,0.21293,0.260998,5.26386,5.99019,33,18,step,1.929,1.79069e+09,-3.49658,51,0.193404
1.93,2,0.8,nan,nan,nan,nan,0.857227,0.235619,0.264194,5.26433,5.99058,33,18,step,1.93,1.79069e+09,-3.49658,51,0.193107
1.931,2,0.8,nan,nan,nan,nan,0.857227,0.235619,0.257802,5.26433,5.99096,33,18,step,1.931,1.79069e+09,-3.47402,51,0.192811
1.932,2,0.8,nan,nan,nan,nan,0.766992,0.253073,0.247149,5.26481,5.99135,33,18,step,1.932,1.79069e+09,-3.51914,51,0.192674
1.933,2,0.8,nan,nan,nan,nan,0.766992,0.253073,0.270585,5.26481,5.99163,33,18,step,1.933,1.79069e+09,-3.46274,51,0.19229
1.934,2,0.8,nan,nan,nan,nan,0.80083,0.251327,0.255671,5.26539,5.99202,33,18,step,1.934,1.79069e+09,-3.46274,51,0.192058
1.935,2,0.8,nan,nan,nan,nan,0.80083,0.251327,0.263128,5.26539,5.9923,33,18,step,1.935,1.79069e+09,-3.42891,51,0.191856
1.936,2,0.8,nan,nan,nan,nan,0.812109,0.253073,0.260998,5.26587,5.99259,33,18,step,1.936,1.79069e+09,-3.39507,51,0.191659
1.937,2,0.8,nan,nan,nan,nan,0.812109,0.253073,0.260998,5.26587,5.99278,33,18,step,1.937,1.79069e+09,-3.36123,51,0.191557
1.938,2,0.8,nan,nan,nan,nan,0.789551,0.26529,0.260998,5.26644,5.99298,33,18,step,1.938,1.79069e+09,-3.36123,51,0.191295
1.939,2,0.8,nan,nan,nan,nan,0.789551,0.26529,0.258867,5.26644,5.99317,33,18,step,1.939,1.79069e+09,-3.34995,51,0.191124
1.94,2,0.8,nan,nan,nan,nan,0.80083,0.29147,0.262063,5.26702,5.99336,33,18,step,1.94,1.79069e+09,-3.32739,51,0.190944
1.941,2,0.8,nan,nan,nan,nan,0.80083,0.29147,0.266324,5.26702,5.99355,33,18,step,1.941,1.79069e+09,-3.33867,51,0.190795
1.942,2,0.8,nan,nan,nan,nan,0.845947,0.280998,0.271651,5.2675,5.99365,33,18,step,1.942,1.79069e+09,-3.33867,51,0.19066
1.943,2,0.8,nan,nan,nan,nan,0.845947,0.280998,0.274847,5.2675,5.99374,33,18,step,1.943,1.79069e+09,-3.30483,51,0.190541
1.944,2,0.8,nan,nan,nan,nan,0.845947,0.260054,0.274847,5.26807,5.99384,33,18,step,1.944,1.79069e+09,-3.28228,51,0.19041
1.945,2,0.8,nan,nan,nan,nan,0.845947,0.260054,0.2855,5.26807,5.99393,33,18,step,1.945,1.79069e+09,-3.30483,51,0.190317
1.946,2,0.8,nan,nan,nan,nan,0.857227,0.268781,0.276977,5.26865,5.99403,33,18,step,1.946,1.79069e+09,-3.32739,51,0.190235
1.947,2,0.8,nan,nan,nan,nan,0.857227,0.268781,0.2855,5.26865,5.99403,33,18,step,1.947,1.79069e+09,-3.271,51,0.190154
1.948,2,0.8,nan,nan,nan,nan,0.868506,0.286234,0.300414,5.26922,5.99413,33,18,step,1.948,1.79069e+09,-3.25972,51,0.190089
1.949,2,0.8,nan,nan,nan,nan,0.868506,0.286234,0.278043,5.26922,5.99422,33,18,step,1.949,1.79069e+09,-3.24844,51,0.19004
1.95,2,0.8,nan,nan,nan,nan,0.879785,0.296706,0.294022,5.2698,5.99422,33,18,step,1.95,1.79069e+09,-3.22588,51,0.190022
1.951,2,0.8,nan,nan,nan,nan,0.879785,0.296706,0.290826,5.2698,5.99432,33,18,step,1.951,1.79069e+09,-3.19204,51,0.190007
1.952,2,0.8,nan,nan,nan,nan,0.891064,0.296706,0.272716,5.27037,5.99441,33,18,step,1.952,1.79069e+09,-3.1582,51,0.189959
1.953,2,0.8,nan,nan,nan,nan,0.891064,0.296706,0.28763,5.27037,5.99451,33,18,step,1.953,1.79069e+09,-3.1582,51,0.189939
1.954,2,0.8,nan,nan,nan,nan,0.879785,0.29147,0.288695,5.27095,5.99461,33,18,step,1.954,1.79069e+09,-3.18076,51,0.189942
1.955,2,0.8,nan,nan,nan,nan,0.879785,0.29147,0.288695,5.27095,5.9947,33,18,step,1.955,1.79069e+09,-3.12437,51,0.189935
1.956,2,0.8,nan,nan,nan,nan,0.857227,0.279253,0.282304,5.27152,5.9948,33,18,step,1.956,1.79069e+09,-3.10181,51,0.189929
1.957,2,0.8,nan,nan,nan,nan,0.857227,0.279253,0.290826,5.27152,5.99499,33,18,step,1.957,1.79069e+09,-3.09053,51,0.189941
1.958,2,0.8,nan,nan,nan,nan,0.789551,0.26529,0.288695,5.2721,5.99508,33,18,step,1.958,1.79069e+09,-3.07925,51,0.189961
1.959,2,0.8,nan,nan,nan,nan,0.789551,0.26529,0.300414,5.2721,5.99518,33,18,step,1.959,1.79069e+09,-3.05669,51,0.189978
1.96,2,0.8,nan,nan,nan,nan,0.766992,0.280998,0.310001,5.27268,5.99518,33,18,step,1.96,1.79069e+09,-3.02285,51,0.190006
1.961,2,0.8,nan,nan,nan,nan,0.766992,0.280998,0.296153,5.27268,5.99528,33,18,step,1.961,1.79069e+09,-3.03413,51,0.190042
1.962,2,0.8,nan,nan,nan,nan,0.766992,0.315905,0.297218,5.27325,5.99537,33,18,step,1.962,1.79069e+09,-2.98901,51,0.190089
1.963,2,0.8,nan,nan,nan,nan,0.766992,0.315905,0.318524,5.27325,5.99537,33,18,step,1.963,1.79069e+09,-2.97773,51,0.190135
1.964,2,0.8,nan,nan,nan,nan,0.688037,0.342085,0.318524,5.27392,5.99547,33,18,step,1.964,1.79069e+09,-2.95518,51,0.190154
1.965,2,0.8,nan,nan,nan,nan,0.688037,0.342085,0.313197,5.27392,5.99547,33,18,step,1.965,1.79069e+09,-2.95518,51,0.190162
1.966,2,0.8,nan,nan,nan,nan,0.721875,0.335103,0.284434,5.27469,5.99547,33,18,step,1.966,1.79069e+09,-3.00029,51,0.19018
1.967,2,0.8,nan,nan,nan,nan,0.721875,0.335103,0.290826,5.27469,5.99547,33,18,step,1.967,1.79069e+09,-3.02285,51,0.190229
1.968,2,0.8,nan,nan,nan,nan,0.812109,0.326377,0.320654,5.27526,5.99537,33,18,step,1.968,1.79069e+09,-3.01157,51,0.190264
1.969,2,0.8,nan,nan,nan,nan,0.812109,0.326377,0.316393,5.27526,5.99537,33,18,step,1.969,1.79069e+09,-2.98901,51,0.190308
1.97,2,0.8,nan,nan,nan,nan,0.834668,0.305433,0.313197,5.27594,5.99537,33,18,step,1.97,1.79069e+09,-3.00029,51,0.190354
1.971,2,0.8,nan,nan,nan,nan,0.834668,0.305433,0.312132,5.27594,5.99537,33,18,step,1.971,1.79069e+09,-2.97773,51,0.190356
1.972,2,0.8,nan,nan,nan,nan,0.834668,0.322886,0.325981,5.27651,5.99537,33,18,step,1.972,1.79069e+09,-3.00029,51,0.190343
1.973,2,0.8,nan,nan,nan,nan,0.834668,0.322886,0.32172,5.27651,5.99537,33,18,step,1.973,1.79069e+09,-3.03413,51,0.190337
1.974,2,0.8,nan,nan,nan,nan,0.80083,0.345575,0.320654,5.27728,5.99537,33,18,step,1.974,1.79069e+09,-3.04541,51,0.190339
1.975,2,0.8,nan,nan,nan,nan,0.80083,0.345575,0.314263,5.27728,5.99537,33,18,step,1.975,1.79069e+09,-3.02285,51,0.190326
1.976,2,0.8,nan,nan,nan,nan,0.80083,0.356047,0.324916,5.27795,5.99537,33,18,step,1.976,1.79069e+09,-3.02285,51,0.190303
1.977,2,0.8,nan,nan,nan,nan,0.80083,0.356047,0.315328,5.27795,5.99537,33,18,step,1.977,1.79069e+09,-3.06797,51,0.190305
1.978,2,0.8,nan,nan,nan,nan,0.80083,0.363028,0.322785,5.27862,5.99537,33,18,step,1.978,1.79069e+09,-3.07925,51,0.190318
1.979,2,0.8,nan,nan,nan,nan,0.80083,0.363028,0.324916,5.27862,5.99537,33,18,step,1.979,1.79069e+09,-3.06797,51,0.190303
1.98,2,0.8,nan,nan,nan,nan,0.755713,0.338594,0.330242,5.27939,5.99537,33,18,step,1.98,1.79069e+09,-3.07925,51,0.190278
1.981,2,0.8,nan,nan,nan,nan,0.755713,0.338594,0.316393,5.27939,5.99537,33,18,step,1.981,1.79069e+09,-3.11309,51,0.19029
1.982,2,0.8,nan,nan,nan,nan,0.766992,0.31765,0.336634,5.27996,5.99537,33,18,step,1.982,1.79069e+09,-3.12437,51,0.190324
1.983,2,0.8,nan,nan,nan,nan,0.766992,0.31765,0.356874,5.27996,5.99537,33,18,step,1.983,1.79069e+09,-3.05669,51,0.190349
1.984,2,0.8,nan,nan,nan,nan,0.733154,0.329867,0.349417,5.28063,5.99537,33,18,step,1.984,1.79069e+09,-3.07925,51,0.190357
1.985,2,0.8,nan,nan,nan,nan,0.733154,0.329867,0.32385,5.28063,5.99537,33,18,step,1.985,1.79069e+09,-3.05669,51,0.190345
1.986,2,0.8,nan,nan,nan,nan,0.789551,0.375246,0.335569,5.2814,5.99537,33,18,step,1.986,1.79069e+09,-3.05669,51,0.190319
1.987,2,0.8,nan,nan,nan,nan,0.789551,0.375246,0.359005,5.2814,5.99537,33,18,step,1.987,1.79069e+09,-3.07925,51,0.190291
1.988,2,0.8,nan,nan,nan,nan,0.755713,0.389208,0.363266,5.28217,5.99537,33,18,step,1.988,1.79069e+09,-3.10181,51,0.190267
1.989,2,0.8,nan,nan,nan,nan,0.755713,0.389208,0.346222,5.28217,5.99537,33,18,step,1.989,1.79069e+09,-3.10181,51,0.190257
1.99,2,0.8,nan,nan,nan,nan,0.778271,0.3735,0.350483,5.28293,5.99537,33,18,step,1.99,1.79069e+09,-3.09053,51,0.190259
1.991,2,0.8,nan,nan,nan,nan,0.778271,0.3735,0.354744,5.28293,5.99537,33,18,step,1.991,1.79069e+09,-3.09053,51,0.190255
1.992,2,0.8,nan,nan,nan,nan,0.812109,0.352557,0.359005,5.28361,5.99537,33,18,step,1.992,1.79069e+09,-3.09053,51,0.190237
1.993,2,0.8,nan,nan,nan,nan,0.812109,0.352557,0.353679,5.28361,5.99537,33,18,step,1.993,1.79069e+09,-3.07925,51,0.190221
1.994,2,0.8,nan,nan,nan,nan,0.812109,0.361283,0.35794,5.28437,5.99537,33,18,step,1.994,1.79069e+09,-3.10181,51,0.190224
1.995,2,0.8,nan,nan,nan,nan,0.812109,0.361283,0.366462,5.28437,5.99537,33,18,step,1.995,1.79069e+09,-3.11309,51,0.190233
1.996,2,0.8,nan,nan,nan,nan,0.812109,0.383972,0.367527,5.28514,5.99537,33,18,step,1.996,1.79069e+09,-3.07925,51,0.190232
1.997,2,0.8,nan,nan,nan,nan,0.812109,0.383972,0.356874,5.28514,5.99537,33,18,step,1.997,1.79069e+09,-3.09053,51,0.190225
1.998,2,0.8,nan,nan,nan,nan,0.812109,0.39968,0.367527,5.28591,5.99537,33,18,step,1.998,1.79069e+09,-3.10181,51,0.190239
1.999,2,0.8,nan,nan,nan,nan,0.812109,0.39968,0.381376,5.28591,5.99537,33,18,step,1.999,1.79069e+09,-3.09053,51,0.190222
2,2,0.8,nan,nan,nan,nan,0.744434,0.380482,0.380311,5.28667,5.99537,33,18,step,2,1.79069e+09,-3.09053,51,0.19019
2.001,2,0.8,nan,nan,nan,nan,0.744434,0.380482,0.37605,5.28667,5.99537,33,18,step,2.001,1.79069e+09,-3.11309,51,0.190193
2.002,2,0.8,nan,nan,nan,nan,0.766992,0.359538,0.373919,5.28734,5.99537,33,18,step,2.002,1.79069e+09,-3.12437,51,0.190216
2.003,2,0.8,nan,nan,nan,nan,0.766992,0.359538,0.386703,5.28734,5.99537,33,18,step,2.003,1.79069e+09,-3.09053,51,0.190241
2.004,2,0.8,nan,nan,nan,nan,0.733154,0.364774,0.382442,5.28811,5.99537,33,18,step,2.004,1.79069e+09,-3.05669,51,0.190265
2.005,2,0.8,nan,nan,nan,nan,0.733154,0.364774,0.400552,5.28811,5.99537,33,18,step,2.005,1.79069e+09,-3.06797,51,0.190273
2.006,2,0.8,nan,nan,nan,nan,0.710596,0.406662,0.384572,5.28888,5.99537,33,18,step,2.006,1.79069e+09,-3.04541,51,0.19027
2.007,2,0.8,nan,nan,nan,nan,0.710596,0.406662,0.367527,5.28888,5.99537,33,18,step,2.007,1.79069e+09,-3.07925,51,0.190271
2.008,2,0.8,nan,nan,nan,nan,0.744434,0.429351,0.393095,5.28974,5.99537,33,18,step,2.008,1.79069e+09,-3.06797,51,0.190262
2.009,2,0.8,nan,nan,nan,nan,0.744434,0.429351,0.389899,5.28974,5.99537,33,18,step,2.009,1.79069e+09,-3.07925,51,0.190261
2.01,2,0.8,nan,nan,nan,nan,0.766992,0.404916,0.398421,5.2906,5.99537,33,18,step,2.01,1.79069e+09,-3.09053,51,0.19028
2.011,2,0.8,nan,nan,nan,nan,0.766992,0.404916,0.39416,5.2906,5.99537,33,18,step,2.011,1.79069e+09,-3.06797,51,0.190309
2.012,2,0.8,nan,nan,nan,nan,0.823389,0.380482,0.390964,5.29137,5.99537,33,18,step,2.012,1.79069e+09,-3.04541,51,0.190312
2.013,2,0.8,nan,nan,nan,nan,0.823389,0.380482,0.410139,5.29137,5.99537,33,18,step,2.013,1.79069e+09,-3.03413,51,0.190285
2.014,2,0.8,nan,nan,nan,nan,0.812109,0.387463,0.399486,5.29214,5.99537,33,18,step,2.014,1.79069e+09,-3.06797,51,0.190285
2.015,2,0.8,nan,nan,nan,nan,0.812109,0.387463,0.397356,5.29214,5.99537,33,18,step,2.015,1.79069e+09,-3.10181,51,0.190319
2.016,2,0.8,nan,nan,nan,nan,0.891064,0.42586,0.404813,5.293,5.99537,33,18,step,2.016,1.79069e+09,-3.06797,51,0.19035
2.017,2,0.8,nan,nan,nan,nan,0.891064,0.42586,0.398421,5.293,5.99537,33,18,step,2.017,1.79069e+09,-3.02285,51,0.19036
2.018,2,0.8,nan,nan,nan,nan,0.789551,0.443314,0.39629,5.29386,5.99537,33,18,step,2.018,1.79069e+09,-3.05669,51,0.190381
2.019,2,0.8,nan,nan,nan,nan,0.789551,0.443314,0.399486,5.29386,5.99537,33,18,step,2.019,1.79069e+09,-3.06797,51,0.190392
2.02,2,0.8,nan,nan,nan,nan,0.789551,0.408407,0.415466,5.29463,5.99537,33,18,step,2.02,1.79069e+09,-3.03413,51,0.190387
2.021,2,0.8,nan,nan,nan,nan,0.789551,0.408407,0.411205,5.29463,5.99537,33,18,step,2.021,1.79069e+09,-3.07925,51,0.190383
2.022,2,0.8,nan,nan,nan,nan,0.755713,0.382227,0.414401,5.2954,5.99537,33,18,step,2.022,1.79069e+09,-3.09053,51,0.190404
2.023,2,0.8,nan,nan,nan,nan,0.755713,0.382227,0.420792,5.2954,5.99537,33,18,step,2.023,1.79069e+09,-3.09053,51,0.190442
2.024,2,0.8,nan,nan,nan,nan,0.755713,0.392699,0.433576,5.29626,5.99537,33,18,step,2.024,1.79069e+09,-3.05669,51,0.190467
2.025,2,0.8,nan,nan,nan,nan,0.755713,0.392699,0.418662,5.29626,5.99537,33,18,step,2.025,1.79069e+09,-3.03413,51,0.190494
2.026,2,0.8,nan,nan,nan,nan,0.766992,0.432842,0.411205,5.29703,5.99537,33,18,step,2.026,1.79069e+09,-3.06797,51,0.190518
2.027,2,0.8,nan,nan,nan,nan,0.766992,0.432842,0.428249,5.29703,5.99537,33,18,step,2.027,1.79069e+09,-3.03413,51,0.190474
2.028,2,0.8,nan,nan,nan,nan,0.789551,0.446804,0.421858,5.29799,5.99537,33,18,step,2.028,1.79069e+09,-3.05669,51,0.190439
2.029,2,0.8,nan,nan,nan,nan,0.789551,0.446804,0.413335,5.29799,5.99537,33,18,step,2.029,1.79069e+09,-3.07925,51,0.19042
2.03,2,0.8,nan,nan,nan,nan,0.845947,0.413643,0.426119,5.29885,5.99537,33,18,step,2.03,1.79069e+09,-3.09053,51,0.190429
2.031,2,0.8,nan,nan,nan,nan,0.845947,0.413643,0.414401,5.29885,5.99537,33,18,step,2.031,1.79069e+09,-3.09053,51,0.190424
2.032,2,0.8,nan,nan,nan,nan,0.857227,0.410152,0.420792,5.29962,5.99537,33,18,step,2.032,1.79069e+09,-3.07925,51,0.190448
2.033,2,0.8,nan,nan,nan,nan,0.857227,0.410152,0.416531,5.29962,5.99537,33,18,step,2.033,1.79069e+09,-3.10181,51,0.190443
2.034,2,0.8,nan,nan,nan,nan,0.868506,0.439823,0.438902,5.30057,5.99537,33,18,step,2.034,1.79069e+09,-3.05669,51,0.190422
2.035,2,0.8,nan,nan,nan,nan,0.868506,0.439823,0.431445,5.30057,5.99537,33,18,step,2.035,1.79069e+09,-3.07925,51,0.190429
2.036,2,0.8,nan,nan,nan,nan,0.857227,0.459022,0.406943,5.30144,5.99537,33,18,step,2.036,1.79069e+09,-3.12437,51,0.190411
2.037,2,0.8,nan,nan,nan,nan,0.857227,0.459022,0.418662,5.30144,5.99537,33,18,step,2.037,1.79069e+09,-3.09053,51,0.190401
2.038,2,0.8,nan,nan,nan,nan,0.834668,0.432842,0.429315,5.3023,5.99537,33,18,step,2.038,1.79069e+09,-3.10181,51,0.190413
2.039,2,0.8,nan,nan,nan,nan,0.834668,0.432842,0.434641,5.3023,5.99537,33,18,step,2.039,1.79069e+09,-3.10181,51,0.190427
2.04,2,0.8,nan,nan,nan,nan,0.766992,0.401426,0.434641,5.30316,5.99537,33,18,step,2.04,1.79069e+09,-3.05669,51,0.190414
2.041,2,0.8,nan,nan,nan,nan,0.766992,0.401426,0.452751,5.30316,5.99537,33,18,step,2.041,1.79069e+09,-3.07925,51,0.190386
2.042,2,0.8,nan,nan,nan,nan,0.755713,0.415388,0.419727,5.30403,5.99537,33,18,step,2.042,1.79069e+09,-3.09053,51,0.190393
2.043,2,0.8,nan,nan,nan,nan,0.755713,0.415388,0.434641,5.30403,5.99537,33,18,step,2.043,1.79069e+09,-3.10181,51,0.190401
2.044,2,0.8,nan,nan,nan,nan,0.744434,0.462512,0.442098,5.30489,5.99537,33,18,step,2.044,1.79069e+09,-3.09053,51,0.190396
2.045,2,0.8,nan,nan,nan,nan,0.744434,0.462512,0.41227,5.30489,5.99537,33,18,step,2.045,1.79069e+09,-3.06797,51,0.190397
2.046,2,0.8,nan,nan,nan,nan,0.80083,0.467748,0.432511,5.30585,5.99537,33,18,step,2.046,1.79069e+09,-3.05669,51,0.190405
2.047,2,0.8,nan,nan,nan,nan,0.80083,0.467748,0.452751,5.30585,5.99537,33,18,step,2.047,1.79069e+09,-3.04541,51,0.19039
2.048,2,0.8,nan,nan,nan,nan,0.902344,0.434587,0.441033,5.30671,5.99537,33,18,step,2.048,1.79069e+09,-3.05669,51,0.190381
2.049,2,0.8,nan,nan,nan,nan,0.902344,0.434587,0.442098,5.30671,5.99537,33,18,step,2.049,1.79069e+09,-3.10181,51,0.190387
2.05,2,0.8,nan,nan,nan,nan,0.913623,0.429351,0.442098,5.30757,5.99537,33,18,step,2.05,1.79069e+09,-3.05669,51,0.1904
2.051,2,0.8,nan,nan,nan,nan,0.913623,0.429351,0.43038,5.30757,5.99537,33,18,step,2.051,1.79069e+09,-3.05669,51,0.190411
2.052,2,0.8,nan,nan,nan,nan,0.755713,0.45204,0.446359,5.30844,5.99537,33,18,step,2.052,1.79069e+09,-3.05669,51,0.190425
2.053,2,0.8,nan,nan,nan,nan,0.755713,0.45204,0.44849,5.30844,5.99537,33,18,step,2.053,1.79069e+09,-3.07925,51,0.19043
2.054,2,0.8,nan,nan,nan,nan,0.710596,0.441568,0.444229,5.3094,5.99537,33,18,step,2.054,1.79069e+09,-3.05669,51,0.190427
2.055,2,0.8,nan,nan,nan,nan,0.710596,0.441568,0.438902,5.3094,5.99537,33,18,step,2.055,1.79069e+09,-3.06797,51,0.19043
2.056,2,0.8,nan,nan,nan,nan,0.710596,0.418879,0.437837,5.31016,5.99537,33,18,step,2.056,1.79069e+09,-3.05669,51,0.190443
2.057,2,0.8,nan,nan,nan,nan,0.710596,0.418879,0.455947,5.31016,5.99537,33,18,step,2.057,1.79069e+09,-3.05669,51,0.190461
2.058,2,0.8,nan,nan,nan,nan,0.778271,0.397935,0.462339,5.31102,5.99537,33,18,step,2.058,1.79069e+09,-3.04541,51,0.19046
2.059,2,0.8,nan,nan,nan,nan,0.778271,0.397935,0.467665,5.31102,5.99537,33,18,step,2.059,1.79069e+09,-3.07925,51,0.190452
2.06,2,0.8,nan,nan,nan,nan,0.778271,0.445059,0.442098,5.31189,5.99537,33,18,step,2.06,1.79069e+09,-3.05669,51,0.190442
2.061,2,0.8,nan,nan,nan,nan,0.778271,0.445059,0.441033,5.31189,5.99537,33,18,step,2.061,1.79069e+09,-3.07925,51,0.190443
2.062,2,0.8,nan,nan,nan,nan,0.812109,0.488692,0.454882,5.31285,5.99537,33,18,step,2.062,1.79069e+09,-3.07925,51,0.190435
2.063,2,0.8,nan,nan,nan,nan,0.812109,0.488692,0.449555,5.31285,5.99537,33,18,step,2.063,1.79069e+09,-3.07925,51,0.19043
2.064,2,0.8,nan,nan,nan,nan,0.845947,0.469494,0.452751,5.31371,5.99537,33,18,step,2.064,1.79069e+09,-3.07925,51,0.190428
2.065,2,0.8,nan,nan,nan,nan,0.845947,0.469494,0.469796,5.31371,5.99537,33,18,step,2.065,1.79069e+09,-3.12437,51,0.190426
2.066,2,0.8,nan,nan,nan,nan,0.778271,0.434587,0.455947,5.31467,5.99537,33,18,step,2.066,1.79069e+09,-3.07925,51,0.19043
2.067,2,0.8,nan,nan,nan,nan,0.778271,0.434587,0.437837,5.31467,5.99537,33,18,step,2.067,1.79069e+09,-3.07925,51,0.190435
2.068,2,0.8,nan,nan,nan,nan,0.857227,0.432842,0.453816,5.31544,5.99537,33,18,step,2.068,1.79069e+09,-3.07925,51,0.190435
2.069,2,0.8,nan,nan,nan,nan,0.857227,0.432842,0.457012,5.31544,5.99537,33,18,step,2.069,1.79069e+09,-3.07925,51,0.190443
2.07,2,0.8,nan,nan,nan,nan,0.845947,0.450295,0.453816,5.31649,5.99537,33,18,step,2.07,1.79069e+09,-3.11309,51,0.190454
2.071,2,0.8,nan,nan,nan,nan,0.845947,0.450295,0.436772,5.31649,5.99537,33,18,step,2.071,1.79069e+09,-3.07925,51,0.190453
2.072,2,0.8,nan,nan,nan,nan,0.688037,0.432842,0.432511,5.31735,5.99537,33,18,step,2.072,1.79069e+09,-3.07925,51,0.190457
2.073,2,0.8,nan,nan,nan,nan,0.688037,0.432842,0.453816,5.31735,5.99537,33,18,step,2.073,1.79069e+09,-3.07925,51,0.190439
2.074,2,0.8,nan,nan,nan,nan,0.699316,0.418879,0.442098,5.31812,5.99537,33,18,step,2.074,1.79069e+09,-3.07925,51,0.190424
2.075,2,0.8,nan,nan,nan,nan,0.699316,0.418879,0.454882,5.31812,5.99537,33,18,step,2.075,1.79069e+09,-3.11309,51,0.190423
2.076,2,0.8,nan,nan,nan,nan,0.766992,0.45204,0.447425,5.31908,5.99537,33,18,step,2.076,1.79069e+09,-3.13564,51,0.190437
2.077,2,0.8,nan,nan,nan,nan,0.766992,0.45204,0.429315,5.31908,5.99537,33,18,step,2.077,1.79069e+09,-3.09053,51,0.190438
2.078,2,0.8,nan,nan,nan,nan,0.721875,0.497419,0.455947,5.32004,5.99537,33,18,step,2.078,1.79069e+09,-3.07925,51,0.190453
2.079,2,0.8,nan,nan,nan,nan,0.721875,0.497419,0.461274,5.32004,5.99537,33,18,step,2.079,1.79069e+09,-3.07925,51,0.190455
2.08,2,0.8,nan,nan,nan,nan,0.789551,0.47822,0.460208,5.321,5.99537,33,18,step,2.08,1.79069e+09,-3.05669,51,0.190455
2.081,2,0.8,nan,nan,nan,nan,0.789551,0.47822,0.442098,5.321,5.99537,33,18,step,2.081,1.79069e+09,-3.07925,51,0.190455
2.082,2,0.8,nan,nan,nan,nan,0.868506,0.445059,0.438902,5.32186,5.99537,33,18,step,2.082,1.79069e+09,-3.10181,51,0.190446
2.083,2,0.8,nan,nan,nan,nan,0.868506,0.445059,0.446359,5.32186,5.99537,33,18,step,2.083,1.79069e+09,-3.11309,51,0.190439
2.084,2,0.8,nan,nan,nan,nan,0.834668,0.436332,0.439968,5.32282,5.99537,33,18,step,2.084,1.79069e+09,-3.10181,51,0.190447
2.085,2,0.8,nan,nan,nan,nan,0.834668,0.436332,0.44849,5.32282,5.99537,33,18,step,2.085,1.79069e+09,-3.10181,51,0.190466
2.086,2,0.8,nan,nan,nan,nan,0.789551,0.44855,0.451686,5.32358,5.99537,33,18,step,2.086,1.79069e+09,-3.09053,51,0.190483
2.087,2,0.8,nan,nan,nan,nan,0.789551,0.44855,0.452751,5.32358,5.99537,33,18,step,2.087,1.79069e+09,-3.06797,51,0.190484
2.088,2,0.8,nan,nan,nan,nan,0.789551,0.432842,0.458078,5.32454,5.99537,33,18,step,2.088,1.79069e+09,-3.10181,51,0.190463
2.089,2,0.8,nan,nan,nan,nan,0.789551,0.432842,0.453816,5.32454,5.99537,33,18,step,2.089,1.79069e+09,-3.10181,51,0.190454
2.09,2,0.8,nan,nan,nan,nan,0.744434,0.418879,0.446359,5.32531,5.99537,33,18,step,2.09,1.79069e+09,-3.12437,51,0.190447
2.091,2,0.8,nan,nan,nan,nan,0.744434,0.418879,0.453816,5.32531,5.99537,33,18,step,2.091,1.79069e+09,-3.12437,51,0.190446
2.092,2,0.8,nan,nan,nan,nan,0.744434,0.453786,0.446359,5.32627,5.99537,33,18,step,2.092,1.79069e+09,-3.11309,51,0.190452
2.093,2,0.8,nan,nan,nan,nan,0.744434,0.453786,0.43038,5.32627,5.99537,33,18,step,2.093,1.79069e+09,-3.10181,51,0.190443
2.094,2,0.8,nan,nan,nan,nan,0.812109,0.493928,0.453816,5.32723,5.99537,33,18,step,2.094,1.79069e+09,-3.12437,51,0.19043
2.095,2,0.8,nan,nan,nan,nan,0.812109,0.493928,0.468731,5.32723,5.99537,33,18,step,2.095,1.79069e+09,-3.11309,51,0.190398
2.096,2,0.8,nan,nan,nan,nan,0.891064,0.483456,0.452751,5.32819,5.99537,33,18,step,2.096,1.79069e+09,-3.11309,51,0.190377
2.097,2,0.8,nan,nan,nan,nan,0.891064,0.483456,0.442098,5.32819,5.99537,33,18,step,2.097,1.79069e+09,-3.14692,51,0.190389
2.098,2,0.8,nan,nan,nan,nan,0.913623,0.45204,0.470861,5.32915,5.99537,33,18,step,2.098,1.79069e+09,-3.12437,51,0.190402
2.099,2,0.8,nan,nan,nan,nan,0.913623,0.45204,0.452751,5.32915,5.99537,33,18,step,2.099,1.79069e+09,-3.10181,51,0.190406
2.1,2,-0.8,nan,nan,nan,nan,0.924902,0.462512,0.435706,5.33001,5.99537,33,18,step,2.1,1.79069e+09,-3.11309,51,0.190407
2.101,2,-0.8,nan,nan,nan,nan,0.924902,0.462512,0.453816,5.33001,5.99537,33,18,step,2.101,1.79069e+09,-3.10181,51,0.190403
2.102,2,-0.8,nan,nan,nan,nan,0.891064,0.483456,0.461274,5.33097,5.99537,33,18,step,2.102,1.79069e+09,-3.13564,51,0.19036
2.103,2,-0.8,nan,nan,nan,nan,0.891064,0.483456,0.463404,5.33097,5.99537,33,18,step,2.103,1.79069e+09,-3.12437,51,0.190345
2.104,2,-0.8,nan,nan,nan,nan,0.101514,0.366519,0.460208,5.33183,5.99537,33,18,step,2.104,1.79069e+09,-3.1582,51,0.19036
2.105,2,-0.8,nan,nan,nan,nan,0.101514,0.366519,0.454882,5.33183,5.99537,33,18,step,2.105,1.79069e+09,-3.12437,51,0.190376
2.106,2,-0.8,nan,nan,nan,nan,0.0563965,0.169297,0.460208,5.33221,5.99537,33,18,step,2.106,1.79069e+09,-3.13564,51,0.190375
2.107,2,-0.8,nan,nan,nan,nan,0.0563965,0.169297,0.450621,5.33221,5.99537,33,18,step,2.107,1.79069e+09,-3.14692,51,0.190398
2.108,2,-0.8,nan,nan,nan,nan,-0.0112793,0.357792,0.457012,5.33279,5.99537,33,18,step,2.108,1.79069e+09,-3.10181,51,0.190413
2.109,2,-0.8,nan,nan,nan,nan,-0.0112793,0.357792,0.4666,5.33279,5.99537,33,18,step,2.109,1.79069e+09,-3.10181,51,0.190387
2.11,2,-0.8,nan,nan,nan,nan,-0.101514,0.589921,0.442098,5.33394,5.99537,33,18,step,2.11,1.79069e+09,-3.07925,51,0.190349
2.111,2,-0.8,nan,nan,nan,nan,-0.101514,0.589921,0.435706,5.33394,5.99537,33,18,step,2.111,1.79069e+09,-3.16948,51,0.190326
2.112,2,-0.8,nan,nan,nan,nan,-0.124072,0.544543,0.414401,5.33509,5.99537,33,18,step,2.112,1.79069e+09,-3.12437,51,0.190323
2.113,2,-0.8,nan,nan,nan,nan,-0.124072,0.544543,0.395225,5.33509,5.99537,33,18,step,2.113,1.79069e+09,-3.07925,51,0.1903
2.114,2,-0.8,nan,nan,nan,nan,-0.203027,0.301942,0.405878,5.33576,5.99537,33,18,step,2.114,1.79069e+09,-3.12437,51,0.190288
2.115,2,-0.8,nan,nan,nan,nan,-0.203027,0.301942,0.409074,5.33576,5.99537,33,18,step,2.115,1.79069e+09,-3.13564,51,0.190274
2.116,2,-0.8,nan,nan,nan,nan,-0.507568,0.223402,0.39629,5.33624,5.99537,33,18,step,2.116,1.79069e+09,-3.1582,51,0.190279
2.117,2,-0.8,nan,nan,nan,nan,-0.507568,0.223402,0.39416,5.33624,5.99537,33,18,step,2.117,1.79069e+09,-3.16948,51,0.190298
2.118,2,-0.8,nan,nan,nan,nan,-0.530127,0.319395,0.400552,5.33682,5.99537,33,18,step,2.118,1.79069e+09,-3.14692,51,0.190303
2.119,2,-0.8,nan,nan,nan,nan,-0.530127,0.319395,0.400552,5.33682,5.99537,33,18,step,2.119,1.79069e+09,-3.11309,51,0.190301
2.12,2,-0.8,nan,nan,nan,nan,-0.609082,0.392699,0.390964,5.33758,5.99537,33,18,step,2.12,1.79069e+09,-3.11309,51,0.190284
2.121,2,-0.8,nan,nan,nan,nan,-0.609082,0.392699,0.373919,5.33758,5.99537,33,18,step,2.121,1.79069e+09,-3.12437,51,0.190239
2.122,2,-0.8,nan,nan,nan,nan,-0.654199,0.376991,0.335569,5.33835,5.99537,33,18,step,2.122,1.79069e+09,-3.10181,51,0.190169
2.123,2,-0.8,nan,nan,nan,nan,-0.654199,0.376991,0.328111,5.33835,5.99537,33,18,step,2.123,1.79069e+09,-3.12437,51,0.19009
2.124,2,-0.8,nan,nan,nan,nan,-0.755713,0.342085,0.315328,5.33912,5.99537,33,18,step,2.124,1.79069e+09,-3.20332,51,0.190055
2.125,2,-0.8,nan,nan,nan,nan,-0.755713,0.342085,0.320654,5.33912,5.99528,33,18,step,2.125,1.79069e+09,-3.20332,51,0.190016
2.126,2,-0.8,nan,nan,nan,nan,-0.64292,0.329867,0.337699,5.33969,5.99528,33,18,step,2.126,1.79069e+09,-3.18076,51,0.190022
2.127,2,-0.8,nan,nan,nan,nan,-0.64292,0.329867,0.315328,5.33969,5.99528,33,18,step,2.127,1.79069e+09,-3.19204,51,0.190033
2.128,2,-0.8,nan,nan,nan,nan,-0.64292,0.308923,0.317458,5.34036,5.99528,33,18,step,2.128,1.79069e+09,-3.1582,51,0.190034
2.129,2,-0.8,nan,nan,nan,nan,-0.64292,0.308923,0.301479,5.34036,5.99528,33,18,step,2.129,1.79069e+09,-3.16948,51,0.190041
2.13,2,-0.8,nan,nan,nan,nan,-0.654199,0.274017,0.26739,5.34094,5.99528,33,18,step,2.13,1.79069e+09,-3.1582,51,0.19002
2.131,2,-0.8,nan,nan,nan,nan,-0.654199,0.274017,0.273781,5.34094,5.99528,33,18,step,2.131,1.79069e+09,-3.16948,51,0.18998
2.132,2,-0.8,nan,nan,nan,nan,-0.688037,0.233874,0.2855,5.34142,5.99528,33,18,step,2.132,1.79069e+09,-3.18076,51,0.189968
2.133,2,-0.8,nan,nan,nan,nan,-0.688037,0.233874,0.273781,5.34142,5.99528,33,18,step,2.133,1.79069e+09,-3.18076,51,0.189934
2.134,2,-0.8,nan,nan,nan,nan,-0.778271,0.218166,0.257802,5.3419,5.99528,33,18,step,2.134,1.79069e+09,-3.19204,51,0.189905
2.135,2,-0.8,nan,nan,nan,nan,-0.778271,0.218166,0.254606,5.3419,5.99528,33,18,step,2.135,1.79069e+09,-3.19204,51,0.18987
2.136,2,-0.8,nan,nan,nan,nan,-0.789551,0.230383,0.246084,5.34228,5.99528,33,18,step,2.136,1.79069e+09,-3.19204,51,0.18981
2.137,2,-0.8,nan,nan,nan,nan,-0.789551,0.230383,0.229039,5.34228,5.99528,33,18,step,2.137,1.79069e+09,-3.23716,51,0.189775
2.138,2,-0.8,nan,nan,nan,nan,-0.744434,0.216421,0.238627,5.34276,5.99528,33,18,step,2.138,1.79069e+09,-3.2146,51,0.189738
2.139,2,-0.8,nan,nan,nan,nan,-0.744434,0.216421,0.210929,5.34276,5.99528,33,18,step,2.139,1.79069e+09,-3.20332,51,0.189701
2.14,2,-0.8,nan,nan,nan,nan,-0.812109,0.181514,0.191753,5.34314,5.99528,33,18,step,2.14,1.79069e+09,-3.2146,51,0.189695
2.141,2,-0.8,nan,nan,nan,nan,-0.812109,0.181514,0.202406,5.34314,5.99528,33,18,step,2.141,1.79069e+09,-3.2146,51,0.189645
2.142,2,-0.8,nan,nan,nan,nan,-0.766992,0.143117,0.177905,5.34343,5.99518,33,18,step,2.142,1.79069e+09,-3.2146,51,0.189637
2.143,2,-0.8,nan,nan,nan,nan,-0.766992,0.143117,0.182166,5.34343,5.99518,33,18,step,2.143,1.79069e+09,-3.23716,51,0.189609
2.144,2,-0.8,nan,nan,nan,nan,-0.80083,0.150098,0.16299,5.34372,5.99518,33,18,step,2.144,1.79069e+09,-3.2146,51,0.189578
2.145,2,-0.8,nan,nan,nan,nan,-0.80083,0.150098,0.151272,5.34372,5.99518,33,18,step,2.145,1.79069e+09,-3.22588,51,0.189577
2.146,2,-0.8,nan,nan,nan,nan,-0.812109,0.120428,0.140619,5.34401,5.99518,33,18,step,2.146,1.79069e+09,-3.2146,51,0.189559
2.147,2,-0.8,nan,nan,nan,nan,-0.812109,0.120428,0.12677,5.34401,5.99518,33,18,step,2.147,1.79069e+09,-3.20332,51,0.18954
2.148,2,-0.8,nan,nan,nan,nan,-0.812109,0.115192,0.117183,5.34429,5.99518,33,18,step,2.148,1.79069e+09,-3.18076,51,0.189481
2.149,2,-0.8,nan,nan,nan,nan,-0.812109,0.115192,0.0905502,5.34429,5.99518,33,18,step,2.149,1.79069e+09,-3.23716,51,0.189422
2.15,2,-0.8,nan,nan,nan,nan,-0.812109,0.0942478,0.101203,5.34448,5.99518,33,18,step,2.15,1.79069e+09,-3.25972,51,0.189384
2.151,2,-0.8,nan,nan,nan,nan,-0.812109,0.0942478,0.110791,5.34448,5.99518,33,18,step,2.151,1.79069e+09,-3.271,51,0.189343
2.152,2,-0.8,nan,nan,nan,nan,-0.80083,0.0750492,0.0948114,5.34458,5.99518,33,18,step,2.152,1.79069e+09,-3.24844,51,0.18933
2.153,2,-0.8,nan,nan,nan,nan,-0.80083,0.0750492,0.0905502,5.34458,5.99518,33,18,step,2.153,1.79069e+09,-3.23716,51,0.189329
2.154,2,-0.8,nan,nan,nan,nan,-0.778271,0.0541052,0.0798973,5.34477,5.99518,33,18,step,2.154,1.79069e+09,-3.20332,51,0.1893
2.155,2,-0.8,nan,nan,nan,nan,-0.778271,0.0541052,0.050069,5.34477,5.99518,33,18,step,2.155,1.79069e+09,-3.23716,51,0.189284
2.156,2,-0.8,nan,nan,nan,nan,-0.778271,0.0349066,0.0191753,5.34477,5.99518,33,18,step,2.156,1.79069e+09,-3.24844,51,0.189255
2.157,2,-0.8,nan,nan,nan,nan,-0.778271,0.0349066,0.0330242,5.34477,5.99518,33,18,step,2.157,1.79069e+09,-3.24844,51,0.189223
2.158,2,-0.8,nan,nan,nan,nan,-0.778271,0.0174533,0.0298283,5.34487,5.99518,33,18,step,2.158,1.79069e+09,-3.25972,51,0.189237
2.159,2,-0.8,nan,nan,nan,nan,-0.778271,0.0174533,0.039416,5.34487,5.99518,33,18,step,2.159,1.79069e+09,-3.24844,51,0.18922
2.16,2,-0.8,nan,nan,nan,nan,-0.778271,0,0.0223712,5.34487,5.99518,33,18,step,2.16,1.79069e+09,-3.2146,51,0.189226
2.161,2,-0.8,nan,nan,nan,nan,-0.778271,0,0.0149142,5.34487,5.99518,33,18,step,2.161,1.79069e+09,-3.22588,51,0.189201
2.162,2,-0.8,nan,nan,nan,nan,-0.80083,0,0.0010653,5.34487,5.99518,33,18,step,2.162,1.79069e+09,-3.22588,51,0.189197
2.163,2,-0.8,nan,nan,nan,nan,-0.80083,0,-0.0245018,5.34487,5.99518,33,18,step,2.163,1.79069e+09,-3.24844,51,0.189171
2.164,2,-0.8,nan,nan,nan,nan,-0.789551,0,-0.0340895,5.34487,5.99518,33,18,step,2.164,1.79069e+09,-3.22588,51,0.189137
2.165,2,-0.8,nan,nan,nan,nan,-0.789551,0,-0.0213059,5.34487,5.99518,33,18,step,2.165,1.79069e+09,-3.28228,51,0.189147
2.166,2,-0.8,nan,nan,nan,nan,-0.778271,-0.010472,-0.0372854,5.34487,5.99518,33,18,step,2.166,1.79069e+09,-3.23716,51,0.189144
2.167,2,-0.8,nan,nan,nan,nan,-0.778271,-0.010472,-0.0628525,5.34487,5.99518,33,18,step,2.167,1.79069e+09,-3.22588,51,0.189133
2.168,2,-0.8,nan,nan,nan,nan,-0.789551,-0.0401426,-0.0607219,5.34477,5.99518,33,18,step,2.168,1.79069e+09,-3.23716,51,0.189131
2.169,2,-0.8,nan,nan,nan,nan,-0.789551,-0.0401426,-0.0585913,5.34477,5.99518,33,18,step,2.169,1.79069e+09,-3.24844,51,0.189125
2.17,2,-0.8,nan,nan,nan,nan,-0.778271,-0.0645772,-0.0468731,5.34458,5.99518,33,18,step,2.17,1.79069e+09,-3.2146,51,0.189105
2.171,2,-0.8,nan,nan,nan,nan,-0.778271,-0.0645772,-0.0777667,5.34458,5.99518,33,18,step,2.171,1.79069e+09,-3.24844,51,0.189078
2.172,2,-0.8,nan,nan,nan,nan,-0.789551,-0.0733038,-0.0980073,5.34448,5.99518,33,18,step,2.172,1.79069e+09,-3.271,51,0.189054
2.173,2,-0.8,nan,nan,nan,nan,-0.789551,-0.0733038,-0.0905502,5.34448,5.99518,33,18,step,2.173,1.79069e+09,-3.271,51,0.189054
2.174,2,-0.8,nan,nan,nan,nan,-0.778271,-0.0872665,-0.0980073,5.34429,5.99518,33,18,step,2.174,1.79069e+09,-3.271,51,0.189055
2.175,2,-0.8,nan,nan,nan,nan,-0.778271,-0.0872665,-0.102269,5.34429,5.99518,33,18,step,2.175,1.79069e+09,-3.24844,51,0.189054
2.176,2,-0.8,nan,nan,nan,nan,-0.766992,-0.0890118,-0.096942,5.3441,5.99518,33,18,step,2.176,1.79069e+09,-3.271,51,0.189026
2.177,2,-0.8,nan,nan,nan,nan,-0.766992,-0.0890118,-0.100138,5.3441,5.99518,33,18,step,2.177,1.79069e+09,-3.271,51,0.188994
2.178,2,-0.8,nan,nan,nan,nan,-0.766992,-0.102974,-0.0990726,5.34391,5.99518,33,18,step,2.178,1.79069e+09,-3.30483,51,0.188992
2.179,2,-0.8,nan,nan,nan,nan,-0.766992,-0.102974,-0.10866,5.34391,5.99518,33,18,step,2.179,1.79069e+09,-3.29355,51,0.18896
2.18,2,-0.8,nan,nan,nan,nan,-0.789551,-0.111701,-0.117183,5.34372,5.99518,33,18,step,2.18,1.79069e+09,-3.271,51,0.18895
2.181,2,-0.8,nan,nan,nan,nan,-0.789551,-0.111701,-0.138489,5.34372,5.99508,33,18,step,2.181,1.79069e+09,-3.31611,51,0.188949
2.182,2,-0.8,nan,nan,nan,nan,-0.789551,-0.136136,-0.131032,5.34343,5.99508,33,18,step,2.182,1.79069e+09,-3.28228,51,0.188922
2.183,2,-0.8,nan,nan,nan,nan,-0.789551,-0.136136,-0.132097,5.34343,5.99508,33,18,step,2.183,1.79069e+09,-3.28228,51,0.18889
2.184,2,-0.8,nan,nan,nan,nan,-0.778271,-0.115192,-0.148076,5.34324,5.99508,33,18,step,2.184,1.79069e+09,-3.32739,51,0.188855
2.185,2,-0.8,nan,nan,nan,nan,-0.778271,-0.115192,-0.139554,5.34324,5.99508,33,18,step,2.185,1.79069e+09,-3.34995,51,0.188832
2.186,2,-0.8,nan,nan,nan,nan,-0.789551,-0.141372,-0.119313,5.34295,5.99508,33,18,step,2.186,1.79069e+09,-3.33867,51,0.188832
2.187,2,-0.8,nan,nan,nan,nan,-0.789551,-0.141372,-0.16086,5.34295,5.99508,33,18,step,2.187,1.79069e+09,-3.32739,51,0.188825
2.188,2,-0.8,nan,nan,nan,nan,-0.755713,-0.13439,-0.135293,5.34266,5.99508,33,18,step,2.188,1.79069e+09,-3.30483,51,0.188809
2.189,2,-0.8,nan,nan,nan,nan,-0.755713,-0.13439,-0.137423,5.34266,5.99508,33,18,step,2.189,1.79069e+09,-3.30483,51,0.1888
2.19,2,-0.8,nan,nan,nan,nan,-0.778271,-0.144862,-0.189623,5.34238,5.99508,33,18,step,2.19,1.79069e+09,-3.31611,51,0.188773
2.191,2,-0.8,nan,nan,nan,nan,-0.778271,-0.144862,-0.167252,5.34238,5.99508,33,18,step,2.191,1.79069e+09,-3.32739,51,0.188744
2.192,2,-0.8,nan,nan,nan,nan,-0.766992,-0.151844,-0.169382,5.34209,5.99508,33,18,step,2.192,1.79069e+09,-3.37251,51,0.188725
2.193,2,-0.8,nan,nan,nan,nan,-0.766992,-0.151844,-0.153403,5.34209,5.99508,33,18,step,2.193,1.79069e+09,-3.37251,51,0.188737
2.194,2,-0.8,nan,nan,nan,nan,-0.766992,-0.162316,-0.161925,5.3417,5.99508,33,18,step,2.194,1.79069e+09,-3.36123,51,0.188752
2.195,2,-0.8,nan,nan,nan,nan,-0.766992,-0.162316,-0.184296,5.3417,5.99508,33,18,step,2.195,1.79069e+09,-3.31611,51,0.18875
2.196,2,-0.8,nan,nan,nan,nan,-0.812109,-0.179769,-0.177905,5.34132,5.99508,33,18,step,2.196,1.79069e+09,-3.29355,51,0.188746
2.197,2,-0.8,nan,nan,nan,nan,-0.812109,-0.179769,-0.161925,5.34132,5.99508,33,18,step,2.197,1.79069e+09,-3.33867,51,0.188697
2.198,2,-0.8,nan,nan,nan,nan,-0.80083,-0.179769,-0.176839,5.34103,5.99508,33,18,step,2.198,1.79069e+09,-3.36123,51,0.188697
2.199,2,-0.8,nan,nan,nan,nan,-0.80083,-0.179769,-0.182166,5.34103,5.99508,33,18,step,2.199,1.79069e+09,-3.42891,51,0.188712
2.2,2,-0.8,nan,nan,nan,nan,-0.80083,-0.18675,-0.187492,5.34065,5.99508,33,18,step,2.2,1.79069e+09,-3.34995,51,0.188728
2.201,2,-0.8,nan,nan,nan,nan,-0.80083,-0.18675,-0.198145,5.34065,5.99499,33,18,step,2.201,1.79069e+09,-3.34995,51,0.188738
2.202,2,-0.8,nan,nan,nan,nan,-0.834668,-0.179769,-0.188558,5.34027,5.99499,33,18,step,2.202,1.79069e+09,-3.34995,51,0.188735
2.203,2,-0.8,nan,nan,nan,nan,-0.834668,-0.179769,-0.202406,5.34027,5.99499,33,18,step,2.203,1.79069e+09,-3.36123,51,0.188733
2.204,2,-0.8,nan,nan,nan,nan,-0.812109,-0.198968,-0.190688,5.33988,5.99499,33,18,step,2.204,1.79069e+09,-3.39507,51,0.188735
2.205,2,-0.8,nan,nan,nan,nan,-0.812109,-0.198968,-0.196015,5.33988,5.99499,33,18,step,2.205,1.79069e+09,-3.39507,51,0.18873
2.206,2,-0.8,nan,nan,nan,nan,-0.857227,-0.21293,-0.207733,5.3395,5.99499,33,18,step,2.206,1.79069e+09,-3.40635,51,0.188739
2.207,2,-0.8,nan,nan,nan,nan,-0.857227,-0.21293,-0.204537,5.3395,5.99499,33,18,step,2.207,1.79069e+09,-3.39507,51,0.188749
2.208,2,-0.8,nan,nan,nan,nan,-0.845947,-0.207694,-0.216255,5.33902,5.99489,33,18,step,2.208,1.79069e+09,-3.40635,51,0.188763
2.209,2,-0.8,nan,nan,nan,nan,-0.845947,-0.207694,-0.211994,5.33902,5.99489,33,18,step,2.209,1.79069e+09,-3.39507,51,0.188765
2.21,2,-0.8,nan,nan,nan,nan,-0.868506,-0.197222,-0.193884,5.33864,5.99489,33,18,step,2.21,1.79069e+09,-3.41763,51,0.188756
2.211,2,-0.8,nan,nan,nan,nan,-0.868506,-0.197222,-0.225843,5.33864,5.9948,33,18,step,2.211,1.79069e+09,-3.46274,51,0.188749
2.212,2,-0.8,nan,nan,nan,nan,-0.891064,-0.195477,-0.232235,5.33825,5.9948,33,18,step,2.212,1.79069e+09,-3.49658,51,0.188752
2.213,2,-0.8,nan,nan,nan,nan,-0.891064,-0.195477,-0.21519,5.33825,5.9948,33,18,step,2.213,1.79069e+09,-3.4853,51,0.188764
2.214,2,-0.8,nan,nan,nan,nan,-0.879785,-0.214675,-0.221582,5.33777,5.9947,33,18,step,2.214,1.79069e+09,-3.49658,51,0.188799
2.215,2,-0.8,nan,nan,nan,nan,-0.879785,-0.214675,-0.214125,5.33777,5.9947,33,18,step,2.215,1.79069e+09,-3.47402,51,0.188826
2.216,2,-0.8,nan,nan,nan,nan,-0.733154,-0.235619,-0.206668,5.33729,5.99461,33,18,step,2.216,1.79069e+09,-3.46274,51,0.188832
2.217,2,-0.8,nan,nan,nan,nan,-0.733154,-0.235619,-0.213059,5.33729,5.99461,33,18,step,2.217,1.79069e+09,-3.50786,51,0.188841
2.218,2,-0.8,nan,nan,nan,nan,-0.845947,-0.244346,-0.222647,5.33682,5.99461,33,18,step,2.218,1.79069e+09,-3.53042,51,0.188834
2.219,2,-0.8,nan,nan,nan,nan,-0.845947,-0.244346,-0.230104,5.33682,5.99451,33,18,step,2.219,1.79069e+09,-3.53042,51,0.188822
2.22,2,-0.8,nan,nan,nan,nan,-0.721875,-0.237365,-0.218386,5.33634,5.99451,33,18,step,2.22,1.79069e+09,-3.56426,51,0.188833
2.221,2,-0.8,nan,nan,nan,nan,-0.721875,-0.237365,-0.247149,5.33634,5.99441,33,18,step,2.221,1.79069e+09,-3.5981,51,0.188853
2.222,2,-0.8,nan,nan,nan,nan,-0.80083,-0.223402,-0.239692,5.33595,5.99441,33,18,step,2.222,1.79069e+09,-3.56426,51,0.188877
2.223,2,-0.8,nan,nan,nan,nan,-0.80083,-0.223402,-0.224778,5.33595,5.99432,33,18,step,2.223,1.79069e+09,-3.5981,51,0.188879
2.224,2,-0.8,nan,nan,nan,nan,-0.812109,-0.223402,-0.240757,5.33547,5.99432,33,18,step,2.224,1.79069e+09,-3.58682,51,0.188903
2.225,2,-0.8,nan,nan,nan,nan,-0.812109,-0.223402,-0.234365,5.33547,5.99422,33,18,step,2.225,1.79069e+09,-3.60938,51,0.188911
2.226,2,-0.8,nan,nan,nan,nan,-0.778271,-0.218166,-0.231169,5.33509,5.99422,33,18,step,2.226,1.79069e+09,-3.60938,51,0.18892
2.227,2,-0.8,nan,nan,nan,nan,-0.778271,-0.218166,-0.234365,5.33509,5.99413,33,18,step,2.227,1.79069e+09,-3.67705,51,0.188936
2.228,2,-0.8,nan,nan,nan,nan,-0.766992,-0.228638,-0.238627,5.33461,5.99403,33,18,step,2.228,1.79069e+09,-3.66577,51,0.188965
2.229,2,-0.8,nan,nan,nan,nan,-0.766992,-0.228638,-0.247149,5.33461,5.99403,33,18,step,2.229,1.79069e+09,-3.68833,51,0.188991
2.23,2,-0.8,nan,nan,nan,nan,-0.766992,-0.233874,-0.248214,5.33413,5.99393,33,18,step,2.23,1.79069e+09,-3.67705,51,0.189017
2.231,2,-0.8,nan,nan,nan,nan,-0.766992,-0.233874,-0.250345,5.33413,5.99384,33,18,step,2.231,1.79069e+09,-3.72217,51,0.189061
2.232,2,-0.8,nan,nan,nan,nan,-0.812109,-0.253073,-0.263128,5.33365,5.99384,33,18,step,2.232,1.79069e+09,-3.71089,51,0.189096
2.233,2,-0.8,nan,nan,nan,nan,-0.812109,-0.253073,-0.25141,5.33365,5.99374,33,18,step,2.233,1.79069e+09,-3.71089,51,0.189144
2.234,2,-0.8,nan,nan,nan,nan,-0.80083,-0.263545,-0.250345,5.33308,5.99365,33,18,step,2.234,1.79069e+09,-3.74473,51,0.189203
2.235,2,-0.8,nan,nan,nan,nan,-0.80083,-0.263545,-0.245018,5.33308,5.99355,33,18,step,2.235,1.79069e+09,-3.68833,51,0.189263
2.236,2,-0.8,nan,nan,nan,nan,-0.721875,-0.26529,-0.238627,5.3325,5.99345,33,18,step,2.236,1.79069e+09,-3.71089,51,0.189323
2.237,2,-0.8,nan,nan,nan,nan,-0.721875,-0.26529,-0.246084,5.3325,5.99336,33,18,step,2.237,1.79069e+09,-3.72217,51,0.18937
2.238,2,-0.8,nan,nan,nan,nan,-0.823389,-0.263545,-0.252475,5.33202,5.99326,33,18,step,2.238,1.79069e+09,-3.75601,51,0.189405
2.239,2,-0.8,nan,nan,nan,nan,-0.823389,-0.263545,-0.257802,5.33202,5.99317,33,18,step,2.239,1.79069e+09,-3.78984,51,0.189465
2.24,2,-0.8,nan,nan,nan,nan,-0.857227,-0.261799,-0.258867,5.33154,5.99307,33,18,step,2.24,1.79069e+09,-3.8124,51,0.189526
2.241,2,-0.8,nan,nan,nan,nan,-0.857227,-0.261799,-0.245018,5.33154,5.99298,33,18,step,2.241,1.79069e+09,-3.80112,51,0.189608
2.242,2,-0.8,nan,nan,nan,nan,-0.845947,-0.268781,-0.271651,5.33097,5.99288,33,18,step,2.242,1.79069e+09,-3.8124,51,0.18971
2.243,2,-0.8,nan,nan,nan,nan,-0.845947,-0.268781,-0.279108,5.33097,5.99278,33,18,step,2.243,1.79069e+09,-3.78984,51,0.189793
2.244,2,-0.8,nan,nan,nan,nan,-0.857227,-0.260054,-0.263128,5.33049,5.99269,33,18,step,2.244,1.79069e+09,-3.80112,51,0.18986
2.245,2,-0.8,nan,nan,nan,nan,-0.857227,-0.260054,-0.255671,5.33049,5.99259,33,18,step,2.245,1.79069e+09,-3.83496,51,0.189932
2.246,2,-0.8,nan,nan,nan,nan,-0.834668,-0.277507,-0.265259,5.32991,5.9925,33,18,step,2.246,1.79069e+09,-3.90264,51,0.190027
2.247,2,-0.8,nan,nan,nan,nan,-0.834668,-0.277507,-0.266324,5.32991,5.9923,33,18,step,2.247,1.79069e+09,-3.89136,51,0.190144
2.248,2,-0.8,nan,nan,nan,nan,-0.80083,-0.287979,-0.263128,5.32934,5.99221,33,18,step,2.248,1.79069e+09,-3.88008,51,0.190264
2.249,2,-0.8,nan,nan,nan,nan,-0.80083,-0.287979,-0.25141,5.32934,5.99202,33,18,step,2.249,1.79069e+09,-3.88008,51,0.190409
2.25,2,-0.8,nan,nan,nan,nan,-0.789551,-0.284489,-0.268455,5.32876,5.99192,33,18,step,2.25,1.79069e+09,-3.84624,51,0.190576
2.251,2,-0.8,nan,nan,nan,nan,-0.789551,-0.284489,-0.270585,5.32876,5.99173,33,18,step,2.251,1.79069e+09,-3.90264,51,0.190641
2.252,2,-0.8,nan,nan,nan,nan,-0.755713,-0.284489,-0.26952,5.32819,5.99163,33,18,step,2.252,1.79069e+09,-3.95903,51,0.19078
2.253,2,-0.8,nan,nan,nan,nan,-0.755713,-0.284489,-0.308936,5.32819,5.99144,33,18,step,2.253,1.79069e+09,-3.9252,51,0.190894
2.254,2,-0.8,nan,nan,nan,nan,-0.778271,-0.274017,-0.300414,5.32761,5.99135,33,18,step,2.254,1.79069e+09,-3.9252,51,0.191038
2.255,2,-0.8,nan,nan,nan,nan,-0.778271,-0.274017,-0.279108,5.32761,5.99115,33,18,step,2.255,1.79069e+09,-3.94775,51,0.191211
2.256,2,-0.8,nan,nan,nan,nan,-0.80083,-0.274017,-0.2855,5.32704,5.99096,33,18,step,2.256,1.79069e+09,-3.91392,51,0.191374
2.257,2,-0.8,nan,nan,nan,nan,-0.80083,-0.274017,-0.280173,5.32704,5.99077,33,18,step,2.257,1.79069e+09,-3.91392,51,0.19154
2.258,2,-0.8,nan,nan,nan,nan,-0.778271,-0.29147,-0.284434,5.32656,5.99067,33,18,step,2.258,1.79069e+09,-3.93647,51,0.191663
2.259,2,-0.8,nan,nan,nan,nan,-0.778271,-0.29147,-0.290826,5.32656,5.99048,33,18,step,2.259,1.79069e+09,-3.97031,51,0.191816
2.26,2,-0.8,nan,nan,nan,nan,-0.789551,-0.305433,-0.296153,5.32589,5.99029,33,18,step,2.26,1.79069e+09,-4.01543,51,0.192008
2.261,2,-0.8,nan,nan,nan,nan,-0.789551,-0.305433,-0.286565,5.32589,5.9901,33,18,step,2.261,1.79069e+09,-4.00415,51,0.192196
2.262,2,-0.8,nan,nan,nan,nan,-0.80083,-0.319395,-0.275912,5.32531,5.98981,33,18,step,2.262,1.79069e+09,-3.97031,51,0.192463
2.263,2,-0.8,nan,nan,nan,nan,-0.80083,-0.319395,-0.278043,5.32531,5.98962,33,18,step,2.263,1.79069e+09,-4.04927,51,0.192564
2.264,2,-0.8,nan,nan,nan,nan,-0.823389,-0.315905,-0.271651,5.32464,5.98933,33,18,step,2.264,1.79069e+09,-4.06055,51,0.19277
2.265,2,-0.8,nan,nan,nan,nan,-0.823389,-0.315905,-0.289761,5.32464,5.98914,33,18,step,2.265,1.79069e+09,-4.00415,51,0.192954
2.266,2,-0.8,nan,nan,nan,nan,-0.845947,-0.319395,-0.30361,5.32397,5.98885,33,18,step,2.266,1.79069e+09,-4.00415,51,0.193153
2.267,2,-0.8,nan,nan,nan,nan,-0.845947,-0.319395,-0.296153,5.32397,5.98857,33,18,step,2.267,1.79069e+09,-4.07183,51,0.193397
2.268,2,-0.8,nan,nan,nan,nan,-0.845947,-0.310669,-0.286565,5.32339,5.98828,33,18,step,2.268,1.79069e+09,-4.03799,51,0.19361
2.269,2,-0.8,nan,nan,nan,nan,-0.845947,-0.310669,-0.283369,5.32339,5.98799,33,18,step,2.269,1.79069e+09,-4.01543,51,0.193838
2.27,2,-0.8,nan,nan,nan,nan,-0.823389,-0.305433,-0.298283,5.32272,5.98761,33,18,step,2.27,1.79069e+09,-4.02671,51,0.194084
2.271,2,-0.8,nan,nan,nan,nan,-0.823389,-0.305433,-0.307871,5.32272,5.98722,33,18,step,2.271,1.79069e+09,-4.04927,51,0.194314
2.272,2,-0.8,nan,nan,nan,nan,-0.789551,-0.31765,-0.30574,5.32215,5.98684,33,18,step,2.272,1.79069e+09,-4.06055,51,0.194566
2.273,2,-0.8,nan,nan,nan,nan,-0.789551,-0.31765,-0.307871,5.32215,5.98646,33,18,step,2.273,1.79069e+09,-4.12822,51,0.194954
2.274,2,-0.8,nan,nan,nan,nan,-0.733154,-0.329867,-0.307871,5.32148,5.98607,33,18,step,2.274,1.79069e+09,-4.04927,51,0.195097
2.275,2,-0.8,nan,nan,nan,nan,-0.733154,-0.329867,-0.318524,5.32148,5.98569,33,18,step,2.275,1.79069e+09,-4.02671,51,0.195411
2.276,2,-0.8,nan,nan,nan,nan,-0.733154,-0.340339,-0.308936,5.3208,5.98531,33,18,step,2.276,1.79069e+09,-4.00415,51,0.195888
2.277,2,-0.8,nan,nan,nan,nan,-0.733154,-0.340339,-0.304675,5.3208,5.98502,33,18,step,2.277,1.79069e+09,-3.99287,51,0.196172
2.278,2,-0.8,nan,nan,nan,nan,-0.733154,-0.328122,-0.322785,5.32013,5.98473,33,18,step,2.278,1.79069e+09,-4.02671,51,0.196493
2.279,2,-0.8,nan,nan,nan,nan,-0.733154,-0.328122,-0.324916,5.32013,5.98444,33,18,step,2.279,1.79069e+09,-4.02671,51,0.196666
2.28,2,-0.8,nan,nan,nan,nan,-0.80083,-0.329867,-0.320654,5.31946,5.98425,33,18,step,2.28,1.79069e+09,-4.00415,51,0.197152
2.281,2,-0.8,nan,nan,nan,nan,-0.80083,-0.329867,-0.325981,5.31946,5.98406,33,18,step,2.281,1.79069e+09,-4.02671,51,0.197497
2.282,2,-0.8,nan,nan,nan,nan,-0.744434,-0.335103,-0.338764,5.31879,5.98387,33,18,step,2.282,1.79069e+09,-3.99287,51,0.197855
2.283,2,-0.8,nan,nan,nan,nan,-0.744434,-0.335103,-0.332373,5.31879,5.98368,33,18,step,2.283,1.79069e+09,-3.99287,51,0.19821
2.284,2,-0.8,nan,nan,nan,nan,-0.845947,-0.354302,-0.324916,5.31802,5.98348,33,18,step,2.284,1.79069e+09,-4.00415,51,0.198395
2.285,2,-0.8,nan,nan,nan,nan,-0.845947,-0.354302,-0.349417,5.31802,5.98329,33,18,step,2.285,1.79069e+09,-3.9252,51,0.198955
2.286,2,-0.8,nan,nan,nan,nan,-0.755713,-0.3735,-0.355809,5.31735,5.9832,33,18,step,2.286,1.79069e+09,-3.93647,51,0.199141
2.287,2,-0.8,nan,nan,nan,nan,-0.755713,-0.3735,-0.325981,5.31735,5.98291,33,18,step,2.287,1.79069e+09,-3.91392,51,0.199706
2.288,2,-0.8,nan,nan,nan,nan,-0.789551,-0.376991,-0.35794,5.31659,5.98272,33,18,step,2.288,1.79069e+09,-3.95903,51,0.200101
2.289,2,-0.8,nan,nan,nan,nan,-0.789551,-0.376991,-0.366462,5.31659,5.98243,33,18,step,2.289,1.79069e+09,-3.90264,51,0.200305
2.29,2,-0.8,nan,nan,nan,nan,-0.834668,-0.357792,-0.346222,5.31591,5.98224,33,18,step,2.29,1.79069e+09,-3.88008,51,0.200679
2.291,2,-0.8,nan,nan,nan,nan,-0.834668,-0.357792,-0.35794,5.31591,5.98185,33,18,step,2.291,1.79069e+09,-3.89136,51,0.201039
2.292,2,-0.8,nan,nan,nan,nan,-0.823389,-0.359538,-0.359005,5.31515,5.98147,33,18,step,2.292,1.79069e+09,-3.93647,51,0.201408
2.293,2,-0.8,nan,nan,nan,nan,-0.823389,-0.359538,-0.345156,5.31515,5.98099,33,18,step,2.293,1.79069e+09,-4.06055,51,0.201916
2.294,2,-0.8,nan,nan,nan,nan,-0.80083,-0.364774,-0.338764,5.31448,5.98061,33,18,step,2.294,1.79069e+09,-3.98159,51,0.202098
2.295,2,-0.8,nan,nan,nan,nan,-0.80083,-0.364774,-0.346222,5.31448,5.98003,33,18,step,2.295,1.79069e+09,-3.99287,51,0.202468
2.296,2,-0.8,nan,nan,nan,nan,-0.733154,-0.382227,-0.363266,5.31361,5.97946,33,18,step,2.296,1.79069e+09,-4.01543,51,0.20306
2.297,2,-0.8,nan,nan,nan,nan,-0.733154,-0.382227,-0.363266,5.31361,5.97888,33,18,step,2.297,1.79069e+09,-4.02671,51,0.203269
2.298,2,-0.8,nan,nan,nan,nan,-0.710596,-0.366519,-0.350483,5.31294,5.97811,33,18,step,2.298,1.79069e+09,-3.94775,51,0.20381
2.299,2,-0.8,nan,nan,nan,nan,-0.710596,-0.366519,-0.350483,5.31294,5.97754,33,18,step,2.299,1.79069e+09,-3.94775,51,0.203989
2.3,2,-0.8,nan,nan,nan,nan,-0.733154,-0.356047,-0.361136,5.31218,5.97687,33,18,step,2.3,1.79069e+09,-4.09438,51,0.204366
2.301,2,-0.8,nan,nan,nan,nan,-0.733154,-0.356047,-0.352613,5.31218,5.9762,33,18,step,2.301,1.79069e+09,-4.15078,51,0.204777
2.302,2,-0.8,nan,nan,nan,nan,-0.710596,-0.364774,-0.36007,5.31141,5.97572,33,18,step,2.302,1.79069e+09,-4.10566,51,0.20521
2.303,2,-0.8,nan,nan,nan,nan,-0.710596,-0.364774,-0.390964,5.31141,5.97524,33,18,step,2.303,1.79069e+09,-4.09438,51,0.205825
2.304,2,-0.8,nan,nan,nan,nan,-0.721875,-0.392699,-0.381376,5.31074,5.97476,33,18,step,2.304,1.79069e+09,-4.1395,51,0.206046
2.305,2,-0.8,nan,nan,nan,nan,-0.721875,-0.392699,-0.372854,5.31074,5.97438,33,18,step,2.305,1.79069e+09,-4.11694,51,0.206702
2.306,2,-0.8,nan,nan,nan,nan,-0.778271,-0.418879,-0.367527,5.30987,5.97399,33,18,step,2.306,1.79069e+09,-4.12822,51,0.20691
2.307,2,-0.8,nan,nan,nan,nan,-0.778271,-0.418879,-0.365397,5.30987,5.9737,33,18,step,2.307,1.79069e+09,-4.12822,51,0.207527
2.308,2,-0.8,nan,nan,nan,nan,-0.823389,-0.401426,-0.37605,5.30911,5.97342,33,18,step,2.308,1.79069e+09,-4.1395,51,0.207969
2.309,2,-0.8,nan,nan,nan,nan,-0.823389,-0.401426,-0.377115,5.30911,5.97313,33,18,step,2.309,1.79069e+09,-4.10566,51,0.208192
2.31,2,-0.8,nan,nan,nan,nan,-0.812109,-0.385718,-0.399486,5.30824,5.97284,33,18,step,2.31,1.79069e+09,-4.07183,51,0.208875
2.311,2,-0.8,nan,nan,nan,nan,-0.812109,-0.385718,-0.393095,5.30824,5.97246,33,18,step,2.311,1.79069e+09,-4.04927,51,0.209341
2.312,2,-0.8,nan,nan,nan,nan,-0.845947,-0.376991,-0.379246,5.30757,5.97217,33,18,step,2.312,1.79069e+09,-4.06055,51,0.209815
2.313,2,-0.8,nan,nan,nan,nan,-0.845947,-0.376991,-0.385637,5.30757,5.97179,33,18,step,2.313,1.79069e+09,-4.02671,51,0.210287
2.314,2,-0.8,nan,nan,nan,nan,-0.812109,-0.387463,-0.392029,5.30681,5.97131,33,18,step,2.314,1.79069e+09,-3.99287,51,0.210518
2.315,2,-0.8,nan,nan,nan,nan,-0.812109,-0.387463,-0.402682,5.30681,5.97083,33,18,step,2.315,1.79069e+09,-3.95903,51,0.211243
2.316,2,-0.8,nan,nan,nan,nan,-0.766992,-0.394444,-0.369658,5.30594,5.97035,33,18,step,2.316,1.79069e+09,-3.94775,51,0.211739
2.317,2,-0.8,nan,nan,nan,nan,-0.766992,-0.394444,-0.365397,5.30594,5.96987,33,18,step,2.317,1.79069e+09,-3.89136,51,0.212218
2.318,2,-0.8,nan,nan,nan,nan,-0.744434,-0.390954,-0.39416,5.30518,5.96929,33,18,step,2.318,1.79069e+09,-3.91392,51,0.212706
2.319,2,-0.8,nan,nan,nan,nan,-0.744434,-0.390954,-0.404813,5.30518,5.96882,33,18,step,2.319,1.79069e+09,-3.8688,51,0.212938
2.32,2,-0.8,nan,nan,nan,nan,-0.733154,-0.375246,-0.386703,5.30441,5.96834,33,18,step,2.32,1.79069e+09,-3.94775,51,0.213667
2.321,2,-0.8,nan,nan,nan,nan,-0.733154,-0.375246,-0.388833,5.30441,5.96786,33,18,step,2.321,1.79069e+09,-4.02671,51,0.21391
2.322,2,-0.8,nan,nan,nan,nan,-0.744434,-0.401426,-0.39629,5.30355,5.96738,33,18,step,2.322,1.79069e+09,-3.97031,51,0.214633
2.323,2,-0.8,nan,nan,nan,nan,-0.744434,-0.401426,-0.402682,5.30355,5.96699,33,18,step,2.323,1.79069e+09,-4.01543,51,0.215138
2.324,2,-0.8,nan,nan,nan,nan,-0.755713,-0.441568,-0.400552,5.30268,5.96651,33,18,step,2.324,1.79069e+09,-3.90264,51,0.215373
2.325,2,-0.8,nan,nan,nan,nan,-0.755713,-0.441568,-0.411205,5.30268,5.96613,33,18,step,2.325,1.79069e+09,-3.99287,51,0.216072
2.326,2,-0.8,nan,nan,nan,nan,-0.823389,-0.464258,-0.390964,5.30182,5.96575,33,18,step,2.326,1.79069e+09,-3.93647,51,0.216567
2.327,2,-0.8,nan,nan,nan,nan,-0.823389,-0.464258,-0.403748,5.30182,5.96536,33,18,step,2.327,1.79069e+09,-4.01543,51,0.217037
2.328,2,-0.8,nan,nan,nan,nan,-0.857227,-0.439823,-0.428249,5.30096,5.96479,33,18,step,2.328,1.79069e+09,-3.9252,51,0.217538
2.329,2,-0.8,nan,nan,nan,nan,-0.857227,-0.439823,-0.413335,5.30096,5.96431,33,18,step,2.329,1.79069e+09,-3.9252,51,0.217793
2.33,2,-0.8,nan,nan,nan,nan,-0.879785,-0.408407,-0.406943,5.3001,5.96373,33,18,step,2.33,1.79069e+09,-3.84624,51,0.218538
2.331,2,-0.8,nan,nan,nan,nan,-0.879785,-0.408407,-0.413335,5.3001,5.96325,33,18,step,2.331,1.79069e+09,-3.82368,51,0.219023
2.332,2,-0.8,nan,nan,nan,nan,-0.857227,-0.413643,-0.405878,5.29933,5.96268,33,18,step,2.332,1.79069e+09,-3.8124,51,0.219513
2.333,2,-0.8,nan,nan,nan,nan,-0.857227,-0.413643,-0.419727,5.29933,5.9621,33,18,step,2.333,1.79069e+09,-3.83496,51,0.219998
2.334,2,-0.8,nan,nan,nan,nan,-0.823389,-0.431096,-0.405878,5.29847,5.96153,33,18,step,2.334,1.79069e+09,-3.85752,51,0.220255
2.335,2,-0.8,nan,nan,nan,nan,-0.823389,-0.431096,-0.405878,5.29847,5.96095,33,18,step,2.335,1.79069e+09,-4.02671,51,0.221039
2.336,2,-0.8,nan,nan,nan,nan,-0.789551,-0.413643,-0.415466,5.2976,5.96038,33,18,step,2.336,1.79069e+09,-3.89136,51,0.221548
2.337,2,-0.8,nan,nan,nan,nan,-0.789551,-0.413643,-0.411205,5.2976,5.9598,33,18,step,2.337,1.79069e+09,-3.90264,51,0.222102
2.338,2,-0.8,nan,nan,nan,nan,-0.721875,-0.3735,-0.413335,5.29684,5.95932,33,18,step,2.338,1.79069e+09,-3.89136,51,0.22265
2.339,2,-0.8,nan,nan,nan,nan,-0.721875,-0.3735,-0.411205,5.29684,5.95875,33,18,step,2.339,1.79069e+09,-3.8688,51,0.222907
2.34,2,-0.8,nan,nan,nan,nan,-0.721875,-0.382227,-0.404813,5.29607,5.95827,33,18,step,2.34,1.79069e+09,-3.99287,51,0.223406
2.341,2,-0.8,nan,nan,nan,nan,-0.721875,-0.382227,-0.409074,5.29607,5.95779,33,18,step,2.341,1.79069e+09,-4.07183,51,0.224188
2.342,2,-0.8,nan,nan,nan,nan,-0.789551,-0.432842,-0.422923,5.29521,5.95731,33,18,step,2.342,1.79069e+09,-3.97031,51,0.224718
2.343,2,-0.8,nan,nan,nan,nan,-0.789551,-0.432842,-0.413335,5.29521,5.95683,33,18,step,2.343,1.79069e+09,-3.9252,51,0.22525
2.344,2,-0.8,nan,nan,nan,nan,-0.721875,-0.47822,-0.408009,5.29425,5.95626,33,18,step,2.344,1.79069e+09,-3.88008,51,0.225792
2.345,2,-0.8,nan,nan,nan,nan,-0.721875,-0.47822,-0.425053,5.29425,5.95568,33,18,step,2.345,1.79069e+09,-3.83496,51,0.226313
2.346,2,-0.8,nan,nan,nan,nan,-0.766992,-0.443314,-0.427184,5.29329,5.9552,33,18,step,2.346,1.79069e+09,-3.82368,51,0.226838
2.347,2,-0.8,nan,nan,nan,nan,-0.766992,-0.443314,-0.416531,5.29329,5.95463,33,18,step,2.347,1.79069e+09,-3.80112,51,0.227346
2.348,2,-0.8,nan,nan,nan,nan,-0.778271,-0.432842,-0.418662,5.29243,5.95415,33,18,step,2.348,1.79069e+09,-3.8688,51,0.227857
2.349,2,-0.8,nan,nan,nan,nan,-0.778271,-0.432842,-0.418662,5.29243,5.95367,33,18,step,2.349,1.79069e+09,-3.89136,51,0.228395
2.35,2,-0.8,nan,nan,nan,nan,-0.721875,-0.432842,-0.426119,5.29156,5.95319,33,18,step,2.35,1.79069e+09,-3.89136,51,0.228888
2.351,2,-0.8,nan,nan,nan,nan,-0.721875,-0.432842,-0.442098,5.29156,5.95261,33,18,step,2.351,1.79069e+09,-3.89136,51,0.229441
2.352,2,-0.8,nan,nan,nan,nan,-0.778271,-0.431096,-0.427184,5.2907,5.95213,33,18,step,2.352,1.79069e+09,-3.90264,51,0.229958
2.353,2,-0.8,nan,nan,nan,nan,-0.778271,-0.431096,-0.420792,5.2907,5.95175,33,18,step,2.353,1.79069e+09,-3.94775,51,0.23047
2.354,2,-0.8,nan,nan,nan,nan,-0.676758,-0.394444,-0.415466,5.28993,5.95127,33,18,step,2.354,1.79069e+09,-3.94775,51,0.231011
2.355,2,-0.8,nan,nan,nan,nan,-0.676758,-0.394444,-0.414401,5.28993,5.95079,33,18,step,2.355,1.79069e+09,-3.97031,51,0.23152
2.356,2,-0.8,nan,nan,nan,nan,-0.699316,-0.385718,-0.43038,5.28917,5.95031,33,18,step,2.356,1.79069e+09,-3.98159,51,0.232088
2.357,2,-0.8,nan,nan,nan,nan,-0.699316,-0.385718,-0.43038,5.28917,5.94974,33,18,step,2.357,1.79069e+09,-3.98159,51,0.232643
2.358,2,-0.8,nan,nan,nan,nan,-0.654199,-0.42237,-0.427184,5.2883,5.94926,33,18,step,2.358,1.79069e+09,-3.97031,51,0.232911
2.359,2,-0.8,nan,nan,nan,nan,-0.654199,-0.42237,-0.441033,5.2883,5.94878,33,18,step,2.359,1.79069e+09,-3.95903,51,0.23375
2.36,2,-0.8,nan,nan,nan,nan,-0.676758,-0.47473,-0.441033,5.28734,5.9482,33,18,step,2.36,1.79069e+09,-3.94775,51,0.234267
2.361,2,-0.8,nan,nan,nan,nan,-0.676758,-0.47473,-0.404813,5.28734,5.94772,33,18,step,2.361,1.79069e+09,-3.9252,51,0.234808
2.362,2,-0.8,nan,nan,nan,nan,-0.845947,-0.486947,-0.420792,5.28648,5.94724,33,18,step,2.362,1.79069e+09,-3.95903,51,0.235359
2.363,2,-0.8,nan,nan,nan,nan,-0.845947,-0.486947,-0.426119,5.28648,5.94667,33,18,step,2.363,1.79069e+09,-3.94775,51,0.235895
2.364,2,-0.8,nan,nan,nan,nan,-0.766992,-0.462512,-0.410139,5.28543,5.94619,33,18,step,2.364,1.79069e+09,-3.91392,51,0.236454
2.365,2,-0.8,nan,nan,nan,nan,-0.766992,-0.462512,-0.441033,5.28543,5.94571,33,18,step,2.365,1.79069e+09,-3.95903,51,0.23694
2.366,2,-0.8,nan,nan,nan,nan,-0.845947,-0.431096,-0.451686,5.28456,5.94533,33,18,step,2.366,1.79069e+09,-3.99287,51,0.237455
2.367,2,-0.8,nan,nan,nan,nan,-0.845947,-0.431096,-0.416531,5.28456,5.94485,33,18,step,2.367,1.79069e+09,-4.00415,51,0.237943
2.368,2,-0.8,nan,nan,nan,nan,-0.710596,-0.431096,-0.415466,5.2837,5.94446,33,18,step,2.368,1.79069e+09,-3.98159,51,0.238433
2.369,2,-0.8,nan,nan,nan,nan,-0.710596,-0.431096,-0.420792,5.2837,5.94398,33,18,step,2.369,1.79069e+09,-4.07183,51,0.238978
2.37,2,-0.8,nan,nan,nan,nan,-0.778271,-0.424115,-0.436772,5.28284,5.9435,33,18,step,2.37,1.79069e+09,-4.08311,51,0.239486
2.371,2,-0.8,nan,nan,nan,nan,-0.778271,-0.424115,-0.444229,5.28284,5.94303,33,18,step,2.371,1.79069e+09,-4.07183,51,0.240032
2.372,2,-0.8,nan,nan,nan,nan,-0.710596,-0.39968,-0.447425,5.28207,5.94255,33,18,step,2.372,1.79069e+09,-4.06055,51,0.240567
2.373,2,-0.8,nan,nan,nan,nan,-0.710596,-0.39968,-0.438902,5.28207,5.94197,33,18,step,2.373,1.79069e+09,-4.07183,51,0.241114
2.374,2,-0.8,nan,nan,nan,nan,-0.721875,-0.415388,-0.439968,5.28121,5.94149,33,18,step,2.374,1.79069e+09,-4.09438,51,0.241653
2.375,2,-0.8,nan,nan,nan,nan,-0.721875,-0.415388,-0.439968,5.28121,5.94092,33,18,step,2.375,1.79069e+09,-4.00415,51,0.242143
2.376,2,-0.8,nan,nan,nan,nan,-0.733154,-0.466003,-0.423988,5.28035,5.94034,33,18,step,2.376,1.79069e+09,-4.03799,51,0.24265
2.377,2,-0.8,nan,nan,nan,nan,-0.733154,-0.466003,-0.422923,5.28035,5.93977,33,18,step,2.377,1.79069e+09,-4.06055,51,0.24316
2.378,2,-0.8,nan,nan,nan,nan,-0.789551,-0.506145,-0.427184,5.27929,5.93919,33,18,step,2.378,1.79069e+09,-4.04927,51,0.243657
2.379,2,-0.8,nan,nan,nan,nan,-0.789551,-0.506145,-0.427184,5.27929,5.93861,33,18,step,2.379,1.79069e+09,-4.04927,51,0.244162
2.38,2,-0.8,nan,nan,nan,nan,-0.834668,-0.495674,-0.417596,5.27824,5.93804,33,18,step,2.38,1.79069e+09,-4.09438,51,0.244632
2.381,2,-0.8,nan,nan,nan,nan,-0.834668,-0.495674,-0.414401,5.27824,5.93756,33,18,step,2.381,1.79069e+09,-4.1395,51,0.245109
2.382,2,-0.8,nan,nan,nan,nan,-0.823389,-0.436332,-0.413335,5.27737,5.93699,33,18,step,2.382,1.79069e+09,-4.09438,51,0.245584
2.383,2,-0.8,nan,nan,nan,nan,-0.823389,-0.436332,-0.437837,5.27737,5.93641,33,18,step,2.383,1.79069e+09,-4.09438,51,0.24605
2.384,2,-0.8,nan,nan,nan,nan,-0.766992,-0.443314,-0.443164,5.27651,5.93583,33,18,step,2.384,1.79069e+09,-4.17334,51,0.246577
2.385,2,-0.8,nan,nan,nan,nan,-0.766992,-0.443314,-0.431445,5.27651,5.93526,33,18,step,2.385,1.79069e+09,-4.18462,51,0.247039
2.386,2,-0.8,nan,nan,nan,nan,-0.744434,-0.450295,-0.422923,5.27565,5.93459,33,18,step,2.386,1.79069e+09,-4.1959,51,0.247521
2.387,2,-0.8,nan,nan,nan,nan,-0.744434,-0.450295,-0.441033,5.27565,5.93401,33,18,step,2.387,1.79069e+09,-4.20718,51,0.248015
2.388,2,-0.8,nan,nan,nan,nan,-0.744434,-0.44855,-0.450621,5.27469,5.93344,33,18,step,2.388,1.79069e+09,-4.03799,51,0.248535
2.389,2,-0.8,nan,nan,nan,nan,-0.744434,-0.44855,-0.413335,5.27469,5.93277,33,18,step,2.389,1.79069e+09,-4.04927,51,0.249075
2.39,2,-0.8,nan,nan,nan,nan,-0.766992,-0.445059,-0.422923,5.27383,5.93219,33,18,step,2.39,1.79069e+09,-4.01543,51,0.249574
2.391,2,-0.8,nan,nan,nan,nan,-0.766992,-0.445059,-0.446359,5.27383,5.93171,33,18,step,2.391,1.79069e+09,-4.08311,51,0.250124
2.392,2,-0.8,nan,nan,nan,nan,-0.834668,-0.460767,-0.445294,5.27287,5.93123,33,18,step,2.392,1.79069e+09,-4.06055,51,0.25066
2.393,2,-0.8,nan,nan,nan,nan,-0.834668,-0.460767,-0.433576,5.27287,5.93085,33,18,step,2.393,1.79069e+09,-4.04927,51,0.251151
2.394,2,-0.8,nan,nan,nan,nan,-0.879785,-0.486947,-0.429315,5.27191,5.93056,33,18,step,2.394,1.79069e+09,-4.06055,51,0.251659
2.395,2,-0.8,nan,nan,nan,nan,-0.879785,-0.486947,-0.431445,5.27191,5.93018,33,18,step,2.395,1.79069e+09,-4.11694,51,0.252173
2.396,2,-0.8,nan,nan,nan,nan,-0.924902,-0.485202,-0.438902,5.27095,5.92989,33,18,step,2.396,1.79069e+09,-4.08311,51,0.252695
2.397,2,-0.8,nan,nan,nan,nan,-0.924902,-0.485202,-0.453816,5.27095,5.92951,33,18,step,2.397,1.79069e+09,-3.99287,51,0.253209
2.398,2,-0.8,nan,nan,nan,nan,-0.936182,-0.453786,-0.459143,5.26999,5.92912,33,18,step,2.398,1.79069e+09,-3.99287,51,0.253723
2.399,2,-0.8,nan,nan,nan,nan,-0.936182,-0.453786,-0.462339,5.26999,5.92884,33,18,step,2.399,1.79069e+09,-4.01543,51,0.254282
2.4,2,0.8,nan,nan,nan,nan,-0.868506,-0.445059,-0.469796,5.26913,5.92836,33,18,step,2.4,1.79069e+09,-3.99287,51,0.254785
2.401,2,0.8,nan,nan,nan,nan,-0.868506,-0.445059,-0.438902,5.26913,5.92797,33,18,step,2.401,1.79069e+09,-3.99287,51,0.255306
2.402,2,0.8,nan,nan,nan,nan,-0.688037,-0.455531,-0.441033,5.26827,5.92749,33,18,step,2.402,1.79069e+09,-4.01543,51,0.25584
2.403,2,0.8,nan,nan,nan,nan,-0.688037,-0.455531,-0.459143,5.26827,5.92701,33,18,step,2.403,1.79069e+09,-4.03799,51,0.256362
2.404,2,0.8,nan,nan,nan,nan,-0.112793,-0.356047,-0.465535,5.2674,5.92644,33,18,step,2.404,1.79069e+09,-4.00415,51,0.256921
2.405,2,0.8,nan,nan,nan,nan,-0.112793,-0.356047,-0.441033,5.2674,5.92586,33,18,step,2.405,1.79069e+09,-3.93647,51,0.257417
2.406,2,0.8,nan,nan,nan,nan,-0.0676758,-0.205949,-0.434641,5.26702,5.92519,33,18,step,2.406,1.79069e+09,-3.90264,51,0.257926
2.407,2,0.8,nan,nan,nan,nan,-0.0676758,-0.205949,-0.453816,5.26702,5.92462,33,18,step,2.407,1.79069e+09,-3.93647,51,0.258413
2.408,2,0.8,nan,nan,nan,nan,0.0112793,-0.410152,-0.436772,5.26625,5.92395,33,18,step,2.408,1.79069e+09,-3.98159,51,0.258921
2.409,2,0.8,nan,nan,nan,nan,0.0112793,-0.410152,-0.408009,5.26625,5.92337,33,18,step,2.409,1.79069e+09,-4.03799,51,0.259479
2.41,2,0.8,nan,nan,nan,nan,0.180469,-0.612611,-0.406943,5.2651,5.9228,33,18,step,2.41,1.79069e+09,-4.06055,51,0.259982
2.411,2,0.8,nan,nan,nan,nan,0.180469,-0.612611,-0.415466,5.2651,5.92222,33,18,step,2.411,1.79069e+09,-4.07183,51,0.260551
2.412,2,0.8,nan,nan,nan,nan,0.225586,-0.572468,-0.418662,5.26395,5.92174,33,18,step,2.412,1.79069e+09,-4.07183,51,0.261098
2.413,2,0.8,nan,nan,nan,nan,0.225586,-0.572468,-0.420792,5.26395,5.92126,33,18,step,2.413,1.79069e+09,-4.04927,51,0.261659
2.414,2,0.8,nan,nan,nan,nan,0.31582,-0.354302,-0.402682,5.26309,5.92069,33,18,step,2.414,1.79069e+09,-4.06055,51,0.262199
2.415,2,0.8,nan,nan,nan,nan,0.31582,-0.354302,-0.404813,5.26309,5.92021,33,18,step,2.415,1.79069e+09,-4.04927,51,0.26268
2.416,2,0.8,nan,nan,nan,nan,0.462451,-0.240855,-0.406943,5.26261,5.91973,33,18,step,2.416,1.79069e+09,-4.12822,51,0.263176
2.417,2,0.8,nan,nan,nan,nan,0.462451,-0.240855,-0.411205,5.26261,5.91915,33,18,step,2.417,1.79069e+09,-4.10566,51,0.26369
2.418,2,0.8,nan,nan,nan,nan,0.654199,-0.310669,-0.400552,5.26203,5.91867,33,18,step,2.418,1.79069e+09,-4.01543,51,0.264205
2.419,2,0.8,nan,nan,nan,nan,0.654199,-0.310669,-0.37605,5.26203,5.9181,33,18,step,2.419,1.79069e+09,-3.98159,51,0.264742
2.42,2,0.8,nan,nan,nan,nan,0.721875,-0.403171,-0.371789,5.26127,5.91762,33,18,step,2.42,1.79069e+09,-4.01543,51,0.265241
2.421,2,0.8,nan,nan,nan,nan,0.721875,-0.403171,-0.373919,5.26127,5.91714,33,18,step,2.421,1.79069e+09,-4.01543,51,0.265793
2.422,2,0.8,nan,nan,nan,nan,0.710596,-0.411898,-0.353679,5.2604,5.91666,33,18,step,2.422,1.79069e+09,-4.02671,51,0.266357
2.423,2,0.8,nan,nan,nan,nan,0.710596,-0.411898,-0.354744,5.2604,5.91628,33,18,step,2.423,1.79069e+09,-4.04927,51,0.266893
2.424,2,0.8,nan,nan,nan,nan,0.710596,-0.368264,-0.319589,5.25964,5.91589,33,18,step,2.424,1.79069e+09,-3.97031,51,0.267481
2.425,2,0.8,nan,nan,nan,nan,0.710596,-0.368264,-0.320654,5.25964,5.91551,33,18,step,2.425,1.79069e+09,-4.03799,51,0.268007
2.426,2,0.8,nan,nan,nan,nan,0.733154,-0.305433,-0.318524,5.25906,5.91513,33,18,step,2.426,1.79069e+09,-3.98159,51,0.268522
2.427,2,0.8,nan,nan,nan,nan,0.733154,-0.305433,-0.338764,5.25906,5.91484,33,18,step,2.427,1.79069e+09,-3.97031,51,0.269032
2.428,2,0.8,nan,nan,nan,nan,0.778271,-0.301942,-0.310001,5.25839,5.91445,33,18,step,2.428,1.79069e+09,-3.98159,51,0.269512
2.429,2,0.8,nan,nan,nan,nan,0.778271,-0.301942,-0.30574,5.25839,5.91407,33,18,step,2.429,1.79069e+09,-4.00415,51,0.270046
2.43,2,0.8,nan,nan,nan,nan,0.80083,-0.287979,-0.288695,5.25782,5.91369,33,18,step,2.43,1.79069e+09,-4.03799,51,0.270531
2.431,2,0.8,nan,nan,nan,nan,0.80083,-0.287979,-0.290826,5.25782,5.91321,33,18,step,2.431,1.79069e+09,-3.97031,51,0.271062
2.432,2,0.8,nan,nan,nan,nan,0.766992,-0.282743,-0.290826,5.25734,5.91273,33,18,step,2.432,1.79069e+09,-3.99287,51,0.271597
2.433,2,0.8,nan,nan,nan,nan,0.766992,-0.282743,-0.288695,5.25734,5.91215,33,18,step,2.433,1.79069e+09,-3.97031,51,0.272105
2.434,2,0.8,nan,nan,nan,nan,0.834668,-0.261799,-0.282304,5.25676,5.91148,33,18,step,2.434,1.79069e+09,-3.93647,51,0.27265
2.435,2,0.8,nan,nan,nan,nan,0.834668,-0.261799,-0.235431,5.25676,5.91091,33,18,step,2.435,1.79069e+09,-3.8688,51,0.273137
2.436,2,0.8,nan,nan,nan,nan,0.823389,-0.249582,-0.240757,5.25628,5.91014,33,18,step,2.436,1.79069e+09,-3.83496,51,0.273626
2.437,2,0.8,nan,nan,nan,nan,0.823389,-0.249582,-0.238627,5.25628,5.90947,33,18,step,2.437,1.79069e+09,-3.8124,51,0.274126
2.438,2,0.8,nan,nan,nan,nan,0.80083,-0.253073,-0.247149,5.25571,5.90889,33,18,step,2.438,1.79069e+09,-3.9252,51,0.274617
2.439,2,0.8,nan,nan,nan,nan,0.80083,-0.253073,-0.243953,5.25571,5.90822,33,18,step,2.439,1.79069e+09,-3.9252,51,0.275145
2.44,2,0.8,nan,nan,nan,nan,0.778271,-0.223402,-0.211994,5.25532,5.90765,33,18,step,2.44,1.79069e+09,-3.95903,51,0.275618
2.441,2,0.8,nan,nan,nan,nan,0.778271,-0.223402,-0.193884,5.25532,5.90717,33,18,step,2.441,1.79069e+09,-3.97031,51,0.276097
2.442,2,0.8,nan,nan,nan,nan,0.755713,-0.195477,-0.199211,5.25484,5.90669,33,18,step,2.442,1.79069e+09,-3.99287,51,0.276575
2.443,2,0.8,nan,nan,nan,nan,0.755713,-0.195477,-0.174709,5.25484,5.90621,33,18,step,2.443,1.79069e+09,-4.04927,51,0.277059
2.444,2,0.8,nan,nan,nan,nan,0.733154,-0.171042,-0.171513,5.25456,5.90583,33,18,step,2.444,1.79069e+09,-4.01543,51,0.27758
2.445,2,0.8,nan,nan,nan,nan,0.733154,-0.171042,-0.153403,5.25456,5.90544,33,18,step,2.445,1.79069e+09,-3.99287,51,0.278076
2.446,2,0.8,nan,nan,nan,nan,0.733154,-0.15708,-0.148076,5.25417,5.90506,33,18,step,2.446,1.79069e+09,-3.98159,51,0.278611
2.447,2,0.8,nan,nan,nan,nan,0.733154,-0.15708,-0.173643,5.25417,5.90468,33,18,step,2.447,1.79069e+09,-3.95903,51,0.279157
2.448,2,0.8,nan,nan,nan,nan,0.733154,-0.141372,-0.158729,5.25388,5.90429,33,18,step,2.448,1.79069e+09,-3.89136,51,0.279677
2.449,2,0.8,nan,nan,nan,nan,0.733154,-0.141372,-0.134227,5.25388,5.904,33,18,step,2.449,1.79069e+09,-3.8688,51,0.280214
2.45,2,0.8,nan,nan,nan,nan,0.721875,-0.13439,-0.138489,5.25369,5.90362,33,18,step,2.45,1.79069e+09,-3.83496,51,0.280708
2.451,2,0.8,nan,nan,nan,nan,0.721875,-0.13439,-0.140619,5.25369,5.90333,33,18,step,2.451,1.79069e+09,-3.82368,51,0.281204
2.452,2,0.8,nan,nan,nan,nan,0.733154,-0.115192,-0.100138,5.2534,5.90305,33,18,step,2.452,1.79069e+09,-3.76729,51,0.281694
2.453,2,0.8,nan,nan,nan,nan,0.733154,-0.115192,-0.0990726,5.2534,5.90266,33,18,step,2.453,1.79069e+09,-3.75601,51,0.282196
2.454,2,0.8,nan,nan,nan,nan,0.744434,-0.0837758,-0.096942,5.25321,5.90228,33,18,step,2.454,1.79069e+09,-3.74473,51,0.282718
2.455,2,0.8,nan,nan,nan,nan,0.744434,-0.0837758,-0.0756361,5.25321,5.90199,33,18,step,2.455,1.79069e+09,-3.69961,51,0.283196
2.456,2,0.8,nan,nan,nan,nan,0.733154,-0.0698132,-0.0415466,5.25312,5.90161,33,18,step,2.456,1.79069e+09,-3.71089,51,0.283668
2.457,2,0.8,nan,nan,nan,nan,0.733154,-0.0698132,-0.0532648,5.25312,5.90122,33,18,step,2.457,1.79069e+09,-3.72217,51,0.284142
2.458,2,0.8,nan,nan,nan,nan,0.744434,-0.0418879,-0.0404813,5.25302,5.90084,33,18,step,2.458,1.79069e+09,-3.74473,51,0.284615
2.459,2,0.8,nan,nan,nan,nan,0.744434,-0.0418879,-0.0564607,5.25302,5.90046,33,18,step,2.459,1.79069e+09,-3.73345,51,0.285112
2.46,2,0.8,nan,nan,nan,nan,0.744434,-0.0296706,-0.0564607,5.25293,5.90007,33,18,step,2.46,1.79069e+09,-3.71089,51,0.285593
2.461,2,0.8,nan,nan,nan,nan,0.744434,-0.0296706,-0.010653,5.25293,5.89959,33,18,step,2.461,1.79069e+09,-3.72217,51,0.286037
2.462,2,0.8,nan,nan,nan,nan,0.755713,-0.0174533,-0.00426119,5.25293,5.89921,33,18,step,2.462,1.79069e+09,-3.68833,51,0.286473
2.463,2,0.8,nan,nan,nan,nan,0.755713,-0.0174533,-0.0245018,5.25293,5.89873,33,18,step,2.463,1.79069e+09,-3.75601,51,0.286914
2.464,2,0.8,nan,nan,nan,nan,0.755713,-0.010472,-0.0330242,5.25283,5.89825,33,18,step,2.464,1.79069e+09,-3.75601,51,0.2874
2.465,2,0.8,nan,nan,nan,nan,0.755713,-0.010472,0.0010653,5.25283,5.89777,33,18,step,2.465,1.79069e+09,-3.73345,51,0.287798
2.466,2,0.8,nan,nan,nan,nan,0.755713,0,0.0213059,5.25283,5.89729,33,18,step,2.466,1.79069e+09,-3.77856,51,0.288193
2.467,2,0.8,nan,nan,nan,nan,0.755713,0,0.00532648,5.25283,5.89681,33,18,step,2.467,1.79069e+09,-3.82368,51,0.288614
2.468,2,0.8,nan,nan,nan,nan,0.766992,0,0.0149142,5.25283,5.89624,33,18,step,2.468,1.79069e+09,-3.78984,51,0.289036
2.469,2,0.8,nan,nan,nan,nan,0.766992,0,0.057526,5.25283,5.89576,33,18,step,2.469,1.79069e+09,-3.72217,51,0.289428
2.47,2,0.8,nan,nan,nan,nan,0.778271,0.00872665,0.0447425,5.25293,5.89528,33,18,step,2.47,1.79069e+09,-3.72217,51,0.289778
2.471,2,0.8,nan,nan,nan,nan,0.778271,0.00872665,0.0564607,5.25293,5.8949,33,18,step,2.471,1.79069e+09,-3.76729,51,0.290147
2.472,2,0.8,nan,nan,nan,nan,0.778271,0.0383972,0.0511343,5.25293,5.89451,33,18,step,2.472,1.79069e+09,-3.8124,51,0.290555
2.473,2,0.8,nan,nan,nan,nan,0.778271,0.0383972,0.0479384,5.25293,5.89413,33,18,step,2.473,1.79069e+09,-3.82368,51,0.290973
2.474,2,0.8,nan,nan,nan,nan,0.778271,0.0523599,0.0703096,5.25302,5.89375,33,18,step,2.474,1.79069e+09,-3.77856,51,0.291355
2.475,2,0.8,nan,nan,nan,nan,0.778271,0.0523599,0.0703096,5.25302,5.89346,33,18,step,2.475,1.79069e+09,-3.77856,51,0.29171
2.476,2,0.8,nan,nan,nan,nan,0.766992,0.0663225,0.0735055,5.25321,5.89327,33,18,step,2.476,1.79069e+09,-3.82368,51,0.292057
2.477,2,0.8,nan,nan,nan,nan,0.766992,0.0663225,0.10653,5.25321,5.89298,33,18,step,2.477,1.79069e+09,-3.8124,51,0.292414
2.478,2,0.8,nan,nan,nan,nan,0.789551,0.0785398,0.100138,5.25331,5.89279,33,18,step,2.478,1.79069e+09,-3.83496,51,0.292784
2.479,2,0.8,nan,nan,nan,nan,0.789551,0.0785398,0.0958767,5.25331,5.8926,33,18,step,2.479,1.79069e+09,-3.78984,51,0.293188
2.48,2,0.8,nan,nan,nan,nan,0.778271,0.0925025,0.0926808,5.2535,5.8924,33,18,step,2.48,1.79069e+09,-3.75601,51,0.293531
2.481,2,0.8,nan,nan,nan,nan,0.778271,0.0925025,0.101203,5.2535,5.89212,33,18,step,2.481,1.79069e+09,-3.72217,51,0.29386
2.482,2,0.8,nan,nan,nan,nan,0.80083,0.115192,0.0873543,5.25379,5.89192,33,18,step,2.482,1.79069e+09,-3.72217,51,0.294195
2.483,2,0.8,nan,nan,nan,nan,0.80083,0.115192,0.0905502,5.25379,5.89164,33,18,step,2.483,1.79069e+09,-3.74473,51,0.294521
2.484,2,0.8,nan,nan,nan,nan,0.80083,0.109956,0.107595,5.25398,5.89135,33,18,step,2.484,1.79069e+09,-3.75601,51,0.294832
2.485,2,0.8,nan,nan,nan,nan,0.80083,0.109956,0.117183,5.25398,5.89106,33,18,step,2.485,1.79069e+09,-3.75601,51,0.295146
2.486,2,0.8,nan,nan,nan,nan,0.789551,0.118682,0.131032,5.25417,5.89068,33,18,step,2.486,1.79069e+09,-3.77856,51,0.295459
2.487,2,0.8,nan,nan,nan,nan,0.789551,0.118682,0.147011,5.25417,5.89029,33,18,step,2.487,1.79069e+09,-3.78984,51,0.295763
2.488,2,0.8,nan,nan,nan,nan,0.812109,0.129154,0.122509,5.25446,5.88991,33,18,step,2.488,1.79069e+09,-3.77856,51,0.296066
2.489,2,0.8,nan,nan,nan,nan,0.812109,0.129154,0.113987,5.25446,5.88953,33,18,step,2.489,1.79069e+09,-3.82368,51,0.296334
2.49,2,0.8,nan,nan,nan,nan,0.823389,0.141372,0.14275,5.25475,5.88914,33,18,step,2.49,1.79069e+09,-3.83496,51,0.296607
2.491,2,0.8,nan,nan,nan,nan,0.823389,0.141372,0.161925,5.25475,5.88876,33,18,step,2.491,1.79069e+09,-3.82368,51,0.296893
2.492,2,0.8,nan,nan,nan,nan,0.823389,0.144862,0.152337,5.25503,5.88847,33,18,step,2.492,1.79069e+09,-3.77856,51,0.297169
2.493,2,0.8,nan,nan,nan,nan,0.823389,0.144862,0.153403,5.25503,5.88809,33,18,step,2.493,1.79069e+09,-3.80112,51,0.297478
2.494,2,0.8,nan,nan,nan,nan,0.823389,0.165806,0.128901,5.25532,5.88771,33,18,step,2.494,1.79069e+09,-3.80112,51,0.297777
2.495,2,0.8,nan,nan,nan,nan,0.823389,0.165806,0.153403,5.25532,5.88742,33,18,step,2.495,1.79069e+09,-3.75601,51,0.298026
2.496,2,0.8,nan,nan,nan,nan,0.823389,0.167552,0.172578,5.25571,5.88723,33,18,step,2.496,1.79069e+09,-3.8124,51,0.298293
2.497,2,0.8,nan,nan,nan,nan,0.823389,0.167552,0.180035,5.25571,5.88703,33,18,step,2.497,1.79069e+09,-3.83496,51,0.29852
2.498,2,0.8,nan,nan,nan,nan,0.823389,0.171042,0.174709,5.25609,5.88684,33,18,step,2.498,1.79069e+09,-3.85752,51,0.298767
2.499,2,0.8,nan,nan,nan,nan,0.823389,0.171042,0.186427,5.25609,5.88665,33,18,step,2.499,1.79069e+09,-3.90264,51,0.299039
2.5,2,0.8,nan,nan,nan,nan,0.812109,0.165806,0.167252,5.25638,5.88656,33,18,step,2.5,1.79069e+09,-3.83496,51,0.299286
2.501,2,0.8,nan,nan,nan,nan,0.812109,0.165806,0.184296,5.25638,5.88636,33,18,step,2.501,1.79069e+09,-3.82368,51,0.299536
2.502,2,0.8,nan,nan,nan,nan,0.823389,0.162316,0.213059,5.25666,5.88627,33,18,step,2.502,1.79069e+09,-3.78984,51,0.29977
2.503,2,0.8,nan,nan,nan,nan,0.823389,0.162316,0.196015,5.25666,5.88617,33,18,step,2.503,1.79069e+09,-3.78984,51,0.299996
2.504,2,0.8,nan,nan,nan,nan,0.812109,0.18326,0.17897,5.25705,5.88608,33,18,step,2.504,1.79069e+09,-3.8124,51,0.300228
2.505,2,0.8,nan,nan,nan,nan,0.812109,0.18326,0.182166,5.25705,5.88598,33,18,step,2.505,1.79069e+09,-3.82368,51,0.300433
2.506,2,0.8,nan,nan,nan,nan,0.789551,0.204204,0.196015,5.25743,5.88579,33,18,step,2.506,1.79069e+09,-3.8124,51,0.30068
2.507,2,0.8,nan,nan,nan,nan,0.789551,0.204204,0.194949,5.25743,5.88569,33,18,step,2.507,1.79069e+09,-3.82368,51,0.300901
2.508,2,0.8,nan,nan,nan,nan,0.778271,0.20944,0.209863,5.25791,5.8855,33,18,step,2.508,1.79069e+09,-3.76729,51,0.301112
2.509,2,0.8,nan,nan,nan,nan,0.778271,0.20944,0.205602,5.25791,5.88531,33,18,step,2.509,1.79069e+09,-3.78984,51,0.30133
2.51,2,0.8,nan,nan,nan,nan,0.755713,0.197222,0.213059,5.25829,5.88512,33,18,step,2.51,1.79069e+09,-3.80112,51,0.301516
2.511,2,0.8,nan,nan,nan,nan,0.755713,0.197222,0.224778,5.25829,5.88483,33,18,step,2.511,1.79069e+09,-3.78984,51,0.301711
2.512,2,0.8,nan,nan,nan,nan,0.744434,0.198968,0.204537,5.25868,5.88454,33,18,step,2.512,1.79069e+09,-3.78984,51,0.301888
2.513,2,0.8,nan,nan,nan,nan,0.744434,0.198968,0.206668,5.25868,5.88425,33,18,step,2.513,1.79069e+09,-3.78984,51,0.302059
2.514,2,0.8,nan,nan,nan,nan,0.755713,0.21293,0.201341,5.25906,5.88397,33,18,step,2.514,1.79069e+09,-3.8124,51,0.302254
2.515,2,0.8,nan,nan,nan,nan,0.755713,0.21293,0.231169,5.25906,5.88358,33,18,step,2.515,1.79069e+09,-3.82368,51,0.302423
2.516,2,0.8,nan,nan,nan,nan,0.778271,0.233874,0.240757,5.25954,5.8833,33,18,step,2.516,1.79069e+09,-3.80112,51,0.302583
2.517,2,0.8,nan,nan,nan,nan,0.778271,0.233874,0.225843,5.25954,5.88301,33,18,step,2.517,1.79069e+09,-3.84624,51,0.30273
2.518,2,0.8,nan,nan,nan,nan,0.778271,0.232129,0.231169,5.26002,5.88262,33,18,step,2.518,1.79069e+09,-3.88008,51,0.30288
2.519,2,0.8,nan,nan,nan,nan,0.778271,0.232129,0.222647,5.26002,5.88234,33,18,step,2.519,1.79069e+09,-3.9252,51,0.303075
2.52,2,0.8,nan,nan,nan,nan,0.812109,0.225147,0.230104,5.2605,5.88205,33,18,step,2.52,1.79069e+09,-3.91392,51,0.303223
2.521,2,0.8,nan,nan,nan,nan,0.812109,0.225147,0.221582,5.2605,5.88186,33,18,step,2.521,1.79069e+09,-3.88008,51,0.303381
2.522,2,0.8,nan,nan,nan,nan,0.845947,0.223402,0.216255,5.26088,5.88167,33,18,step,2.522,1.79069e+09,-3.90264,51,0.303538
2.523,2,0.8,nan,nan,nan,nan,0.845947,0.223402,0.229039,5.26088,5.88147,33,18,step,2.523,1.79069e+09,-3.8688,51,0.303686
2.524,2,0.8,nan,nan,nan,nan,0.845947,0.232129,0.241822,5.26136,5.88138,33,18,step,2.524,1.79069e+09,-3.84624,51,0.303849
2.525,2,0.8,nan,nan,nan,nan,0.845947,0.232129,0.257802,5.26136,5.88119,33,18,step,2.525,1.79069e+09,-3.85752,51,0.303999
2.526,2,0.8,nan,nan,nan,nan,0.845947,0.244346,0.235431,5.26184,5.88119,33,18,step,2.526,1.79069e+09,-3.84624,51,0.304177
2.527,2,0.8,nan,nan,nan,nan,0.845947,0.244346,0.230104,5.26184,5.88109,33,18,step,2.527,1.79069e+09,-3.8124,51,0.304355
2.528,2,0.8,nan,nan,nan,nan,0.857227,0.258309,0.240757,5.26242,5.88109,33,18,step,2.528,1.79069e+09,-3.77856,51,0.304524
2.529,2,0.8,nan,nan,nan,nan,0.857227,0.258309,0.234365,5.26242,5.88109,33,18,step,2.529,1.79069e+09,-3.74473,51,0.304708
2.53,2,0.8,nan,nan,nan,nan,0.857227,0.280998,0.252475,5.2629,5.88109,33,18,step,2.53,1.79069e+09,-3.75601,51,0.304875
2.531,2,0.8,nan,nan,nan,nan,0.857227,0.280998,0.278043,5.2629,5.88109,33,18,step,2.531,1.79069e+09,-3.71089,51,0.305045
2.532,2,0.8,nan,nan,nan,nan,0.834668,0.26529,0.263128,5.26347,5.88109,33,18,step,2.532,1.79069e+09,-3.69961,51,0.305221
2.533,2,0.8,nan,nan,nan,nan,0.834668,0.26529,0.253541,5.26347,5.88109,33,18,step,2.533,1.79069e+09,-3.67705,51,0.305381
2.534,2,0.8,nan,nan,nan,nan,0.857227,0.247837,0.253541,5.26395,5.88109,33,18,step,2.534,1.79069e+09,-3.64321,51,0.30556
2.535,2,0.8,nan,nan,nan,nan,0.857227,0.247837,0.263128,5.26395,5.88099,33,18,step,2.535,1.79069e+09,-3.64321,51,0.305714
2.536,2,0.8,nan,nan,nan,nan,0.710596,0.242601,0.259932,5.26453,5.88099,33,18,step,2.536,1.79069e+09,-3.58682,51,0.305854
2.537,2,0.8,nan,nan,nan,nan,0.710596,0.242601,0.242888,5.26453,5.8809,33,18,step,2.537,1.79069e+09,-3.5981,51,0.305983
2.538,2,0.8,nan,nan,nan,nan,0.789551,0.251327,0.270585,5.26501,5.8809,33,18,step,2.538,1.79069e+09,-3.57554,51,0.306104
2.539,2,0.8,nan,nan,nan,nan,0.789551,0.251327,0.26952,5.26501,5.8808,33,18,step,2.539,1.79069e+09,-3.58682,51,0.306212
2.54,2,0.8,nan,nan,nan,nan,0.64292,0.270526,0.266324,5.26548,5.88071,33,18,step,2.54,1.79069e+09,-3.58682,51,0.306321
2.541,2,0.8,nan,nan,nan,nan,0.64292,0.270526,0.263128,5.26548,5.88061,33,18,step,2.541,1.79069e+09,-3.62065,51,0.306415
2.542,2,0.8,nan,nan,nan,nan,0.766992,0.286234,0.2333,5.26606,5.88052,33,18,step,2.542,1.79069e+09,-3.5981,51,0.3065
2.543,2,0.8,nan,nan,nan,nan,0.766992,0.286234,0.257802,5.26606,5.88042,33,18,step,2.543,1.79069e+09,-3.63193,51,0.306581
2.544,2,0.8,nan,nan,nan,nan,0.755713,0.303687,0.274847,5.26664,5.88023,33,18,step,2.544,1.79069e+09,-3.5981,51,0.306636
2.545,2,0.8,nan,nan,nan,nan,0.755713,0.303687,0.266324,5.26664,5.88013,33,18,step,2.545,1.79069e+09,-3.64321,51,0.306695
2.546,2,0.8,nan,nan,nan,nan,0.80083,0.305433,0.271651,5.26731,5.88004,33,18,step,2.546,1.79069e+09,-3.69961,51,0.306783
2.547,2,0.8,nan,nan,nan,nan,0.80083,0.305433,0.276977,5.26731,5.88004,33,18,step,2.547,1.79069e+09,-3.65449,51,0.306852
2.548,2,0.8,nan,nan,nan,nan,0.834668,0.300197,0.264194,5.26788,5.87994,33,18,step,2.548,1.79069e+09,-3.65449,51,0.306915
2.549,2,0.8,nan,nan,nan,nan,0.834668,0.300197,0.296153,5.26788,5.87984,33,18,step,2.549,1.79069e+09,-3.65449,51,0.306979
2.55,2,0.8,nan,nan,nan,nan,0.834668,0.287979,0.291891,5.26846,5.87984,33,18,step,2.55,1.79069e+09,-3.64321,51,0.307013
2.551,2,0.8,nan,nan,nan,nan,0.834668,0.287979,0.286565,5.26846,5.87984,33,18,step,2.551,1.79069e+09,-3.66577,51,0.307033
2.552,2,0.8,nan,nan,nan,nan,0.845947,0.284489,0.28763,5.26903,5.87984,33,18,step,2.552,1.79069e+09,-3.68833,51,0.307047
2.553,2,0.8,nan,nan,nan,nan,0.845947,0.284489,0.282304,5.26903,5.87984,33,18,step,2.553,1.79069e+09,-3.65449,51,0.307056
2.554,2,0.8,nan,nan,nan,nan,0.755713,0.305433,0.288695,5.26961,5.87984,33,18,step,2.554,1.79069e+09,-3.68833,51,0.307067
2.555,2,0.8,nan,nan,nan,nan,0.755713,0.305433,0.298283,5.26961,5.87984,33,18,step,2.555,1.79069e+09,-3.63193,51,0.307054
2.556,2,0.8,nan,nan,nan,nan,0.744434,0.315905,0.296153,5.27028,5.87984,33,18,step,2.556,1.79069e+09,-3.62065,51,0.307041
2.557,2,0.8,nan,nan,nan,nan,0.744434,0.315905,0.315328,5.27028,5.87984,33,18,step,2.557,1.79069e+09,-3.65449,51,0.307027
2.558,2,0.8,nan,nan,nan,nan,0.834668,0.322886,0.292957,5.27085,5.87984,33,18,step,2.558,1.79069e+09,-3.67705,51,0.307022
2.559,2,0.8,nan,nan,nan,nan,0.834668,0.322886,0.299348,5.27085,5.87984,33,18,step,2.559,1.79069e+09,-3.64321,51,0.30702
2.56,2,0.8,nan,nan,nan,nan,0.812109,0.296706,0.30361,5.27152,5.87984,33,18,step,2.56,1.79069e+09,-3.65449,51,0.306985
2.561,2,0.8,nan,nan,nan,nan,0.812109,0.296706,0.317458,5.27152,5.87984,33,18,step,2.561,1.79069e+09,-3.66577,51,0.306981
2.562,2,0.8,nan,nan,nan,nan,0.789551,0.279253,0.318524,5.2721,5.87984,33,18,step,2.562,1.79069e+09,-3.67705,51,0.306978
2.563,2,0.8,nan,nan,nan,nan,0.789551,0.279253,0.30574,5.2721,5.87984,33,18,step,2.563,1.79069e+09,-3.63193,51,0.306954
2.564,2,0.8,nan,nan,nan,nan,0.744434,0.287979,0.281238,5.27268,5.87984,33,18,step,2.564,1.79069e+09,-3.60938,51,0.306911
2.565,2,0.8,nan,nan,nan,nan,0.744434,0.287979,0.30361,5.27268,5.87984,33,18,step,2.565,1.79069e+09,-3.62065,51,0.306853
2.566,2,0.8,nan,nan,nan,nan,0.744434,0.315905,0.297218,5.27325,5.87984,33,18,step,2.566,1.79069e+09,-3.62065,51,0.306793
2.567,2,0.8,nan,nan,nan,nan,0.744434,0.315905,0.294022,5.27325,5.87994,33,18,step,2.567,1.79069e+09,-3.64321,51,0.306738
2.568,2,0.8,nan,nan,nan,nan,0.755713,0.347321,0.306806,5.27392,5.87994,33,18,step,2.568,1.79069e+09,-3.62065,51,0.306689
2.569,2,0.8,nan,nan,nan,nan,0.755713,0.347321,0.310001,5.27392,5.87994,33,18,step,2.569,1.79069e+09,-3.60938,51,0.306647
2.57,2,0.8,nan,nan,nan,nan,0.80083,0.349066,0.320654,5.27469,5.87994,33,18,step,2.57,1.79069e+09,-3.55298,51,0.306596
2.571,2,0.8,nan,nan,nan,nan,0.80083,0.349066,0.312132,5.27469,5.87994,33,18,step,2.571,1.79069e+09,-3.57554,51,0.306518
2.572,2,0.8,nan,nan,nan,nan,0.80083,0.335103,0.30574,5.27536,5.87994,33,18,step,2.572,1.79069e+09,-3.58682,51,0.306466
2.573,2,0.8,nan,nan,nan,nan,0.80083,0.335103,0.28763,5.27536,5.88004,33,18,step,2.573,1.79069e+09,-3.56426,51,0.30645
2.574,2,0.8,nan,nan,nan,nan,0.823389,0.326377,0.304675,5.27594,5.88004,33,18,step,2.574,1.79069e+09,-3.56426,51,0.306415
2.575,2,0.8,nan,nan,nan,nan,0.823389,0.326377,0.327046,5.27594,5.88004,33,18,step,2.575,1.79069e+09,-3.49658,51,0.306378
2.576,2,0.8,nan,nan,nan,nan,0.823389,0.331613,0.322785,5.2767,5.88013,33,18,step,2.576,1.79069e+09,-3.50786,51,0.306319
2.577,2,0.8,nan,nan,nan,nan,0.823389,0.331613,0.32385,5.2767,5.88023,33,18,step,2.577,1.79069e+09,-3.42891,51,0.306261
2.578,2,0.8,nan,nan,nan,nan,0.812109,0.364774,0.308936,5.27737,5.88023,33,18,step,2.578,1.79069e+09,-3.46274,51,0.306235
2.579,2,0.8,nan,nan,nan,nan,0.812109,0.364774,0.322785,5.27737,5.88032,33,18,step,2.579,1.79069e+09,-3.47402,51,0.306192
2.58,2,0.8,nan,nan,nan,nan,0.80083,0.361283,0.319589,5.27814,5.88042,33,18,step,2.58,1.79069e+09,-3.39507,51,0.306142
2.581,2,0.8,nan,nan,nan,nan,0.80083,0.361283,0.335569,5.27814,5.88042,33,18,step,2.581,1.79069e+09,-3.38379,51,0.306107
2.582,2,0.8,nan,nan,nan,nan,0.80083,0.371755,0.350483,5.27891,5.88052,33,18,step,2.582,1.79069e+09,-3.38379,51,0.306075
2.583,2,0.8,nan,nan,nan,nan,0.80083,0.371755,0.328111,5.27891,5.88061,33,18,step,2.583,1.79069e+09,-3.34995,51,0.30605
2.584,2,0.8,nan,nan,nan,nan,0.789551,0.336849,0.319589,5.27958,5.88061,33,18,step,2.584,1.79069e+09,-3.30483,51,0.306033
2.585,2,0.8,nan,nan,nan,nan,0.789551,0.336849,0.350483,5.27958,5.88071,33,18,step,2.585,1.79069e+09,-3.29355,51,0.30603
2.586,2,0.8,nan,nan,nan,nan,0.744434,0.328122,0.345156,5.28025,5.8808,33,18,step,2.586,1.79069e+09,-3.24844,51,0.306016
2.587,2,0.8,nan,nan,nan,nan,0.744434,0.328122,0.325981,5.28025,5.8808,33,18,step,2.587,1.79069e+09,-3.22588,51,0.305997
2.588,2,0.8,nan,nan,nan,nan,0.744434,0.356047,0.364332,5.28092,5.8809,33,18,step,2.588,1.79069e+09,-3.20332,51,0.305968
2.589,2,0.8,nan,nan,nan,nan,0.744434,0.356047,0.338764,5.28092,5.88099,33,18,step,2.589,1.79069e+09,-3.19204,51,0.305939
2.59,2,0.8,nan,nan,nan,nan,0.744434,0.385718,0.313197,5.28169,5.88109,33,18,step,2.59,1.79069e+09,-3.18076,51,0.305924
2.591,2,0.8,nan,nan,nan,nan,0.744434,0.385718,0.349417,5.28169,5.88119,33,18,step,2.591,1.79069e+09,-3.14692,51,0.305889
2.592,2,0.8,nan,nan,nan,nan,0.755713,0.394444,0.361136,5.28245,5.88128,33,18,step,2.592,1.79069e+09,-3.12437,51,0.305842
2.593,2,0.8,nan,nan,nan,nan,0.755713,0.394444,0.351548,5.28245,5.88138,33,18,step,2.593,1.79069e+09,-3.12437,51,0.305795
2.594,2,0.8,nan,nan,nan,nan,0.789551,0.375246,0.363266,5.28322,5.88147,33,18,step,2.594,1.79069e+09,-3.12437,51,0.305764
2.595,2,0.8,nan,nan,nan,nan,0.789551,0.375246,0.348352,5.28322,5.88157,33,18,step,2.595,1.79069e+09,-3.11309,51,0.305743
2.596,2,0.8,nan,nan,nan,nan,0.913623,0.366519,0.348352,5.28399,5.88167,33,18,step,2.596,1.79069e+09,-3.04541,51,0.305734
2.597,2,0.8,nan,nan,nan,nan,0.913623,0.366519,0.346222,5.28399,5.88176,33,18,step,2.597,1.79069e+09,-3.03413,51,0.305707
2.598,2,0.8,nan,nan,nan,nan,0.913623,0.3735,0.372854,5.28476,5.88186,33,18,step,2.598,1.79069e+09,-2.98901,51,0.30568
2.599,2,0.8,nan,nan,nan,nan,0.913623,0.3735,0.372854,5.28476,5.88205,33,18,step,2.599,1.79069e+09,-3.00029,51,0.305611
2.6,2,0.8,nan,nan,nan,nan,0.902344,0.401426,0.351548,5.28552,5.88215,33,18,step,2.6,1.79069e+09,-2.97773,51,0.305554
2.601,2,0.8,nan,nan,nan,nan,0.902344,0.401426,0.370723,5.28552,5.88224,33,18,step,2.601,1.79069e+09,-3.01157,51,0.305508
2.602,2,0.8,nan,nan,nan,nan,0.891064,0.403171,0.377115,5.28629,5.88243,33,18,step,2.602,1.79069e+09,-2.97773,51,0.305457
2.603,2,0.8,nan,nan,nan,nan,0.891064,0.403171,0.364332,5.28629,5.88253,33,18,step,2.603,1.79069e+09,-2.91006,51,0.305403
2.604,2,0.8,nan,nan,nan,nan,0.868506,0.371755,0.37818,5.28706,5.88272,33,18,step,2.604,1.79069e+09,-2.8875,51,0.305337
2.605,2,0.8,nan,nan,nan,nan,0.868506,0.371755,0.383507,5.28706,5.88291,33,18,step,2.605,1.79069e+09,-2.84238,51,0.305244
2.606,2,0.8,nan,nan,nan,nan,0.721875,0.364774,0.385637,5.28782,5.88301,33,18,step,2.606,1.79069e+09,-2.8311,51,0.305139
2.607,2,0.8,nan,nan,nan,nan,0.721875,0.364774,0.387768,5.28782,5.8833,33,18,step,2.607,1.79069e+09,-2.86494,51,0.305043
2.608,2,0.8,nan,nan,nan,nan,0.834668,0.389208,0.359005,5.28859,5.88349,33,18,step,2.608,1.79069e+09,-2.8311,51,0.304932
2.609,2,0.8,nan,nan,nan,nan,0.834668,0.389208,0.37605,5.28859,5.88368,33,18,step,2.609,1.79069e+09,-2.80854,51,0.30482
2.61,2,0.8,nan,nan,nan,nan,0.845947,0.42586,0.39416,5.28945,5.88387,33,18,step,2.61,1.79069e+09,-2.76343,51,0.304717
2.611,2,0.8,nan,nan,nan,nan,0.845947,0.42586,0.372854,5.28945,5.88416,33,18,step,2.611,1.79069e+09,-2.75215,51,0.304593
2.612,2,0.8,nan,nan,nan,nan,0.755713,0.424115,0.384572,5.29032,5.88435,33,18,step,2.612,1.79069e+09,-2.72959,51,0.304412
2.613,2,0.8,nan,nan,nan,nan,0.755713,0.424115,0.382442,5.29032,5.88464,33,18,step,2.613,1.79069e+09,-2.79727,51,0.304247
2.614,2,0.8,nan,nan,nan,nan,0.913623,0.394444,0.37818,5.29108,5.88493,33,18,step,2.614,1.79069e+09,-2.85366,51,0.30406
2.615,2,0.8,nan,nan,nan,nan,0.913623,0.394444,0.384572,5.29108,5.88512,33,18,step,2.615,1.79069e+09,-2.81982,51,0.303899
2.616,2,0.8,nan,nan,nan,nan,0.913623,0.383972,0.390964,5.29185,5.8854,33,18,step,2.616,1.79069e+09,-2.8311,51,0.303734
2.617,2,0.8,nan,nan,nan,nan,0.913623,0.383972,0.399486,5.29185,5.88569,33,18,step,2.617,1.79069e+09,-2.75215,51,0.30353
2.618,2,0.8,nan,nan,nan,nan,0.845947,0.411898,0.415466,5.29271,5.88588,33,18,step,2.618,1.79069e+09,-2.78599,51,0.3033
2.619,2,0.8,nan,nan,nan,nan,0.845947,0.411898,0.41227,5.29271,5.88617,33,18,step,2.619,1.79069e+09,-2.85366,51,0.303051
2.62,2,0.8,nan,nan,nan,nan,0.913623,0.436332,0.408009,5.29358,5.88646,33,18,step,2.62,1.79069e+09,-2.87622,51,0.302834
2.621,2,0.8,nan,nan,nan,nan,0.913623,0.436332,0.399486,5.29358,5.88675,33,18,step,2.621,1.79069e+09,-2.86494,51,0.302575
2.622,2,0.8,nan,nan,nan,nan,0.891064,0.408407,0.392029,5.29434,5.88703,33,18,step,2.622,1.79069e+09,-2.81982,51,0.30231
2.623,2,0.8,nan,nan,nan,nan,0.891064,0.408407,0.397356,5.29434,5.88732,33,18,step,2.623,1.79069e+09,-2.8875,51,0.302047
2.624,2,0.8,nan,nan,nan,nan,0.834668,0.394444,0.392029,5.29521,5.88761,33,18,step,2.624,1.79069e+09,-2.87622,51,0.301735
2.625,2,0.8,nan,nan,nan,nan,0.834668,0.394444,0.415466,5.29521,5.8879,33,18,step,2.625,1.79069e+09,-2.87622,51,0.301458
2.626,2,0.8,nan,nan,nan,nan,0.812109,0.387463,0.410139,5.29597,5.88819,33,18,step,2.626,1.79069e+09,-2.8311,51,0.301152
2.627,2,0.8,nan,nan,nan,nan,0.812109,0.387463,0.406943,5.29597,5.88847,33,18,step,2.627,1.79069e+09,-2.84238,51,0.300806
2.628,2,0.8,nan,nan,nan,nan,0.80083,0.429351,0.406943,5.29684,5.88876,33,18,step,2.628,1.79069e+09,-2.98901,51,0.300477
2.629,2,0.8,nan,nan,nan,nan,0.80083,0.429351,0.417596,5.29684,5.88905,33,18,step,2.629,1.79069e+09,-2.92134,51,0.300123
2.63,2,0.8,nan,nan,nan,nan,0.812109,0.453786,0.410139,5.2977,5.88934,33,18,step,2.63,1.79069e+09,-2.85366,51,0.299781
2.631,2,0.8,nan,nan,nan,nan,0.812109,0.453786,0.397356,5.2977,5.88972,33,18,step,2.631,1.79069e+09,-2.87622,51,0.299411
2.632,2,0.8,nan,nan,nan,nan,0.823389,0.42586,0.413335,5.29856,5.89001,33,18,step,2.632,1.79069e+09,-2.85366,51,0.299032
2.633,2,0.8,nan,nan,nan,nan,0.823389,0.42586,0.39629,5.29856,5.89039,33,18,step,2.633,1.79069e+09,-2.86494,51,0.298625
2.634,2,0.8,nan,nan,nan,nan,0.845947,0.406662,0.404813,5.29942,5.89077,33,18,step,2.634,1.79069e+09,-2.9439,51,0.298201
2.635,2,0.8,nan,nan,nan,nan,0.845947,0.406662,0.437837,5.29942,5.89116,33,18,step,2.635,1.79069e+09,-2.87622,51,0.297829
2.636,2,0.8,nan,nan,nan,nan,0.857227,0.424115,0.421858,5.30029,5.89154,33,18,step,2.636,1.79069e+09,-2.8311,51,0.297425
2.637,2,0.8,nan,nan,nan,nan,0.857227,0.424115,0.405878,5.30029,5.89202,33,18,step,2.637,1.79069e+09,-2.78599,51,0.297012
2.638,2,0.8,nan,nan,nan,nan,0.857227,0.459022,0.410139,5.30115,5.8925,33,18,step,2.638,1.79069e+09,-2.86494,51,0.29659
2.639,2,0.8,nan,nan,nan,nan,0.857227,0.459022,0.427184,5.30115,5.89298,33,18,step,2.639,1.79069e+09,-2.85366,51,0.296129
2.64,2,0.8,nan,nan,nan,nan,0.845947,0.45204,0.423988,5.30211,5.89355,33,18,step,2.64,1.79069e+09,-2.84238,51,0.295691
2.641,2,0.8,nan,nan,nan,nan,0.845947,0.45204,0.429315,5.30211,5.89403,33,18,step,2.641,1.79069e+09,-2.8311,51,0.295237
2.642,2,0.8,nan,nan,nan,nan,0.812109,0.417134,0.436772,5.30288,5.89461,33,18,step,2.642,1.79069e+09,-2.91006,51,0.294769
2.643,2,0.8,nan,nan,nan,nan,0.812109,0.417134,0.422923,5.30288,5.89518,33,18,step,2.643,1.79069e+09,-2.86494,51,0.294298
2.644,2,0.8,nan,nan,nan,nan,0.778271,0.413643,0.427184,5.30374,5.89566,33,18,step,2.644,1.79069e+09,-2.91006,51,0.293817
2.645,2,0.8,nan,nan,nan,nan,0.778271,0.413643,0.415466,5.30374,5.89624,33,18,step,2.645,1.79069e+09,-2.86494,51,0.293355
2.646,2,0.8,nan,nan,nan,nan,0.688037,0.45204,0.405878,5.3046,5.89672,33,18,step,2.646,1.79069e+09,-3.00029,51,0.292854
2.647,2,0.8,nan,nan,nan,nan,0.688037,0.45204,0.416531,5.3046,5.8972,33,18,step,2.647,1.79069e+09,-2.92134,51,0.29233
2.648,2,0.8,nan,nan,nan,nan,0.823389,0.471239,0.433576,5.30556,5.89768,33,18,step,2.648,1.79069e+09,-2.8875,51,0.2918
2.649,2,0.8,nan,nan,nan,nan,0.823389,0.471239,0.417596,5.30556,5.89806,33,18,step,2.649,1.79069e+09,-2.8875,51,0.291267
2.65,2,0.8,nan,nan,nan,nan,0.879785,0.45204,0.435706,5.30652,5.89854,33,18,step,2.65,1.79069e+09,-2.95518,51,0.290785
2.651,2,0.8,nan,nan,nan,nan,0.879785,0.45204,0.43038,5.30652,5.89902,33,18,step,2.651,1.79069e+09,-2.84238,51,0.290249
2.652,2,0.8,nan,nan,nan,nan,0.879785,0.424115,0.411205,5.30729,5.8995,33,18,step,2.652,1.79069e+09,-2.8311,51,0.289699
2.653,2,0.8,nan,nan,nan,nan,0.879785,0.424115,0.416531,5.30729,5.90007,33,18,step,2.653,1.79069e+09,-2.87622,51,0.28916
2.654,2,0.8,nan,nan,nan,nan,0.902344,0.439823,0.436772,5.30824,5.90055,33,18,step,2.654,1.79069e+09,-2.91006,51,0.288577
2.655,2,0.8,nan,nan,nan,nan,0.902344,0.439823,0.444229,5.30824,5.90113,33,18,step,2.655,1.79069e+09,-2.93262,51,0.288026
2.656,2,0.8,nan,nan,nan,nan,0.721875,0.453786,0.427184,5.30911,5.9017,33,18,step,2.656,1.79069e+09,-2.96646,51,0.287473
2.657,2,0.8,nan,nan,nan,nan,0.721875,0.453786,0.421858,5.30911,5.90228,33,18,step,2.657,1.79069e+09,-2.97773,51,0.28693
2.658,2,0.8,nan,nan,nan,nan,0.699316,0.417134,0.437837,5.30997,5.90285,33,18,step,2.658,1.79069e+09,-2.95518,51,0.286364
2.659,2,0.8,nan,nan,nan,nan,0.699316,0.417134,0.453816,5.30997,5.90343,33,18,step,2.659,1.79069e+09,-2.9439,51,0.28575
2.66,2,0.8,nan,nan,nan,nan,0.823389,0.401426,0.426119,5.31074,5.904,33,18,step,2.66,1.79069e+09,-2.96646,51,0.285171
2.661,2,0.8,nan,nan,nan,nan,0.823389,0.401426,0.416531,5.31074,5.90458,33,18,step,2.661,1.79069e+09,-2.98901,51,0.284573
2.662,2,0.8,nan,nan,nan,nan,0.64292,0.42586,0.44849,5.3116,5.90515,33,18,step,2.662,1.79069e+09,-2.98901,51,0.283957
2.663,2,0.8,nan,nan,nan,nan,0.64292,0.42586,0.446359,5.3116,5.90573,33,18,step,2.663,1.79069e+09,-2.93262,51,0.283346
2.664,2,0.8,nan,nan,nan,nan,0.676758,0.47473,0.427184,5.31256,5.90631,33,18,step,2.664,1.79069e+09,-2.93262,51,0.282728
2.665,2,0.8,nan,nan,nan,nan,0.676758,0.47473,0.421858,5.31256,5.90688,33,18,step,2.665,1.79069e+09,-2.91006,51,0.282149
2.666,2,0.8,nan,nan,nan,nan,0.721875,0.476475,0.442098,5.31352,5.90746,33,18,step,2.666,1.79069e+09,-2.89878,51,0.281537
2.667,2,0.8,nan,nan,nan,nan,0.721875,0.476475,0.443164,5.31352,5.90803,33,18,step,2.667,1.79069e+09,-2.91006,51,0.280899
2.668,2,0.8,nan,nan,nan,nan,0.755713,0.445059,0.445294,5.31438,5.90861,33,18,step,2.668,1.79069e+09,-2.93262,51,0.280233
2.669,2,0.8,nan,nan,nan,nan,0.755713,0.445059,0.423988,5.31438,5.90928,33,18,step,2.669,1.79069e+09,-2.96646,51,0.279563
2.67,2,0.8,nan,nan,nan,nan,0.902344,0.432842,0.429315,5.31524,5.90985,33,18,step,2.67,1.79069e+09,-3.02285,51,0.27897
2.671,2,0.8,nan,nan,nan,nan,0.902344,0.432842,0.422923,5.31524,5.91043,33,18,step,2.671,1.79069e+09,-2.97773,51,0.278335
2.672,2,0.8,nan,nan,nan,nan,0.733154,0.457276,0.422923,5.3162,5.91091,33,18,step,2.672,1.79069e+09,-2.96646,51,0.277711
2.673,2,0.8,nan,nan,nan,nan,0.733154,0.457276,0.434641,5.3162,5.91148,33,18,step,2.673,1.79069e+09,-2.97773,51,0.27706
2.674,2,0.8,nan,nan,nan,nan,0.699316,0.438078,0.445294,5.31716,5.91196,33,18,step,2.674,1.79069e+09,-2.95518,51,0.276372
2.675,2,0.8,nan,nan,nan,nan,0.699316,0.438078,0.428249,5.31716,5.91244,33,18,step,2.675,1.79069e+09,-3.01157,51,0.275774
2.676,2,0.8,nan,nan,nan,nan,0.766992,0.417134,0.441033,5.31793,5.91302,33,18,step,2.676,1.79069e+09,-2.96646,51,0.27514
2.677,2,0.8,nan,nan,nan,nan,0.766992,0.417134,0.411205,5.31793,5.91359,33,18,step,2.677,1.79069e+09,-2.93262,51,0.274494
2.678,2,0.8,nan,nan,nan,nan,0.755713,0.427606,0.447425,5.31879,5.91426,33,18,step,2.678,1.79069e+09,-2.92134,51,0.273541
2.679,2,0.8,nan,nan,nan,nan,0.755713,0.427606,0.435706,5.31879,5.91493,33,18,step,2.679,1.79069e+09,-2.9439,51,0.27318
2.68,2,0.8,nan,nan,nan,nan,0.755713,0.483456,0.438902,5.31975,5.9157,33,18,step,2.68,1.79069e+09,-2.9439,51,0.272226
2.681,2,0.8,nan,nan,nan,nan,0.755713,0.483456,0.432511,5.31975,5.91647,33,18,step,2.681,1.79069e+09,-2.96646,51,0.271895
2.682,2,0.8,nan,nan,nan,nan,0.823389,0.495674,0.429315,5.32071,5.91724,33,18,step,2.682,1.79069e+09,-2.95518,51,0.271231
2.683,2,0.8,nan,nan,nan,nan,0.823389,0.495674,0.425053,5.32071,5.9181,33,18,step,2.683,1.79069e+09,-2.96646,51,0.270568
2.684,2,0.8,nan,nan,nan,nan,0.823389,0.459022,0.416531,5.32167,5.91886,33,18,step,2.684,1.79069e+09,-2.9439,51,0.269842
2.685,2,0.8,nan,nan,nan,nan,0.823389,0.459022,0.413335,5.32167,5.91963,33,18,step,2.685,1.79069e+09,-2.92134,51,0.268876
2.686,2,0.8,nan,nan,nan,nan,0.845947,0.446804,0.411205,5.32253,5.9203,33,18,step,2.686,1.79069e+09,-2.87622,51,0.268561
2.687,2,0.8,nan,nan,nan,nan,0.845947,0.446804,0.429315,5.32253,5.92097,33,18,step,2.687,1.79069e+09,-2.80854,51,0.267908
2.688,2,0.8,nan,nan,nan,nan,0.812109,0.439823,0.445294,5.32339,5.92174,33,18,step,2.688,1.79069e+09,-2.75215,51,0.266909
2.689,2,0.8,nan,nan,nan,nan,0.812109,0.439823,0.439968,5.32339,5.92241,33,18,step,2.689,1.79069e+09,-2.81982,51,0.266281
2.69,2,0.8,nan,nan,nan,nan,0.755713,0.439823,0.433576,5.32435,5.92308,33,18,step,2.69,1.79069e+09,-2.81982,51,0.265621
2.691,2,0.8,nan,nan,nan,nan,0.755713,0.439823,0.421858,5.32435,5.92385,33,18,step,2.691,1.79069e+09,-2.78599,51,0.265282
2.692,2,0.8,nan,nan,nan,nan,0.744434,0.415388,0.438902,5.32512,5.92452,33,18,step,2.692,1.79069e+09,-2.8311,51,0.264249
2.693,2,0.8,nan,nan,nan,nan,0.744434,0.415388,0.427184,5.32512,5.92529,33,18,step,2.693,1.79069e+09,-2.8311,51,0.263907
2.694,2,0.8,nan,nan,nan,nan,0.721875,0.434587,0.438902,5.32598,5.92596,33,18,step,2.694,1.79069e+09,-2.84238,51,0.262797
2.695,2,0.8,nan,nan,nan,nan,0.721875,0.434587,0.443164,5.32598,5.92653,33,18,step,2.695,1.79069e+09,-2.8311,51,0.262059
2.696,2,0.8,nan,nan,nan,nan,0.733154,0.485202,0.454882,5.32694,5.92711,33,18,step,2.696,1.79069e+09,-2.92134,51,0.261703
2.697,2,0.8,nan,nan,nan,nan,0.733154,0.485202,0.438902,5.32694,5.92769,33,18,step,2.697,1.79069e+09,-2.85366,51,0.260653
2.698,2,0.8,nan,nan,nan,nan,0.778271,0.481711,0.427184,5.3279,5.92826,33,18,step,2.698,1.79069e+09,-2.78599,51,0.259953
2.699,2,0.8,nan,nan,nan,nan,0.778271,0.481711,0.444229,5.3279,5.92874,33,18,step,2.699,1.79069e+09,-2.78599,51,0.259266
2.7,2,-0.8,nan,nan,nan,nan,0.80083,0.45204,0.447425,5.32886,5.92941,33,18,step,2.7,1.79069e+09,-2.78599,51,0.258914
2.701,2,-0.8,nan,nan,nan,nan,0.80083,0.45204,0.442098,5.32886,5.93008,33,18,step,2.701,1.79069e+09,-2.79727,51,0.258201
2.702,2,-0.8,nan,nan,nan,nan,0.789551,0.446804,0.455947,5.32972,5.93066,33,18,step,2.702,1.79069e+09,-2.8311,51,0.257131
2.703,2,-0.8,nan,nan,nan,nan,0.789551,0.446804,0.451686,5.32972,5.93142,33,18,step,2.703,1.79069e+09,-2.8311,51,0.25643
2.704,2,-0.8,nan,nan,nan,nan,-0.0225586,0.371755,0.444229,5.33049,5.93219,33,18,step,2.704,1.79069e+09,-2.86494,51,0.2557
2.705,2,-0.8,nan,nan,nan,nan,-0.0225586,0.371755,0.444229,5.33049,5.93296,33,18,step,2.705,1.79069e+09,-2.8311,51,0.255328
2.706,2,-0.8,nan,nan,nan,nan,-0.0902344,0.190241,0.437837,5.33097,5.93373,33,18,step,2.706,1.79069e+09,-2.85366,51,0.254592
2.707,2,-0.8,nan,nan,nan,nan,-0.0902344,0.190241,0.43038,5.33097,5.9344,33,18,step,2.707,1.79069e+09,-2.87622,51,0.253427
2.708,2,-0.8,nan,nan,nan,nan,-0.180469,0.378736,0.444229,5.33164,5.93516,33,18,step,2.708,1.79069e+09,-2.80854,51,0.252652
2.709,2,-0.8,nan,nan,nan,nan,-0.180469,0.378736,0.41227,5.33164,5.93583,33,18,step,2.709,1.79069e+09,-2.81982,51,0.251902
2.71,2,-0.8,nan,nan,nan,nan,-0.191748,0.565487,0.415466,5.33269,5.93651,33,18,step,2.71,1.79069e+09,-2.78599,51,0.251158
2.711,2,-0.8,nan,nan,nan,nan,-0.191748,0.565487,0.418662,5.33269,5.93727,33,18,step,2.711,1.79069e+09,-2.74087,51,0.250805
2.712,2,-0.8,nan,nan,nan,nan,-0.293262,0.509636,0.410139,5.33375,5.93794,33,18,step,2.712,1.79069e+09,-2.77471,51,0.249677
2.713,2,-0.8,nan,nan,nan,nan,-0.293262,0.509636,0.389899,5.33375,5.93871,33,18,step,2.713,1.79069e+09,-2.75215,51,0.248937
2.714,2,-0.8,nan,nan,nan,nan,-0.338379,0.349066,0.381376,5.33451,5.93957,33,18,step,2.714,1.79069e+09,-2.8311,51,0.248169
2.715,2,-0.8,nan,nan,nan,nan,-0.338379,0.349066,0.406943,5.33451,5.94044,33,18,step,2.715,1.79069e+09,-2.91006,51,0.247387
2.716,2,-0.8,nan,nan,nan,nan,-0.47373,0.272271,0.409074,5.33509,5.9413,33,18,step,2.716,1.79069e+09,-2.97773,51,0.246999
2.717,2,-0.8,nan,nan,nan,nan,-0.47373,0.272271,0.384572,5.33509,5.94207,33,18,step,2.717,1.79069e+09,-2.91006,51,0.245866
2.718,2,-0.8,nan,nan,nan,nan,-0.631641,0.315905,0.390964,5.33566,5.94293,33,18,step,2.718,1.79069e+09,-2.91006,51,0.245108
2.719,2,-0.8,nan,nan,nan,nan,-0.631641,0.315905,0.377115,5.33566,5.9437,33,18,step,2.719,1.79069e+09,-2.79727,51,0.244307
2.72,2,-0.8,nan,nan,nan,nan,-0.721875,0.328122,0.365397,5.33634,5.94446,33,18,step,2.72,1.79069e+09,-2.78599,51,0.24348
2.721,2,-0.8,nan,nan,nan,nan,-0.721875,0.328122,0.35794,5.33634,5.94523,33,18,step,2.721,1.79069e+09,-2.81982,51,0.242628
2.722,2,-0.8,nan,nan,nan,nan,-0.766992,0.322886,0.355809,5.33701,5.94609,33,18,step,2.722,1.79069e+09,-2.87622,51,0.241832
2.723,2,-0.8,nan,nan,nan,nan,-0.766992,0.322886,0.340895,5.33701,5.94686,33,18,step,2.723,1.79069e+09,-2.89878,51,0.241009
2.724,2,-0.8,nan,nan,nan,nan,-0.80083,0.329867,0.344091,5.33768,5.94763,33,18,step,2.724,1.79069e+09,-2.91006,51,0.240153
2.725,2,-0.8,nan,nan,nan,nan,-0.80083,0.329867,0.324916,5.33768,5.94839,33,18,step,2.725,1.79069e+09,-2.96646,51,0.239313
2.726,2,-0.8,nan,nan,nan,nan,-0.812109,0.352557,0.308936,5.33835,5.94916,33,18,step,2.726,1.79069e+09,-3.00029,51,0.238448
2.727,2,-0.8,nan,nan,nan,nan,-0.812109,0.352557,0.295087,5.33835,5.94983,33,18,step,2.727,1.79069e+09,-2.97773,51,0.237639
2.728,2,-0.8,nan,nan,nan,nan,-0.766992,0.340339,0.296153,5.33902,5.9505,33,18,step,2.728,1.79069e+09,-2.95518,51,0.236815
2.729,2,-0.8,nan,nan,nan,nan,-0.766992,0.340339,0.2855,5.33902,5.95117,33,18,step,2.729,1.79069e+09,-2.97773,51,0.236011
2.73,2,-0.8,nan,nan,nan,nan,-0.744434,0.275762,0.280173,5.3396,5.95185,33,18,step,2.73,1.79069e+09,-2.96646,51,0.235178
2.731,2,-0.8,nan,nan,nan,nan,-0.744434,0.275762,0.268455,5.3396,5.95252,33,18,step,2.731,1.79069e+09,-2.96646,51,0.234302
2.732,2,-0.8,nan,nan,nan,nan,-0.733154,0.225147,0.253541,5.34007,5.95328,33,18,step,2.732,1.79069e+09,-3.04541,51,0.233512
2.733,2,-0.8,nan,nan,nan,nan,-0.733154,0.225147,0.262063,5.34007,5.95405,33,18,step,2.733,1.79069e+09,-3.06797,51,0.232681
2.734,2,-0.8,nan,nan,nan,nan,-0.755713,0.216421,0.262063,5.34046,5.95482,33,18,step,2.734,1.79069e+09,-3.11309,51,0.231814
2.735,2,-0.8,nan,nan,nan,nan,-0.755713,0.216421,0.247149,5.34046,5.95558,33,18,step,2.735,1.79069e+09,-3.16948,51,0.230931
2.736,2,-0.8,nan,nan,nan,nan,-0.789551,0.230383,0.247149,5.34094,5.95626,33,18,step,2.736,1.79069e+09,-3.18076,51,0.230488
2.737,2,-0.8,nan,nan,nan,nan,-0.789551,0.230383,0.235431,5.34094,5.95702,33,18,step,2.737,1.79069e+09,-3.22588,51,0.229237
2.738,2,-0.8,nan,nan,nan,nan,-0.80083,0.232129,0.218386,5.34142,5.95779,33,18,step,2.738,1.79069e+09,-3.12437,51,0.228392
2.739,2,-0.8,nan,nan,nan,nan,-0.80083,0.232129,0.204537,5.34142,5.95846,33,18,step,2.739,1.79069e+09,-3.11309,51,0.227586
2.74,2,-0.8,nan,nan,nan,nan,-0.789551,0.20944,0.208798,5.3418,5.95923,33,18,step,2.74,1.79069e+09,-3.12437,51,0.226767
2.741,2,-0.8,nan,nan,nan,nan,-0.789551,0.20944,0.19708,5.3418,5.9599,33,18,step,2.741,1.79069e+09,-3.09053,51,0.225904
2.742,2,-0.8,nan,nan,nan,nan,-0.789551,0.167552,0.173643,5.34218,5.96076,33,18,step,2.742,1.79069e+09,-3.11309,51,0.225086
2.743,2,-0.8,nan,nan,nan,nan,-0.789551,0.167552,0.16086,5.34218,5.96153,33,18,step,2.743,1.79069e+09,-3.2146,51,0.224266
2.744,2,-0.8,nan,nan,nan,nan,-0.789551,0.116937,0.157664,5.34247,5.9623,33,18,step,2.744,1.79069e+09,-3.24844,51,0.223469
2.745,2,-0.8,nan,nan,nan,nan,-0.789551,0.116937,0.137423,5.34247,5.96306,33,18,step,2.745,1.79069e+09,-3.18076,51,0.22265
2.746,2,-0.8,nan,nan,nan,nan,-0.789551,0.122173,0.131032,5.34266,5.96383,33,18,step,2.746,1.79069e+09,-3.22588,51,0.221835
2.747,2,-0.8,nan,nan,nan,nan,-0.789551,0.122173,0.118248,5.34266,5.9645,33,18,step,2.747,1.79069e+09,-3.22588,51,0.221063
2.748,2,-0.8,nan,nan,nan,nan,-0.812109,0.109956,0.112921,5.34286,5.96517,33,18,step,2.748,1.79069e+09,-3.14692,51,0.220236
2.749,2,-0.8,nan,nan,nan,nan,-0.812109,0.109956,0.136358,5.34286,5.96584,33,18,step,2.749,1.79069e+09,-3.16948,51,0.219432
2.75,2,-0.8,nan,nan,nan,nan,-0.812109,0.0994838,0.113987,5.34314,5.96651,33,18,step,2.75,1.79069e+09,-3.22588,51,0.218632
2.751,2,-0.8,nan,nan,nan,nan,-0.812109,0.0994838,0.096942,5.34314,5.96719,33,18,step,2.751,1.79069e+09,-3.23716,51,0.217805
2.752,2,-0.8,nan,nan,nan,nan,-0.812109,0.0837758,0.068179,5.34324,5.96795,33,18,step,2.752,1.79069e+09,-3.2146,51,0.217095
2.753,2,-0.8,nan,nan,nan,nan,-0.812109,0.0837758,0.0628525,5.34324,5.96872,33,18,step,2.753,1.79069e+09,-3.2146,51,0.216319
2.754,2,-0.8,nan,nan,nan,nan,-0.80083,0.0471239,0.0628525,5.34333,5.96939,33,18,step,2.754,1.79069e+09,-3.20332,51,0.215557
2.755,2,-0.8,nan,nan,nan,nan,-0.80083,0.0471239,0.0436772,5.34333,5.97016,33,18,step,2.755,1.79069e+09,-3.23716,51,0.214767
2.756,2,-0.8,nan,nan,nan,nan,-0.80083,0.0453786,0.0266324,5.34343,5.97092,33,18,step,2.756,1.79069e+09,-3.25972,51,0.213939
2.757,2,-0.8,nan,nan,nan,nan,-0.80083,0.0453786,0.0426119,5.34343,5.9716,33,18,step,2.757,1.79069e+09,-3.30483,51,0.21323
2.758,2,-0.8,nan,nan,nan,nan,-0.80083,0.015708,0.0319589,5.34353,5.97227,33,18,step,2.758,1.79069e+09,-3.271,51,0.212474
2.759,2,-0.8,nan,nan,nan,nan,-0.80083,0.015708,0.00213059,5.34353,5.97284,33,18,step,2.759,1.79069e+09,-3.2146,51,0.211757
2.76,2,-0.8,nan,nan,nan,nan,-0.80083,0,-0.0010653,5.34353,5.97342,33,18,step,2.76,1.79069e+09,-3.18076,51,0.211035
2.761,2,-0.8,nan,nan,nan,nan,-0.80083,0,4.23347e-17,5.34353,5.97409,33,18,step,2.761,1.79069e+09,-3.19204,51,0.210291
2.762,2,-0.8,nan,nan,nan,nan,-0.812109,0,-0.0138489,5.34353,5.97466,33,18,step,2.762,1.79069e+09,-3.22588,51,0.20963
2.763,2,-0.8,nan,nan,nan,nan,-0.812109,0,0.0010653,5.34353,5.97533,33,18,step,2.763,1.79069e+09,-3.22588,51,0.20893
2.764,2,-0.8,nan,nan,nan,nan,-0.812109,0,-0.0191753,5.34353,5.97601,33,18,step,2.764,1.79069e+09,-3.25972,51,0.208233
2.765,2,-0.8,nan,nan,nan,nan,-0.812109,0,-0.0383507,5.34353,5.97668,33,18,step,2.765,1.79069e+09,-3.25972,51,0.207533
2.766,2,-0.8,nan,nan,nan,nan,-0.80083,-0.00872665,-0.0404813,5.34353,5.97735,33,18,step,2.766,1.79069e+09,-3.29355,51,0.206799
2.767,2,-0.8,nan,nan,nan,nan,-0.80083,-0.00872665,-0.0607219,5.34353,5.97792,33,18,step,2.767,1.79069e+09,-3.29355,51,0.206175
2.768,2,-0.8,nan,nan,nan,nan,-0.755713,-0.0436332,-0.0745708,5.34343,5.9785,33,18,step,2.768,1.79069e+09,-3.38379,51,0.205532
2.769,2,-0.8,nan,nan,nan,nan,-0.755713,-0.0436332,-0.0692443,5.34343,5.97898,33,18,step,2.769,1.79069e+09,-3.31611,51,0.204884
2.77,2,-0.8,nan,nan,nan,nan,-0.744434,-0.0523599,-0.0639178,5.34333,5.97946,33,18,step,2.77,1.79069e+09,-3.30483,51,0.204263
2.771,2,-0.8,nan,nan,nan,nan,-0.744434,-0.0523599,-0.0713749,5.34333,5.97994,33,18,step,2.771,1.79069e+09,-3.31611,51,0.203644
2.772,2,-0.8,nan,nan,nan,nan,-0.778271,-0.0715585,-0.0820279,5.34324,5.98042,33,18,step,2.772,1.79069e+09,-3.271,51,0.203101
2.773,2,-0.8,nan,nan,nan,nan,-0.778271,-0.0715585,-0.0777667,5.34324,5.9809,33,18,step,2.773,1.79069e+09,-3.24844,51,0.202538
2.774,2,-0.8,nan,nan,nan,nan,-0.778271,-0.0855211,-0.0852238,5.34305,5.98147,33,18,step,2.774,1.79069e+09,-3.22588,51,0.201993
2.775,2,-0.8,nan,nan,nan,nan,-0.778271,-0.0855211,-0.102269,5.34305,5.98195,33,18,step,2.775,1.79069e+09,-3.25972,51,0.201435
2.776,2,-0.8,nan,nan,nan,nan,-0.766992,-0.0837758,-0.0926808,5.34286,5.98253,33,18,step,2.776,1.79069e+09,-3.24844,51,0.200824
2.777,2,-0.8,nan,nan,nan,nan,-0.766992,-0.0837758,-0.101203,5.34286,5.9832,33,18,step,2.777,1.79069e+09,-3.271,51,0.200281
2.778,2,-0.8,nan,nan,nan,nan,-0.778271,-0.0925025,-0.121444,5.34266,5.98377,33,18,step,2.778,1.79069e+09,-3.30483,51,0.199718
2.779,2,-0.8,nan,nan,nan,nan,-0.778271,-0.0925025,-0.107595,5.34266,5.98444,33,18,step,2.779,1.79069e+09,-3.32739,51,0.199202
2.78,2,-0.8,nan,nan,nan,nan,-0.789551,-0.10472,-0.111856,5.34247,5.98502,33,18,step,2.78,1.79069e+09,-3.30483,51,0.198669
2.781,2,-0.8,nan,nan,nan,nan,-0.789551,-0.10472,-0.123574,5.34247,5.9855,33,18,step,2.781,1.79069e+09,-3.25972,51,0.198113
2.782,2,-0.8,nan,nan,nan,nan,-0.80083,-0.109956,-0.125705,5.34228,5.98598,33,18,step,2.782,1.79069e+09,-3.29355,51,0.197633
2.783,2,-0.8,nan,nan,nan,nan,-0.80083,-0.109956,-0.131032,5.34228,5.98636,33,18,step,2.783,1.79069e+09,-3.31611,51,0.197148
2.784,2,-0.8,nan,nan,nan,nan,-0.789551,-0.127409,-0.145946,5.34199,5.98674,33,18,step,2.784,1.79069e+09,-3.31611,51,0.196681
2.785,2,-0.8,nan,nan,nan,nan,-0.789551,-0.127409,-0.136358,5.34199,5.98703,33,18,step,2.785,1.79069e+09,-3.30483,51,0.196246
2.786,2,-0.8,nan,nan,nan,nan,-0.812109,-0.1309,-0.158729,5.3417,5.98741,33,18,step,2.786,1.79069e+09,-3.271,51,0.195797
2.787,2,-0.8,nan,nan,nan,nan,-0.812109,-0.1309,-0.154468,5.3417,5.98761,33,18,step,2.787,1.79069e+09,-3.22588,51,0.195383
2.788,2,-0.8,nan,nan,nan,nan,-0.80083,-0.146608,-0.154468,5.34142,5.98789,33,18,step,2.788,1.79069e+09,-3.28228,51,0.194975
2.789,2,-0.8,nan,nan,nan,nan,-0.80083,-0.146608,-0.14275,5.34142,5.98818,33,18,step,2.789,1.79069e+09,-3.25972,51,0.194565
2.79,2,-0.8,nan,nan,nan,nan,-0.80083,-0.139626,-0.132097,5.34113,5.98857,33,18,step,2.79,1.79069e+09,-3.22588,51,0.194144
2.791,2,-0.8,nan,nan,nan,nan,-0.80083,-0.139626,-0.133162,5.34113,5.98885,33,18,step,2.791,1.79069e+09,-3.24844,51,0.193704
2.792,2,-0.8,nan,nan,nan,nan,-0.789551,-0.158825,-0.14488,5.34084,5.98914,33,18,step,2.792,1.79069e+09,-3.28228,51,0.193344
2.793,2,-0.8,nan,nan,nan,nan,-0.789551,-0.158825,-0.152337,5.34084,5.98952,33,18,step,2.793,1.79069e+09,-3.30483,51,0.192967
2.794,2,-0.8,nan,nan,nan,nan,-0.823389,-0.165806,-0.165121,5.34046,5.98981,33,18,step,2.794,1.79069e+09,-3.271,51,0.192622
2.795,2,-0.8,nan,nan,nan,nan,-0.823389,-0.165806,-0.165121,5.34046,5.99019,33,18,step,2.795,1.79069e+09,-3.271,51,0.192303
2.796,2,-0.8,nan,nan,nan,nan,-0.812109,-0.176278,-0.168317,5.34017,5.99067,33,18,step,2.796,1.79069e+09,-3.25972,51,0.191965
2.797,2,-0.8,nan,nan,nan,nan,-0.812109,-0.176278,-0.159795,5.34017,5.99106,33,18,step,2.797,1.79069e+09,-3.25972,51,0.191681
2.798,2,-0.8,nan,nan,nan,nan,-0.812109,-0.15708,-0.191753,5.33979,5.99154,33,18,step,2.798,1.79069e+09,-3.24844,51,0.191386
2.799,2,-0.8,nan,nan,nan,nan,-0.812109,-0.15708,-0.196015,5.33979,5.99192,33,18,step,2.799,1.79069e+09,-3.24844,51,0.191096
2.8,2,-0.8,nan,nan,nan,nan,-0.845947,-0.165806,-0.193884,5.3395,5.9924,33,18,step,2.8,1.79069e+09,-3.22588,51,0.190847
2.801,2,-0.8,nan,nan,nan,nan,-0.845947,-0.165806,-0.205602,5.3395,5.99278,33,18,step,2.801,1.79069e+09,-3.22588,51,0.190561
2.802,2,-0.8,nan,nan,nan,nan,-0.834668,-0.165806,-0.183231,5.33912,5.99317,33,18,step,2.802,1.79069e+09,-3.18076,51,0.190295
2.803,2,-0.8,nan,nan,nan,nan,-0.834668,-0.165806,-0.19708,5.33912,5.99355,33,18,step,2.803,1.79069e+09,-3.2146,51,0.190011
2.804,2,-0.8,nan,nan,nan,nan,-0.834668,-0.178024,-0.208798,5.33883,5.99384,33,18,step,2.804,1.79069e+09,-3.23716,51,0.189741
2.805,2,-0.8,nan,nan,nan,nan,-0.834668,-0.178024,-0.190688,5.33883,5.99413,33,18,step,2.805,1.79069e+09,-3.24844,51,0.189499
2.806,2,-0.8,nan,nan,nan,nan,-0.868506,-0.205949,-0.202406,5.33835,5.99432,33,18,step,2.806,1.79069e+09,-3.2146,51,0.189272
2.807,2,-0.8,nan,nan,nan,nan,-0.868506,-0.205949,-0.194949,5.33835,5.99451,33,18,step,2.807,1.79069e+09,-3.19204,51,0.189067
2.808,2,-0.8,nan,nan,nan,nan,-0.744434,-0.214675,-0.189623,5.33797,5.99461,33,18,step,2.808,1.79069e+09,-3.13564,51,0.18884
2.809,2,-0.8,nan,nan,nan,nan,-0.744434,-0.214675,-0.184296,5.33797,5.9947,33,18,step,2.809,1.79069e+09,-3.16948,51,0.188634
2.81,2,-0.8,nan,nan,nan,nan,-0.744434,-0.197222,-0.205602,5.33758,5.99489,33,18,step,2.81,1.79069e+09,-3.16948,51,0.188427
2.811,2,-0.8,nan,nan,nan,nan,-0.744434,-0.197222,-0.221582,5.33758,5.99489,33,18,step,2.811,1.79069e+09,-3.1582,51,0.188217
2.812,2,-0.8,nan,nan,nan,nan,-0.823389,-0.193732,-0.219451,5.3372,5.99499,33,18,step,2.812,1.79069e+09,-3.18076,51,0.18804
2.813,2,-0.8,nan,nan,nan,nan,-0.823389,-0.193732,-0.204537,5.3372,5.99508,33,18,step,2.813,1.79069e+09,-3.1582,51,0.187881
2.814,2,-0.8,nan,nan,nan,nan,-0.699316,-0.205949,-0.194949,5.33672,5.99518,33,18,step,2.814,1.79069e+09,-3.1582,51,0.187705
2.815,2,-0.8,nan,nan,nan,nan,-0.699316,-0.205949,-0.205602,5.33672,5.99537,33,18,step,2.815,1.79069e+09,-3.14692,51,0.187526
2.816,2,-0.8,nan,nan,nan,nan,-0.699316,-0.223402,-0.225843,5.33634,5.99547,33,18,step,2.816,1.79069e+09,-3.18076,51,0.18734
2.817,2,-0.8,nan,nan,nan,nan,-0.699316,-0.223402,-0.214125,5.33634,5.99556,33,18,step,2.817,1.79069e+09,-3.18076,51,0.18716
2.818,2,-0.8,nan,nan,nan,nan,-0.789551,-0.218166,-0.221582,5.33595,5.99566,33,18,step,2.818,1.79069e+09,-3.14692,51,0.187006
2.819,2,-0.8,nan,nan,nan,nan,-0.789551,-0.218166,-0.223712,5.33595,5.99585,33,18,step,2.819,1.79069e+09,-3.20332,51,0.186871
2.82,2,-0.8,nan,nan,nan,nan,-0.778271,-0.216421,-0.236496,5.33547,5.99604,33,18,step,2.82,1.79069e+09,-3.11309,51,0.186741
2.821,2,-0.8,nan,nan,nan,nan,-0.778271,-0.216421,-0.241822,5.33547,5.99614,33,18,step,2.821,1.79069e+09,-3.11309,51,0.1866
2.822,2,-0.8,nan,nan,nan,nan,-0.778271,-0.200713,-0.235431,5.33509,5.99633,33,18,step,2.822,1.79069e+09,-3.10181,51,0.186476
2.823,2,-0.8,nan,nan,nan,nan,-0.778271,-0.200713,-0.229039,5.33509,5.99643,33,18,step,2.823,1.79069e+09,-3.1582,51,0.186371
2.824,2,-0.8,nan,nan,nan,nan,-0.778271,-0.197222,-0.222647,5.33471,5.99652,33,18,step,2.824,1.79069e+09,-3.13564,51,0.186261
2.825,2,-0.8,nan,nan,nan,nan,-0.778271,-0.197222,-0.229039,5.33471,5.99671,33,18,step,2.825,1.79069e+09,-3.12437,51,0.186159
2.826,2,-0.8,nan,nan,nan,nan,-0.778271,-0.205949,-0.223712,5.33423,5.99681,33,18,step,2.826,1.79069e+09,-3.09053,51,0.186091
2.827,2,-0.8,nan,nan,nan,nan,-0.778271,-0.205949,-0.223712,5.33423,5.997,33,18,step,2.827,1.79069e+09,-3.07925,51,0.186064
2.828,2,-0.8,nan,nan,nan,nan,-0.778271,-0.237365,-0.247149,5.33384,5.9971,33,18,step,2.828,1.79069e+09,-3.06797,51,0.186027
2.829,2,-0.8,nan,nan,nan,nan,-0.778271,-0.237365,-0.225843,5.33384,5.99719,33,18,step,2.829,1.79069e+09,-3.01157,51,0.185968
2.83,2,-0.8,nan,nan,nan,nan,-0.789551,-0.240855,-0.223712,5.33336,5.99729,33,18,step,2.83,1.79069e+09,-3.04541,51,0.185886
2.831,2,-0.8,nan,nan,nan,nan,-0.789551,-0.240855,-0.230104,5.33336,5.99739,33,18,step,2.831,1.79069e+09,-3.07925,51,0.185821
2.832,2,-0.8,nan,nan,nan,nan,-0.80083,-0.254818,-0.247149,5.33279,5.99748,33,18,step,2.832,1.79069e+09,-3.02285,51,0.185765
2.833,2,-0.8,nan,nan,nan,nan,-0.80083,-0.254818,-0.256737,5.33279,5.99748,33,18,step,2.833,1.79069e+09,-2.98901,51,0.185757
2.834,2,-0.8,nan,nan,nan,nan,-0.834668,-0.246091,-0.252475,5.33231,5.99748,33,18,step,2.834,1.79069e+09,-3.04541,51,0.18573
2.835,2,-0.8,nan,nan,nan,nan,-0.834668,-0.246091,-0.246084,5.33231,5.99748,33,18,step,2.835,1.79069e+09,-2.98901,51,0.185695
2.836,2,-0.8,nan,nan,nan,nan,-0.834668,-0.256563,-0.239692,5.33183,5.99758,33,18,step,2.836,1.79069e+09,-3.00029,51,0.185666
2.837,2,-0.8,nan,nan,nan,nan,-0.834668,-0.256563,-0.232235,5.33183,5.99758,33,18,step,2.837,1.79069e+09,-3.00029,51,0.185607
2.838,2,-0.8,nan,nan,nan,nan,-0.857227,-0.237365,-0.252475,5.33135,5.99758,33,18,step,2.838,1.79069e+09,-2.96646,51,0.185553
2.839,2,-0.8,nan,nan,nan,nan,-0.857227,-0.237365,-0.283369,5.33135,5.99758,33,18,step,2.839,1.79069e+09,-3.01157,51,0.185514
2.84,2,-0.8,nan,nan,nan,nan,-0.845947,-0.256563,-0.250345,5.33087,5.99758,33,18,step,2.84,1.79069e+09,-3.01157,51,0.185515
2.841,2,-0.8,nan,nan,nan,nan,-0.845947,-0.256563,-0.249279,5.33087,5.99758,33,18,step,2.841,1.79069e+09,-2.98901,51,0.185506
2.842,2,-0.8,nan,nan,nan,nan,-0.845947,-0.249582,-0.255671,5.3303,5.99758,33,18,step,2.842,1.79069e+09,-3.02285,51,0.185491
2.843,2,-0.8,nan,nan,nan,nan,-0.845947,-0.249582,-0.246084,5.3303,5.99758,33,18,step,2.843,1.79069e+09,-3.05669,51,0.185486
2.844,2,-0.8,nan,nan,nan,nan,-0.823389,-0.267035,-0.240757,5.32982,5.99758,33,18,step,2.844,1.79069e+09,-2.98901,51,0.185487
2.845,2,-0.8,nan,nan,nan,nan,-0.823389,-0.267035,-0.239692,5.32982,5.99758,33,18,step,2.845,1.79069e+09,-3.05669,51,0.185502
2.846,2,-0.8,nan,nan,nan,nan,-0.80083,-0.279253,-0.265259,5.32924,5.99758,33,18,step,2.846,1.79069e+09,-2.95518,51,0.185513
2.847,2,-0.8,nan,nan,nan,nan,-0.80083,-0.279253,-0.260998,5.32924,5.99758,33,18,step,2.847,1.79069e+09,-3.01157,51,0.185541
2.848,2,-0.8,nan,nan,nan,nan,-0.789551,-0.270526,-0.265259,5.32867,5.99758,33,18,step,2.848,1.79069e+09,-3.00029,51,0.185566
2.849,2,-0.8,nan,nan,nan,nan,-0.789551,-0.270526,-0.272716,5.32867,5.99758,33,18,step,2.849,1.79069e+09,-2.96646,51,0.185581
2.85,2,-0.8,nan,nan,nan,nan,-0.766992,-0.268781,-0.250345,5.32819,5.99758,33,18,step,2.85,1.79069e+09,-2.92134,51,0.185604
2.851,2,-0.8,nan,nan,nan,nan,-0.766992,-0.268781,-0.237561,5.32819,5.99758,33,18,step,2.851,1.79069e+09,-2.98901,51,0.18562
2.852,2,-0.8,nan,nan,nan,nan,-0.766992,-0.261799,-0.254606,5.32761,5.99767,33,18,step,2.852,1.79069e+09,-2.98901,51,0.185631
2.853,2,-0.8,nan,nan,nan,nan,-0.766992,-0.261799,-0.26739,5.32761,5.99767,33,18,step,2.853,1.79069e+09,-2.92134,51,0.185638
2.854,2,-0.8,nan,nan,nan,nan,-0.766992,-0.258309,-0.256737,5.32713,5.99767,33,18,step,2.854,1.79069e+09,-2.89878,51,0.185652
2.855,2,-0.8,nan,nan,nan,nan,-0.766992,-0.258309,-0.2855,5.32713,5.99767,33,18,step,2.855,1.79069e+09,-2.92134,51,0.185663
2.856,2,-0.8,nan,nan,nan,nan,-0.778271,-0.280998,-0.290826,5.32656,5.99767,33,18,step,2.856,1.79069e+09,-2.98901,51,0.185674
2.857,2,-0.8,nan,nan,nan,nan,-0.778271,-0.280998,-0.266324,5.32656,5.99767,33,18,step,2.857,1.79069e+09,-2.92134,51,0.185697
2.858,2,-0.8,nan,nan,nan,nan,-0.80083,-0.29147,-0.273781,5.32598,5.99767,33,18,step,2.858,1.79069e+09,-3.00029,51,0.185722
2.859,2,-0.8,nan,nan,nan,nan,-0.80083,-0.29147,-0.245018,5.32598,5.99767,33,18,step,2.859,1.79069e+09,-2.92134,51,0.185724
2.86,2,-0.8,nan,nan,nan,nan,-0.755713,-0.296706,-0.256737,5.32541,5.99767,33,18,step,2.86,1.79069e+09,-2.92134,51,0.185739
2.861,2,-0.8,nan,nan,nan,nan,-0.755713,-0.296706,-0.289761,5.32541,5.99767,33,18,step,2.861,1.79069e+09,-2.95518,51,0.185756
2.862,2,-0.8,nan,nan,nan,nan,-0.778271,-0.29147,-0.288695,5.32473,5.99767,33,18,step,2.862,1.79069e+09,-2.92134,51,0.185756
2.863,2,-0.8,nan,nan,nan,nan,-0.778271,-0.29147,-0.271651,5.32473,5.99767,33,18,step,2.863,1.79069e+09,-2.9439,51,0.185742
2.864,2,-0.8,nan,nan,nan,nan,-0.812109,-0.305433,-0.259932,5.32416,5.99767,33,18,step,2.864,1.79069e+09,-2.95518,51,0.185727
2.865,2,-0.8,nan,nan,nan,nan,-0.812109,-0.305433,-0.281238,5.32416,5.99767,33,18,step,2.865,1.79069e+09,-2.97773,51,0.185735
2.866,2,-0.8,nan,nan,nan,nan,-0.845947,-0.294961,-0.318524,5.32358,5.99767,33,18,step,2.866,1.79069e+09,-2.97773,51,0.185729
2.867,2,-0.8,nan,nan,nan,nan,-0.845947,-0.294961,-0.300414,5.32358,5.99767,33,18,step,2.867,1.79069e+09,-3.02285,51,0.185689
2.868,2,-0.8,nan,nan,nan,nan,-0.834668,-0.296706,-0.292957,5.32301,5.99767,33,18,step,2.868,1.79069e+09,-3.00029,51,0.185684
2.869,2,-0.8,nan,nan,nan,nan,-0.834668,-0.296706,-0.317458,5.32301,5.99767,33,18,step,2.869,1.79069e+09,-3.02285,51,0.185711
2.87,2,-0.8,nan,nan,nan,nan,-0.812109,-0.296706,-0.313197,5.32234,5.99767,33,18,step,2.87,1.79069e+09,-2.96646,51,0.18568
2.871,2,-0.8,nan,nan,nan,nan,-0.812109,-0.296706,-0.318524,5.32234,5.99767,33,18,step,2.871,1.79069e+09,-2.97773,51,0.185641
2.872,2,-0.8,nan,nan,nan,nan,-0.778271,-0.319395,-0.304675,5.32176,5.99767,33,18,step,2.872,1.79069e+09,-3.04541,51,0.185616
2.873,2,-0.8,nan,nan,nan,nan,-0.778271,-0.319395,-0.300414,5.32176,5.99767,33,18,step,2.873,1.79069e+09,-3.04541,51,0.18559
2.874,2,-0.8,nan,nan,nan,nan,-0.744434,-0.326377,-0.300414,5.32109,5.99767,33,18,step,2.874,1.79069e+09,-3.03413,51,0.185568
2.875,2,-0.8,nan,nan,nan,nan,-0.744434,-0.326377,-0.30574,5.32109,5.99767,33,18,step,2.875,1.79069e+09,-3.05669,51,0.185559
2.876,2,-0.8,nan,nan,nan,nan,-0.778271,-0.319395,-0.306806,5.32042,5.99767,33,18,step,2.876,1.79069e+09,-3.12437,51,0.185546
2.877,2,-0.8,nan,nan,nan,nan,-0.778271,-0.319395,-0.322785,5.32042,5.99767,33,18,step,2.877,1.79069e+09,-3.02285,51,0.185521
2.878,2,-0.8,nan,nan,nan,nan,-0.744434,-0.315905,-0.317458,5.31985,5.99767,33,18,step,2.878,1.79069e+09,-3.02285,51,0.185486
2.879,2,-0.8,nan,nan,nan,nan,-0.744434,-0.315905,-0.296153,5.31985,5.99767,33,18,step,2.879,1.79069e+09,-3.07925,51,0.185452
2.88,2,-0.8,nan,nan,nan,nan,-0.755713,-0.321141,-0.308936,5.31917,5.99767,33,18,step,2.88,1.79069e+09,-3.05669,51,0.185424
2.881,2,-0.8,nan,nan,nan,nan,-0.755713,-0.321141,-0.336634,5.31917,5.99767,33,18,step,2.881,1.79069e+09,-3.06797,51,0.185429
2.882,2,-0.8,nan,nan,nan,nan,-0.812109,-0.336849,-0.337699,5.3185,5.99767,33,18,step,2.882,1.79069e+09,-3.05669,51,0.185437
2.883,2,-0.8,nan,nan,nan,nan,-0.812109,-0.336849,-0.32385,5.3185,5.99767,33,18,step,2.883,1.79069e+09,-3.04541,51,0.185454
2.884,2,-0.8,nan,nan,nan,nan,-0.778271,-0.359538,-0.319589,5.31783,5.99767,33,18,step,2.884,1.79069e+09,-3.04541,51,0.185435
2.885,2,-0.8,nan,nan,nan,nan,-0.778271,-0.359538,-0.329177,5.31783,5.99767,33,18,step,2.885,1.79069e+09,-3.04541,51,0.185428
2.886,2,-0.8,nan,nan,nan,nan,-0.857227,-0.375246,-0.32385,5.31707,5.99767,33,18,step,2.886,1.79069e+09,-3.09053,51,0.185442
2.887,2,-0.8,nan,nan,nan,nan,-0.857227,-0.375246,-0.315328,5.31707,5.99767,33,18,step,2.887,1.79069e+09,-3.07925,51,0.185432
2.888,2,-0.8,nan,nan,nan,nan,-0.823389,-0.361283,-0.324916,5.3163,5.99767,33,18,step,2.888,1.79069e+09,-3.01157,51,0.185406
2.889,2,-0.8,nan,nan,nan,nan,-0.823389,-0.361283,-0.329177,5.3163,5.99767,33,18,step,2.889,1.79069e+09,-3.06797,51,0.185407
2.89,2,-0.8,nan,nan,nan,nan,-0.823389,-0.347321,-0.328111,5.31563,5.99767,33,18,step,2.89,1.79069e+09,-3.06797,51,0.185398
2.891,2,-0.8,nan,nan,nan,nan,-0.823389,-0.347321,-0.322785,5.31563,5.99767,33,18,step,2.891,1.79069e+09,-3.10181,51,0.18539
2.892,2,-0.8,nan,nan,nan,nan,-0.891064,-0.340339,-0.355809,5.31496,5.99767,33,18,step,2.892,1.79069e+09,-3.07925,51,0.185392
2.893,2,-0.8,nan,nan,nan,nan,-0.891064,-0.340339,-0.356874,5.31496,5.99767,33,18,step,2.893,1.79069e+09,-3.05669,51,0.185385
2.894,2,-0.8,nan,nan,nan,nan,-0.857227,-0.352557,-0.350483,5.31419,5.99767,33,18,step,2.894,1.79069e+09,-3.11309,51,0.185371
2.895,2,-0.8,nan,nan,nan,nan,-0.857227,-0.352557,-0.354744,5.31419,5.99767,33,18,step,2.895,1.79069e+09,-3.09053,51,0.185369
2.896,2,-0.8,nan,nan,nan,nan,-0.845947,-0.361283,-0.33983,5.31352,5.99767,33,18,step,2.896,1.79069e+09,-3.07925,51,0.185396
2.897,2,-0.8,nan,nan,nan,nan,-0.845947,-0.361283,-0.337699,5.31352,5.99767,33,18,step,2.897,1.79069e+09,-3.04541,51,0.185398
2.898,2,-0.8,nan,nan,nan,nan,-0.834668,-0.350811,-0.351548,5.31275,5.99767,33,18,step,2.898,1.79069e+09,-3.11309,51,0.185386
2.899,2,-0.8,nan,nan,nan,nan,-0.834668,-0.350811,-0.349417,5.31275,5.99767,33,18,step,2.899,1.79069e+09,-3.14692,51,0.185367
2.9,2,-0.8,nan,nan,nan,nan,-0.721875,-0.340339,-0.364332,5.31208,5.99767,33,18,step,2.9,1.79069e+09,-3.10181,51,0.185357
2.901,2,-0.8,nan,nan,nan,nan,-0.721875,-0.340339,-0.366462,5.31208,5.99767,33,18,step,2.901,1.79069e+09,-3.10181,51,0.185393
2.902,2,-0.8,nan,nan,nan,nan,-0.744434,-0.357792,-0.354744,5.31141,5.99767,33,18,step,2.902,1.79069e+09,-3.06797,51,0.185424
2.903,2,-0.8,nan,nan,nan,nan,-0.744434,-0.357792,-0.373919,5.31141,5.99767,33,18,step,2.903,1.79069e+09,-3.10181,51,0.185448
2.904,2,-0.8,nan,nan,nan,nan,-0.845947,-0.387463,-0.379246,5.31064,5.99767,33,18,step,2.904,1.79069e+09,-3.11309,51,0.185454
2.905,2,-0.8,nan,nan,nan,nan,-0.845947,-0.387463,-0.349417,5.31064,5.99767,33,18,step,2.905,1.79069e+09,-3.11309,51,0.185443
2.906,2,-0.8,nan,nan,nan,nan,-0.891064,-0.413643,-0.349417,5.30978,5.99767,33,18,step,2.906,1.79069e+09,-3.07925,51,0.185423
2.907,2,-0.8,nan,nan,nan,nan,-0.891064,-0.413643,-0.374985,5.30978,5.99767,33,18,step,2.907,1.79069e+09,-3.07925,51,0.185403
2.908,2,-0.8,nan,nan,nan,nan,-0.936182,-0.389208,-0.374985,5.30901,5.99767,33,18,step,2.908,1.79069e+09,-3.11309,51,0.185408
2.909,2,-0.8,nan,nan,nan,nan,-0.936182,-0.389208,-0.385637,5.30901,5.99758,33,18,step,2.909,1.79069e+09,-3.16948,51,0.185404
2.91,2,-0.8,nan,nan,nan,nan,-0.936182,-0.376991,-0.384572,5.30824,5.99758,33,18,step,2.91,1.79069e+09,-3.07925,51,0.185393
2.911,2,-0.8,nan,nan,nan,nan,-0.936182,-0.376991,-0.383507,5.30824,5.99758,33,18,step,2.911,1.79069e+09,-3.11309,51,0.185398
2.912,2,-0.8,nan,nan,nan,nan,-0.913623,-0.3735,-0.385637,5.30748,5.99758,33,18,step,2.912,1.79069e+09,-3.10181,51,0.185388
2.913,2,-0.8,nan,nan,nan,nan,-0.913623,-0.3735,-0.371789,5.30748,5.99758,33,18,step,2.913,1.79069e+09,-3.11309,51,0.18538
2.914,2,-0.8,nan,nan,nan,nan,-0.891064,-0.380482,-0.370723,5.30671,5.99758,33,18,step,2.914,1.79069e+09,-3.12437,51,0.185379
2.915,2,-0.8,nan,nan,nan,nan,-0.891064,-0.380482,-0.388833,5.30671,5.99758,33,18,step,2.915,1.79069e+09,-3.19204,51,0.185386
2.916,2,-0.8,nan,nan,nan,nan,-0.845947,-0.392699,-0.386703,5.30594,5.99758,33,18,step,2.916,1.79069e+09,-3.09053,51,0.185395
2.917,2,-0.8,nan,nan,nan,nan,-0.845947,-0.392699,-0.387768,5.30594,5.99758,33,18,step,2.917,1.79069e+09,-3.16948,51,0.1854
2.918,2,-0.8,nan,nan,nan,nan,-0.733154,-0.382227,-0.384572,5.30518,5.99758,33,18,step,2.918,1.79069e+09,-3.18076,51,0.1854
2.919,2,-0.8,nan,nan,nan,nan,-0.733154,-0.382227,-0.386703,5.30518,5.99758,33,18,step,2.919,1.79069e+09,-3.10181,51,0.185403
2.92,2,-0.8,nan,nan,nan,nan,-0.812109,-0.359538,-0.374985,5.30441,5.99758,33,18,step,2.92,1.79069e+09,-3.12437,51,0.18539
2.921,2,-0.8,nan,nan,nan,nan,-0.812109,-0.359538,-0.388833,5.30441,5.99758,33,18,step,2.921,1.79069e+09,-3.20332,51,0.18538
2.922,2,-0.8,nan,nan,nan,nan,-0.80083,-0.387463,-0.403748,5.30364,5.99758,33,18,step,2.922,1.79069e+09,-3.20332,51,0.185377
2.923,2,-0.8,nan,nan,nan,nan,-0.80083,-0.387463,-0.406943,5.30364,5.99758,33,18,step,2.923,1.79069e+09,-3.18076,51,0.185388
2.924,2,-0.8,nan,nan,nan,nan,-0.755713,-0.432842,-0.39629,5.30278,5.99758,33,18,step,2.924,1.79069e+09,-3.18076,51,0.185384
2.925,2,-0.8,nan,nan,nan,nan,-0.755713,-0.432842,-0.401617,5.30278,5.99758,33,18,step,2.925,1.79069e+09,-3.16948,51,0.185382
2.926,2,-0.8,nan,nan,nan,nan,-0.823389,-0.453786,-0.386703,5.30192,5.99758,33,18,step,2.926,1.79069e+09,-3.14692,51,0.185365
2.927,2,-0.8,nan,nan,nan,nan,-0.823389,-0.453786,-0.389899,5.30192,5.99758,33,18,step,2.927,1.79069e+09,-3.2146,51,0.185348
2.928,2,-0.8,nan,nan,nan,nan,-0.845947,-0.439823,-0.379246,5.30105,5.99758,33,18,step,2.928,1.79069e+09,-3.23716,51,0.185341
2.929,2,-0.8,nan,nan,nan,nan,-0.845947,-0.439823,-0.411205,5.30105,5.99758,33,18,step,2.929,1.79069e+09,-3.22588,51,0.185332
2.93,2,-0.8,nan,nan,nan,nan,-0.868506,-0.403171,-0.403748,5.30019,5.99758,33,18,step,2.93,1.79069e+09,-3.2146,51,0.185332
2.931,2,-0.8,nan,nan,nan,nan,-0.868506,-0.403171,-0.411205,5.30019,5.99758,33,18,step,2.931,1.79069e+09,-3.2146,51,0.185325
2.932,2,-0.8,nan,nan,nan,nan,-0.857227,-0.397935,-0.418662,5.29942,5.99758,33,18,step,2.932,1.79069e+09,-3.23716,51,0.18531
2.933,2,-0.8,nan,nan,nan,nan,-0.857227,-0.397935,-0.393095,5.29942,5.99758,33,18,step,2.933,1.79069e+09,-3.22588,51,0.185271
2.934,2,-0.8,nan,nan,nan,nan,-0.845947,-0.413643,-0.397356,5.29856,5.99758,33,18,step,2.934,1.79069e+09,-3.25972,51,0.185253
2.935,2,-0.8,nan,nan,nan,nan,-0.845947,-0.413643,-0.399486,5.29856,5.99758,33,18,step,2.935,1.79069e+09,-3.29355,51,0.185263
2.936,2,-0.8,nan,nan,nan,nan,-0.755713,-0.39968,-0.421858,5.29779,5.99758,33,18,step,2.936,1.79069e+09,-3.25972,51,0.185265
2.937,2,-0.8,nan,nan,nan,nan,-0.755713,-0.39968,-0.410139,5.29779,5.99758,33,18,step,2.937,1.79069e+09,-3.23716,51,0.185282
2.938,2,-0.8,nan,nan,nan,nan,-0.778271,-0.37001,-0.406943,5.29693,5.99758,33,18,step,2.938,1.79069e+09,-3.23716,51,0.185286
2.939,2,-0.8,nan,nan,nan,nan,-0.778271,-0.37001,-0.409074,5.29693,5.99758,33,18,step,2.939,1.79069e+09,-3.22588,51,0.185276
2.94,2,-0.8,nan,nan,nan,nan,-0.710596,-0.3735,-0.420792,5.29626,5.99758,33,18,step,2.94,1.79069e+09,-3.25972,51,0.185275
2.941,2,-0.8,nan,nan,nan,nan,-0.710596,-0.3735,-0.406943,5.29626,5.99758,33,18,step,2.941,1.79069e+09,-3.25972,51,0.185265
2.942,2,-0.8,nan,nan,nan,nan,-0.710596,-0.431096,-0.408009,5.2954,5.99758,33,18,step,2.942,1.79069e+09,-3.271,51,0.185265
2.943,2,-0.8,nan,nan,nan,nan,-0.710596,-0.431096,-0.416531,5.2954,5.99758,33,18,step,2.943,1.79069e+09,-3.271,51,0.185277
2.944,2,-0.8,nan,nan,nan,nan,-0.789551,-0.466003,-0.409074,5.29453,5.99758,33,18,step,2.944,1.79069e+09,-3.25972,51,0.18529
2.945,2,-0.8,nan,nan,nan,nan,-0.789551,-0.466003,-0.411205,5.29453,5.99758,33,18,step,2.945,1.79069e+09,-3.23716,51,0.185303
2.946,2,-0.8,nan,nan,nan,nan,-0.857227,-0.441568,-0.418662,5.29358,5.99758,33,18,step,2.946,1.79069e+09,-3.23716,51,0.185301
2.947,2,-0.8,nan,nan,nan,nan,-0.857227,-0.441568,-0.417596,5.29358,5.99758,33,18,step,2.947,1.79069e+09,-3.271,51,0.185275
2.948,2,-0.8,nan,nan,nan,nan,-0.913623,-0.42586,-0.399486,5.29271,5.99748,33,18,step,2.948,1.79069e+09,-3.28228,51,0.185274
2.949,2,-0.8,nan,nan,nan,nan,-0.913623,-0.42586,-0.43038,5.29271,5.99748,33,18,step,2.949,1.79069e+09,-3.30483,51,0.185276
2.95,2,-0.8,nan,nan,nan,nan,-0.879785,-0.420624,-0.427184,5.29185,5.99748,33,18,step,2.95,1.79069e+09,-3.23716,51,0.185288
2.951,2,-0.8,nan,nan,nan,nan,-0.879785,-0.420624,-0.429315,5.29185,5.99748,33,18,step,2.951,1.79069e+09,-3.271,51,0.185308
2.952,2,-0.8,nan,nan,nan,nan,-0.845947,-0.42586,-0.416531,5.29108,5.99748,33,18,step,2.952,1.79069e+09,-3.23716,51,0.185293
2.953,2,-0.8,nan,nan,nan,nan,-0.845947,-0.42586,-0.405878,5.29108,5.99748,33,18,step,2.953,1.79069e+09,-3.25972,51,0.185274
2.954,2,-0.8,nan,nan,nan,nan,-0.823389,-0.404916,-0.413335,5.29022,5.99748,33,18,step,2.954,1.79069e+09,-3.29355,51,0.185287
2.955,2,-0.8,nan,nan,nan,nan,-0.823389,-0.404916,-0.418662,5.29022,5.99748,33,18,step,2.955,1.79069e+09,-3.30483,51,0.18529
2.956,2,-0.8,nan,nan,nan,nan,-0.823389,-0.385718,-0.445294,5.28945,5.99748,33,18,step,2.956,1.79069e+09,-3.24844,51,0.185309
2.957,2,-0.8,nan,nan,nan,nan,-0.823389,-0.385718,-0.441033,5.28945,5.99748,33,18,step,2.957,1.79069e+09,-3.28228,51,0.185337
2.958,2,-0.8,nan,nan,nan,nan,-0.812109,-0.397935,-0.451686,5.28869,5.99748,33,18,step,2.958,1.79069e+09,-3.271,51,0.185333
2.959,2,-0.8,nan,nan,nan,nan,-0.812109,-0.397935,-0.43038,5.28869,5.99748,33,18,step,2.959,1.79069e+09,-3.25972,51,0.185326
2.96,2,-0.8,nan,nan,nan,nan,-0.812109,-0.453786,-0.43038,5.28773,5.99748,33,18,step,2.96,1.79069e+09,-3.30483,51,0.185325
2.961,2,-0.8,nan,nan,nan,nan,-0.812109,-0.453786,-0.426119,5.28773,5.99748,33,18,step,2.961,1.79069e+09,-3.30483,51,0.185317
2.962,2,-0.8,nan,nan,nan,nan,-0.857227,-0.479966,-0.429315,5.28677,5.99748,33,18,step,2.962,1.79069e+09,-3.31611,51,0.185315
2.963,2,-0.8,nan,nan,nan,nan,-0.857227,-0.479966,-0.425053,5.28677,5.99748,33,18,step,2.963,1.79069e+09,-3.31611,51,0.185342
2.964,2,-0.8,nan,nan,nan,nan,-0.902344,-0.450295,-0.417596,5.28591,5.99748,33,18,step,2.964,1.79069e+09,-3.25972,51,0.185366
2.965,2,-0.8,nan,nan,nan,nan,-0.902344,-0.450295,-0.406943,5.28591,5.99739,33,18,step,2.965,1.79069e+09,-3.24844,51,0.185367
2.966,2,-0.8,nan,nan,nan,nan,-0.891064,-0.427606,-0.446359,5.28504,5.99739,33,18,step,2.966,1.79069e+09,-3.28228,51,0.185349
2.967,2,-0.8,nan,nan,nan,nan,-0.891064,-0.427606,-0.449555,5.28504,5.99739,33,18,step,2.967,1.79069e+09,-3.31611,51,0.185333
2.968,2,-0.8,nan,nan,nan,nan,-0.845947,-0.417134,-0.439968,5.28408,5.99739,33,18,step,2.968,1.79069e+09,-3.34995,51,0.18532
2.969,2,-0.8,nan,nan,nan,nan,-0.845947,-0.417134,-0.434641,5.28408,5.99739,33,18,step,2.969,1.79069e+09,-3.32739,51,0.185325
2.97,2,-0.8,nan,nan,nan,nan,-0.699316,-0.434587,-0.426119,5.28322,5.99739,33,18,step,2.97,1.79069e+09,-3.33867,51,0.185342
2.971,2,-0.8,nan,nan,nan,nan,-0.699316,-0.434587,-0.431445,5.28322,5.99739,33,18,step,2.971,1.79069e+09,-3.29355,51,0.185357
2.972,2,-0.8,nan,nan,nan,nan,-0.699316,-0.415388,-0.428249,5.28245,5.99739,33,18,step,2.972,1.79069e+09,-3.29355,51,0.185345
2.973,2,-0.8,nan,nan,nan,nan,-0.699316,-0.415388,-0.44849,5.28245,5.99739,33,18,step,2.973,1.79069e+09,-3.32739,51,0.185324
2.974,2,-0.8,nan,nan,nan,nan,-0.778271,-0.403171,-0.454882,5.28169,5.99739,33,18,step,2.974,1.79069e+09,-3.37251,51,0.185309
2.975,2,-0.8,nan,nan,nan,nan,-0.778271,-0.403171,-0.432511,5.28169,5.99739,33,18,step,2.975,1.79069e+09,-3.38379,51,0.185302
2.976,2,-0.8,nan,nan,nan,nan,-0.733154,-0.429351,-0.443164,5.28073,5.99739,33,18,step,2.976,1.79069e+09,-3.37251,51,0.185319
2.977,2,-0.8,nan,nan,nan,nan,-0.733154,-0.429351,-0.435706,5.28073,5.99739,33,18,step,2.977,1.79069e+09,-3.34995,51,0.185334
2.978,2,-0.8,nan,nan,nan,nan,-0.80083,-0.471239,-0.437837,5.27987,5.99729,33,18,step,2.978,1.79069e+09,-3.33867,51,0.185335
2.979,2,-0.8,nan,nan,nan,nan,-0.80083,-0.471239,-0.435706,5.27987,5.99729,33,18,step,2.979,1.79069e+09,-3.32739,51,0.185328
2.98,2,-0.8,nan,nan,nan,nan,-0.823389,-0.490438,-0.433576,5.27891,5.99729,33,18,step,2.98,1.79069e+09,-3.36123,51,0.185309
2.981,2,-0.8,nan,nan,nan,nan,-0.823389,-0.490438,-0.43038,5.27891,5.99729,33,18,step,2.981,1.79069e+09,-3.38379,51,0.185295
2.982,2,-0.8,nan,nan,nan,nan,-0.834668,-0.462512,-0.420792,5.27795,5.99729,33,18,step,2.982,1.79069e+09,-3.41763,51,0.185305
2.983,2,-0.8,nan,nan,nan,nan,-0.834668,-0.462512,-0.437837,5.27795,5.99729,33,18,step,2.983,1.79069e+09,-3.39507,51,0.185305
2.984,2,-0.8,nan,nan,nan,nan,-0.789551,-0.436332,-0.441033,5.27709,5.99729,33,18,step,2.984,1.79069e+09,-3.37251,51,0.185306
2.985,2,-0.8,nan,nan,nan,nan,-0.789551,-0.436332,-0.429315,5.27709,5.99719,33,18,step,2.985,1.79069e+09,-3.37251,51,0.185301
2.986,2,-0.8,nan,nan,nan,nan,-0.744434,-0.44855,-0.429315,5.27622,5.99719,33,18,step,2.986,1.79069e+09,-3.37251,51,0.185308
2.987,2,-0.8,nan,nan,nan,nan,-0.744434,-0.44855,-0.439968,5.27622,5.99719,33,18,step,2.987,1.79069e+09,-3.39507,51,0.185318
2.988,2,-0.8,nan,nan,nan,nan,-0.733154,-0.45204,-0.43038,5.27526,5.99719,33,18,step,2.988,1.79069e+09,-3.38379,51,0.185308
2.989,2,-0.8,nan,nan,nan,nan,-0.733154,-0.45204,-0.433576,5.27526,5.99719,33,18,step,2.989,1.79069e+09,-3.39507,51,0.185284
2.99,2,-0.8,nan,nan,nan,nan,-0.766992,-0.443314,-0.429315,5.2744,5.99719,33,18,step,2.99,1.79069e+09,-3.36123,51,0.185266
2.991,2,-0.8,nan,nan,nan,nan,-0.766992,-0.443314,-0.434641,5.2744,5.99719,33,18,step,2.991,1.79069e+09,-3.41763,51,0.185292
2.992,2,-0.8,nan,nan,nan,nan,-0.744434,-0.427606,-0.444229,5.27354,5.99719,33,18,step,2.992,1.79069e+09,-3.40635,51,0.185323
2.993,2,-0.8,nan,nan,nan,nan,-0.744434,-0.427606,-0.458078,5.27354,5.99719,33,18,step,2.993,1.79069e+09,-3.33867,51,0.185296
2.994,2,-0.8,nan,nan,nan,nan,-0.755713,-0.457276,-0.459143,5.27258,5.99719,33,18,step,2.994,1.79069e+09,-3.38379,51,0.185279
2.995,2,-0.8,nan,nan,nan,nan,-0.755713,-0.457276,-0.432511,5.27258,5.99719,33,18,step,2.995,1.79069e+09,-3.42891,51,0.185269
2.996,2,-0.8,nan,nan,nan,nan,-0.789551,-0.492183,-0.439968,5.27162,5.99719,33,18,step,2.996,1.79069e+09,-3.42891,51,0.185271
2.997,2,-0.8,nan,nan,nan,nan,-0.789551,-0.492183,-0.446359,5.27162,5.99719,33,18,step,2.997,1.79069e+09,-3.39507,51,0.185302
2.998,2,-0.8,nan,nan,nan,nan,-0.868506,-0.479966,-0.422923,5.27066,5.99719,33,18,step,2.998,1.79069e+09,-3.40635,51,0.185316
2.999,2,-0.8,nan,nan,nan,nan,-0.868506,-0.479966,-0.447425,5.27066,5.99719,33,18,step,2.999,1.79069e+09,-3.37251,51,0.18532
