elapsed_s,phase,excitation_torque,ff_torque,reference_angle,reference_velocity,reference_acceleration,measured_torque,measured_velocity,measured_velocity_imu,measured_angle,pitch_angle,temperature,condition_id,condition_type,condition_elapsed_s,wallclock_s,pitch_torque,pitch_temperature,pitch_world_angle
0,2,1.5,nan,nan,nan,nan,-0.744434,-0.0296706,-0.00958767,3.95038,5.91618,33,19,step,0,1.79069e+09,-3.58682,52,0.263487
0.001,2,1.5,nan,nan,nan,nan,-0.744434,-0.0296706,0.0010653,3.95038,5.91618,33,19,step,0.001,1.79069e+09,-3.57554,52,0.263497
0.002,2,1.5,nan,nan,nan,nan,-0.552686,0.00174533,-0.00319589,3.95038,5.91618,33,19,step,0.002,1.79069e+09,-3.58682,52,0.263505
0.003,2,1.5,nan,nan,nan,nan,-0.552686,0.00174533,0.00745708,3.95038,5.91618,33,19,step,0.003,1.79069e+09,-3.53042,52,0.263493
0.004,2,1.5,nan,nan,nan,nan,0,0.111701,-0.0149142,3.95058,5.91618,33,19,step,0.004,1.79069e+09,-3.55298,52,0.263483
0.005,2,1.5,nan,nan,nan,nan,0,0.111701,0.00852238,3.95058,5.91618,33,19,step,0.005,1.79069e+09,-3.62065,52,0.263488
0.006,2,1.5,nan,nan,nan,nan,0.0902344,0.18675,0.0308936,3.95086,5.91618,33,19,step,0.006,1.79069e+09,-3.58682,52,0.263498
0.007,2,1.5,nan,nan,nan,nan,0.0902344,0.18675,0.00958767,3.95086,5.91618,33,19,step,0.007,1.79069e+09,-3.57554,52,0.263491
0.008,2,1.5,nan,nan,nan,nan,0.439893,0.191986,0.0170448,3.95125,5.91618,33,19,step,0.008,1.79069e+09,-3.62065,52,0.26351
0.009,2,1.5,nan,nan,nan,nan,0.439893,0.191986,0.00532648,3.95125,5.91618,33,19,step,0.009,1.79069e+09,-3.55298,52,0.263505
0.01,2,1.5,nan,nan,nan,nan,0.755713,0.322886,0.00745708,3.95192,5.91618,33,19,step,0.01,1.79069e+09,-3.57554,52,0.263493
0.011,2,1.5,nan,nan,nan,nan,0.755713,0.322886,0.0255671,3.95192,5.91618,33,19,step,0.011,1.79069e+09,-3.62065,52,0.263494
0.012,2,1.5,nan,nan,nan,nan,1.01514,0.518363,0.0234365,3.95288,5.91618,33,19,step,0.012,1.79069e+09,-3.62065,52,0.263513
0.013,2,1.5,nan,nan,nan,nan,1.01514,0.518363,0.0202406,3.95288,5.91618,33,19,step,0.013,1.79069e+09,-3.60938,52,0.263529
0.014,2,1.5,nan,nan,nan,nan,1.34224,0.521853,0.0266324,3.95393,5.91618,33,19,step,0.014,1.79069e+09,-3.5981,52,0.263535
0.015,2,1.5,nan,nan,nan,nan,1.34224,0.521853,0.0351548,3.95393,5.91618,33,19,step,0.015,1.79069e+09,-3.58682,52,0.263543
0.016,2,1.5,nan,nan,nan,nan,1.61294,0.18675,0.0607219,3.95441,5.91618,33,19,step,0.016,1.79069e+09,-3.5981,52,0.263569
0.017,2,1.5,nan,nan,nan,nan,1.61294,0.18675,0.0724402,3.95441,5.91618,33,19,step,0.017,1.79069e+09,-3.64321,52,0.263572
0.018,2,1.5,nan,nan,nan,nan,1.65806,-0.101229,0.0756361,3.95431,5.91618,33,19,step,0.018,1.79069e+09,-3.62065,52,0.263604
0.019,2,1.5,nan,nan,nan,nan,1.65806,-0.101229,0.0713749,3.95431,5.91618,33,19,step,0.019,1.79069e+09,-3.62065,52,0.26365
0.02,2,1.5,nan,nan,nan,nan,1.53398,-0.0994838,0.0767014,3.95412,5.91618,33,19,step,0.02,1.79069e+09,-3.47402,52,0.263734
0.021,2,1.5,nan,nan,nan,nan,1.53398,-0.0994838,0.0830932,3.95412,5.91618,33,19,step,0.021,1.79069e+09,-3.56426,52,0.263794
0.022,2,1.5,nan,nan,nan,nan,1.45503,0.0418879,0.096942,3.95412,5.91618,33,19,step,0.022,1.79069e+09,-3.53042,52,0.263811
0.023,2,1.5,nan,nan,nan,nan,1.45503,0.0418879,0.0873543,3.95412,5.91618,33,19,step,0.023,1.79069e+09,-3.53042,52,0.26382
0.024,2,1.5,nan,nan,nan,nan,1.43247,0.18675,0.116117,3.95451,5.91618,33,19,step,0.024,1.79069e+09,-3.56426,52,0.263809
0.025,2,1.5,nan,nan,nan,nan,1.43247,0.18675,0.121444,3.95451,5.91618,33,19,step,0.025,1.79069e+09,-3.58682,52,0.263812
0.026,2,1.5,nan,nan,nan,nan,1.46631,0.178024,0.109726,3.95489,5.91618,33,19,step,0.026,1.79069e+09,-3.60938,52,0.263832
0.027,2,1.5,nan,nan,nan,nan,1.46631,0.178024,0.12677,3.95489,5.91618,33,19,step,0.027,1.79069e+09,-3.56426,52,0.263847
0.028,2,1.5,nan,nan,nan,nan,1.46631,0.143117,0.135293,3.95518,5.91618,33,19,step,0.028,1.79069e+09,-3.5981,52,0.263858
0.029,2,1.5,nan,nan,nan,nan,1.46631,0.143117,0.127836,3.95518,5.91618,33,19,step,0.029,1.79069e+09,-3.58682,52,0.263886
0.03,2,1.5,nan,nan,nan,nan,1.47759,0.1309,0.14275,3.95547,5.91618,33,19,step,0.03,1.79069e+09,-3.62065,52,0.263934
0.031,2,1.5,nan,nan,nan,nan,1.47759,0.1309,0.175774,3.95547,5.91618,33,19,step,0.031,1.79069e+09,-3.55298,52,0.263947
0.032,2,1.5,nan,nan,nan,nan,1.45503,0.15708,0.177905,3.95575,5.91618,33,19,step,0.032,1.79069e+09,-3.56426,52,0.263937
0.033,2,1.5,nan,nan,nan,nan,1.45503,0.15708,0.176839,3.95575,5.91618,33,19,step,0.033,1.79069e+09,-3.56426,52,0.263967
0.034,2,1.5,nan,nan,nan,nan,1.40991,0.174533,0.190688,3.95604,5.91618,33,19,step,0.034,1.79069e+09,-3.58682,52,0.264001
0.035,2,1.5,nan,nan,nan,nan,1.40991,0.174533,0.17897,3.95604,5.91618,33,19,step,0.035,1.79069e+09,-3.53042,52,0.264026
0.036,2,1.5,nan,nan,nan,nan,1.44375,0.202458,0.184296,3.95642,5.91618,33,19,step,0.036,1.79069e+09,-3.53042,52,0.26401
0.037,2,1.5,nan,nan,nan,nan,1.44375,0.202458,0.201341,3.95642,5.91618,33,19,step,0.037,1.79069e+09,-3.58682,52,0.264002
0.038,2,1.5,nan,nan,nan,nan,1.46631,0.237365,0.201341,3.9569,5.91618,33,19,step,0.038,1.79069e+09,-3.60938,52,0.264024
0.039,2,1.5,nan,nan,nan,nan,1.46631,0.237365,0.211994,3.9569,5.91618,33,19,step,0.039,1.79069e+09,-3.58682,52,0.264032
0.04,2,1.5,nan,nan,nan,nan,1.46631,0.256563,0.211994,3.95748,5.91618,33,19,step,0.04,1.79069e+09,-3.58682,52,0.264055
0.041,2,1.5,nan,nan,nan,nan,1.46631,0.256563,0.239692,3.95748,5.91618,33,19,step,0.041,1.79069e+09,-3.58682,52,0.264077
0.042,2,1.5,nan,nan,nan,nan,1.50015,0.268781,0.229039,3.95796,5.91618,33,19,step,0.042,1.79069e+09,-3.56426,52,0.264082
0.043,2,1.5,nan,nan,nan,nan,1.50015,0.268781,0.224778,3.95796,5.91618,33,19,step,0.043,1.79069e+09,-3.56426,52,0.264097
0.044,2,1.5,nan,nan,nan,nan,1.53398,0.261799,0.2333,3.95853,5.91618,33,19,step,0.044,1.79069e+09,-3.55298,52,0.264104
0.045,2,1.5,nan,nan,nan,nan,1.53398,0.261799,0.235431,3.95853,5.91618,33,19,step,0.045,1.79069e+09,-3.57554,52,0.264101
0.046,2,1.5,nan,nan,nan,nan,1.54526,0.261799,0.252475,3.95901,5.91618,33,19,step,0.046,1.79069e+09,-3.60938,52,0.264109
0.047,2,1.5,nan,nan,nan,nan,1.54526,0.261799,0.258867,3.95901,5.91618,33,19,step,0.047,1.79069e+09,-3.5981,52,0.264136
0.048,2,1.5,nan,nan,nan,nan,1.52271,0.274017,0.237561,3.95959,5.91618,33,19,step,0.048,1.79069e+09,-3.56426,52,0.26418
0.049,2,1.5,nan,nan,nan,nan,1.52271,0.274017,0.260998,3.95959,5.91618,33,19,step,0.049,1.79069e+09,-3.53042,52,0.264187
0.05,2,1.5,nan,nan,nan,nan,1.56782,0.305433,0.279108,3.96016,5.91618,33,19,step,0.05,1.79069e+09,-3.47402,52,0.264189
0.051,2,1.5,nan,nan,nan,nan,1.56782,0.305433,0.286565,3.96016,5.91618,33,19,step,0.051,1.79069e+09,-3.53042,52,0.264196
0.052,2,1.5,nan,nan,nan,nan,1.55654,0.31765,0.288695,3.96083,5.91618,33,19,step,0.052,1.79069e+09,-3.56426,52,0.264209
0.053,2,1.5,nan,nan,nan,nan,1.55654,0.31765,0.306806,3.96083,5.91618,33,19,step,0.053,1.79069e+09,-3.55298,52,0.264224
0.054,2,1.5,nan,nan,nan,nan,1.56782,0.338594,0.301479,3.96151,5.91618,33,19,step,0.054,1.79069e+09,-3.50786,52,0.264236
0.055,2,1.5,nan,nan,nan,nan,1.56782,0.338594,0.324916,3.96151,5.91618,33,19,step,0.055,1.79069e+09,-3.53042,52,0.264233
0.056,2,1.5,nan,nan,nan,nan,1.54526,0.340339,0.325981,3.96218,5.91618,33,19,step,0.056,1.79069e+09,-3.50786,52,0.264245
0.057,2,1.5,nan,nan,nan,nan,1.54526,0.340339,0.338764,3.96218,5.91618,33,19,step,0.057,1.79069e+09,-3.51914,52,0.264246
0.058,2,1.5,nan,nan,nan,nan,1.52271,0.324631,0.348352,3.96285,5.91618,33,19,step,0.058,1.79069e+09,-3.47402,52,0.26425
0.059,2,1.5,nan,nan,nan,nan,1.52271,0.324631,0.344091,3.96285,5.91618,33,19,step,0.059,1.79069e+09,-3.51914,52,0.264269
0.06,2,1.5,nan,nan,nan,nan,1.48887,0.307178,0.348352,3.96342,5.91618,33,19,step,0.06,1.79069e+09,-3.57554,52,0.264301
0.061,2,1.5,nan,nan,nan,nan,1.48887,0.307178,0.333438,3.96342,5.91618,33,19,step,0.061,1.79069e+09,-3.51914,52,0.264362
0.062,2,1.5,nan,nan,nan,nan,1.47759,0.329867,0.36007,3.96409,5.91618,33,19,step,0.062,1.79069e+09,-3.44019,52,0.264388
0.063,2,1.5,nan,nan,nan,nan,1.47759,0.329867,0.349417,3.96409,5.91618,33,19,step,0.063,1.79069e+09,-3.47402,52,0.2644
0.064,2,1.5,nan,nan,nan,nan,1.47759,0.385718,0.365397,3.96486,5.91618,33,19,step,0.064,1.79069e+09,-3.50786,52,0.26439
0.065,2,1.5,nan,nan,nan,nan,1.47759,0.385718,0.386703,3.96486,5.91618,33,19,step,0.065,1.79069e+09,-3.5417,52,0.264353
0.066,2,1.5,nan,nan,nan,nan,1.46631,0.439823,0.382442,3.96572,5.91618,33,19,step,0.066,1.79069e+09,-3.53042,52,0.264347
0.067,2,1.5,nan,nan,nan,nan,1.46631,0.439823,0.369658,3.96572,5.91618,33,19,step,0.067,1.79069e+09,-3.58682,52,0.264348
0.068,2,1.5,nan,nan,nan,nan,1.47759,0.431096,0.37605,3.96659,5.91618,33,19,step,0.068,1.79069e+09,-3.50786,52,0.264335
0.069,2,1.5,nan,nan,nan,nan,1.47759,0.431096,0.39629,3.96659,5.91618,33,19,step,0.069,1.79069e+09,-3.53042,52,0.264346
0.07,2,1.5,nan,nan,nan,nan,1.53398,0.432842,0.404813,3.96745,5.91618,33,19,step,0.07,1.79069e+09,-3.51914,52,0.264342
0.071,2,1.5,nan,nan,nan,nan,1.53398,0.432842,0.415466,3.96745,5.91618,33,19,step,0.071,1.79069e+09,-3.53042,52,0.264374
0.072,2,1.5,nan,nan,nan,nan,1.5791,0.455531,0.410139,3.96831,5.91618,33,19,step,0.072,1.79069e+09,-3.53042,52,0.264414
0.073,2,1.5,nan,nan,nan,nan,1.5791,0.455531,0.421858,3.96831,5.91618,33,19,step,0.073,1.79069e+09,-3.51914,52,0.264449
0.074,2,1.5,nan,nan,nan,nan,1.56782,0.488692,0.428249,3.96927,5.91618,33,19,step,0.074,1.79069e+09,-3.50786,52,0.264499
0.075,2,1.5,nan,nan,nan,nan,1.56782,0.488692,0.419727,3.96927,5.91618,33,19,step,0.075,1.79069e+09,-3.50786,52,0.264511
0.076,2,1.5,nan,nan,nan,nan,1.51143,0.467748,0.446359,3.97023,5.91618,33,19,step,0.076,1.79069e+09,-3.47402,52,0.264522
0.077,2,1.5,nan,nan,nan,nan,1.51143,0.467748,0.454882,3.97023,5.91618,33,19,step,0.077,1.79069e+09,-3.49658,52,0.264548
0.078,2,1.5,nan,nan,nan,nan,1.50015,0.408407,0.454882,3.97109,5.91618,33,19,step,0.078,1.79069e+09,-3.53042,52,0.264548
0.079,2,1.5,nan,nan,nan,nan,1.50015,0.408407,0.467665,3.97109,5.91618,33,19,step,0.079,1.79069e+09,-3.53042,52,0.264566
0.08,2,1.5,nan,nan,nan,nan,1.47759,0.415388,0.465535,3.97196,5.91618,33,19,step,0.08,1.79069e+09,-3.47402,52,0.26456
0.081,2,1.5,nan,nan,nan,nan,1.47759,0.415388,0.469796,3.97196,5.91618,33,19,step,0.081,1.79069e+09,-3.53042,52,0.264606
0.082,2,1.5,nan,nan,nan,nan,1.44375,0.492183,0.461274,3.97291,5.91618,33,19,step,0.082,1.79069e+09,-3.53042,52,0.264636
0.083,2,1.5,nan,nan,nan,nan,1.44375,0.492183,0.486841,3.97291,5.91618,33,19,step,0.083,1.79069e+09,-3.46274,52,0.264642
0.084,2,1.5,nan,nan,nan,nan,1.45503,0.534071,0.50069,3.97397,5.91618,33,19,step,0.084,1.79069e+09,-3.49658,52,0.264643
0.085,2,1.5,nan,nan,nan,nan,1.45503,0.534071,0.491102,3.97397,5.91618,33,19,step,0.085,1.79069e+09,-3.50786,52,0.264648
0.086,2,1.5,nan,nan,nan,nan,1.51143,0.53058,0.480449,3.97502,5.91618,33,19,step,0.086,1.79069e+09,-3.49658,52,0.264655
0.087,2,1.5,nan,nan,nan,nan,1.51143,0.53058,0.503885,3.97502,5.91618,33,19,step,0.087,1.79069e+09,-3.50786,52,0.264676
0.088,2,1.5,nan,nan,nan,nan,1.53398,0.528835,0.517734,3.97608,5.91618,33,19,step,0.088,1.79069e+09,-3.50786,52,0.264699
0.089,2,1.5,nan,nan,nan,nan,1.53398,0.528835,0.517734,3.97608,5.91618,33,19,step,0.089,1.79069e+09,-3.49658,52,0.264723
0.09,2,1.5,nan,nan,nan,nan,1.48887,0.542797,0.513473,3.97723,5.91618,33,19,step,0.09,1.79069e+09,-3.47402,52,0.264735
0.091,2,1.5,nan,nan,nan,nan,1.48887,0.542797,0.524126,3.97723,5.91618,33,19,step,0.091,1.79069e+09,-3.47402,52,0.264719
0.092,2,1.5,nan,nan,nan,nan,1.45503,0.527089,0.516669,3.97828,5.91618,33,19,step,0.092,1.79069e+09,-3.50786,52,0.26475
0.093,2,1.5,nan,nan,nan,nan,1.45503,0.527089,0.545432,3.97828,5.91618,33,19,step,0.093,1.79069e+09,-3.50786,52,0.264739
0.094,2,1.5,nan,nan,nan,nan,1.42119,0.513127,0.532648,3.97934,5.91618,33,19,step,0.094,1.79069e+09,-3.47402,52,0.264765
0.095,2,1.5,nan,nan,nan,nan,1.42119,0.513127,0.530518,3.97934,5.91618,33,19,step,0.095,1.79069e+09,-3.53042,52,0.26478
0.096,2,1.5,nan,nan,nan,nan,1.47759,0.558505,0.565673,3.98039,5.91618,33,19,step,0.096,1.79069e+09,-3.47402,52,0.264781
0.097,2,1.5,nan,nan,nan,nan,1.47759,0.558505,0.57313,3.98039,5.91618,33,19,step,0.097,1.79069e+09,-3.49658,52,0.264789
0.098,2,1.5,nan,nan,nan,nan,1.51143,0.602139,0.565673,3.98164,5.91618,33,19,step,0.098,1.79069e+09,-3.47402,52,0.264788
0.099,2,1.5,nan,nan,nan,nan,1.51143,0.602139,0.570999,3.98164,5.91618,33,19,step,0.099,1.79069e+09,-3.49658,52,0.264797
0.1,2,1.5,nan,nan,nan,nan,1.51143,0.621337,0.576326,3.98279,5.91618,33,19,step,0.1,1.79069e+09,-3.47402,52,0.264793
0.101,2,1.5,nan,nan,nan,nan,1.51143,0.621337,0.565673,3.98279,5.91618,33,19,step,0.101,1.79069e+09,-3.41763,52,0.264795
0.102,2,1.5,nan,nan,nan,nan,1.51143,0.630064,0.580587,3.98404,5.91618,33,19,step,0.102,1.79069e+09,-3.47402,52,0.264817
0.103,2,1.5,nan,nan,nan,nan,1.51143,0.630064,0.580587,3.98404,5.91618,33,19,step,0.103,1.79069e+09,-3.47402,52,0.264812
0.104,2,1.5,nan,nan,nan,nan,1.44375,0.637045,0.60935,3.98538,5.91618,33,19,step,0.104,1.79069e+09,-3.46274,52,0.264804
0.105,2,1.5,nan,nan,nan,nan,1.44375,0.637045,0.613611,3.98538,5.91618,33,19,step,0.105,1.79069e+09,-3.50786,52,0.264795
0.106,2,1.5,nan,nan,nan,nan,1.43247,0.595157,0.594436,3.98653,5.91618,33,19,step,0.106,1.79069e+09,-3.47402,52,0.264777
0.107,2,1.5,nan,nan,nan,nan,1.43247,0.595157,0.585913,3.98653,5.91618,33,19,step,0.107,1.79069e+09,-3.53042,52,0.264788
0.108,2,1.5,nan,nan,nan,nan,1.43247,0.612611,0.607219,3.98777,5.91618,33,19,step,0.108,1.79069e+09,-3.49658,52,0.26482
0.109,2,1.5,nan,nan,nan,nan,1.43247,0.612611,0.620003,3.98777,5.91618,33,19,step,0.109,1.79069e+09,-3.50786,52,0.264834
0.11,2,1.5,nan,nan,nan,nan,1.43247,0.663225,0.628525,3.98912,5.91618,33,19,step,0.11,1.79069e+09,-3.46274,52,0.264828
0.111,2,1.5,nan,nan,nan,nan,1.43247,0.663225,0.607219,3.98912,5.91618,33,19,step,0.111,1.79069e+09,-3.46274,52,0.264842
0.112,2,1.5,nan,nan,nan,nan,1.50015,0.666716,0.640243,3.99036,5.91618,33,19,step,0.112,1.79069e+09,-3.51914,52,0.264859
0.113,2,1.5,nan,nan,nan,nan,1.50015,0.666716,0.651962,3.99036,5.91618,33,19,step,0.113,1.79069e+09,-3.41763,52,0.264847
0.114,2,1.5,nan,nan,nan,nan,1.51143,0.682424,0.634917,3.9918,5.91618,33,19,step,0.114,1.79069e+09,-3.47402,52,0.264848
0.115,2,1.5,nan,nan,nan,nan,1.51143,0.682424,0.658354,3.9918,5.91618,33,19,step,0.115,1.79069e+09,-3.49658,52,0.264884
0.116,2,1.5,nan,nan,nan,nan,1.46631,0.69115,0.671137,3.99314,5.91618,33,19,step,0.116,1.79069e+09,-3.49658,52,0.264924
0.117,2,1.5,nan,nan,nan,nan,1.46631,0.69115,0.657288,3.99314,5.91618,33,19,step,0.117,1.79069e+09,-3.44019,52,0.264945
0.118,2,1.5,nan,nan,nan,nan,1.44375,0.66497,0.66368,3.99449,5.91628,33,19,step,0.118,1.79069e+09,-3.38379,52,0.264939
0.119,2,1.5,nan,nan,nan,nan,1.44375,0.66497,0.678594,3.99449,5.91628,33,19,step,0.119,1.79069e+09,-3.33867,52,0.264935
0.12,2,1.5,nan,nan,nan,nan,1.44375,0.699877,0.66368,3.99592,5.91628,33,19,step,0.12,1.79069e+09,-3.4853,52,0.26494
0.121,2,1.5,nan,nan,nan,nan,1.44375,0.699877,0.675398,3.99592,5.91628,33,19,step,0.121,1.79069e+09,-3.46274,52,0.264946
0.122,2,1.5,nan,nan,nan,nan,1.48887,0.757473,0.707357,3.99736,5.91628,33,19,step,0.122,1.79069e+09,-3.47402,52,0.264965
0.123,2,1.5,nan,nan,nan,nan,1.48887,0.757473,0.702031,3.99736,5.91628,33,19,step,0.123,1.79069e+09,-3.45146,52,0.264996
0.124,2,1.5,nan,nan,nan,nan,1.56782,0.755728,0.698835,3.9989,5.91628,33,19,step,0.124,1.79069e+09,-3.42891,52,0.264995
0.125,2,1.5,nan,nan,nan,nan,1.56782,0.755728,0.696704,3.9989,5.91628,33,19,step,0.125,1.79069e+09,-3.42891,52,0.265008
0.126,2,1.5,nan,nan,nan,nan,1.53398,0.74351,0.702031,4.00043,5.91628,33,19,step,0.126,1.79069e+09,-3.46274,52,0.265023
0.127,2,1.5,nan,nan,nan,nan,1.53398,0.74351,0.706292,4.00043,5.91628,33,19,step,0.127,1.79069e+09,-3.42891,52,0.26502
0.128,2,1.5,nan,nan,nan,nan,1.51143,0.682424,0.728663,4.00177,5.91628,33,19,step,0.128,1.79069e+09,-3.45146,52,0.265039
0.129,2,1.5,nan,nan,nan,nan,1.51143,0.682424,0.71588,4.00177,5.91628,33,19,step,0.129,1.79069e+09,-3.4853,52,0.265041
0.13,2,1.5,nan,nan,nan,nan,1.48887,0.69115,0.73612,4.00321,5.91628,33,19,step,0.13,1.79069e+09,-3.44019,52,0.265055
0.131,2,1.5,nan,nan,nan,nan,1.48887,0.69115,0.745708,4.00321,5.91628,33,19,step,0.131,1.79069e+09,-3.46274,52,0.265045
0.132,2,1.5,nan,nan,nan,nan,1.50015,0.773181,0.726533,4.00474,5.91628,33,19,step,0.132,1.79069e+09,-3.45146,52,0.265063
0.133,2,1.5,nan,nan,nan,nan,1.50015,0.773181,0.730794,4.00474,5.91628,33,19,step,0.133,1.79069e+09,-3.45146,52,0.265084
0.134,2,1.5,nan,nan,nan,nan,1.54526,0.82205,0.759557,4.00637,5.91628,33,19,step,0.134,1.79069e+09,-3.42891,52,0.265088
0.135,2,1.5,nan,nan,nan,nan,1.54526,0.82205,0.756361,4.00637,5.91628,33,19,step,0.135,1.79069e+09,-3.42891,52,0.265094
0.136,2,1.5,nan,nan,nan,nan,1.50015,0.829031,0.749969,4.0081,5.91628,33,19,step,0.136,1.79069e+09,-3.44019,52,0.265102
0.137,2,1.5,nan,nan,nan,nan,1.50015,0.829031,0.755296,4.0081,5.91628,33,19,step,0.137,1.79069e+09,-3.42891,52,0.265108
0.138,2,1.5,nan,nan,nan,nan,1.51143,0.752237,0.760622,4.00963,5.91628,33,19,step,0.138,1.79069e+09,-3.41763,52,0.265117
0.139,2,1.5,nan,nan,nan,nan,1.51143,0.752237,0.771275,4.00963,5.91628,33,19,step,0.139,1.79069e+09,-3.44019,52,0.265126
0.14,2,1.5,nan,nan,nan,nan,1.47759,0.750492,0.761687,4.01107,5.91628,33,19,step,0.14,1.79069e+09,-3.45146,52,0.265142
0.141,2,1.5,nan,nan,nan,nan,1.47759,0.750492,0.765949,4.01107,5.91628,33,19,step,0.141,1.79069e+09,-3.41763,52,0.265145
0.142,2,1.5,nan,nan,nan,nan,1.51143,0.832522,0.79045,4.0127,5.91628,33,19,step,0.142,1.79069e+09,-3.42891,52,0.265137
0.143,2,1.5,nan,nan,nan,nan,1.51143,0.832522,0.787254,4.0127,5.91628,33,19,step,0.143,1.79069e+09,-3.42891,52,0.265153
0.144,2,1.5,nan,nan,nan,nan,1.51143,0.897099,0.792581,4.01443,5.91628,33,19,step,0.144,1.79069e+09,-3.30483,52,0.265167
0.145,2,1.5,nan,nan,nan,nan,1.51143,0.897099,0.787254,4.01443,5.91628,33,19,step,0.145,1.79069e+09,-3.45146,52,0.265178
0.146,2,1.5,nan,nan,nan,nan,1.39863,0.858702,0.805364,4.01635,5.91628,33,19,step,0.146,1.79069e+09,-3.40635,52,0.265165
0.147,2,1.5,nan,nan,nan,nan,1.39863,0.858702,0.792581,4.01635,5.91628,33,19,step,0.147,1.79069e+09,-3.42891,52,0.265146
0.148,2,1.5,nan,nan,nan,nan,1.47759,0.773181,0.77021,4.01778,5.91628,33,19,step,0.148,1.79069e+09,-3.45146,52,0.26516
0.149,2,1.5,nan,nan,nan,nan,1.47759,0.773181,0.80643,4.01778,5.91628,33,19,step,0.149,1.79069e+09,-3.46274,52,0.265178
0.15,2,1.5,nan,nan,nan,nan,1.48887,0.802851,0.825605,4.01941,5.91628,33,19,step,0.15,1.79069e+09,-3.44019,52,0.265199
0.151,2,1.5,nan,nan,nan,nan,1.48887,0.802851,0.828801,4.01941,5.91628,33,19,step,0.151,1.79069e+09,-3.38379,52,0.265209
0.152,2,1.5,nan,nan,nan,nan,1.48887,0.888373,0.811756,4.02114,5.91628,33,19,step,0.152,1.79069e+09,-3.42891,52,0.265198
0.153,2,1.5,nan,nan,nan,nan,1.48887,0.888373,0.801103,4.02114,5.91628,33,19,step,0.153,1.79069e+09,-3.40635,52,0.265182
0.154,2,1.5,nan,nan,nan,nan,1.39863,0.98262,0.830932,4.02306,5.91628,33,19,step,0.154,1.79069e+09,-3.42891,52,0.265173
0.155,2,1.5,nan,nan,nan,nan,1.39863,0.98262,0.845846,4.02306,5.91628,33,19,step,0.155,1.79069e+09,-3.44019,52,0.26518
0.156,2,1.5,nan,nan,nan,nan,1.45503,0.933751,0.845846,4.02497,5.91628,33,19,step,0.156,1.79069e+09,-3.47402,52,0.265207
0.157,2,1.5,nan,nan,nan,nan,1.45503,0.933751,0.846911,4.02497,5.91628,33,19,step,0.157,1.79069e+09,-3.40635,52,0.265224
0.158,2,1.5,nan,nan,nan,nan,1.50015,0.858702,0.84478,4.0267,5.91628,33,19,step,0.158,1.79069e+09,-3.38379,52,0.265247
0.159,2,1.5,nan,nan,nan,nan,1.50015,0.858702,0.858629,4.0267,5.91628,33,19,step,0.159,1.79069e+09,-3.39507,52,0.265261
0.16,2,1.5,nan,nan,nan,nan,1.53398,0.84823,0.861825,4.02843,5.91628,33,19,step,0.16,1.79069e+09,-3.39507,52,0.26525
0.161,2,1.5,nan,nan,nan,nan,1.53398,0.84823,0.869282,4.02843,5.91628,33,19,step,0.161,1.79069e+09,-3.46274,52,0.265259
0.162,2,1.5,nan,nan,nan,nan,1.43247,0.916298,0.885262,4.03025,5.91628,33,19,step,0.162,1.79069e+09,-3.42891,52,0.265267
0.163,2,1.5,nan,nan,nan,nan,1.43247,0.916298,0.877805,4.03025,5.91628,33,19,step,0.163,1.79069e+09,-3.41763,52,0.26528
0.164,2,1.5,nan,nan,nan,nan,1.43247,0.919789,0.868217,4.03207,5.91628,33,19,step,0.164,1.79069e+09,-3.39507,52,0.265294
0.165,2,1.5,nan,nan,nan,nan,1.43247,0.919789,0.884196,4.03207,5.91628,33,19,step,0.165,1.79069e+09,-3.38379,52,0.265292
0.166,2,1.5,nan,nan,nan,nan,1.45503,0.928515,0.870348,4.03389,5.91628,33,19,step,0.166,1.79069e+09,-3.39507,52,0.265294
0.167,2,1.5,nan,nan,nan,nan,1.45503,0.928515,0.894849,4.03389,5.91628,33,19,step,0.167,1.79069e+09,-3.40635,52,0.265286
0.168,2,1.5,nan,nan,nan,nan,1.53398,0.933751,0.923612,4.03581,5.91628,33,19,step,0.168,1.79069e+09,-3.42891,52,0.265301
0.169,2,1.5,nan,nan,nan,nan,1.53398,0.933751,0.910829,4.03581,5.91628,33,19,step,0.169,1.79069e+09,-3.44019,52,0.26531
0.17,2,1.5,nan,nan,nan,nan,1.46631,0.97913,0.902307,4.03773,5.91628,33,19,step,0.17,1.79069e+09,-3.28228,52,0.265339
0.171,2,1.5,nan,nan,nan,nan,1.46631,0.97913,0.907633,4.03773,5.91628,33,19,step,0.171,1.79069e+09,-3.38379,52,0.265363
0.172,2,1.5,nan,nan,nan,nan,1.45503,0.987856,0.9332,4.03974,5.91628,33,19,step,0.172,1.79069e+09,-3.37251,52,0.265368
0.173,2,1.5,nan,nan,nan,nan,1.45503,0.987856,0.942788,4.03974,5.91628,33,19,step,0.173,1.79069e+09,-3.36123,52,0.26536
0.174,2,1.5,nan,nan,nan,nan,1.50015,0.95295,0.941723,4.04166,5.91628,33,19,step,0.174,1.79069e+09,-3.38379,52,0.265347
0.175,2,1.5,nan,nan,nan,nan,1.50015,0.95295,0.941723,4.04166,5.91628,33,19,step,0.175,1.79069e+09,-3.41763,52,0.265342
0.176,2,1.5,nan,nan,nan,nan,1.5791,0.95295,0.943853,4.04357,5.91628,33,19,step,0.176,1.79069e+09,-3.41763,52,0.265351
0.177,2,1.5,nan,nan,nan,nan,1.5791,0.95295,0.942788,4.04357,5.91628,33,19,step,0.177,1.79069e+09,-3.271,52,0.265362
0.178,2,1.5,nan,nan,nan,nan,1.48887,0.993092,0.94918,4.04549,5.91628,33,19,step,0.178,1.79069e+09,-3.24844,52,0.265392
0.179,2,1.5,nan,nan,nan,nan,1.48887,0.993092,0.959833,4.04549,5.91628,33,19,step,0.179,1.79069e+09,-3.36123,52,0.265414
0.18,2,1.5,nan,nan,nan,nan,1.46631,0.991347,0.953441,4.0475,5.91628,33,19,step,0.18,1.79069e+09,-3.36123,52,0.265386
0.181,2,1.5,nan,nan,nan,nan,1.46631,0.991347,0.966224,4.0475,5.91628,33,19,step,0.181,1.79069e+09,-3.37251,52,0.265387
0.182,2,1.5,nan,nan,nan,nan,1.51143,1.01927,0.953441,4.04952,5.91628,33,19,step,0.182,1.79069e+09,-3.42891,52,0.265405
0.183,2,1.5,nan,nan,nan,nan,1.51143,1.01927,0.965159,4.04952,5.91628,33,19,step,0.183,1.79069e+09,-3.38379,52,0.265407
0.184,2,1.5,nan,nan,nan,nan,1.55654,1.04545,0.996053,4.05172,5.91628,33,19,step,0.184,1.79069e+09,-3.24844,52,0.265433
0.185,2,1.5,nan,nan,nan,nan,1.55654,1.04545,0.981138,4.05172,5.91628,33,19,step,0.185,1.79069e+09,-3.24844,52,0.265431
0.186,2,1.5,nan,nan,nan,nan,1.54526,1.03847,0.977943,4.05383,5.91628,33,19,step,0.186,1.79069e+09,-3.34995,52,0.265424
0.187,2,1.5,nan,nan,nan,nan,1.54526,1.03847,0.980073,4.05383,5.91628,33,19,step,0.187,1.79069e+09,-3.37251,52,0.265425
0.188,2,1.5,nan,nan,nan,nan,1.39863,0.95644,0.999249,4.05575,5.91628,33,19,step,0.188,1.79069e+09,-3.38379,52,0.265423
0.189,2,1.5,nan,nan,nan,nan,1.39863,0.95644,0.996053,4.05575,5.91628,33,19,step,0.189,1.79069e+09,-3.39507,52,0.265431
0.19,2,1.5,nan,nan,nan,nan,1.45503,1.00007,1.00031,4.05776,5.91628,33,19,step,0.19,1.79069e+09,-3.25972,52,0.265468
0.191,2,1.5,nan,nan,nan,nan,1.45503,1.00007,1.00564,4.05776,5.91628,33,19,step,0.191,1.79069e+09,-3.36123,52,0.265503
0.192,2,1.5,nan,nan,nan,nan,1.39863,1.06465,0.997118,4.05987,5.91628,33,19,step,0.192,1.79069e+09,-3.31611,52,0.265516
0.193,2,1.5,nan,nan,nan,nan,1.39863,1.06465,1.01203,4.05987,5.91628,33,19,step,0.193,1.79069e+09,-3.18076,52,0.265471
0.194,2,1.5,nan,nan,nan,nan,1.43247,1.07861,1.01629,4.06189,5.91628,33,19,step,0.194,1.79069e+09,-3.33867,52,0.265453
0.195,2,1.5,nan,nan,nan,nan,1.43247,1.07861,1.01736,4.06189,5.91628,33,19,step,0.195,1.79069e+09,-3.29355,52,0.265438
0.196,2,1.5,nan,nan,nan,nan,1.46631,1.06989,1.02162,4.06419,5.91628,33,19,step,0.196,1.79069e+09,-3.36123,52,0.265439
0.197,2,1.5,nan,nan,nan,nan,1.46631,1.06989,1.03227,4.06419,5.91628,33,19,step,0.197,1.79069e+09,-3.36123,52,0.265456
0.198,2,1.5,nan,nan,nan,nan,1.50015,1.12225,1.03334,4.06639,5.91628,33,19,step,0.198,1.79069e+09,-3.23716,52,0.265454
0.199,2,1.5,nan,nan,nan,nan,1.50015,1.12225,1.05891,4.06639,5.91628,33,19,step,0.199,1.79069e+09,-3.2146,52,0.265466
0.2,2,1.5,nan,nan,nan,nan,1.43247,1.13795,1.04186,4.0685,5.91637,33,19,step,0.2,1.79069e+09,-3.23716,52,0.265472
0.201,2,1.5,nan,nan,nan,nan,1.43247,1.13795,1.03653,4.0685,5.91637,33,19,step,0.201,1.79069e+09,-3.2146,52,0.265467
0.202,2,1.5,nan,nan,nan,nan,1.46631,1.07163,1.03334,4.07071,5.91637,33,19,step,0.202,1.79069e+09,-3.2146,52,0.265474
0.203,2,1.5,nan,nan,nan,nan,1.46631,1.07163,1.0376,4.07071,5.91637,33,19,step,0.203,1.79069e+09,-3.25972,52,0.265493
0.204,2,1.5,nan,nan,nan,nan,1.51143,1.06116,1.05571,4.07281,5.91637,33,19,step,0.204,1.79069e+09,-3.25972,52,0.265507
0.205,2,1.5,nan,nan,nan,nan,1.51143,1.06116,1.05891,4.07281,5.91637,33,19,step,0.205,1.79069e+09,-3.20332,52,0.265518
0.206,2,1.5,nan,nan,nan,nan,1.53398,1.13795,1.06849,4.07521,5.91637,33,19,step,0.206,1.79069e+09,-3.2146,52,0.265527
0.207,2,1.5,nan,nan,nan,nan,1.53398,1.13795,1.05358,4.07521,5.91637,33,19,step,0.207,1.79069e+09,-3.18076,52,0.265538
0.208,2,1.5,nan,nan,nan,nan,1.40991,1.16239,1.0653,4.07751,5.91637,33,19,step,0.208,1.79069e+09,-3.22588,52,0.265515
0.209,2,1.5,nan,nan,nan,nan,1.40991,1.16239,1.08447,4.07751,5.91637,33,19,step,0.209,1.79069e+09,-3.20332,52,0.265488
0.21,2,1.5,nan,nan,nan,nan,1.52271,1.12748,1.09299,4.07962,5.91637,33,19,step,0.21,1.79069e+09,-3.23716,52,0.265487
0.211,2,1.5,nan,nan,nan,nan,1.52271,1.12748,1.10578,4.07962,5.91637,33,19,step,0.211,1.79069e+09,-3.23716,52,0.265496
0.212,2,1.5,nan,nan,nan,nan,1.53398,1.10654,1.09619,4.08183,5.91637,33,19,step,0.212,1.79069e+09,-3.22588,52,0.265511
0.213,2,1.5,nan,nan,nan,nan,1.53398,1.10654,1.10684,4.08183,5.91637,33,19,step,0.213,1.79069e+09,-3.20332,52,0.265521
0.214,2,1.5,nan,nan,nan,nan,1.45503,1.11527,1.10791,4.08413,5.91637,33,19,step,0.214,1.79069e+09,-3.20332,52,0.265536
0.215,2,1.5,nan,nan,nan,nan,1.45503,1.11527,1.11004,4.08413,5.91637,33,19,step,0.215,1.79069e+09,-3.19204,52,0.265545
0.216,2,1.5,nan,nan,nan,nan,1.47759,1.10828,1.11856,4.08633,5.91637,33,19,step,0.216,1.79069e+09,-3.2146,52,0.265548
0.217,2,1.5,nan,nan,nan,nan,1.47759,1.10828,1.12176,4.08633,5.91637,33,19,step,0.217,1.79069e+09,-3.2146,52,0.26554
0.218,2,1.5,nan,nan,nan,nan,1.56782,1.13272,1.12069,4.08854,5.91637,33,19,step,0.218,1.79069e+09,-3.19204,52,0.265546
0.219,2,1.5,nan,nan,nan,nan,1.56782,1.13272,1.11537,4.08854,5.91637,33,19,step,0.219,1.79069e+09,-3.22588,52,0.26557
0.22,2,1.5,nan,nan,nan,nan,1.45503,1.213,1.13561,4.09113,5.91637,33,19,step,0.22,1.79069e+09,-3.1582,52,0.265582
0.221,2,1.5,nan,nan,nan,nan,1.45503,1.213,1.13348,4.09113,5.91637,33,19,step,0.221,1.79069e+09,-3.13564,52,0.265568
0.222,2,1.5,nan,nan,nan,nan,1.48887,1.19904,1.15372,4.09333,5.91637,33,19,step,0.222,1.79069e+09,-3.19204,52,0.265543
0.223,2,1.5,nan,nan,nan,nan,1.48887,1.19904,1.15159,4.09333,5.91637,33,19,step,0.223,1.79069e+09,-3.22588,52,0.265542
0.224,2,1.5,nan,nan,nan,nan,1.60166,1.17286,1.15052,4.09592,5.91637,33,19,step,0.224,1.79069e+09,-3.20332,52,0.265547
0.225,2,1.5,nan,nan,nan,nan,1.60166,1.17286,1.15052,4.09592,5.91637,33,19,step,0.225,1.79069e+09,-3.18076,52,0.265531
0.226,2,1.5,nan,nan,nan,nan,1.47759,1.19031,1.15372,4.09822,5.91637,33,19,step,0.226,1.79069e+09,-3.20332,52,0.265534
0.227,2,1.5,nan,nan,nan,nan,1.47759,1.19031,1.16437,4.09822,5.91637,33,19,step,0.227,1.79069e+09,-3.19204,52,0.265547
0.228,2,1.5,nan,nan,nan,nan,1.35352,1.19381,1.17928,4.10062,5.91637,33,19,step,0.228,1.79069e+09,-3.16948,52,0.265544
0.229,2,1.5,nan,nan,nan,nan,1.35352,1.19381,1.18354,4.10062,5.91647,33,19,step,0.229,1.79069e+09,-3.16948,52,0.265541
0.23,2,1.5,nan,nan,nan,nan,1.60166,1.24966,1.17289,4.10311,5.91647,33,19,step,0.23,1.79069e+09,-3.20332,52,0.265534
0.231,2,1.5,nan,nan,nan,nan,1.60166,1.24966,1.19846,4.10311,5.91647,33,19,step,0.231,1.79069e+09,-3.20332,52,0.265543
0.232,2,1.5,nan,nan,nan,nan,1.47759,1.25664,1.18674,4.10551,5.91647,33,19,step,0.232,1.79069e+09,-3.20332,52,0.265571
0.233,2,1.5,nan,nan,nan,nan,1.47759,1.25664,1.17928,4.10551,5.91647,33,19,step,0.233,1.79069e+09,-3.1582,52,0.265598
0.234,2,1.5,nan,nan,nan,nan,1.45503,1.16937,1.17822,4.108,5.91647,33,19,step,0.234,1.79069e+09,-3.28228,52,0.265604
0.235,2,1.5,nan,nan,nan,nan,1.45503,1.16937,1.18674,4.108,5.91647,33,19,step,0.235,1.79069e+09,-3.13564,52,0.265582
0.236,2,1.5,nan,nan,nan,nan,1.53398,1.16763,1.19633,4.1103,5.91647,33,19,step,0.236,1.79069e+09,-3.16948,52,0.265564
0.237,2,1.5,nan,nan,nan,nan,1.53398,1.16763,1.21657,4.1103,5.91656,33,19,step,0.237,1.79069e+09,-3.19204,52,0.265561
0.238,2,1.5,nan,nan,nan,nan,1.44375,1.23744,1.20911,4.11279,5.91656,33,19,step,0.238,1.79069e+09,-3.16948,52,0.265577
0.239,2,1.5,nan,nan,nan,nan,1.44375,1.23744,1.20911,4.11279,5.91656,33,19,step,0.239,1.79069e+09,-3.1582,52,0.265588
0.24,2,1.5,nan,nan,nan,nan,1.47759,1.2514,1.20911,4.11529,5.91656,33,19,step,0.24,1.79069e+09,-3.12437,52,0.265554
0.241,2,1.5,nan,nan,nan,nan,1.47759,1.2514,1.20485,4.11529,5.91656,33,19,step,0.241,1.79069e+09,-3.13564,52,0.265529
0.242,2,1.5,nan,nan,nan,nan,1.55654,1.27758,1.21231,4.11788,5.91656,33,19,step,0.242,1.79069e+09,-3.28228,52,0.26553
0.243,2,1.5,nan,nan,nan,nan,1.55654,1.27758,1.23042,4.11788,5.91656,33,19,step,0.243,1.79069e+09,-3.14692,52,0.265556
0.244,2,1.5,nan,nan,nan,nan,1.51143,1.32645,1.24107,4.12046,5.91656,33,19,step,0.244,1.79069e+09,-3.30483,52,0.265556
0.245,2,1.5,nan,nan,nan,nan,1.51143,1.32645,1.2464,4.12046,5.91656,33,19,step,0.245,1.79069e+09,-3.11309,52,0.265542
0.246,2,1.5,nan,nan,nan,nan,1.54526,1.27758,1.22296,4.12305,5.91656,33,19,step,0.246,1.79069e+09,-3.25972,52,0.265518
0.247,2,1.5,nan,nan,nan,nan,1.54526,1.27758,1.2187,4.12305,5.91656,33,19,step,0.247,1.79069e+09,-3.28228,52,0.265525
0.248,2,1.5,nan,nan,nan,nan,1.6355,1.25838,1.24427,4.12555,5.91656,33,19,step,0.248,1.79069e+09,-3.1582,52,0.26553
0.249,2,1.5,nan,nan,nan,nan,1.6355,1.25838,1.26557,4.12555,5.91666,33,19,step,0.249,1.79069e+09,-3.1582,52,0.265507
0.25,2,1.5,nan,nan,nan,nan,1.51143,1.33343,1.26025,4.12823,5.91666,33,19,step,0.25,1.79069e+09,-3.1582,52,0.265499
0.251,2,1.5,nan,nan,nan,nan,1.51143,1.33343,1.22509,4.12823,5.91666,33,19,step,0.251,1.79069e+09,-3.29355,52,0.265505
0.252,2,1.5,nan,nan,nan,nan,1.51143,1.309,1.26557,4.13082,5.91666,33,19,step,0.252,1.79069e+09,-3.28228,52,0.265518
0.253,2,1.5,nan,nan,nan,nan,1.51143,1.309,1.27196,4.13082,5.91666,33,19,step,0.253,1.79069e+09,-3.13564,52,0.265528
0.254,2,1.5,nan,nan,nan,nan,1.60166,1.23918,1.29007,4.13331,5.91666,33,19,step,0.254,1.79069e+09,-3.271,52,0.265532
0.255,2,1.5,nan,nan,nan,nan,1.60166,1.23918,1.29007,4.13331,5.91666,33,19,step,0.255,1.79069e+09,-3.14692,52,0.265535
0.256,2,1.5,nan,nan,nan,nan,1.48887,1.28107,1.28901,4.1359,5.91666,33,19,step,0.256,1.79069e+09,-3.24844,52,0.265516
0.257,2,1.5,nan,nan,nan,nan,1.48887,1.28107,1.27303,4.1359,5.91666,33,19,step,0.257,1.79069e+09,-3.14692,52,0.265495
0.258,2,1.5,nan,nan,nan,nan,1.42119,1.26885,1.29221,4.13849,5.91676,33,19,step,0.258,1.79069e+09,-3.1582,52,0.265506
0.259,2,1.5,nan,nan,nan,nan,1.42119,1.26885,1.30286,4.13849,5.91676,33,19,step,0.259,1.79069e+09,-3.271,52,0.265503
0.26,2,1.5,nan,nan,nan,nan,1.48887,1.30725,1.29114,4.14108,5.91676,33,19,step,0.26,1.79069e+09,-3.2146,52,0.265515
0.261,2,1.5,nan,nan,nan,nan,1.48887,1.30725,1.30499,4.14108,5.91676,33,19,step,0.261,1.79069e+09,-3.23716,52,0.265499
0.262,2,1.5,nan,nan,nan,nan,1.33096,1.39103,1.30712,4.14376,5.91676,33,19,step,0.262,1.79069e+09,-3.10181,52,0.265454
0.263,2,1.5,nan,nan,nan,nan,1.33096,1.39103,1.29007,4.14376,5.91685,33,19,step,0.263,1.79069e+09,-3.29355,52,0.265418
0.264,2,1.5,nan,nan,nan,nan,1.36479,1.39801,1.31245,4.14664,5.91685,33,19,step,0.264,1.79069e+09,-3.30483,52,0.265404
0.265,2,1.5,nan,nan,nan,nan,1.36479,1.39801,1.3199,4.14664,5.91685,33,19,step,0.265,1.79069e+09,-3.1582,52,0.26542
0.266,2,1.5,nan,nan,nan,nan,1.45503,1.39277,1.31245,4.14942,5.91685,33,19,step,0.266,1.79069e+09,-3.23716,52,0.265446
0.267,2,1.5,nan,nan,nan,nan,1.45503,1.39277,1.31351,4.14942,5.91685,33,19,step,0.267,1.79069e+09,-3.23716,52,0.265437
0.268,2,1.5,nan,nan,nan,nan,1.46631,1.37532,1.32203,4.1521,5.91685,33,19,step,0.268,1.79069e+09,-3.22588,52,0.265422
0.269,2,1.5,nan,nan,nan,nan,1.46631,1.37532,1.33908,4.1521,5.91685,33,19,step,0.269,1.79069e+09,-3.25972,52,0.265423
0.27,2,1.5,nan,nan,nan,nan,1.48887,1.41546,1.32949,4.15498,5.91685,33,19,step,0.27,1.79069e+09,-3.24844,52,0.265411
0.271,2,1.5,nan,nan,nan,nan,1.48887,1.41546,1.33162,4.15498,5.91695,33,19,step,0.271,1.79069e+09,-3.24844,52,0.265384
0.272,2,1.5,nan,nan,nan,nan,1.46631,1.43815,1.33375,4.15785,5.91695,33,19,step,0.272,1.79069e+09,-3.24844,52,0.265384
0.273,2,1.5,nan,nan,nan,nan,1.46631,1.43815,1.34547,4.15785,5.91695,33,19,step,0.273,1.79069e+09,-3.13564,52,0.26539
0.274,2,1.5,nan,nan,nan,nan,1.50015,1.38056,1.36678,4.16083,5.91695,33,19,step,0.274,1.79069e+09,-3.2146,52,0.265353
0.275,2,1.5,nan,nan,nan,nan,1.50015,1.38056,1.35612,4.16083,5.91695,33,19,step,0.275,1.79069e+09,-3.22588,52,0.265319
0.276,2,1.5,nan,nan,nan,nan,1.52271,1.3823,1.36251,4.16342,5.91695,33,19,step,0.276,1.79069e+09,-3.28228,52,0.265316
0.277,2,1.5,nan,nan,nan,nan,1.52271,1.3823,1.36891,4.16342,5.91704,33,19,step,0.277,1.79069e+09,-3.24844,52,0.265298
0.278,2,1.5,nan,nan,nan,nan,1.39863,1.41372,1.37956,4.1662,5.91704,33,19,step,0.278,1.79069e+09,-3.20332,52,0.265289
0.279,2,1.5,nan,nan,nan,nan,1.39863,1.41372,1.36465,4.1662,5.91704,33,19,step,0.279,1.79069e+09,-3.23716,52,0.265297
0.28,2,1.5,nan,nan,nan,nan,1.42119,1.42419,1.36358,4.16907,5.91704,33,19,step,0.28,1.79069e+09,-3.2146,52,0.265293
0.281,2,1.5,nan,nan,nan,nan,1.42119,1.42419,1.3721,4.16907,5.91704,33,19,step,0.281,1.79069e+09,-3.19204,52,0.265281
0.282,2,1.5,nan,nan,nan,nan,1.46631,1.50098,1.38808,4.17204,5.91704,33,19,step,0.282,1.79069e+09,-3.22588,52,0.265251
0.283,2,1.5,nan,nan,nan,nan,1.46631,1.50098,1.38169,4.17204,5.91714,33,19,step,0.283,1.79069e+09,-3.22588,52,0.265218
0.284,2,1.5,nan,nan,nan,nan,1.45503,1.46782,1.38489,4.17502,5.91714,33,19,step,0.284,1.79069e+09,-3.24844,52,0.265201
0.285,2,1.5,nan,nan,nan,nan,1.45503,1.46782,1.39341,4.17502,5.91714,33,19,step,0.285,1.79069e+09,-3.24844,52,0.265198
0.286,2,1.5,nan,nan,nan,nan,1.56782,1.43641,1.40513,4.17789,5.91714,33,19,step,0.286,1.79069e+09,-3.22588,52,0.265202
0.287,2,1.5,nan,nan,nan,nan,1.56782,1.43641,1.403,4.17789,5.91724,33,19,step,0.287,1.79069e+09,-3.2146,52,0.2652
0.288,2,1.5,nan,nan,nan,nan,1.47759,1.50971,1.41898,4.18086,5.91724,33,19,step,0.288,1.79069e+09,-3.19204,52,0.265184
0.289,2,1.5,nan,nan,nan,nan,1.47759,1.50971,1.41684,4.18086,5.91724,33,19,step,0.289,1.79069e+09,-3.23716,52,0.265172
0.29,2,1.5,nan,nan,nan,nan,1.44375,1.50971,1.41898,4.18393,5.91724,33,19,step,0.29,1.79069e+09,-3.22588,52,0.265167
0.291,2,1.5,nan,nan,nan,nan,1.44375,1.50971,1.42963,4.18393,5.91724,33,19,step,0.291,1.79069e+09,-3.20332,52,0.265168
0.292,2,1.5,nan,nan,nan,nan,1.50015,1.4399,1.43069,4.18681,5.91733,33,19,step,0.292,1.79069e+09,-3.18076,52,0.265159
0.293,2,1.5,nan,nan,nan,nan,1.50015,1.4399,1.43922,4.18681,5.91733,33,19,step,0.293,1.79069e+09,-3.19204,52,0.265149
0.294,2,1.5,nan,nan,nan,nan,1.38735,1.43641,1.44241,4.18969,5.91733,33,19,step,0.294,1.79069e+09,-3.20332,52,0.265137
0.295,2,1.5,nan,nan,nan,nan,1.38735,1.43641,1.452,4.18969,5.91733,33,19,step,0.295,1.79069e+09,-3.20332,52,0.265108
0.296,2,1.5,nan,nan,nan,nan,1.5791,1.42419,1.47331,4.19256,5.91733,33,19,step,0.296,1.79069e+09,-3.20332,52,0.265076
0.297,2,1.5,nan,nan,nan,nan,1.5791,1.42419,1.4488,4.19256,5.91743,33,19,step,0.297,1.79069e+09,-3.22588,52,0.265042
0.298,2,1.5,nan,nan,nan,nan,1.36479,1.52193,1.43815,4.19553,5.91743,33,19,step,0.298,1.79069e+09,-3.20332,52,0.265015
0.299,2,1.5,nan,nan,nan,nan,1.36479,1.52193,1.4488,4.19553,5.91743,33,19,step,0.299,1.79069e+09,-3.2146,52,0.264986
0.3,2,-1.5,nan,nan,nan,nan,1.44375,1.55334,1.46691,4.1986,5.91743,33,19,step,0.3,1.79069e+09,-3.20332,52,0.264966
0.301,2,-1.5,nan,nan,nan,nan,1.44375,1.55334,1.45839,4.1986,5.91743,33,19,step,0.301,1.79069e+09,-3.18076,52,0.264953
0.302,2,-1.5,nan,nan,nan,nan,1.50015,1.54636,1.46691,4.20177,5.91752,33,19,step,0.302,1.79069e+09,-3.19204,52,0.264936
0.303,2,-1.5,nan,nan,nan,nan,1.50015,1.54636,1.4765,4.20177,5.91752,33,19,step,0.303,1.79069e+09,-3.11309,52,0.264909
0.304,2,-1.5,nan,nan,nan,nan,0.0112793,1.35263,1.46159,4.20455,5.91752,33,19,step,0.304,1.79069e+09,-3.16948,52,0.264896
0.305,2,-1.5,nan,nan,nan,nan,0.0112793,1.35263,1.44561,4.20455,5.91752,33,19,step,0.305,1.79069e+09,-3.14692,52,0.264873
0.306,2,-1.5,nan,nan,nan,nan,-0.0338379,0.972148,1.47118,4.20675,5.91752,33,19,step,0.306,1.79069e+09,-3.12437,52,0.264883
0.307,2,-1.5,nan,nan,nan,nan,-0.0338379,0.972148,1.4765,4.20675,5.91762,33,19,step,0.307,1.79069e+09,-3.20332,52,0.264852
0.308,2,-1.5,nan,nan,nan,nan,-0.15791,0.935496,1.47544,4.20867,5.91762,33,19,step,0.308,1.79069e+09,-3.14692,52,0.264812
0.309,2,-1.5,nan,nan,nan,nan,-0.15791,0.935496,1.47757,4.20867,5.91762,33,19,step,0.309,1.79069e+09,-3.22588,52,0.26477
0.31,2,-1.5,nan,nan,nan,nan,-0.676758,0.938987,1.47544,4.21039,5.91771,33,19,step,0.31,1.79069e+09,-3.19204,52,0.264723
0.311,2,-1.5,nan,nan,nan,nan,-0.676758,0.938987,1.46265,4.21039,5.91771,33,19,step,0.311,1.79069e+09,-3.18076,52,0.264649
0.312,2,-1.5,nan,nan,nan,nan,-1.10537,1.0664,1.44028,4.21241,5.91771,33,19,step,0.312,1.79069e+09,-3.1582,52,0.26455
0.313,2,-1.5,nan,nan,nan,nan,-1.10537,1.0664,1.41258,4.21241,5.91771,33,19,step,0.313,1.79069e+09,-3.18076,52,0.264521
0.314,2,-1.5,nan,nan,nan,nan,-1.52271,1.4591,1.41365,4.21528,5.91771,33,19,step,0.314,1.79069e+09,-3.20332,52,0.26447
0.315,2,-1.5,nan,nan,nan,nan,-1.52271,1.4591,1.41258,4.21528,5.91771,33,19,step,0.315,1.79069e+09,-3.14692,52,0.264429
0.316,2,-1.5,nan,nan,nan,nan,-1.40991,1.57429,1.39447,4.21835,5.91771,33,19,step,0.316,1.79069e+09,-3.12437,52,0.264352
0.317,2,-1.5,nan,nan,nan,nan,-1.40991,1.57429,1.37636,4.21835,5.91771,33,19,step,0.317,1.79069e+09,-3.1582,52,0.264237
0.318,2,-1.5,nan,nan,nan,nan,-1.42119,1.50447,1.38276,4.22142,5.91771,33,19,step,0.318,1.79069e+09,-3.1582,52,0.26416
0.319,2,-1.5,nan,nan,nan,nan,-1.42119,1.50447,1.35612,4.22142,5.91781,33,19,step,0.319,1.79069e+09,-3.24844,52,0.264069
0.32,2,-1.5,nan,nan,nan,nan,-1.36479,1.30376,1.33588,4.2241,5.91781,33,19,step,0.32,1.79069e+09,-3.2146,52,0.264023
0.321,2,-1.5,nan,nan,nan,nan,-1.36479,1.30376,1.34121,4.2241,5.91781,33,19,step,0.321,1.79069e+09,-3.22588,52,0.263948
0.322,2,-1.5,nan,nan,nan,nan,-1.3084,1.20253,1.34014,4.2266,5.91781,33,19,step,0.322,1.79069e+09,-3.20332,52,0.263862
0.323,2,-1.5,nan,nan,nan,nan,-1.3084,1.20253,1.30925,4.2266,5.91791,33,19,step,0.323,1.79069e+09,-3.24844,52,0.263834
0.324,2,-1.5,nan,nan,nan,nan,-1.44375,1.27758,1.31245,4.22909,5.91791,33,19,step,0.324,1.79069e+09,-3.19204,52,0.263801
0.325,2,-1.5,nan,nan,nan,nan,-1.44375,1.27758,1.28794,4.22909,5.91791,33,19,step,0.325,1.79069e+09,-3.1582,52,0.263711
0.326,2,-1.5,nan,nan,nan,nan,-1.45503,1.28282,1.2709,4.23168,5.91791,33,19,step,0.326,1.79069e+09,-3.18076,52,0.263637
0.327,2,-1.5,nan,nan,nan,nan,-1.45503,1.28282,1.23681,4.23168,5.918,33,19,step,0.327,1.79069e+09,-3.22588,52,0.263546
0.328,2,-1.5,nan,nan,nan,nan,-1.35352,1.30725,1.22509,4.23427,5.918,33,19,step,0.328,1.79069e+09,-3.2146,52,0.263498
0.329,2,-1.5,nan,nan,nan,nan,-1.35352,1.30725,1.24427,4.23427,5.918,33,19,step,0.329,1.79069e+09,-3.18076,52,0.263415
0.33,2,-1.5,nan,nan,nan,nan,-1.39863,1.26536,1.21444,4.23685,5.918,33,19,step,0.33,1.79069e+09,-3.18076,52,0.263327
0.331,2,-1.5,nan,nan,nan,nan,-1.39863,1.26536,1.18781,4.23685,5.918,33,19,step,0.331,1.79069e+09,-3.22588,52,0.263272
0.332,2,-1.5,nan,nan,nan,nan,-1.40991,1.09258,1.19846,4.23916,5.9181,33,19,step,0.332,1.79069e+09,-3.23716,52,0.263208
0.333,2,-1.5,nan,nan,nan,nan,-1.40991,1.09258,1.17502,4.23916,5.9181,33,19,step,0.333,1.79069e+09,-3.20332,52,0.263172
0.334,2,-1.5,nan,nan,nan,nan,-1.38735,1.12923,1.15478,4.24136,5.9181,33,19,step,0.334,1.79069e+09,-3.2146,52,0.263128
0.335,2,-1.5,nan,nan,nan,nan,-1.38735,1.12923,1.142,4.24136,5.9181,33,19,step,0.335,1.79069e+09,-3.20332,52,0.263084
0.336,2,-1.5,nan,nan,nan,nan,-1.50015,1.21126,1.14306,4.24376,5.91819,33,19,step,0.336,1.79069e+09,-3.18076,52,0.26305
0.337,2,-1.5,nan,nan,nan,nan,-1.50015,1.21126,1.12921,4.24376,5.91819,33,19,step,0.337,1.79069e+09,-3.18076,52,0.262983
0.338,2,-1.5,nan,nan,nan,nan,-1.55654,1.10305,1.10897,4.24596,5.91819,33,19,step,0.338,1.79069e+09,-3.19204,52,0.262931
0.339,2,-1.5,nan,nan,nan,nan,-1.55654,1.10305,1.11324,4.24596,5.91819,33,19,step,0.339,1.79069e+09,-3.19204,52,0.262869
0.34,2,-1.5,nan,nan,nan,nan,-1.47759,1.0664,1.09513,4.24817,5.91829,33,19,step,0.34,1.79069e+09,-3.2146,52,0.262786
0.341,2,-1.5,nan,nan,nan,nan,-1.47759,1.0664,1.0653,4.24817,5.91829,33,19,step,0.341,1.79069e+09,-3.14692,52,0.26274
0.342,2,-1.5,nan,nan,nan,nan,-1.55654,1.17112,1.04612,4.25047,5.91829,33,19,step,0.342,1.79069e+09,-3.2146,52,0.262667
0.343,2,-1.5,nan,nan,nan,nan,-1.55654,1.17112,1.05997,4.25047,5.91829,33,19,step,0.343,1.79069e+09,-3.18076,52,0.262581
0.344,2,-1.5,nan,nan,nan,nan,-1.5791,1.1013,1.04612,4.25267,5.91829,33,19,step,0.344,1.79069e+09,-3.19204,52,0.262545
0.345,2,-1.5,nan,nan,nan,nan,-1.5791,1.1013,1.02588,4.25267,5.91829,33,19,step,0.345,1.79069e+09,-3.20332,52,0.262503
0.346,2,-1.5,nan,nan,nan,nan,-1.52271,0.954695,0.993922,4.25459,5.91829,33,19,step,0.346,1.79069e+09,-3.12437,52,0.26245
0.347,2,-1.5,nan,nan,nan,nan,-1.52271,0.954695,0.999249,4.25459,5.91829,33,19,step,0.347,1.79069e+09,-3.1582,52,0.262376
0.348,2,-1.5,nan,nan,nan,nan,-1.51143,1.02276,1.01842,4.2566,5.91829,33,19,step,0.348,1.79069e+09,-3.20332,52,0.262335
0.349,2,-1.5,nan,nan,nan,nan,-1.51143,1.02276,0.96729,4.2566,5.91839,33,19,step,0.349,1.79069e+09,-3.1582,52,0.262324
0.35,2,-1.5,nan,nan,nan,nan,-1.55654,1.09781,0.942788,4.25881,5.91839,33,19,step,0.35,1.79069e+09,-3.1582,52,0.262278
0.351,2,-1.5,nan,nan,nan,nan,-1.55654,1.09781,0.95131,4.25881,5.91839,33,19,step,0.351,1.79069e+09,-3.13564,52,0.262254
0.352,2,-1.5,nan,nan,nan,nan,-1.51143,0.95295,0.948114,4.26082,5.91839,33,19,step,0.352,1.79069e+09,-3.18076,52,0.262216
0.353,2,-1.5,nan,nan,nan,nan,-1.51143,0.95295,0.910829,4.26082,5.91839,33,19,step,0.353,1.79069e+09,-3.14692,52,0.262166
0.354,2,-1.5,nan,nan,nan,nan,-1.40991,0.842994,0.902307,4.26255,5.91848,33,19,step,0.354,1.79069e+09,-3.16948,52,0.26214
0.355,2,-1.5,nan,nan,nan,nan,-1.40991,0.842994,0.908698,4.26255,5.91848,33,19,step,0.355,1.79069e+09,-3.14692,52,0.262087
0.356,2,-1.5,nan,nan,nan,nan,-1.43247,0.890118,0.888458,4.26427,5.91848,33,19,step,0.356,1.79069e+09,-3.1582,52,0.262057
0.357,2,-1.5,nan,nan,nan,nan,-1.43247,0.890118,0.883131,4.26427,5.91848,33,19,step,0.357,1.79069e+09,-3.09053,52,0.262001
0.358,2,-1.5,nan,nan,nan,nan,-1.47759,0.919789,0.872478,4.2661,5.91848,33,19,step,0.358,1.79069e+09,-3.14692,52,0.261949
0.359,2,-1.5,nan,nan,nan,nan,-1.47759,0.919789,0.862891,4.2661,5.91848,33,19,step,0.359,1.79069e+09,-3.16948,52,0.261851
0.36,2,-1.5,nan,nan,nan,nan,-1.50015,0.811578,0.849042,4.26782,5.91848,33,19,step,0.36,1.79069e+09,-3.16948,52,0.261815
0.361,2,-1.5,nan,nan,nan,nan,-1.50015,0.811578,0.809626,4.26782,5.91848,33,19,step,0.361,1.79069e+09,-3.20332,52,0.261764
0.362,2,-1.5,nan,nan,nan,nan,-1.43247,0.762709,0.791516,4.26945,5.91848,33,19,step,0.362,1.79069e+09,-3.13564,52,0.261754
0.363,2,-1.5,nan,nan,nan,nan,-1.43247,0.762709,0.775536,4.26945,5.91848,33,19,step,0.363,1.79069e+09,-3.14692,52,0.261751
0.364,2,-1.5,nan,nan,nan,nan,-1.47759,0.827286,0.779797,4.27108,5.91848,33,19,step,0.364,1.79069e+09,-3.09053,52,0.261708
0.365,2,-1.5,nan,nan,nan,nan,-1.47759,0.827286,0.768079,4.27108,5.91848,33,19,step,0.365,1.79069e+09,-3.13564,52,0.261685
0.366,2,-1.5,nan,nan,nan,nan,-1.50015,0.837758,0.753165,4.27271,5.91848,33,19,step,0.366,1.79069e+09,-3.14692,52,0.261639
0.367,2,-1.5,nan,nan,nan,nan,-1.50015,0.837758,0.724402,4.27271,5.91858,33,19,step,0.367,1.79069e+09,-3.1582,52,0.261584
0.368,2,-1.5,nan,nan,nan,nan,-1.45503,0.741765,0.730794,4.27415,5.91858,33,19,step,0.368,1.79069e+09,-3.11309,52,0.261548
0.369,2,-1.5,nan,nan,nan,nan,-1.45503,0.741765,0.728663,4.27415,5.91858,33,19,step,0.369,1.79069e+09,-3.13564,52,0.261485
0.37,2,-1.5,nan,nan,nan,nan,-1.46631,0.637045,0.707357,4.27549,5.91858,33,19,step,0.37,1.79069e+09,-3.14692,52,0.261441
0.371,2,-1.5,nan,nan,nan,nan,-1.46631,0.637045,0.669006,4.27549,5.91858,33,19,step,0.371,1.79069e+09,-3.13564,52,0.261363
0.372,2,-1.5,nan,nan,nan,nan,-1.43247,0.659734,0.673268,4.27674,5.91858,33,19,step,0.372,1.79069e+09,-3.18076,52,0.261336
0.373,2,-1.5,nan,nan,nan,nan,-1.43247,0.659734,0.666876,4.27674,5.91858,33,19,step,0.373,1.79069e+09,-3.14692,52,0.261331
0.374,2,-1.5,nan,nan,nan,nan,-1.38735,0.726057,0.620003,4.27818,5.91858,33,19,step,0.374,1.79069e+09,-3.12437,52,0.261287
0.375,2,-1.5,nan,nan,nan,nan,-1.38735,0.726057,0.618938,4.27818,5.91858,33,19,step,0.375,1.79069e+09,-3.09053,52,0.261267
0.376,2,-1.5,nan,nan,nan,nan,-1.37607,0.699877,0.614676,4.27961,5.91858,33,19,step,0.376,1.79069e+09,-3.13564,52,0.26121
0.377,2,-1.5,nan,nan,nan,nan,-1.37607,0.699877,0.581652,4.27961,5.91858,33,19,step,0.377,1.79069e+09,-3.13564,52,0.261143
0.378,2,-1.5,nan,nan,nan,nan,-1.37607,0.581195,0.566738,4.28086,5.91858,33,19,step,0.378,1.79069e+09,-3.13564,52,0.261078
0.379,2,-1.5,nan,nan,nan,nan,-1.37607,0.581195,0.577391,4.28086,5.91858,33,19,step,0.379,1.79069e+09,-3.16948,52,0.26104
0.38,2,-1.5,nan,nan,nan,nan,-1.43247,0.490438,0.572064,4.28182,5.91858,33,19,step,0.38,1.79069e+09,-3.19204,52,0.261013
0.381,2,-1.5,nan,nan,nan,nan,-1.43247,0.490438,0.553954,4.28182,5.91858,33,19,step,0.381,1.79069e+09,-3.1582,52,0.26098
0.382,2,-1.5,nan,nan,nan,nan,-1.53398,0.516617,0.551824,4.28287,5.91858,33,19,step,0.382,1.79069e+09,-3.1582,52,0.26094
0.383,2,-1.5,nan,nan,nan,nan,-1.53398,0.516617,0.527322,4.28287,5.91867,33,19,step,0.383,1.79069e+09,-3.12437,52,0.260889
0.384,2,-1.5,nan,nan,nan,nan,-1.53398,0.58294,0.496428,4.28402,5.91867,33,19,step,0.384,1.79069e+09,-3.14692,52,0.260862
0.385,2,-1.5,nan,nan,nan,nan,-1.53398,0.58294,0.503885,4.28402,5.91867,33,19,step,0.385,1.79069e+09,-3.14692,52,0.260826
0.386,2,-1.5,nan,nan,nan,nan,-1.42119,0.58294,0.467665,4.28518,5.91867,33,19,step,0.386,1.79069e+09,-3.16948,52,0.260756
0.387,2,-1.5,nan,nan,nan,nan,-1.42119,0.58294,0.469796,4.28518,5.91867,33,19,step,0.387,1.79069e+09,-3.16948,52,0.260698
0.388,2,-1.5,nan,nan,nan,nan,-1.39863,0.5044,0.472992,4.28623,5.91867,33,19,step,0.388,1.79069e+09,-3.14692,52,0.260649
0.389,2,-1.5,nan,nan,nan,nan,-1.39863,0.5044,0.445294,4.28623,5.91867,33,19,step,0.389,1.79069e+09,-3.1582,52,0.260636
0.39,2,-1.5,nan,nan,nan,nan,-1.38735,0.420624,0.416531,4.28709,5.91867,33,19,step,0.39,1.79069e+09,-3.1582,52,0.260622
0.391,2,-1.5,nan,nan,nan,nan,-1.38735,0.420624,0.419727,4.28709,5.91867,33,19,step,0.391,1.79069e+09,-3.16948,52,0.260567
0.392,2,-1.5,nan,nan,nan,nan,-1.43247,0.357792,0.411205,4.28776,5.91867,33,19,step,0.392,1.79069e+09,-3.1582,52,0.26051
0.393,2,-1.5,nan,nan,nan,nan,-1.43247,0.357792,0.400552,4.28776,5.91867,33,19,step,0.393,1.79069e+09,-3.2146,52,0.26047
0.394,2,-1.5,nan,nan,nan,nan,-1.45503,0.338594,0.382442,4.28853,5.91867,33,19,step,0.394,1.79069e+09,-3.18076,52,0.260448
0.395,2,-1.5,nan,nan,nan,nan,-1.45503,0.338594,0.37818,4.28853,5.91867,33,19,step,0.395,1.79069e+09,-3.04541,52,0.260425
0.396,2,-1.5,nan,nan,nan,nan,-1.51143,0.342085,0.364332,4.2892,5.91867,33,19,step,0.396,1.79069e+09,-3.04541,52,0.260391
0.397,2,-1.5,nan,nan,nan,nan,-1.51143,0.342085,0.344091,4.2892,5.91867,33,19,step,0.397,1.79069e+09,-3.13564,52,0.260338
0.398,2,-1.5,nan,nan,nan,nan,-1.53398,0.354302,0.335569,4.28987,5.91867,33,19,step,0.398,1.79069e+09,-3.13564,52,0.260291
0.399,2,-1.5,nan,nan,nan,nan,-1.53398,0.354302,0.334503,4.28987,5.91867,33,19,step,0.399,1.79069e+09,-3.1582,52,0.260268
0.4,2,-1.5,nan,nan,nan,nan,-1.54526,0.342085,0.313197,4.29054,5.91867,33,19,step,0.4,1.79069e+09,-3.1582,52,0.260222
0.401,2,-1.5,nan,nan,nan,nan,-1.54526,0.342085,0.30361,4.29054,5.91867,33,19,step,0.401,1.79069e+09,-3.1582,52,0.260182
0.402,2,-1.5,nan,nan,nan,nan,-1.52271,0.300197,0.280173,4.29122,5.91867,33,19,step,0.402,1.79069e+09,-3.1582,52,0.260191
0.403,2,-1.5,nan,nan,nan,nan,-1.52271,0.300197,0.259932,4.29122,5.91867,33,19,step,0.403,1.79069e+09,-3.13564,52,0.260169
0.404,2,-1.5,nan,nan,nan,nan,-1.48887,0.272271,0.252475,4.29179,5.91867,33,19,step,0.404,1.79069e+09,-3.10181,52,0.260144
0.405,2,-1.5,nan,nan,nan,nan,-1.48887,0.272271,0.241822,4.29179,5.91867,33,19,step,0.405,1.79069e+09,-3.13564,52,0.2601
0.406,2,-1.5,nan,nan,nan,nan,-1.45503,0.240855,0.230104,4.29227,5.91867,33,19,step,0.406,1.79069e+09,-3.14692,52,0.260061
0.407,2,-1.5,nan,nan,nan,nan,-1.45503,0.240855,0.218386,4.29227,5.91867,33,19,step,0.407,1.79069e+09,-3.16948,52,0.260048
0.408,2,-1.5,nan,nan,nan,nan,-1.40991,0.230383,0.199211,4.29275,5.91867,33,19,step,0.408,1.79069e+09,-3.14692,52,0.260022
0.409,2,-1.5,nan,nan,nan,nan,-1.40991,0.230383,0.182166,4.29275,5.91867,33,19,step,0.409,1.79069e+09,-3.14692,52,0.259997
0.41,2,-1.5,nan,nan,nan,nan,-1.43247,0.191986,0.186427,4.29313,5.91867,33,19,step,0.41,1.79069e+09,-3.12437,52,0.259956
0.411,2,-1.5,nan,nan,nan,nan,-1.43247,0.191986,0.183231,4.29313,5.91867,33,19,step,0.411,1.79069e+09,-3.18076,52,0.259929
0.412,2,-1.5,nan,nan,nan,nan,-1.43247,0.141372,0.152337,4.29342,5.91867,33,19,step,0.412,1.79069e+09,-3.18076,52,0.259914
0.413,2,-1.5,nan,nan,nan,nan,-1.43247,0.141372,0.137423,4.29342,5.91867,33,19,step,0.413,1.79069e+09,-3.16948,52,0.25987
0.414,2,-1.5,nan,nan,nan,nan,-1.44375,0.116937,0.133162,4.29371,5.91867,33,19,step,0.414,1.79069e+09,-3.16948,52,0.259844
0.415,2,-1.5,nan,nan,nan,nan,-1.44375,0.116937,0.122509,4.29371,5.91867,33,19,step,0.415,1.79069e+09,-3.1582,52,0.259811
0.416,2,-1.5,nan,nan,nan,nan,-1.46631,0.0890118,0.0905502,4.2939,5.91867,33,19,step,0.416,1.79069e+09,-3.14692,52,0.259787
0.417,2,-1.5,nan,nan,nan,nan,-1.46631,0.0890118,0.0926808,4.2939,5.91867,33,19,step,0.417,1.79069e+09,-3.10181,52,0.259776
0.418,2,-1.5,nan,nan,nan,nan,-1.46631,0.0925025,0.0820279,4.29409,5.91867,33,19,step,0.418,1.79069e+09,-3.1582,52,0.259729
0.419,2,-1.5,nan,nan,nan,nan,-1.46631,0.0925025,0.0692443,4.29409,5.91867,33,19,step,0.419,1.79069e+09,-3.03413,52,0.259684
0.42,2,-1.5,nan,nan,nan,nan,-1.47759,0.0558505,0.0404813,4.29419,5.91867,33,19,step,0.42,1.79069e+09,-3.04541,52,0.259631
0.421,2,-1.5,nan,nan,nan,nan,-1.47759,0.0558505,0.0436772,4.29419,5.91867,33,19,step,0.421,1.79069e+09,-3.18076,52,0.259613
0.422,2,-1.5,nan,nan,nan,nan,-1.40991,0.0244346,0.0447425,4.29428,5.91867,33,19,step,0.422,1.79069e+09,-3.16948,52,0.259616
0.423,2,-1.5,nan,nan,nan,nan,-1.40991,0.0244346,0.0266324,4.29428,5.91867,33,19,step,0.423,1.79069e+09,-3.12437,52,0.259596
0.424,2,-1.5,nan,nan,nan,nan,-1.46631,0.00872665,0.00213059,4.29428,5.91867,33,19,step,0.424,1.79069e+09,-3.1582,52,0.259577
0.425,2,-1.5,nan,nan,nan,nan,-1.46631,0.00872665,-0.0010653,4.29428,5.91867,33,19,step,0.425,1.79069e+09,-3.14692,52,0.259541
0.426,2,-1.5,nan,nan,nan,nan,-1.48887,0,-0.00639178,4.29428,5.91877,33,19,step,0.426,1.79069e+09,-3.14692,52,0.259467
0.427,2,-1.5,nan,nan,nan,nan,-1.48887,0,-0.028763,4.29428,5.91877,33,19,step,0.427,1.79069e+09,-3.2146,52,0.259454
0.428,2,-1.5,nan,nan,nan,nan,-1.47759,0,-0.0372854,4.29428,5.91877,33,19,step,0.428,1.79069e+09,-3.2146,52,0.259419
0.429,2,-1.5,nan,nan,nan,nan,-1.47759,0,-0.0447425,4.29428,5.91877,33,19,step,0.429,1.79069e+09,-3.16948,52,0.259361
0.43,2,-1.5,nan,nan,nan,nan,-1.47759,-0.0331613,-0.0511343,4.29419,5.91877,33,19,step,0.43,1.79069e+09,-3.20332,52,0.259334
0.431,2,-1.5,nan,nan,nan,nan,-1.47759,-0.0331613,-0.068179,4.29419,5.91877,33,19,step,0.431,1.79069e+09,-3.20332,52,0.259309
0.432,2,-1.5,nan,nan,nan,nan,-1.47759,-0.0575959,-0.0767014,4.29409,5.91877,33,19,step,0.432,1.79069e+09,-3.16948,52,0.259277
0.433,2,-1.5,nan,nan,nan,nan,-1.47759,-0.0575959,-0.078832,4.29409,5.91877,33,19,step,0.433,1.79069e+09,-3.22588,52,0.259245
0.434,2,-1.5,nan,nan,nan,nan,-1.46631,-0.0855211,-0.105464,4.2939,5.91877,33,19,step,0.434,1.79069e+09,-3.2146,52,0.259255
0.435,2,-1.5,nan,nan,nan,nan,-1.46631,-0.0855211,-0.119313,4.2939,5.91877,33,19,step,0.435,1.79069e+09,-3.19204,52,0.259273
0.436,2,-1.5,nan,nan,nan,nan,-1.47759,-0.106465,-0.0926808,4.29371,5.91877,33,19,step,0.436,1.79069e+09,-3.14692,52,0.259244
0.437,2,-1.5,nan,nan,nan,nan,-1.47759,-0.106465,-0.110791,4.29371,5.91877,33,19,step,0.437,1.79069e+09,-3.14692,52,0.259225
0.438,2,-1.5,nan,nan,nan,nan,-1.46631,-0.1309,-0.145946,4.29342,5.91877,33,19,step,0.438,1.79069e+09,-3.1582,52,0.259204
0.439,2,-1.5,nan,nan,nan,nan,-1.46631,-0.1309,-0.119313,4.29342,5.91877,33,19,step,0.439,1.79069e+09,-3.2146,52,0.259159
0.44,2,-1.5,nan,nan,nan,nan,-1.48887,-0.144862,-0.131032,4.29313,5.91877,33,19,step,0.44,1.79069e+09,-3.1582,52,0.259124
0.441,2,-1.5,nan,nan,nan,nan,-1.48887,-0.144862,-0.137423,4.29313,5.91877,33,19,step,0.441,1.79069e+09,-3.2146,52,0.259084
0.442,2,-1.5,nan,nan,nan,nan,-1.48887,-0.162316,-0.154468,4.29285,5.91877,33,19,step,0.442,1.79069e+09,-3.2146,52,0.259077
0.443,2,-1.5,nan,nan,nan,nan,-1.48887,-0.162316,-0.154468,4.29285,5.91877,33,19,step,0.443,1.79069e+09,-3.2146,52,0.259063
0.444,2,-1.5,nan,nan,nan,nan,-1.48887,-0.176278,-0.177905,4.29246,5.91877,33,19,step,0.444,1.79069e+09,-3.16948,52,0.259069
0.445,2,-1.5,nan,nan,nan,nan,-1.48887,-0.176278,-0.180035,4.29246,5.91877,33,19,step,0.445,1.79069e+09,-3.16948,52,0.259077
0.446,2,-1.5,nan,nan,nan,nan,-1.50015,-0.200713,-0.190688,4.29208,5.91877,33,19,step,0.446,1.79069e+09,-3.1582,52,0.25904
0.447,2,-1.5,nan,nan,nan,nan,-1.50015,-0.200713,-0.199211,4.29208,5.91877,33,19,step,0.447,1.79069e+09,-3.19204,52,0.259013
0.448,2,-1.5,nan,nan,nan,nan,-1.50015,-0.218166,-0.203472,4.29169,5.91877,33,19,step,0.448,1.79069e+09,-3.2146,52,0.259022
0.449,2,-1.5,nan,nan,nan,nan,-1.50015,-0.218166,-0.21519,4.29169,5.91877,33,19,step,0.449,1.79069e+09,-3.16948,52,0.258993
0.45,2,-1.5,nan,nan,nan,nan,-1.52271,-0.242601,-0.235431,4.29112,5.91877,33,19,step,0.45,1.79069e+09,-3.18076,52,0.258989
0.451,2,-1.5,nan,nan,nan,nan,-1.52271,-0.242601,-0.241822,4.29112,5.91877,33,19,step,0.451,1.79069e+09,-3.2146,52,0.258998
0.452,2,-1.5,nan,nan,nan,nan,-1.51143,-0.251327,-0.227974,4.29064,5.91877,33,19,step,0.452,1.79069e+09,-3.18076,52,0.258971
0.453,2,-1.5,nan,nan,nan,nan,-1.51143,-0.251327,-0.235431,4.29064,5.91877,33,19,step,0.453,1.79069e+09,-3.18076,52,0.258915
0.454,2,-1.5,nan,nan,nan,nan,-1.50015,-0.263545,-0.254606,4.29016,5.91877,33,19,step,0.454,1.79069e+09,-3.2146,52,0.258868
0.455,2,-1.5,nan,nan,nan,nan,-1.50015,-0.263545,-0.248214,4.29016,5.91877,33,19,step,0.455,1.79069e+09,-3.25972,52,0.258881
0.456,2,-1.5,nan,nan,nan,nan,-1.47759,-0.277507,-0.246084,4.28959,5.91877,33,19,step,0.456,1.79069e+09,-3.24844,52,0.258858
0.457,2,-1.5,nan,nan,nan,nan,-1.47759,-0.277507,-0.283369,4.28959,5.91877,33,19,step,0.457,1.79069e+09,-3.19204,52,0.258842
0.458,2,-1.5,nan,nan,nan,nan,-1.42119,-0.286234,-0.274847,4.28901,5.91877,33,19,step,0.458,1.79069e+09,-3.2146,52,0.258839
0.459,2,-1.5,nan,nan,nan,nan,-1.42119,-0.286234,-0.257802,4.28901,5.91877,33,19,step,0.459,1.79069e+09,-3.18076,52,0.25883
0.46,2,-1.5,nan,nan,nan,nan,-1.43247,-0.296706,-0.273781,4.28844,5.91877,33,19,step,0.46,1.79069e+09,-3.2146,52,0.258818
0.461,2,-1.5,nan,nan,nan,nan,-1.43247,-0.296706,-0.318524,4.28844,5.91877,33,19,step,0.461,1.79069e+09,-3.18076,52,0.258796
0.462,2,-1.5,nan,nan,nan,nan,-1.44375,-0.303687,-0.316393,4.28786,5.91877,33,19,step,0.462,1.79069e+09,-3.10181,52,0.258775
0.463,2,-1.5,nan,nan,nan,nan,-1.44375,-0.303687,-0.30361,4.28786,5.91877,33,19,step,0.463,1.79069e+09,-3.2146,52,0.25879
0.464,2,-1.5,nan,nan,nan,nan,-1.44375,-0.305433,-0.311067,4.28719,5.91877,33,19,step,0.464,1.79069e+09,-3.09053,52,0.258763
0.465,2,-1.5,nan,nan,nan,nan,-1.44375,-0.305433,-0.32385,4.28719,5.91877,33,19,step,0.465,1.79069e+09,-3.07925,52,0.258741
0.466,2,-1.5,nan,nan,nan,nan,-1.44375,-0.31765,-0.337699,4.28661,5.91877,33,19,step,0.466,1.79069e+09,-3.24844,52,0.25874
0.467,2,-1.5,nan,nan,nan,nan,-1.44375,-0.31765,-0.345156,4.28661,5.91877,33,19,step,0.467,1.79069e+09,-3.11309,52,0.258731
0.468,2,-1.5,nan,nan,nan,nan,-1.52271,-0.349066,-0.355809,4.28585,5.91877,33,19,step,0.468,1.79069e+09,-3.12437,52,0.25873
0.469,2,-1.5,nan,nan,nan,nan,-1.52271,-0.349066,-0.332373,4.28585,5.91877,33,19,step,0.469,1.79069e+09,-3.2146,52,0.258724
0.47,2,-1.5,nan,nan,nan,nan,-1.46631,-0.383972,-0.348352,4.28518,5.91877,33,19,step,0.47,1.79069e+09,-3.2146,52,0.258723
0.471,2,-1.5,nan,nan,nan,nan,-1.46631,-0.383972,-0.372854,4.28518,5.91877,33,19,step,0.471,1.79069e+09,-3.07925,52,0.258726
0.472,2,-1.5,nan,nan,nan,nan,-1.50015,-0.417134,-0.367527,4.28431,5.91877,33,19,step,0.472,1.79069e+09,-3.2146,52,0.258706
0.473,2,-1.5,nan,nan,nan,nan,-1.50015,-0.417134,-0.372854,4.28431,5.91877,33,19,step,0.473,1.79069e+09,-3.19204,52,0.258693
0.474,2,-1.5,nan,nan,nan,nan,-1.50015,-0.418879,-0.381376,4.28345,5.91877,33,19,step,0.474,1.79069e+09,-3.24844,52,0.258686
0.475,2,-1.5,nan,nan,nan,nan,-1.50015,-0.418879,-0.384572,4.28345,5.91877,33,19,step,0.475,1.79069e+09,-3.23716,52,0.258691
0.476,2,-1.5,nan,nan,nan,nan,-1.50015,-0.42237,-0.380311,4.28259,5.91877,33,19,step,0.476,1.79069e+09,-3.2146,52,0.258691
0.477,2,-1.5,nan,nan,nan,nan,-1.50015,-0.42237,-0.387768,4.28259,5.91877,33,19,step,0.477,1.79069e+09,-3.2146,52,0.258658
0.478,2,-1.5,nan,nan,nan,nan,-1.42119,-0.438078,-0.390964,4.28172,5.91877,33,19,step,0.478,1.79069e+09,-3.2146,52,0.258646
0.479,2,-1.5,nan,nan,nan,nan,-1.42119,-0.438078,-0.419727,4.28172,5.91877,33,19,step,0.479,1.79069e+09,-3.25972,52,0.258633
0.48,2,-1.5,nan,nan,nan,nan,-1.40991,-0.45204,-0.431445,4.28086,5.91877,33,19,step,0.48,1.79069e+09,-3.12437,52,0.258595
0.481,2,-1.5,nan,nan,nan,nan,-1.40991,-0.45204,-0.431445,4.28086,5.91877,33,19,step,0.481,1.79069e+09,-3.24844,52,0.258562
0.482,2,-1.5,nan,nan,nan,nan,-1.39863,-0.445059,-0.43038,4.2799,5.91877,33,19,step,0.482,1.79069e+09,-3.28228,52,0.258535
0.483,2,-1.5,nan,nan,nan,nan,-1.39863,-0.445059,-0.441033,4.2799,5.91877,33,19,step,0.483,1.79069e+09,-3.1582,52,0.258527
0.484,2,-1.5,nan,nan,nan,nan,-1.46631,-0.45204,-0.465535,4.27904,5.91877,33,19,step,0.484,1.79069e+09,-3.25972,52,0.258542
0.485,2,-1.5,nan,nan,nan,nan,-1.46631,-0.45204,-0.468731,4.27904,5.91877,33,19,step,0.485,1.79069e+09,-3.1582,52,0.258541
0.486,2,-1.5,nan,nan,nan,nan,-1.55654,-0.466003,-0.471927,4.27808,5.91877,33,19,step,0.486,1.79069e+09,-3.2146,52,0.258514
0.487,2,-1.5,nan,nan,nan,nan,-1.55654,-0.466003,-0.451686,4.27808,5.91877,33,19,step,0.487,1.79069e+09,-3.14692,52,0.258487
0.488,2,-1.5,nan,nan,nan,nan,-1.56782,-0.525344,-0.468731,4.27703,5.91877,33,19,step,0.488,1.79069e+09,-3.18076,52,0.258487
0.489,2,-1.5,nan,nan,nan,nan,-1.56782,-0.525344,-0.491102,4.27703,5.91877,33,19,step,0.489,1.79069e+09,-3.16948,52,0.258455
0.49,2,-1.5,nan,nan,nan,nan,-1.60166,-0.555015,-0.497494,4.27597,5.91877,33,19,step,0.49,1.79069e+09,-3.1582,52,0.258433
0.491,2,-1.5,nan,nan,nan,nan,-1.60166,-0.555015,-0.509212,4.27597,5.91877,33,19,step,0.491,1.79069e+09,-3.19204,52,0.258431
0.492,2,-1.5,nan,nan,nan,nan,-1.61294,-0.546288,-0.495363,4.27482,5.91877,33,19,step,0.492,1.79069e+09,-3.18076,52,0.258419
0.493,2,-1.5,nan,nan,nan,nan,-1.61294,-0.546288,-0.503885,4.27482,5.91877,33,19,step,0.493,1.79069e+09,-3.16948,52,0.258412
0.494,2,-1.5,nan,nan,nan,nan,-1.46631,-0.537561,-0.515604,4.27386,5.91877,33,19,step,0.494,1.79069e+09,-3.14692,52,0.258376
0.495,2,-1.5,nan,nan,nan,nan,-1.46631,-0.537561,-0.509212,4.27386,5.91877,33,19,step,0.495,1.79069e+09,-3.14692,52,0.258327
0.496,2,-1.5,nan,nan,nan,nan,-1.45503,-0.53058,-0.524126,4.27281,5.91877,33,19,step,0.496,1.79069e+09,-3.20332,52,0.258325
0.497,2,-1.5,nan,nan,nan,nan,-1.45503,-0.53058,-0.540106,4.27281,5.91867,33,19,step,0.497,1.79069e+09,-3.16948,52,0.258298
0.498,2,-1.5,nan,nan,nan,nan,-1.45503,-0.534071,-0.550759,4.27166,5.91867,33,19,step,0.498,1.79069e+09,-3.18076,52,0.258308
0.499,2,-1.5,nan,nan,nan,nan,-1.45503,-0.534071,-0.544367,4.27166,5.91867,33,19,step,0.499,1.79069e+09,-3.16948,52,0.258315
0.5,2,-1.5,nan,nan,nan,nan,-1.45503,-0.565487,-0.553954,4.27051,5.91867,33,19,step,0.5,1.79069e+09,-3.14692,52,0.258287
0.501,2,-1.5,nan,nan,nan,nan,-1.45503,-0.565487,-0.574195,4.27051,5.91867,33,19,step,0.501,1.79069e+09,-3.1582,52,0.258258
0.502,2,-1.5,nan,nan,nan,nan,-1.51143,-0.633555,-0.584848,4.26926,5.91867,33,19,step,0.502,1.79069e+09,-3.20332,52,0.258233
0.503,2,-1.5,nan,nan,nan,nan,-1.51143,-0.633555,-0.579522,4.26926,5.91867,33,19,step,0.503,1.79069e+09,-3.20332,52,0.258227
0.504,2,-1.5,nan,nan,nan,nan,-1.53398,-0.663225,-0.590175,4.26792,5.91867,33,19,step,0.504,1.79069e+09,-3.20332,52,0.258225
0.505,2,-1.5,nan,nan,nan,nan,-1.53398,-0.663225,-0.574195,4.26792,5.91867,33,19,step,0.505,1.79069e+09,-3.20332,52,0.258229
0.506,2,-1.5,nan,nan,nan,nan,-1.52271,-0.644026,-0.592305,4.26677,5.91867,33,19,step,0.506,1.79069e+09,-3.20332,52,0.258244
0.507,2,-1.5,nan,nan,nan,nan,-1.52271,-0.644026,-0.596566,4.26677,5.91867,33,19,step,0.507,1.79069e+09,-3.18076,52,0.258225
0.508,2,-1.5,nan,nan,nan,nan,-1.44375,-0.617847,-0.617872,4.26543,5.91867,33,19,step,0.508,1.79069e+09,-3.18076,52,0.258193
0.509,2,-1.5,nan,nan,nan,nan,-1.44375,-0.617847,-0.618938,4.26543,5.91867,33,19,step,0.509,1.79069e+09,-3.20332,52,0.258167
0.51,2,-1.5,nan,nan,nan,nan,-1.45503,-0.579449,-0.620003,4.26427,5.91867,33,19,step,0.51,1.79069e+09,-3.22588,52,0.258153
0.511,2,-1.5,nan,nan,nan,nan,-1.45503,-0.579449,-0.637048,4.26427,5.91867,33,19,step,0.511,1.79069e+09,-3.22588,52,0.258156
0.512,2,-1.5,nan,nan,nan,nan,-1.44375,-0.602139,-0.630656,4.26303,5.91867,33,19,step,0.512,1.79069e+09,-3.18076,52,0.258148
0.513,2,-1.5,nan,nan,nan,nan,-1.44375,-0.602139,-0.632786,4.26303,5.91867,33,19,step,0.513,1.79069e+09,-3.2146,52,0.258121
0.514,2,-1.5,nan,nan,nan,nan,-1.40991,-0.694641,-0.638113,4.26169,5.91867,33,19,step,0.514,1.79069e+09,-3.20332,52,0.258116
0.515,2,-1.5,nan,nan,nan,nan,-1.40991,-0.694641,-0.651962,4.26169,5.91867,33,19,step,0.515,1.79069e+09,-3.23716,52,0.258131
0.516,2,-1.5,nan,nan,nan,nan,-1.45503,-0.748746,-0.651962,4.26015,5.91867,33,19,step,0.516,1.79069e+09,-3.20332,52,0.258116
0.517,2,-1.5,nan,nan,nan,nan,-1.45503,-0.748746,-0.66368,4.26015,5.91867,33,19,step,0.517,1.79069e+09,-3.22588,52,0.258102
0.518,2,-1.5,nan,nan,nan,nan,-1.38735,-0.729548,-0.680725,4.25871,5.91867,33,19,step,0.518,1.79069e+09,-3.25972,52,0.258105
0.519,2,-1.5,nan,nan,nan,nan,-1.38735,-0.729548,-0.670072,4.25871,5.91867,33,19,step,0.519,1.79069e+09,-3.22588,52,0.25813
0.52,2,-1.5,nan,nan,nan,nan,-1.39863,-0.680678,-0.674333,4.25737,5.91867,33,19,step,0.52,1.79069e+09,-3.20332,52,0.258108
0.521,2,-1.5,nan,nan,nan,nan,-1.39863,-0.680678,-0.68179,4.25737,5.91867,33,19,step,0.521,1.79069e+09,-3.22588,52,0.258081
0.522,2,-1.5,nan,nan,nan,nan,-1.39863,-0.644026,-0.683921,4.25603,5.91867,33,19,step,0.522,1.79069e+09,-3.24844,52,0.258046
0.523,2,-1.5,nan,nan,nan,nan,-1.39863,-0.644026,-0.682855,4.25603,5.91867,33,19,step,0.523,1.79069e+09,-3.24844,52,0.258022
0.524,2,-1.5,nan,nan,nan,nan,-1.38735,-0.712094,-0.688182,4.25469,5.91867,33,19,step,0.524,1.79069e+09,-3.29355,52,0.258036
0.525,2,-1.5,nan,nan,nan,nan,-1.38735,-0.712094,-0.689247,4.25469,5.91867,33,19,step,0.525,1.79069e+09,-3.25972,52,0.258033
0.526,2,-1.5,nan,nan,nan,nan,-1.54526,-0.829031,-0.700965,4.25306,5.91867,33,19,step,0.526,1.79069e+09,-3.2146,52,0.25805
0.527,2,-1.5,nan,nan,nan,nan,-1.54526,-0.829031,-0.713749,4.25306,5.91867,33,19,step,0.527,1.79069e+09,-3.37251,52,0.258059
0.528,2,-1.5,nan,nan,nan,nan,-1.46631,-0.856957,-0.713749,4.25133,5.91867,33,19,step,0.528,1.79069e+09,-3.34995,52,0.25805
0.529,2,-1.5,nan,nan,nan,nan,-1.46631,-0.856957,-0.716945,4.25133,5.91867,33,19,step,0.529,1.79069e+09,-3.22588,52,0.258058
0.53,2,-1.5,nan,nan,nan,nan,-1.52271,-0.76969,-0.708422,4.2497,5.91867,33,19,step,0.53,1.79069e+09,-3.25972,52,0.258048
0.531,2,-1.5,nan,nan,nan,nan,-1.52271,-0.76969,-0.711618,4.2497,5.91867,33,19,step,0.531,1.79069e+09,-3.2146,52,0.258038
0.532,2,-1.5,nan,nan,nan,nan,-1.48887,-0.659734,-0.712684,4.24836,5.91867,33,19,step,0.532,1.79069e+09,-3.24844,52,0.258057
0.533,2,-1.5,nan,nan,nan,nan,-1.48887,-0.659734,-0.740381,4.24836,5.91867,33,19,step,0.533,1.79069e+09,-3.2146,52,0.25803
0.534,2,-1.5,nan,nan,nan,nan,-1.46631,-0.696386,-0.749969,4.24702,5.91867,33,19,step,0.534,1.79069e+09,-3.2146,52,0.257999
0.535,2,-1.5,nan,nan,nan,nan,-1.46631,-0.696386,-0.751034,4.24702,5.91867,33,19,step,0.535,1.79069e+09,-3.24844,52,0.257968
0.536,2,-1.5,nan,nan,nan,nan,-1.46631,-0.853466,-0.751034,4.24539,5.91867,33,19,step,0.536,1.79069e+09,-3.29355,52,0.257945
0.537,2,-1.5,nan,nan,nan,nan,-1.46631,-0.853466,-0.73612,4.24539,5.91867,33,19,step,0.537,1.79069e+09,-3.271,52,0.257939
0.538,2,-1.5,nan,nan,nan,nan,-1.38735,-0.92677,-0.758491,4.24357,5.91867,33,19,step,0.538,1.79069e+09,-3.29355,52,0.257949
0.539,2,-1.5,nan,nan,nan,nan,-1.38735,-0.92677,-0.774471,4.24357,5.91867,33,19,step,0.539,1.79069e+09,-3.29355,52,0.257971
0.54,2,-1.5,nan,nan,nan,nan,-1.53398,-0.813323,-0.768079,4.24174,5.91858,33,19,step,0.54,1.79069e+09,-3.271,52,0.257986
0.541,2,-1.5,nan,nan,nan,nan,-1.53398,-0.813323,-0.780863,4.24174,5.91858,33,19,step,0.541,1.79069e+09,-3.271,52,0.257971
0.542,2,-1.5,nan,nan,nan,nan,-1.52271,-0.705113,-0.79045,4.24031,5.91858,33,19,step,0.542,1.79069e+09,-3.25972,52,0.257955
0.543,2,-1.5,nan,nan,nan,nan,-1.52271,-0.705113,-0.789385,4.24031,5.91858,33,19,step,0.543,1.79069e+09,-3.28228,52,0.257909
0.544,2,-1.5,nan,nan,nan,nan,-1.51143,-0.7662,-0.791516,4.23887,5.91858,33,19,step,0.544,1.79069e+09,-3.30483,52,0.257896
0.545,2,-1.5,nan,nan,nan,nan,-1.51143,-0.7662,-0.80856,4.23887,5.91858,33,19,step,0.545,1.79069e+09,-3.44019,52,0.25791
0.546,2,-1.5,nan,nan,nan,nan,-1.40991,-0.909317,-0.807495,4.23714,5.91858,33,19,step,0.546,1.79069e+09,-3.42891,52,0.257915
0.547,2,-1.5,nan,nan,nan,nan,-1.40991,-0.909317,-0.793646,4.23714,5.91858,33,19,step,0.547,1.79069e+09,-3.31611,52,0.257907
0.548,2,-1.5,nan,nan,nan,nan,-1.36479,-0.928515,-0.822409,4.23523,5.91858,33,19,step,0.548,1.79069e+09,-3.30483,52,0.257887
0.549,2,-1.5,nan,nan,nan,nan,-1.36479,-0.928515,-0.823475,4.23523,5.91858,33,19,step,0.549,1.79069e+09,-3.41763,52,0.257881
0.55,2,-1.5,nan,nan,nan,nan,-1.47759,-0.806342,-0.830932,4.2336,5.91858,33,19,step,0.55,1.79069e+09,-3.33867,52,0.257893
0.551,2,-1.5,nan,nan,nan,nan,-1.47759,-0.806342,-0.84265,4.2336,5.91858,33,19,step,0.551,1.79069e+09,-3.41763,52,0.257889
0.552,2,-1.5,nan,nan,nan,nan,-1.61294,-0.745256,-0.859695,4.23216,5.91858,33,19,step,0.552,1.79069e+09,-3.38379,52,0.257896
0.553,2,-1.5,nan,nan,nan,nan,-1.61294,-0.745256,-0.84265,4.23216,5.91858,33,19,step,0.553,1.79069e+09,-3.41763,52,0.257857
0.554,2,-1.5,nan,nan,nan,nan,-1.55654,-0.877901,-0.849042,4.23043,5.91858,33,19,step,0.554,1.79069e+09,-3.44019,52,0.257837
0.555,2,-1.5,nan,nan,nan,nan,-1.55654,-0.877901,-0.840519,4.23043,5.91858,33,19,step,0.555,1.79069e+09,-3.47402,52,0.257816
0.556,2,-1.5,nan,nan,nan,nan,-1.46631,-1.00356,-0.854368,4.22832,5.91858,33,19,step,0.556,1.79069e+09,-3.4853,52,0.257821
0.557,2,-1.5,nan,nan,nan,nan,-1.46631,-1.00356,-0.869282,4.22832,5.91858,33,19,step,0.557,1.79069e+09,-3.53042,52,0.257855
0.558,2,-1.5,nan,nan,nan,nan,-1.53398,-0.959931,-0.858629,4.2264,5.91858,33,19,step,0.558,1.79069e+09,-3.45146,52,0.257889
0.559,2,-1.5,nan,nan,nan,nan,-1.53398,-0.959931,-0.862891,4.2264,5.91858,33,19,step,0.559,1.79069e+09,-3.44019,52,0.257887
0.56,2,-1.5,nan,nan,nan,nan,-1.55654,-0.855211,-0.876739,4.22468,5.91858,33,19,step,0.56,1.79069e+09,-3.44019,52,0.257906
0.561,2,-1.5,nan,nan,nan,nan,-1.55654,-0.855211,-0.866086,4.22468,5.91858,33,19,step,0.561,1.79069e+09,-3.45146,52,0.257885
0.562,2,-1.5,nan,nan,nan,nan,-1.5791,-0.860447,-0.888458,4.22305,5.91858,33,19,step,0.562,1.79069e+09,-3.42891,52,0.257856
0.563,2,-1.5,nan,nan,nan,nan,-1.5791,-0.860447,-0.886327,4.22305,5.91858,33,19,step,0.563,1.79069e+09,-3.4853,52,0.257798
0.564,2,-1.5,nan,nan,nan,nan,-1.44375,-0.95295,-0.910829,4.22113,5.91858,33,19,step,0.564,1.79069e+09,-3.50786,52,0.257764
0.565,2,-1.5,nan,nan,nan,nan,-1.44375,-0.95295,-0.906568,4.22113,5.91858,33,19,step,0.565,1.79069e+09,-3.49658,52,0.257776
0.566,2,-1.5,nan,nan,nan,nan,-1.48887,-0.970403,-0.893784,4.21921,5.91858,33,19,step,0.566,1.79069e+09,-3.49658,52,0.25778
0.567,2,-1.5,nan,nan,nan,nan,-1.48887,-0.970403,-0.925743,4.21921,5.91848,33,19,step,0.567,1.79069e+09,-3.49658,52,0.257803
0.568,2,-1.5,nan,nan,nan,nan,-1.55654,-0.909317,-0.916155,4.21739,5.91848,33,19,step,0.568,1.79069e+09,-3.49658,52,0.257847
0.569,2,-1.5,nan,nan,nan,nan,-1.55654,-0.909317,-0.919351,4.21739,5.91848,33,19,step,0.569,1.79069e+09,-3.41763,52,0.257847
0.57,2,-1.5,nan,nan,nan,nan,-1.61294,-0.95644,-0.920417,4.21548,5.91848,33,19,step,0.57,1.79069e+09,-3.44019,52,0.257841
0.571,2,-1.5,nan,nan,nan,nan,-1.61294,-0.95644,-0.934265,4.21548,5.91848,33,19,step,0.571,1.79069e+09,-3.4853,52,0.257828
0.572,2,-1.5,nan,nan,nan,nan,-1.31968,-1.05243,-0.934265,4.21337,5.91848,33,19,step,0.572,1.79069e+09,-3.46274,52,0.257791
0.573,2,-1.5,nan,nan,nan,nan,-1.31968,-1.05243,-0.947049,4.21337,5.91848,33,19,step,0.573,1.79069e+09,-3.4853,52,0.257776
0.574,2,-1.5,nan,nan,nan,nan,-1.54526,-1.00007,-0.956637,4.21135,5.91848,33,19,step,0.574,1.79069e+09,-3.5417,52,0.257776
0.575,2,-1.5,nan,nan,nan,nan,-1.54526,-1.00007,-0.956637,4.21135,5.91848,33,19,step,0.575,1.79069e+09,-3.50786,52,0.257771
0.576,2,-1.5,nan,nan,nan,nan,-1.60166,-0.904081,-0.947049,4.20953,5.91848,33,19,step,0.576,1.79069e+09,-3.51914,52,0.257744
0.577,2,-1.5,nan,nan,nan,nan,-1.60166,-0.904081,-0.954506,4.20953,5.91848,33,19,step,0.577,1.79069e+09,-3.56426,52,0.257751
0.578,2,-1.5,nan,nan,nan,nan,-1.43247,-0.968658,-0.965159,4.20761,5.91848,33,19,step,0.578,1.79069e+09,-3.55298,52,0.257762
0.579,2,-1.5,nan,nan,nan,nan,-1.43247,-0.968658,-0.977943,4.20761,5.91848,33,19,step,0.579,1.79069e+09,-3.49658,52,0.257765
0.58,2,-1.5,nan,nan,nan,nan,-1.35352,-1.07512,-0.98753,4.2055,5.91839,33,19,step,0.58,1.79069e+09,-3.51914,52,0.257772
0.581,2,-1.5,nan,nan,nan,nan,-1.35352,-1.07512,-0.975812,4.2055,5.91839,33,19,step,0.581,1.79069e+09,-3.51914,52,0.257795
0.582,2,-1.5,nan,nan,nan,nan,-1.50015,-1.06116,-0.960898,4.20339,5.91839,33,19,step,0.582,1.79069e+09,-3.50786,52,0.257793
0.583,2,-1.5,nan,nan,nan,nan,-1.50015,-1.06116,-0.977943,4.20339,5.91839,33,19,step,0.583,1.79069e+09,-3.50786,52,0.257774
0.584,2,-1.5,nan,nan,nan,nan,-1.52271,-1.028,-0.997118,4.20129,5.91839,33,19,step,0.584,1.79069e+09,-3.57554,52,0.257768
0.585,2,-1.5,nan,nan,nan,nan,-1.52271,-1.028,-1.00564,4.20129,5.91839,33,19,step,0.585,1.79069e+09,-3.55298,52,0.257769
0.586,2,-1.5,nan,nan,nan,nan,-1.37607,-1.12399,-1.00564,4.19908,5.91839,33,19,step,0.586,1.79069e+09,-3.53042,52,0.257767
0.587,2,-1.5,nan,nan,nan,nan,-1.37607,-1.12399,-1.00244,4.19908,5.91839,33,19,step,0.587,1.79069e+09,-3.51914,52,0.257749
0.588,2,-1.5,nan,nan,nan,nan,-1.43247,-1.12574,-1.00244,4.19688,5.91839,33,19,step,0.588,1.79069e+09,-3.56426,52,0.257748
0.589,2,-1.5,nan,nan,nan,nan,-1.43247,-1.12574,-1.00671,4.19688,5.91839,33,19,step,0.589,1.79069e+09,-3.56426,52,0.257749
0.59,2,-1.5,nan,nan,nan,nan,-1.50015,-0.980875,-1.02269,4.19486,5.91839,33,19,step,0.59,1.79069e+09,-3.56426,52,0.257748
0.591,2,-1.5,nan,nan,nan,nan,-1.50015,-0.980875,-1.01097,4.19486,5.91839,33,19,step,0.591,1.79069e+09,-3.56426,52,0.257746
0.592,2,-1.5,nan,nan,nan,nan,-1.46631,-1.01753,-1.03334,4.19285,5.91839,33,19,step,0.592,1.79069e+09,-3.56426,52,0.257732
0.593,2,-1.5,nan,nan,nan,nan,-1.46631,-1.01753,-1.03547,4.19285,5.91839,33,19,step,0.593,1.79069e+09,-3.53042,52,0.257749
0.594,2,-1.5,nan,nan,nan,nan,-1.34224,-1.16239,-1.03973,4.19055,5.91829,33,19,step,0.594,1.79069e+09,-3.56426,52,0.257741
0.595,2,-1.5,nan,nan,nan,nan,-1.34224,-1.16239,-1.04399,4.19055,5.91829,33,19,step,0.595,1.79069e+09,-3.56426,52,0.257744
0.596,2,-1.5,nan,nan,nan,nan,-1.45503,-1.15541,-1.05677,4.18825,5.91829,33,19,step,0.596,1.79069e+09,-3.60938,52,0.25775
0.597,2,-1.5,nan,nan,nan,nan,-1.45503,-1.15541,-1.05251,4.18825,5.91829,33,19,step,0.597,1.79069e+09,-3.60938,52,0.257752
0.598,2,-1.5,nan,nan,nan,nan,-1.52271,-1.02625,-1.03653,4.18614,5.91829,33,19,step,0.598,1.79069e+09,-3.56426,52,0.257751
0.599,2,-1.5,nan,nan,nan,nan,-1.52271,-1.02625,-1.06104,4.18614,5.91829,33,19,step,0.599,1.79069e+09,-3.55298,52,0.257781
0.6,2,1.5,nan,nan,nan,nan,-1.42119,-1.05592,-1.07062,4.18403,5.91829,33,19,step,0.6,1.79069e+09,-3.58682,52,0.257783
0.601,2,1.5,nan,nan,nan,nan,-1.42119,-1.05592,-1.07062,4.18403,5.91829,33,19,step,0.601,1.79069e+09,-3.4853,52,0.257774
0.602,2,1.5,nan,nan,nan,nan,-1.44375,-1.13795,-1.07915,4.18182,5.91829,33,19,step,0.602,1.79069e+09,-3.58682,52,0.257758
0.603,2,1.5,nan,nan,nan,nan,-1.44375,-1.13795,-1.09193,4.18182,5.91829,33,19,step,0.603,1.79069e+09,-3.58682,52,0.257738
0.604,2,1.5,nan,nan,nan,nan,-0.0338379,-0.870919,-1.07915,4.17991,5.91829,33,19,step,0.604,1.79069e+09,-3.5981,52,0.257729
0.605,2,1.5,nan,nan,nan,nan,-0.0338379,-0.870919,-1.07382,4.17991,5.91829,33,19,step,0.605,1.79069e+09,-3.55298,52,0.257724
0.606,2,1.5,nan,nan,nan,nan,0.0451172,-0.509636,-1.08234,4.17876,5.91829,33,19,step,0.606,1.79069e+09,-3.46274,52,0.257752
0.607,2,1.5,nan,nan,nan,nan,0.0451172,-0.509636,-1.0866,4.17876,5.91819,33,19,step,0.607,1.79069e+09,-3.62065,52,0.257767
0.608,2,1.5,nan,nan,nan,nan,0.146631,-0.471239,-1.10365,4.1778,5.91819,33,19,step,0.608,1.79069e+09,-3.56426,52,0.257774
0.609,2,1.5,nan,nan,nan,nan,0.146631,-0.471239,-1.10897,4.1778,5.91819,33,19,step,0.609,1.79069e+09,-3.5981,52,0.257804
0.61,2,1.5,nan,nan,nan,nan,0.609082,-0.492183,-1.09513,4.17684,5.91819,33,19,step,0.61,1.79069e+09,-3.62065,52,0.25785
0.611,2,1.5,nan,nan,nan,nan,0.609082,-0.492183,-1.05464,4.17684,5.91819,33,19,step,0.611,1.79069e+09,-3.58682,52,0.257866
0.612,2,1.5,nan,nan,nan,nan,1.08281,-0.813323,-1.05464,4.1754,5.91819,33,19,step,0.612,1.79069e+09,-3.65449,52,0.257942
0.613,2,1.5,nan,nan,nan,nan,1.08281,-0.813323,-1.05358,4.1754,5.91819,33,19,step,0.613,1.79069e+09,-3.63193,52,0.25803
0.614,2,1.5,nan,nan,nan,nan,1.36479,-1.18333,-1.04719,4.1731,5.91819,33,19,step,0.614,1.79069e+09,-3.58682,52,0.258058
0.615,2,1.5,nan,nan,nan,nan,1.36479,-1.18333,-1.00671,4.1731,5.91819,33,19,step,0.615,1.79069e+09,-3.56426,52,0.258132
0.616,2,1.5,nan,nan,nan,nan,1.43247,-1.21475,-0.991791,4.17061,5.91819,33,19,step,0.616,1.79069e+09,-3.60938,52,0.25817
0.617,2,1.5,nan,nan,nan,nan,1.43247,-1.21475,-1.00351,4.17061,5.91819,33,19,step,0.617,1.79069e+09,-3.60938,52,0.258235
0.618,2,1.5,nan,nan,nan,nan,1.252,-1.01229,-1.00671,4.1685,5.91819,33,19,step,0.618,1.79069e+09,-3.62065,52,0.258319
0.619,2,1.5,nan,nan,nan,nan,1.252,-1.01229,-0.991791,4.1685,5.91819,33,19,step,0.619,1.79069e+09,-3.62065,52,0.258383
0.62,2,1.5,nan,nan,nan,nan,1.28584,-0.865683,-0.958767,4.16677,5.91819,33,19,step,0.62,1.79069e+09,-3.5417,52,0.25844
0.621,2,1.5,nan,nan,nan,nan,1.28584,-0.865683,-0.934265,4.16677,5.91819,33,19,step,0.621,1.79069e+09,-3.5417,52,0.258453
0.622,2,1.5,nan,nan,nan,nan,1.44375,-0.872665,-0.937461,4.16505,5.91819,33,19,step,0.622,1.79069e+09,-3.5417,52,0.25847
0.623,2,1.5,nan,nan,nan,nan,1.44375,-0.872665,-0.93107,4.16505,5.91819,33,19,step,0.623,1.79069e+09,-3.58682,52,0.258511
0.624,2,1.5,nan,nan,nan,nan,1.50015,-0.919789,-0.91509,4.16322,5.91819,33,19,step,0.624,1.79069e+09,-3.60938,52,0.258542
0.625,2,1.5,nan,nan,nan,nan,1.50015,-0.919789,-0.894849,4.16322,5.91819,33,19,step,0.625,1.79069e+09,-3.62065,52,0.258623
0.626,2,1.5,nan,nan,nan,nan,1.40991,-0.883137,-0.873543,4.1614,5.9181,33,19,step,0.626,1.79069e+09,-3.58682,52,0.258687
0.627,2,1.5,nan,nan,nan,nan,1.40991,-0.883137,-0.859695,4.1614,5.9181,33,19,step,0.627,1.79069e+09,-3.57554,52,0.258758
0.628,2,1.5,nan,nan,nan,nan,1.42119,-0.876155,-0.847976,4.15968,5.9181,33,19,step,0.628,1.79069e+09,-3.53042,52,0.258817
0.629,2,1.5,nan,nan,nan,nan,1.42119,-0.876155,-0.84478,4.15968,5.9181,33,19,step,0.629,1.79069e+09,-3.55298,52,0.258851
0.63,2,1.5,nan,nan,nan,nan,1.47759,-0.876155,-0.840519,4.15785,5.9181,33,19,step,0.63,1.79069e+09,-3.57554,52,0.25889
0.631,2,1.5,nan,nan,nan,nan,1.47759,-0.876155,-0.814952,4.15785,5.9181,33,19,step,0.631,1.79069e+09,-3.58682,52,0.25891
0.632,2,1.5,nan,nan,nan,nan,1.53398,-0.832522,-0.785124,4.15613,5.9181,33,19,step,0.632,1.79069e+09,-3.63193,52,0.258968
0.633,2,1.5,nan,nan,nan,nan,1.53398,-0.832522,-0.794712,4.15613,5.9181,33,19,step,0.633,1.79069e+09,-3.60938,52,0.259019
0.634,2,1.5,nan,nan,nan,nan,1.47759,-0.74351,-0.771275,4.15469,5.9181,33,19,step,0.634,1.79069e+09,-3.55298,52,0.259062
0.635,2,1.5,nan,nan,nan,nan,1.47759,-0.74351,-0.776601,4.15469,5.9181,33,19,step,0.635,1.79069e+09,-3.58682,52,0.259125
0.636,2,1.5,nan,nan,nan,nan,1.44375,-0.71384,-0.780863,4.15335,5.9181,33,19,step,0.636,1.79069e+09,-3.55298,52,0.259181
0.637,2,1.5,nan,nan,nan,nan,1.44375,-0.71384,-0.751034,4.15335,5.918,33,19,step,0.637,1.79069e+09,-3.57554,52,0.259213
0.638,2,1.5,nan,nan,nan,nan,1.46631,-0.747001,-0.704161,4.15181,5.918,33,19,step,0.638,1.79069e+09,-3.57554,52,0.259232
0.639,2,1.5,nan,nan,nan,nan,1.46631,-0.747001,-0.702031,4.15181,5.918,33,19,step,0.639,1.79069e+09,-3.46274,52,0.259266
0.64,2,1.5,nan,nan,nan,nan,1.53398,-0.774926,-0.712684,4.15028,5.918,33,19,step,0.64,1.79069e+09,-3.63193,52,0.259337
0.641,2,1.5,nan,nan,nan,nan,1.53398,-0.774926,-0.697769,4.15028,5.918,33,19,step,0.641,1.79069e+09,-3.55298,52,0.259399
0.642,2,1.5,nan,nan,nan,nan,1.60166,-0.741765,-0.676464,4.14875,5.918,33,19,step,0.642,1.79069e+09,-3.56426,52,0.259427
0.643,2,1.5,nan,nan,nan,nan,1.60166,-0.741765,-0.677529,4.14875,5.918,33,19,step,0.643,1.79069e+09,-3.56426,52,0.259467
0.644,2,1.5,nan,nan,nan,nan,1.39863,-0.668461,-0.664745,4.14731,5.918,33,19,step,0.644,1.79069e+09,-3.56426,52,0.259495
0.645,2,1.5,nan,nan,nan,nan,1.39863,-0.668461,-0.64557,4.14731,5.918,33,19,step,0.645,1.79069e+09,-3.5981,52,0.259544
0.646,2,1.5,nan,nan,nan,nan,1.31968,-0.602139,-0.628525,4.14616,5.918,33,19,step,0.646,1.79069e+09,-3.57554,52,0.259571
0.647,2,1.5,nan,nan,nan,nan,1.31968,-0.602139,-0.616807,4.14616,5.918,33,19,step,0.647,1.79069e+09,-3.57554,52,0.259593
0.648,2,1.5,nan,nan,nan,nan,1.34224,-0.612611,-0.598697,4.14491,5.918,33,19,step,0.648,1.79069e+09,-3.58682,52,0.259619
0.649,2,1.5,nan,nan,nan,nan,1.34224,-0.612611,-0.589109,4.14491,5.918,33,19,step,0.649,1.79069e+09,-3.56426,52,0.259638
0.65,2,1.5,nan,nan,nan,nan,1.44375,-0.593412,-0.589109,4.14376,5.918,33,19,step,0.65,1.79069e+09,-3.62065,52,0.259677
0.651,2,1.5,nan,nan,nan,nan,1.44375,-0.593412,-0.569934,4.14376,5.918,33,19,step,0.651,1.79069e+09,-3.5981,52,0.259711
0.652,2,1.5,nan,nan,nan,nan,1.50015,-0.555015,-0.559281,4.14261,5.918,33,19,step,0.652,1.79069e+09,-3.5981,52,0.259711
0.653,2,1.5,nan,nan,nan,nan,1.50015,-0.555015,-0.543301,4.14261,5.918,33,19,step,0.653,1.79069e+09,-3.60938,52,0.259751
0.654,2,1.5,nan,nan,nan,nan,1.54526,-0.525344,-0.527322,4.14156,5.918,33,19,step,0.654,1.79069e+09,-3.62065,52,0.259791
0.655,2,1.5,nan,nan,nan,nan,1.54526,-0.525344,-0.513473,4.14156,5.918,33,19,step,0.655,1.79069e+09,-3.5981,52,0.259844
0.656,2,1.5,nan,nan,nan,nan,1.54526,-0.502655,-0.523061,4.1406,5.918,33,19,step,0.656,1.79069e+09,-3.56426,52,0.259894
0.657,2,1.5,nan,nan,nan,nan,1.54526,-0.502655,-0.527322,4.1406,5.918,33,19,step,0.657,1.79069e+09,-3.56426,52,0.259914
0.658,2,1.5,nan,nan,nan,nan,1.45503,-0.490438,-0.50069,4.13954,5.918,33,19,step,0.658,1.79069e+09,-3.5981,52,0.259952
0.659,2,1.5,nan,nan,nan,nan,1.45503,-0.490438,-0.470861,4.13954,5.918,33,19,step,0.659,1.79069e+09,-3.56426,52,0.259976
0.66,2,1.5,nan,nan,nan,nan,1.47759,-0.507891,-0.455947,4.13849,5.918,33,19,step,0.66,1.79069e+09,-3.46274,52,0.260011
0.661,2,1.5,nan,nan,nan,nan,1.47759,-0.507891,-0.453816,4.13849,5.918,33,19,step,0.661,1.79069e+09,-3.58682,52,0.260034
0.662,2,1.5,nan,nan,nan,nan,1.45503,-0.495674,-0.455947,4.13753,5.918,33,19,step,0.662,1.79069e+09,-3.5417,52,0.260028
0.663,2,1.5,nan,nan,nan,nan,1.45503,-0.495674,-0.416531,4.13753,5.918,33,19,step,0.663,1.79069e+09,-3.5981,52,0.260038
0.664,2,1.5,nan,nan,nan,nan,1.42119,-0.432842,-0.438902,4.13667,5.918,33,19,step,0.664,1.79069e+09,-3.58682,52,0.260057
0.665,2,1.5,nan,nan,nan,nan,1.42119,-0.432842,-0.425053,4.13667,5.918,33,19,step,0.665,1.79069e+09,-3.58682,52,0.260059
0.666,2,1.5,nan,nan,nan,nan,1.44375,-0.342085,-0.39416,4.1359,5.918,33,19,step,0.666,1.79069e+09,-3.56426,52,0.260072
0.667,2,1.5,nan,nan,nan,nan,1.44375,-0.342085,-0.380311,4.1359,5.918,33,19,step,0.667,1.79069e+09,-3.64321,52,0.260089
0.668,2,1.5,nan,nan,nan,nan,1.47759,-0.328122,-0.387768,4.13532,5.918,33,19,step,0.668,1.79069e+09,-3.58682,52,0.260151
0.669,2,1.5,nan,nan,nan,nan,1.47759,-0.328122,-0.380311,4.13532,5.918,33,19,step,0.669,1.79069e+09,-3.5981,52,0.260195
0.67,2,1.5,nan,nan,nan,nan,1.52271,-0.338594,-0.371789,4.13465,5.918,33,19,step,0.67,1.79069e+09,-3.57554,52,0.2602
0.671,2,1.5,nan,nan,nan,nan,1.52271,-0.338594,-0.350483,4.13465,5.918,33,19,step,0.671,1.79069e+09,-3.5981,52,0.26025
0.672,2,1.5,nan,nan,nan,nan,1.53398,-0.331613,-0.327046,4.13398,5.918,33,19,step,0.672,1.79069e+09,-3.5981,52,0.260299
0.673,2,1.5,nan,nan,nan,nan,1.53398,-0.331613,-0.32172,4.13398,5.918,33,19,step,0.673,1.79069e+09,-3.56426,52,0.260337
0.674,2,1.5,nan,nan,nan,nan,1.50015,-0.312414,-0.300414,4.13331,5.918,33,19,step,0.674,1.79069e+09,-3.5417,52,0.260357
0.675,2,1.5,nan,nan,nan,nan,1.50015,-0.312414,-0.295087,4.13331,5.918,33,19,step,0.675,1.79069e+09,-3.57554,52,0.260397
0.676,2,1.5,nan,nan,nan,nan,1.46631,-0.279253,-0.286565,4.13274,5.918,33,19,step,0.676,1.79069e+09,-3.58682,52,0.260435
0.677,2,1.5,nan,nan,nan,nan,1.46631,-0.279253,-0.264194,4.13274,5.918,33,19,step,0.677,1.79069e+09,-3.5417,52,0.260455
0.678,2,1.5,nan,nan,nan,nan,1.44375,-0.26529,-0.249279,4.13226,5.918,33,19,step,0.678,1.79069e+09,-3.5417,52,0.260492
0.679,2,1.5,nan,nan,nan,nan,1.44375,-0.26529,-0.242888,4.13226,5.918,33,19,step,0.679,1.79069e+09,-3.51914,52,0.260521
0.68,2,1.5,nan,nan,nan,nan,1.42119,-0.253073,-0.230104,4.13168,5.918,33,19,step,0.68,1.79069e+09,-3.56426,52,0.260546
0.681,2,1.5,nan,nan,nan,nan,1.42119,-0.253073,-0.227974,4.13168,5.918,33,19,step,0.681,1.79069e+09,-3.56426,52,0.260607
0.682,2,1.5,nan,nan,nan,nan,1.43247,-0.225147,-0.214125,4.1312,5.918,33,19,step,0.682,1.79069e+09,-3.56426,52,0.260651
0.683,2,1.5,nan,nan,nan,nan,1.43247,-0.225147,-0.199211,4.1312,5.918,33,19,step,0.683,1.79069e+09,-3.49658,52,0.260707
0.684,2,1.5,nan,nan,nan,nan,1.39863,-0.188496,-0.190688,4.13082,5.918,33,19,step,0.684,1.79069e+09,-3.4853,52,0.260764
0.685,2,1.5,nan,nan,nan,nan,1.39863,-0.188496,-0.176839,4.13082,5.918,33,19,step,0.685,1.79069e+09,-3.51914,52,0.260775
0.686,2,1.5,nan,nan,nan,nan,1.43247,-0.143117,-0.176839,4.13053,5.918,33,19,step,0.686,1.79069e+09,-3.51914,52,0.260805
0.687,2,1.5,nan,nan,nan,nan,1.43247,-0.143117,-0.166186,4.13053,5.918,33,19,step,0.687,1.79069e+09,-3.5417,52,0.260843
0.688,2,1.5,nan,nan,nan,nan,1.43247,-0.116937,-0.134227,4.13024,5.918,33,19,step,0.688,1.79069e+09,-3.5417,52,0.260885
0.689,2,1.5,nan,nan,nan,nan,1.43247,-0.116937,-0.121444,4.13024,5.918,33,19,step,0.689,1.79069e+09,-3.51914,52,0.26092
0.69,2,1.5,nan,nan,nan,nan,1.43247,-0.101229,-0.125705,4.13005,5.918,33,19,step,0.69,1.79069e+09,-3.51914,52,0.260948
0.691,2,1.5,nan,nan,nan,nan,1.43247,-0.101229,-0.0937461,4.13005,5.918,33,19,step,0.691,1.79069e+09,-3.51914,52,0.261016
0.692,2,1.5,nan,nan,nan,nan,1.44375,-0.0872665,-0.0948114,4.12986,5.918,33,19,step,0.692,1.79069e+09,-3.50786,52,0.261042
0.693,2,1.5,nan,nan,nan,nan,1.44375,-0.0872665,-0.0820279,4.12986,5.918,33,19,step,0.693,1.79069e+09,-3.49658,52,0.26104
0.694,2,1.5,nan,nan,nan,nan,1.45503,-0.0715585,-0.0777667,4.12976,5.918,33,19,step,0.694,1.79069e+09,-3.56426,52,0.261114
0.695,2,1.5,nan,nan,nan,nan,1.45503,-0.0715585,-0.0479384,4.12976,5.918,33,19,step,0.695,1.79069e+09,-3.5417,52,0.261162
0.696,2,1.5,nan,nan,nan,nan,1.45503,-0.0488692,-0.0234365,4.12967,5.918,33,19,step,0.696,1.79069e+09,-3.46274,52,0.261185
0.697,2,1.5,nan,nan,nan,nan,1.45503,-0.0488692,-0.0298283,4.12967,5.918,33,19,step,0.697,1.79069e+09,-3.51914,52,0.261209
0.698,2,1.5,nan,nan,nan,nan,1.45503,-0.0174533,-0.028763,4.12957,5.918,33,19,step,0.698,1.79069e+09,-3.51914,52,0.261243
0.699,2,1.5,nan,nan,nan,nan,1.45503,-0.0174533,-0.0159795,4.12957,5.918,33,19,step,0.699,1.79069e+09,-3.51914,52,0.26128
0.7,2,1.5,nan,nan,nan,nan,1.45503,0,0.0010653,4.12957,5.918,33,19,step,0.7,1.79069e+09,-3.46274,52,0.261278
0.701,2,1.5,nan,nan,nan,nan,1.45503,0,0.00958767,4.12957,5.918,33,19,step,0.701,1.79069e+09,-3.55298,52,0.2613
0.702,2,1.5,nan,nan,nan,nan,1.45503,0.00174533,0.0245018,4.12957,5.918,33,19,step,0.702,1.79069e+09,-3.56426,52,0.261346
0.703,2,1.5,nan,nan,nan,nan,1.45503,0.00174533,0.0468731,4.12957,5.918,33,19,step,0.703,1.79069e+09,-3.53042,52,0.26136
0.704,2,1.5,nan,nan,nan,nan,1.47759,0.0296706,0.0458078,4.12967,5.918,33,19,step,0.704,1.79069e+09,-3.51914,52,0.261394
0.705,2,1.5,nan,nan,nan,nan,1.47759,0.0296706,0.0628525,4.12967,5.918,33,19,step,0.705,1.79069e+09,-3.51914,52,0.261427
0.706,2,1.5,nan,nan,nan,nan,1.46631,0.0436332,0.0894849,4.12976,5.918,33,19,step,0.706,1.79069e+09,-3.50786,52,0.261418
0.707,2,1.5,nan,nan,nan,nan,1.46631,0.0436332,0.0628525,4.12976,5.918,33,19,step,0.707,1.79069e+09,-3.50786,52,0.261419
0.708,2,1.5,nan,nan,nan,nan,1.46631,0.0645772,0.0756361,4.12986,5.918,33,19,step,0.708,1.79069e+09,-3.51914,52,0.261448
0.709,2,1.5,nan,nan,nan,nan,1.46631,0.0645772,0.109726,4.12986,5.918,33,19,step,0.709,1.79069e+09,-3.56426,52,0.26149
0.71,2,1.5,nan,nan,nan,nan,1.47759,0.0994838,0.129966,4.13005,5.918,33,19,step,0.71,1.79069e+09,-3.4853,52,0.261535
0.711,2,1.5,nan,nan,nan,nan,1.47759,0.0994838,0.122509,4.13005,5.918,33,19,step,0.711,1.79069e+09,-3.47402,52,0.261514
0.712,2,1.5,nan,nan,nan,nan,1.45503,0.115192,0.118248,4.13034,5.918,33,19,step,0.712,1.79069e+09,-3.49658,52,0.261531
0.713,2,1.5,nan,nan,nan,nan,1.45503,0.115192,0.139554,4.13034,5.918,33,19,step,0.713,1.79069e+09,-3.56426,52,0.261542
0.714,2,1.5,nan,nan,nan,nan,1.47759,0.1309,0.156599,4.13053,5.918,33,19,step,0.714,1.79069e+09,-3.50786,52,0.261555
0.715,2,1.5,nan,nan,nan,nan,1.47759,0.1309,0.152337,4.13053,5.918,33,19,step,0.715,1.79069e+09,-3.49658,52,0.261581
0.716,2,1.5,nan,nan,nan,nan,1.47759,0.144862,0.164056,4.13082,5.918,33,19,step,0.716,1.79069e+09,-3.51914,52,0.26161
0.717,2,1.5,nan,nan,nan,nan,1.47759,0.144862,0.164056,4.13082,5.918,33,19,step,0.717,1.79069e+09,-3.50786,52,0.261635
0.718,2,1.5,nan,nan,nan,nan,1.47759,0.171042,0.182166,4.1312,5.918,33,19,step,0.718,1.79069e+09,-3.47402,52,0.261635
0.719,2,1.5,nan,nan,nan,nan,1.47759,0.171042,0.1811,4.1312,5.918,33,19,step,0.719,1.79069e+09,-3.53042,52,0.261644
0.72,2,1.5,nan,nan,nan,nan,1.47759,0.188496,0.204537,4.13159,5.918,33,19,step,0.72,1.79069e+09,-3.50786,52,0.261635
0.721,2,1.5,nan,nan,nan,nan,1.47759,0.188496,0.198145,4.13159,5.918,33,19,step,0.721,1.79069e+09,-3.51914,52,0.261652
0.722,2,1.5,nan,nan,nan,nan,1.50015,0.216421,0.199211,4.13197,5.918,33,19,step,0.722,1.79069e+09,-3.49658,52,0.261689
0.723,2,1.5,nan,nan,nan,nan,1.50015,0.216421,0.234365,4.13197,5.918,33,19,step,0.723,1.79069e+09,-3.4853,52,0.261722
0.724,2,1.5,nan,nan,nan,nan,1.52271,0.235619,0.241822,4.13245,5.918,33,19,step,0.724,1.79069e+09,-3.46274,52,0.261737
0.725,2,1.5,nan,nan,nan,nan,1.52271,0.235619,0.246084,4.13245,5.918,33,19,step,0.725,1.79069e+09,-3.46274,52,0.26175
0.726,2,1.5,nan,nan,nan,nan,1.52271,0.260054,0.250345,4.13293,5.918,33,19,step,0.726,1.79069e+09,-3.45146,52,0.261754
0.727,2,1.5,nan,nan,nan,nan,1.52271,0.260054,0.260998,4.13293,5.918,33,19,step,0.727,1.79069e+09,-3.49658,52,0.261753
0.728,2,1.5,nan,nan,nan,nan,1.53398,0.274017,0.26952,4.1335,5.918,33,19,step,0.728,1.79069e+09,-3.49658,52,0.26178
0.729,2,1.5,nan,nan,nan,nan,1.53398,0.274017,0.26739,4.1335,5.918,33,19,step,0.729,1.79069e+09,-3.50786,52,0.261821
0.73,2,1.5,nan,nan,nan,nan,1.54526,0.279253,0.281238,4.13408,5.918,33,19,step,0.73,1.79069e+09,-3.46274,52,0.261835
0.731,2,1.5,nan,nan,nan,nan,1.54526,0.279253,0.28763,4.13408,5.918,33,19,step,0.731,1.79069e+09,-3.46274,52,0.261836
0.732,2,1.5,nan,nan,nan,nan,1.54526,0.272271,0.28763,4.13465,5.918,33,19,step,0.732,1.79069e+09,-3.4853,52,0.26186
0.733,2,1.5,nan,nan,nan,nan,1.54526,0.272271,0.302544,4.13465,5.918,33,19,step,0.733,1.79069e+09,-3.47402,52,0.26188
0.734,2,1.5,nan,nan,nan,nan,1.50015,0.263545,0.281238,4.13513,5.918,33,19,step,0.734,1.79069e+09,-3.46274,52,0.261888
0.735,2,1.5,nan,nan,nan,nan,1.50015,0.263545,0.302544,4.13513,5.918,33,19,step,0.735,1.79069e+09,-3.4853,52,0.261905
0.736,2,1.5,nan,nan,nan,nan,1.44375,0.282743,0.322785,4.13571,5.918,33,19,step,0.736,1.79069e+09,-3.47402,52,0.261919
0.737,2,1.5,nan,nan,nan,nan,1.44375,0.282743,0.332373,4.13571,5.918,33,19,step,0.737,1.79069e+09,-3.45146,52,0.261938
0.738,2,1.5,nan,nan,nan,nan,1.37607,0.305433,0.32385,4.13628,5.918,33,19,step,0.738,1.79069e+09,-3.45146,52,0.261969
0.739,2,1.5,nan,nan,nan,nan,1.37607,0.305433,0.334503,4.13628,5.918,33,19,step,0.739,1.79069e+09,-3.44019,52,0.261972
0.74,2,1.5,nan,nan,nan,nan,1.42119,0.363028,0.327046,4.13705,5.918,33,19,step,0.74,1.79069e+09,-3.45146,52,0.261974
0.741,2,1.5,nan,nan,nan,nan,1.42119,0.363028,0.32385,4.13705,5.918,33,19,step,0.741,1.79069e+09,-3.47402,52,0.261971
0.742,2,1.5,nan,nan,nan,nan,1.45503,0.387463,0.345156,4.13772,5.918,33,19,step,0.742,1.79069e+09,-3.45146,52,0.261997
0.743,2,1.5,nan,nan,nan,nan,1.45503,0.387463,0.359005,4.13772,5.918,33,19,step,0.743,1.79069e+09,-3.45146,52,0.262039
0.744,2,1.5,nan,nan,nan,nan,1.50015,0.389208,0.369658,4.13858,5.918,33,19,step,0.744,1.79069e+09,-3.32739,52,0.262054
0.745,2,1.5,nan,nan,nan,nan,1.50015,0.389208,0.372854,4.13858,5.918,33,19,step,0.745,1.79069e+09,-3.41763,52,0.262077
0.746,2,1.5,nan,nan,nan,nan,1.52271,0.368264,0.368593,4.13926,5.918,33,19,step,0.746,1.79069e+09,-3.41763,52,0.262066
0.747,2,1.5,nan,nan,nan,nan,1.52271,0.368264,0.37818,4.13926,5.918,33,19,step,0.747,1.79069e+09,-3.30483,52,0.262082
0.748,2,1.5,nan,nan,nan,nan,1.53398,0.39619,0.397356,4.14002,5.918,33,19,step,0.748,1.79069e+09,-3.47402,52,0.262102
0.749,2,1.5,nan,nan,nan,nan,1.53398,0.39619,0.387768,4.14002,5.918,33,19,step,0.749,1.79069e+09,-3.39507,52,0.262113
0.75,2,1.5,nan,nan,nan,nan,1.51143,0.434587,0.400552,4.14089,5.918,33,19,step,0.75,1.79069e+09,-3.46274,52,0.262152
0.751,2,1.5,nan,nan,nan,nan,1.51143,0.434587,0.418662,4.14089,5.918,33,19,step,0.751,1.79069e+09,-3.30483,52,0.26217
0.752,2,1.5,nan,nan,nan,nan,1.53398,0.453786,0.405878,4.14184,5.918,33,19,step,0.752,1.79069e+09,-3.271,52,0.262185
0.753,2,1.5,nan,nan,nan,nan,1.53398,0.453786,0.398421,4.14184,5.918,33,19,step,0.753,1.79069e+09,-3.31611,52,0.262192
0.754,2,1.5,nan,nan,nan,nan,1.48887,0.434587,0.438902,4.14271,5.918,33,19,step,0.754,1.79069e+09,-3.30483,52,0.262204
0.755,2,1.5,nan,nan,nan,nan,1.48887,0.434587,0.454882,4.14271,5.918,33,19,step,0.755,1.79069e+09,-3.44019,52,0.262209
0.756,2,1.5,nan,nan,nan,nan,1.45503,0.413643,0.436772,4.14357,5.918,33,19,step,0.756,1.79069e+09,-3.41763,52,0.262243
0.757,2,1.5,nan,nan,nan,nan,1.45503,0.413643,0.44849,4.14357,5.918,33,19,step,0.757,1.79069e+09,-3.30483,52,0.262267
0.758,2,1.5,nan,nan,nan,nan,1.44375,0.450295,0.441033,4.14443,5.918,33,19,step,0.758,1.79069e+09,-3.40635,52,0.262316
0.759,2,1.5,nan,nan,nan,nan,1.44375,0.450295,0.446359,4.14443,5.918,33,19,step,0.759,1.79069e+09,-3.25972,52,0.262308
0.76,2,1.5,nan,nan,nan,nan,1.46631,0.499164,0.458078,4.14539,5.918,33,19,step,0.76,1.79069e+09,-3.30483,52,0.262318
0.761,2,1.5,nan,nan,nan,nan,1.46631,0.499164,0.460208,4.14539,5.918,33,19,step,0.761,1.79069e+09,-3.30483,52,0.262325
0.762,2,1.5,nan,nan,nan,nan,1.50015,0.513127,0.487906,4.14645,5.918,33,19,step,0.762,1.79069e+09,-3.30483,52,0.262326
0.763,2,1.5,nan,nan,nan,nan,1.50015,0.513127,0.494298,4.14645,5.918,33,19,step,0.763,1.79069e+09,-3.31611,52,0.262344
0.764,2,1.5,nan,nan,nan,nan,1.53398,0.513127,0.488971,4.1475,5.918,33,19,step,0.764,1.79069e+09,-3.28228,52,0.262348
0.765,2,1.5,nan,nan,nan,nan,1.53398,0.513127,0.492167,4.1475,5.918,33,19,step,0.765,1.79069e+09,-3.28228,52,0.262355
0.766,2,1.5,nan,nan,nan,nan,1.54526,0.541052,0.495363,4.14856,5.918,33,19,step,0.766,1.79069e+09,-3.271,52,0.262344
0.767,2,1.5,nan,nan,nan,nan,1.54526,0.541052,0.488971,4.14856,5.918,33,19,step,0.767,1.79069e+09,-3.30483,52,0.262352
0.768,2,1.5,nan,nan,nan,nan,1.50015,0.53058,0.495363,4.14961,5.918,33,19,step,0.768,1.79069e+09,-3.30483,52,0.262374
0.769,2,1.5,nan,nan,nan,nan,1.50015,0.53058,0.524126,4.14961,5.918,33,19,step,0.769,1.79069e+09,-3.30483,52,0.262373
0.77,2,1.5,nan,nan,nan,nan,1.45503,0.502655,0.529453,4.15066,5.918,33,19,step,0.77,1.79069e+09,-3.28228,52,0.262391
0.771,2,1.5,nan,nan,nan,nan,1.45503,0.502655,0.521996,4.15066,5.918,33,19,step,0.771,1.79069e+09,-3.29355,52,0.262396
0.772,2,1.5,nan,nan,nan,nan,1.44375,0.548033,0.52093,4.15181,5.918,33,19,step,0.772,1.79069e+09,-3.271,52,0.262399
0.773,2,1.5,nan,nan,nan,nan,1.44375,0.548033,0.52093,4.15181,5.918,33,19,step,0.773,1.79069e+09,-3.40635,52,0.262395
0.774,2,1.5,nan,nan,nan,nan,1.43247,0.619592,0.544367,4.15297,5.918,33,19,step,0.774,1.79069e+09,-3.29355,52,0.262394
0.775,2,1.5,nan,nan,nan,nan,1.43247,0.619592,0.546497,4.15297,5.918,33,19,step,0.775,1.79069e+09,-3.29355,52,0.262427
0.776,2,1.5,nan,nan,nan,nan,1.47759,0.644026,0.559281,4.15421,5.918,33,19,step,0.776,1.79069e+09,-3.28228,52,0.262435
0.777,2,1.5,nan,nan,nan,nan,1.47759,0.644026,0.556085,4.15421,5.918,33,19,step,0.777,1.79069e+09,-3.271,52,0.262451
0.778,2,1.5,nan,nan,nan,nan,1.53398,0.623083,0.564607,4.15555,5.918,33,19,step,0.778,1.79069e+09,-3.271,52,0.262463
0.779,2,1.5,nan,nan,nan,nan,1.53398,0.623083,0.574195,4.15555,5.918,33,19,step,0.779,1.79069e+09,-3.28228,52,0.262467
0.78,2,1.5,nan,nan,nan,nan,1.52271,0.589921,0.566738,4.1568,5.918,33,19,step,0.78,1.79069e+09,-3.271,52,0.262473
0.781,2,1.5,nan,nan,nan,nan,1.52271,0.589921,0.596566,4.1568,5.918,33,19,step,0.781,1.79069e+09,-3.271,52,0.262474
0.782,2,1.5,nan,nan,nan,nan,1.47759,0.560251,0.60935,4.15785,5.918,33,19,step,0.782,1.79069e+09,-3.28228,52,0.262478
0.783,2,1.5,nan,nan,nan,nan,1.47759,0.560251,0.620003,4.15785,5.918,33,19,step,0.783,1.79069e+09,-3.271,52,0.262513
0.784,2,1.5,nan,nan,nan,nan,1.44375,0.560251,0.602958,4.15891,5.918,33,19,step,0.784,1.79069e+09,-3.271,52,0.262522
0.785,2,1.5,nan,nan,nan,nan,1.44375,0.560251,0.59337,4.15891,5.918,33,19,step,0.785,1.79069e+09,-3.22588,52,0.262532
0.786,2,1.5,nan,nan,nan,nan,1.47759,0.651008,0.597632,4.16025,5.918,33,19,step,0.786,1.79069e+09,-3.24844,52,0.26253
0.787,2,1.5,nan,nan,nan,nan,1.47759,0.651008,0.631721,4.16025,5.918,33,19,step,0.787,1.79069e+09,-3.25972,52,0.262534
0.788,2,1.5,nan,nan,nan,nan,1.51143,0.708604,0.635982,4.16169,5.918,33,19,step,0.788,1.79069e+09,-3.39507,52,0.262535
0.789,2,1.5,nan,nan,nan,nan,1.51143,0.708604,0.648766,4.16169,5.918,33,19,step,0.789,1.79069e+09,-3.23716,52,0.26254
0.79,2,1.5,nan,nan,nan,nan,1.60166,0.719076,0.635982,4.16313,5.918,33,19,step,0.79,1.79069e+09,-3.271,52,0.262578
0.791,2,1.5,nan,nan,nan,nan,1.60166,0.719076,0.62959,4.16313,5.918,33,19,step,0.791,1.79069e+09,-3.22588,52,0.262583
0.792,2,1.5,nan,nan,nan,nan,1.5791,0.692896,0.642374,4.16457,5.918,33,19,step,0.792,1.79069e+09,-3.2146,52,0.262593
0.793,2,1.5,nan,nan,nan,nan,1.5791,0.692896,0.659419,4.16457,5.918,33,19,step,0.793,1.79069e+09,-3.25972,52,0.262601
0.794,2,1.5,nan,nan,nan,nan,1.55654,0.626573,0.672202,4.16581,5.918,33,19,step,0.794,1.79069e+09,-3.23716,52,0.26259
0.795,2,1.5,nan,nan,nan,nan,1.55654,0.626573,0.680725,4.16581,5.918,33,19,step,0.795,1.79069e+09,-3.25972,52,0.262591
0.796,2,1.5,nan,nan,nan,nan,1.52271,0.649262,0.674333,4.16706,5.918,33,19,step,0.796,1.79069e+09,-3.28228,52,0.262638
0.797,2,1.5,nan,nan,nan,nan,1.52271,0.649262,0.672202,4.16706,5.918,33,19,step,0.797,1.79069e+09,-3.24844,52,0.262689
0.798,2,1.5,nan,nan,nan,nan,1.53398,0.738274,0.696704,4.1685,5.918,33,19,step,0.798,1.79069e+09,-3.18076,52,0.262696
0.799,2,1.5,nan,nan,nan,nan,1.53398,0.738274,0.684986,4.1685,5.918,33,19,step,0.799,1.79069e+09,-3.271,52,0.262691
0.8,2,1.5,nan,nan,nan,nan,1.51143,0.804597,0.665811,4.17022,5.918,33,19,step,0.8,1.79069e+09,-3.23716,52,0.262684
0.801,2,1.5,nan,nan,nan,nan,1.51143,0.804597,0.700965,4.17022,5.918,33,19,step,0.801,1.79069e+09,-3.36123,52,0.262667
0.802,2,1.5,nan,nan,nan,nan,1.52271,0.809833,0.714814,4.17176,5.918,33,19,step,0.802,1.79069e+09,-3.37251,52,0.262654
0.803,2,1.5,nan,nan,nan,nan,1.52271,0.809833,0.71588,4.17176,5.918,33,19,step,0.803,1.79069e+09,-3.41763,52,0.262674
0.804,2,1.5,nan,nan,nan,nan,1.48887,0.694641,0.702031,4.17329,5.918,33,19,step,0.804,1.79069e+09,-3.38379,52,0.26271
0.805,2,1.5,nan,nan,nan,nan,1.48887,0.694641,0.73399,4.17329,5.918,33,19,step,0.805,1.79069e+09,-3.37251,52,0.262728
0.806,2,1.5,nan,nan,nan,nan,1.45503,0.670206,0.749969,4.17463,5.918,33,19,step,0.806,1.79069e+09,-3.32739,52,0.262737
0.807,2,1.5,nan,nan,nan,nan,1.45503,0.670206,0.73612,4.17463,5.918,33,19,step,0.807,1.79069e+09,-3.32739,52,0.262732
0.808,2,1.5,nan,nan,nan,nan,1.47759,0.74002,0.745708,4.17607,5.918,33,19,step,0.808,1.79069e+09,-3.32739,52,0.262751
0.809,2,1.5,nan,nan,nan,nan,1.47759,0.74002,0.732924,4.17607,5.918,33,19,step,0.809,1.79069e+09,-3.30483,52,0.262771
0.81,2,1.5,nan,nan,nan,nan,1.50015,0.832522,0.743577,4.1776,5.918,33,19,step,0.81,1.79069e+09,-3.33867,52,0.262796
0.811,2,1.5,nan,nan,nan,nan,1.50015,0.832522,0.761687,4.1776,5.918,33,19,step,0.811,1.79069e+09,-3.30483,52,0.262792
0.812,2,1.5,nan,nan,nan,nan,1.52271,0.919789,0.764883,4.17943,5.9181,33,19,step,0.812,1.79069e+09,-3.30483,52,0.262799
0.813,2,1.5,nan,nan,nan,nan,1.52271,0.919789,0.756361,4.17943,5.9181,33,19,step,0.813,1.79069e+09,-3.30483,52,0.262802
0.814,2,1.5,nan,nan,nan,nan,1.50015,0.842994,0.776601,4.18115,5.9181,33,19,step,0.814,1.79069e+09,-3.32739,52,0.262807
0.815,2,1.5,nan,nan,nan,nan,1.50015,0.842994,0.798973,4.18115,5.9181,33,19,step,0.815,1.79069e+09,-3.32739,52,0.262817
0.816,2,1.5,nan,nan,nan,nan,1.55654,0.731293,0.791516,4.18278,5.9181,33,19,step,0.816,1.79069e+09,-3.32739,52,0.262833
0.817,2,1.5,nan,nan,nan,nan,1.55654,0.731293,0.787254,4.18278,5.9181,33,19,step,0.817,1.79069e+09,-3.32739,52,0.262847
0.818,2,1.5,nan,nan,nan,nan,1.59038,0.733038,0.794712,4.18412,5.9181,33,19,step,0.818,1.79069e+09,-3.18076,52,0.262868
0.819,2,1.5,nan,nan,nan,nan,1.59038,0.733038,0.786189,4.18412,5.9181,33,19,step,0.819,1.79069e+09,-3.32739,52,0.262893
0.82,2,1.5,nan,nan,nan,nan,1.44375,0.797615,0.820279,4.18575,5.9181,33,19,step,0.82,1.79069e+09,-3.30483,52,0.262885
0.821,2,1.5,nan,nan,nan,nan,1.44375,0.797615,0.816017,4.18575,5.9181,33,19,step,0.821,1.79069e+09,-3.29355,52,0.262889
0.822,2,1.5,nan,nan,nan,nan,1.50015,0.898845,0.801103,4.18748,5.9181,33,19,step,0.822,1.79069e+09,-3.29355,52,0.262894
0.823,2,1.5,nan,nan,nan,nan,1.50015,0.898845,0.828801,4.18748,5.9181,33,19,step,0.823,1.79069e+09,-3.30483,52,0.262885
0.824,2,1.5,nan,nan,nan,nan,1.47759,0.851721,0.817083,4.18921,5.9181,33,19,step,0.824,1.79069e+09,-3.31611,52,0.262904
0.825,2,1.5,nan,nan,nan,nan,1.47759,0.851721,0.809626,4.18921,5.9181,33,19,step,0.825,1.79069e+09,-3.31611,52,0.262933
0.826,2,1.5,nan,nan,nan,nan,1.39863,0.808087,0.828801,4.19093,5.9181,33,19,step,0.826,1.79069e+09,-3.29355,52,0.262931
0.827,2,1.5,nan,nan,nan,nan,1.39863,0.808087,0.841585,4.19093,5.9181,33,19,step,0.827,1.79069e+09,-3.22588,52,0.26293
0.828,2,1.5,nan,nan,nan,nan,1.53398,0.827286,0.849042,4.19247,5.9181,33,19,step,0.828,1.79069e+09,-3.28228,52,0.262922
0.829,2,1.5,nan,nan,nan,nan,1.53398,0.827286,0.841585,4.19247,5.9181,33,19,step,0.829,1.79069e+09,-3.30483,52,0.262929
0.83,2,1.5,nan,nan,nan,nan,1.53398,0.916298,0.857564,4.19429,5.9181,33,19,step,0.83,1.79069e+09,-3.30483,52,0.26293
0.831,2,1.5,nan,nan,nan,nan,1.53398,0.916298,0.862891,4.19429,5.9181,33,19,step,0.831,1.79069e+09,-3.25972,52,0.262932
0.832,2,1.5,nan,nan,nan,nan,1.45503,0.942478,0.833062,4.19611,5.9181,33,19,step,0.832,1.79069e+09,-3.30483,52,0.262952
0.833,2,1.5,nan,nan,nan,nan,1.45503,0.942478,0.856499,4.19611,5.9181,33,19,step,0.833,1.79069e+09,-3.22588,52,0.262934
0.834,2,1.5,nan,nan,nan,nan,1.47759,0.881391,0.886327,4.19793,5.9181,33,19,step,0.834,1.79069e+09,-3.25972,52,0.262946
0.835,2,1.5,nan,nan,nan,nan,1.47759,0.881391,0.900176,4.19793,5.9181,33,19,step,0.835,1.79069e+09,-3.31611,52,0.262951
0.836,2,1.5,nan,nan,nan,nan,1.53398,0.869174,0.875674,4.19966,5.9181,33,19,step,0.836,1.79069e+09,-3.28228,52,0.262967
0.837,2,1.5,nan,nan,nan,nan,1.53398,0.869174,0.863956,4.19966,5.9181,33,19,step,0.837,1.79069e+09,-3.31611,52,0.262976
0.838,2,1.5,nan,nan,nan,nan,1.50015,0.923279,0.879935,4.20148,5.9181,33,19,step,0.838,1.79069e+09,-3.29355,52,0.262973
0.839,2,1.5,nan,nan,nan,nan,1.50015,0.923279,0.875674,4.20148,5.9181,33,19,step,0.839,1.79069e+09,-3.25972,52,0.262992
0.84,2,1.5,nan,nan,nan,nan,1.45503,0.959931,0.902307,4.20339,5.9181,33,19,step,0.84,1.79069e+09,-3.271,52,0.262998
0.841,2,1.5,nan,nan,nan,nan,1.45503,0.959931,0.911894,4.20339,5.9181,33,19,step,0.841,1.79069e+09,-3.25972,52,0.262973
0.842,2,1.5,nan,nan,nan,nan,1.46631,0.977384,0.899111,4.20531,5.9181,33,19,step,0.842,1.79069e+09,-3.29355,52,0.262966
0.843,2,1.5,nan,nan,nan,nan,1.46631,0.977384,0.895915,4.20531,5.91819,33,19,step,0.843,1.79069e+09,-3.30483,52,0.262943
0.844,2,1.5,nan,nan,nan,nan,1.5791,1.0088,0.91509,4.20733,5.91819,33,19,step,0.844,1.79069e+09,-3.30483,52,0.26295
0.845,2,1.5,nan,nan,nan,nan,1.5791,1.0088,0.906568,4.20733,5.91819,33,19,step,0.845,1.79069e+09,-3.25972,52,0.262966
0.846,2,1.5,nan,nan,nan,nan,1.5791,0.989602,0.922547,4.20934,5.91819,33,19,step,0.846,1.79069e+09,-3.271,52,0.263003
0.847,2,1.5,nan,nan,nan,nan,1.5791,0.989602,0.936396,4.20934,5.91819,33,19,step,0.847,1.79069e+09,-3.25972,52,0.263016
0.848,2,1.5,nan,nan,nan,nan,1.40991,0.932006,0.943853,4.21126,5.91819,33,19,step,0.848,1.79069e+09,-3.23716,52,0.263005
0.849,2,1.5,nan,nan,nan,nan,1.40991,0.932006,0.948114,4.21126,5.91819,33,19,step,0.849,1.79069e+09,-3.28228,52,0.263026
0.85,2,1.5,nan,nan,nan,nan,1.55654,0.912807,0.955571,4.21308,5.91819,33,19,step,0.85,1.79069e+09,-3.28228,52,0.263033
0.851,2,1.5,nan,nan,nan,nan,1.55654,0.912807,0.960898,4.21308,5.91819,33,19,step,0.851,1.79069e+09,-3.23716,52,0.263034
0.852,2,1.5,nan,nan,nan,nan,1.47759,0.98262,0.953441,4.215,5.91819,33,19,step,0.852,1.79069e+09,-3.23716,52,0.263033
0.853,2,1.5,nan,nan,nan,nan,1.47759,0.98262,0.957702,4.215,5.91819,33,19,step,0.853,1.79069e+09,-3.23716,52,0.263041
0.854,2,1.5,nan,nan,nan,nan,1.54526,1.04196,0.990726,4.21701,5.91819,33,19,step,0.854,1.79069e+09,-3.23716,52,0.263024
0.855,2,1.5,nan,nan,nan,nan,1.54526,1.04196,0.991791,4.21701,5.91819,33,19,step,0.855,1.79069e+09,-3.23716,52,0.262995
0.856,2,1.5,nan,nan,nan,nan,1.44375,1.00182,0.973681,4.21912,5.91819,33,19,step,0.856,1.79069e+09,-3.24844,52,0.262984
0.857,2,1.5,nan,nan,nan,nan,1.44375,1.00182,0.9854,4.21912,5.91819,33,19,step,0.857,1.79069e+09,-3.28228,52,0.263017
0.858,2,1.5,nan,nan,nan,nan,1.47759,0.991347,0.982204,4.22104,5.91819,33,19,step,0.858,1.79069e+09,-3.22588,52,0.263046
0.859,2,1.5,nan,nan,nan,nan,1.47759,0.991347,0.997118,4.22104,5.91819,33,19,step,0.859,1.79069e+09,-3.2146,52,0.263065
0.86,2,1.5,nan,nan,nan,nan,1.55654,1.05418,0.993922,4.22314,5.91819,33,19,step,0.86,1.79069e+09,-3.16948,52,0.263086
0.861,2,1.5,nan,nan,nan,nan,1.55654,1.05418,1.00564,4.22314,5.91829,33,19,step,0.861,1.79069e+09,-3.23716,52,0.263071
0.862,2,1.5,nan,nan,nan,nan,1.51143,1.08559,1.00031,4.22535,5.91829,33,19,step,0.862,1.79069e+09,-3.2146,52,0.263045
0.863,2,1.5,nan,nan,nan,nan,1.51143,1.08559,1.00458,4.22535,5.91829,33,19,step,0.863,1.79069e+09,-3.18076,52,0.263042
0.864,2,1.5,nan,nan,nan,nan,1.53398,1.0088,1.03227,4.22736,5.91829,33,19,step,0.864,1.79069e+09,-3.24844,52,0.263027
0.865,2,1.5,nan,nan,nan,nan,1.53398,1.0088,1.03014,4.22736,5.91829,33,19,step,0.865,1.79069e+09,-3.22588,52,0.263012
0.866,2,1.5,nan,nan,nan,nan,1.5791,0.998328,1.01842,4.22938,5.91829,33,19,step,0.866,1.79069e+09,-3.22588,52,0.263003
0.867,2,1.5,nan,nan,nan,nan,1.5791,0.998328,1.0099,4.22938,5.91829,33,19,step,0.867,1.79069e+09,-3.20332,52,0.262994
0.868,2,1.5,nan,nan,nan,nan,1.56782,1.11352,1.02695,4.23158,5.91829,33,19,step,0.868,1.79069e+09,-3.22588,52,0.262995
0.869,2,1.5,nan,nan,nan,nan,1.56782,1.11352,1.04932,4.23158,5.91829,33,19,step,0.869,1.79069e+09,-3.22588,52,0.263002
0.87,2,1.5,nan,nan,nan,nan,1.51143,1.15715,1.04186,4.23388,5.91829,33,19,step,0.87,1.79069e+09,-3.20332,52,0.262985
0.871,2,1.5,nan,nan,nan,nan,1.51143,1.15715,1.04932,4.23388,5.91829,33,19,step,0.871,1.79069e+09,-3.20332,52,0.262977
0.872,2,1.5,nan,nan,nan,nan,1.56782,1.10305,1.06956,4.23609,5.91829,33,19,step,0.872,1.79069e+09,-3.22588,52,0.262984
0.873,2,1.5,nan,nan,nan,nan,1.56782,1.10305,1.06636,4.23609,5.91829,33,19,step,0.873,1.79069e+09,-3.20332,52,0.262993
0.874,2,1.5,nan,nan,nan,nan,1.60166,1.05418,1.06956,4.2382,5.91829,33,19,step,0.874,1.79069e+09,-3.16948,52,0.262997
0.875,2,1.5,nan,nan,nan,nan,1.60166,1.05418,1.05464,4.2382,5.91829,33,19,step,0.875,1.79069e+09,-3.18076,52,0.262989
0.876,2,1.5,nan,nan,nan,nan,1.46631,1.09432,1.05677,4.2404,5.91839,33,19,step,0.876,1.79069e+09,-3.19204,52,0.262971
0.877,2,1.5,nan,nan,nan,nan,1.46631,1.09432,1.07382,4.2404,5.91839,33,19,step,0.877,1.79069e+09,-3.2146,52,0.26297
0.878,2,1.5,nan,nan,nan,nan,1.44375,1.08734,1.0653,4.24261,5.91839,33,19,step,0.878,1.79069e+09,-3.19204,52,0.262972
0.879,2,1.5,nan,nan,nan,nan,1.44375,1.08734,1.06849,4.24261,5.91839,33,19,step,0.879,1.79069e+09,-3.16948,52,0.262974
0.88,2,1.5,nan,nan,nan,nan,1.52271,1.10654,1.08447,4.24481,5.91839,33,19,step,0.88,1.79069e+09,-3.16948,52,0.262976
0.881,2,1.5,nan,nan,nan,nan,1.52271,1.10654,1.09513,4.24481,5.91848,33,19,step,0.881,1.79069e+09,-3.16948,52,0.262957
0.882,2,1.5,nan,nan,nan,nan,1.42119,1.17635,1.11217,4.24711,5.91848,33,19,step,0.882,1.79069e+09,-3.16948,52,0.26293
0.883,2,1.5,nan,nan,nan,nan,1.42119,1.17635,1.10684,4.24711,5.91848,33,19,step,0.883,1.79069e+09,-3.19204,52,0.262913
0.884,2,1.5,nan,nan,nan,nan,1.40991,1.18159,1.09193,4.24951,5.91848,33,19,step,0.884,1.79069e+09,-3.19204,52,0.262915
0.885,2,1.5,nan,nan,nan,nan,1.40991,1.18159,1.08554,4.24951,5.91848,33,19,step,0.885,1.79069e+09,-3.12437,52,0.262926
0.886,2,1.5,nan,nan,nan,nan,1.47759,1.1781,1.10578,4.25191,5.91848,33,19,step,0.886,1.79069e+09,-3.12437,52,0.262916
0.887,2,1.5,nan,nan,nan,nan,1.47759,1.1781,1.10684,4.25191,5.91848,33,19,step,0.887,1.79069e+09,-3.16948,52,0.262922
0.888,2,1.5,nan,nan,nan,nan,1.45503,1.17112,1.12708,4.25421,5.91848,33,19,step,0.888,1.79069e+09,-3.1582,52,0.262938
0.889,2,1.5,nan,nan,nan,nan,1.45503,1.17112,1.12921,4.25421,5.91848,33,19,step,0.889,1.79069e+09,-3.13564,52,0.262911
0.89,2,1.5,nan,nan,nan,nan,1.37607,1.1781,1.10684,4.2566,5.91858,33,19,step,0.89,1.79069e+09,-3.12437,52,0.2629
0.891,2,1.5,nan,nan,nan,nan,1.37607,1.1781,1.14306,4.2566,5.91858,33,19,step,0.891,1.79069e+09,-3.19204,52,0.262897
0.892,2,1.5,nan,nan,nan,nan,1.42119,1.20777,1.1143,4.259,5.91858,33,19,step,0.892,1.79069e+09,-3.14692,52,0.262926
0.893,2,1.5,nan,nan,nan,nan,1.42119,1.20777,1.142,4.259,5.91858,33,19,step,0.893,1.79069e+09,-3.11309,52,0.262952
0.894,2,1.5,nan,nan,nan,nan,1.52271,1.23918,1.14946,4.26149,5.91858,33,19,step,0.894,1.79069e+09,-3.07925,52,0.262944
0.895,2,1.5,nan,nan,nan,nan,1.52271,1.23918,1.14839,4.26149,5.91858,33,19,step,0.895,1.79069e+09,-3.11309,52,0.262926
0.896,2,1.5,nan,nan,nan,nan,1.46631,1.19381,1.15265,4.26399,5.91858,33,19,step,0.896,1.79069e+09,-3.14692,52,0.2629
0.897,2,1.5,nan,nan,nan,nan,1.46631,1.19381,1.1697,4.26399,5.91867,33,19,step,0.897,1.79069e+09,-3.14692,52,0.262881
0.898,2,1.5,nan,nan,nan,nan,1.51143,1.14145,1.1665,4.26629,5.91867,33,19,step,0.898,1.79069e+09,-3.13564,52,0.262885
0.899,2,1.5,nan,nan,nan,nan,1.51143,1.14145,1.17609,4.26629,5.91867,33,19,step,0.899,1.79069e+09,-3.13564,52,0.262881
0.9,2,-1.5,nan,nan,nan,nan,1.55654,1.17461,1.18461,4.26869,5.91867,33,19,step,0.9,1.79069e+09,-3.09053,52,0.262873
0.901,2,-1.5,nan,nan,nan,nan,1.55654,1.17461,1.19207,4.26869,5.91867,33,19,step,0.901,1.79069e+09,-3.10181,52,0.262879
0.902,2,-1.5,nan,nan,nan,nan,1.46631,1.24442,1.19739,4.27099,5.91867,33,19,step,0.902,1.79069e+09,-3.11309,52,0.262874
0.903,2,-1.5,nan,nan,nan,nan,1.46631,1.24442,1.17928,4.27099,5.91867,33,19,step,0.903,1.79069e+09,-3.09053,52,0.262883
0.904,2,-1.5,nan,nan,nan,nan,0.101514,1.04022,1.18461,4.27319,5.91867,33,19,step,0.904,1.79069e+09,-3.10181,52,0.262841
0.905,2,-1.5,nan,nan,nan,nan,0.101514,1.04022,1.20059,4.27319,5.91867,33,19,step,0.905,1.79069e+09,-3.10181,52,0.262821
0.906,2,-1.5,nan,nan,nan,nan,0.0563965,0.633555,1.18248,4.27463,5.91877,33,19,step,0.906,1.79069e+09,-3.14692,52,0.26283
0.907,2,-1.5,nan,nan,nan,nan,0.0563965,0.633555,1.19526,4.27463,5.91877,33,19,step,0.907,1.79069e+09,-3.10181,52,0.262833
0.908,2,-1.5,nan,nan,nan,nan,-0.135352,0.621337,1.17822,4.27588,5.91877,33,19,step,0.908,1.79069e+09,-3.06797,52,0.26283
0.909,2,-1.5,nan,nan,nan,nan,-0.135352,0.621337,1.17396,4.27588,5.91877,33,19,step,0.909,1.79069e+09,-3.06797,52,0.262794
0.91,2,-1.5,nan,nan,nan,nan,-0.744434,0.603884,1.18248,4.27712,5.91877,33,19,step,0.91,1.79069e+09,-3.06797,52,0.262726
0.911,2,-1.5,nan,nan,nan,nan,-0.744434,0.603884,1.18354,4.27712,5.91877,33,19,step,0.911,1.79069e+09,-3.11309,52,0.262636
0.912,2,-1.5,nan,nan,nan,nan,-1.09409,0.856957,1.15159,4.27866,5.91877,33,19,step,0.912,1.79069e+09,-3.14692,52,0.2626
0.913,2,-1.5,nan,nan,nan,nan,-1.09409,0.856957,1.14306,4.27866,5.91877,33,19,step,0.913,1.79069e+09,-3.13564,52,0.262554
0.914,2,-1.5,nan,nan,nan,nan,-1.44375,1.309,1.13454,4.28115,5.91877,33,19,step,0.914,1.79069e+09,-3.04541,52,0.262505
0.915,2,-1.5,nan,nan,nan,nan,-1.44375,1.309,1.13774,4.28115,5.91877,33,19,step,0.915,1.79069e+09,-3.10181,52,0.262417
0.916,2,-1.5,nan,nan,nan,nan,-1.45503,1.32121,1.08873,4.28374,5.91877,33,19,step,0.916,1.79069e+09,-3.09053,52,0.262342
0.917,2,-1.5,nan,nan,nan,nan,-1.45503,1.32121,1.09299,4.28374,5.91886,33,19,step,0.917,1.79069e+09,-3.06797,52,0.262289
0.918,2,-1.5,nan,nan,nan,nan,-1.3084,1.1397,1.07062,4.28613,5.91886,33,19,step,0.918,1.79069e+09,-3.07925,52,0.262193
0.919,2,-1.5,nan,nan,nan,nan,-1.3084,1.1397,1.06104,4.28613,5.91886,33,19,step,0.919,1.79069e+09,-3.12437,52,0.262135
0.92,2,-1.5,nan,nan,nan,nan,-1.35352,1.0088,1.05464,4.28815,5.91886,33,19,step,0.92,1.79069e+09,-3.11309,52,0.262076
0.921,2,-1.5,nan,nan,nan,nan,-1.35352,1.0088,1.0376,4.28815,5.91886,33,19,step,0.921,1.79069e+09,-3.13564,52,0.262032
0.922,2,-1.5,nan,nan,nan,nan,-1.47759,0.921534,1.04506,4.29006,5.91896,33,19,step,0.922,1.79069e+09,-3.10181,52,0.261995
0.923,2,-1.5,nan,nan,nan,nan,-1.47759,0.921534,1.0344,4.29006,5.91896,33,19,step,0.923,1.79069e+09,-3.11309,52,0.261949
0.924,2,-1.5,nan,nan,nan,nan,-1.51143,0.911062,1.00564,4.29189,5.91896,33,19,step,0.924,1.79069e+09,-3.10181,52,0.261869
0.925,2,-1.5,nan,nan,nan,nan,-1.51143,0.911062,0.992857,4.29189,5.91896,33,19,step,0.925,1.79069e+09,-3.10181,52,0.261798
0.926,2,-1.5,nan,nan,nan,nan,-1.50015,1.04371,0.959833,4.2939,5.91906,33,19,step,0.926,1.79069e+09,-3.12437,52,0.261686
0.927,2,-1.5,nan,nan,nan,nan,-1.50015,1.04371,0.965159,4.2939,5.91906,33,19,step,0.927,1.79069e+09,-3.12437,52,0.261631
0.928,2,-1.5,nan,nan,nan,nan,-1.51143,1.07338,0.942788,4.2961,5.91906,33,19,step,0.928,1.79069e+09,-3.13564,52,0.261555
0.929,2,-1.5,nan,nan,nan,nan,-1.51143,1.07338,0.910829,4.2961,5.91906,33,19,step,0.929,1.79069e+09,-2.96646,52,0.261476
0.93,2,-1.5,nan,nan,nan,nan,-1.54526,0.911062,0.909764,4.29793,5.91906,33,19,step,0.93,1.79069e+09,-3.11309,52,0.261404
0.931,2,-1.5,nan,nan,nan,nan,-1.54526,0.911062,0.912959,4.29793,5.91906,33,19,step,0.931,1.79069e+09,-3.12437,52,0.261346
0.932,2,-1.5,nan,nan,nan,nan,-1.48887,0.841249,0.899111,4.29965,5.91915,33,19,step,0.932,1.79069e+09,-3.14692,52,0.261319
0.933,2,-1.5,nan,nan,nan,nan,-1.48887,0.841249,0.895915,4.29965,5.91915,33,19,step,0.933,1.79069e+09,-3.11309,52,0.261277
0.934,2,-1.5,nan,nan,nan,nan,-1.47759,0.933751,0.86076,4.30147,5.91915,33,19,step,0.934,1.79069e+09,-3.11309,52,0.261232
0.935,2,-1.5,nan,nan,nan,nan,-1.47759,0.933751,0.843715,4.30147,5.91915,33,19,step,0.935,1.79069e+09,-3.11309,52,0.261203
0.936,2,-1.5,nan,nan,nan,nan,-1.50015,0.942478,0.841585,4.30339,5.91925,33,19,step,0.936,1.79069e+09,-3.11309,52,0.261122
0.937,2,-1.5,nan,nan,nan,nan,-1.50015,0.942478,0.834128,4.30339,5.91925,33,19,step,0.937,1.79069e+09,-3.11309,52,0.26104
0.938,2,-1.5,nan,nan,nan,nan,-1.48887,0.762709,0.823475,4.30502,5.91925,33,19,step,0.938,1.79069e+09,-3.1582,52,0.261005
0.939,2,-1.5,nan,nan,nan,nan,-1.48887,0.762709,0.807495,4.30502,5.91934,33,19,step,0.939,1.79069e+09,-3.13564,52,0.260926
0.94,2,-1.5,nan,nan,nan,nan,-1.50015,0.680678,0.776601,4.30636,5.91934,33,19,step,0.94,1.79069e+09,-3.13564,52,0.2609
0.941,2,-1.5,nan,nan,nan,nan,-1.50015,0.680678,0.795777,4.30636,5.91934,33,19,step,0.941,1.79069e+09,-3.1582,52,0.260859
0.942,2,-1.5,nan,nan,nan,nan,-1.47759,0.813323,0.786189,4.3079,5.91944,33,19,step,0.942,1.79069e+09,-2.97773,52,0.260786
0.943,2,-1.5,nan,nan,nan,nan,-1.47759,0.813323,0.758491,4.3079,5.91944,33,19,step,0.943,1.79069e+09,-3.12437,52,0.260742
0.944,2,-1.5,nan,nan,nan,nan,-1.47759,0.904081,0.73612,4.30972,5.91944,33,19,step,0.944,1.79069e+09,-3.10181,52,0.260664
0.945,2,-1.5,nan,nan,nan,nan,-1.47759,0.904081,0.73399,4.30972,5.91944,33,19,step,0.945,1.79069e+09,-3.10181,52,0.260602
0.946,2,-1.5,nan,nan,nan,nan,-1.45503,0.815069,0.720141,4.31144,5.91944,33,19,step,0.946,1.79069e+09,-3.11309,52,0.260495
0.947,2,-1.5,nan,nan,nan,nan,-1.45503,0.815069,0.694574,4.31144,5.91944,33,19,step,0.947,1.79069e+09,-3.09053,52,0.260447
0.948,2,-1.5,nan,nan,nan,nan,-1.45503,0.612611,0.712684,4.31269,5.91944,33,19,step,0.948,1.79069e+09,-3.1582,52,0.260427
0.949,2,-1.5,nan,nan,nan,nan,-1.45503,0.612611,0.683921,4.31269,5.91944,33,19,step,0.949,1.79069e+09,-3.10181,52,0.260386
0.95,2,-1.5,nan,nan,nan,nan,-1.44375,0.579449,0.664745,4.31384,5.91944,33,19,step,0.95,1.79069e+09,-3.12437,52,0.260349
0.951,2,-1.5,nan,nan,nan,nan,-1.44375,0.579449,0.660484,4.31384,5.91954,33,19,step,0.951,1.79069e+09,-3.09053,52,0.260315
0.952,2,-1.5,nan,nan,nan,nan,-1.43247,0.666716,0.638113,4.31518,5.91954,33,19,step,0.952,1.79069e+09,-3.1582,52,0.260285
0.953,2,-1.5,nan,nan,nan,nan,-1.43247,0.666716,0.632786,4.31518,5.91954,33,19,step,0.953,1.79069e+09,-3.11309,52,0.260248
0.954,2,-1.5,nan,nan,nan,nan,-1.43247,0.698132,0.600827,4.31653,5.91963,33,19,step,0.954,1.79069e+09,-2.98901,52,0.260185
0.955,2,-1.5,nan,nan,nan,nan,-1.43247,0.698132,0.596566,4.31653,5.91963,33,19,step,0.955,1.79069e+09,-3.11309,52,0.260139
0.956,2,-1.5,nan,nan,nan,nan,-1.40991,0.612611,0.590175,4.31787,5.91963,33,19,step,0.956,1.79069e+09,-3.06797,52,0.26005
0.957,2,-1.5,nan,nan,nan,nan,-1.40991,0.612611,0.55502,4.31787,5.91963,33,19,step,0.957,1.79069e+09,-3.09053,52,0.259943
0.958,2,-1.5,nan,nan,nan,nan,-1.42119,0.528835,0.57526,4.31892,5.91963,33,19,step,0.958,1.79069e+09,-3.11309,52,0.259868
0.959,2,-1.5,nan,nan,nan,nan,-1.42119,0.528835,0.565673,4.31892,5.91963,33,19,step,0.959,1.79069e+09,-3.13564,52,0.259785
0.96,2,-1.5,nan,nan,nan,nan,-1.56782,0.483456,0.534779,4.31998,5.91973,33,19,step,0.96,1.79069e+09,-3.1582,52,0.259753
0.961,2,-1.5,nan,nan,nan,nan,-1.56782,0.483456,0.513473,4.31998,5.91973,33,19,step,0.961,1.79069e+09,-3.1582,52,0.259742
0.962,2,-1.5,nan,nan,nan,nan,-1.48887,0.514872,0.512408,4.32094,5.91973,33,19,step,0.962,1.79069e+09,-3.13564,52,0.259745
0.963,2,-1.5,nan,nan,nan,nan,-1.48887,0.514872,0.496428,4.32094,5.91973,33,19,step,0.963,1.79069e+09,-3.06797,52,0.259723
0.964,2,-1.5,nan,nan,nan,nan,-1.40991,0.537561,0.472992,4.32199,5.91973,33,19,step,0.964,1.79069e+09,-3.04541,52,0.259663
0.965,2,-1.5,nan,nan,nan,nan,-1.40991,0.537561,0.462339,4.32199,5.91973,33,19,step,0.965,1.79069e+09,-3.09053,52,0.259607
0.966,2,-1.5,nan,nan,nan,nan,-1.40991,0.506145,0.459143,4.32305,5.91982,33,19,step,0.966,1.79069e+09,-3.13564,52,0.25955
0.967,2,-1.5,nan,nan,nan,nan,-1.40991,0.506145,0.460208,4.32305,5.91982,33,19,step,0.967,1.79069e+09,-3.11309,52,0.259477
0.968,2,-1.5,nan,nan,nan,nan,-1.37607,0.438078,0.446359,4.32391,5.91982,33,19,step,0.968,1.79069e+09,-3.07925,52,0.25944
0.969,2,-1.5,nan,nan,nan,nan,-1.37607,0.438078,0.410139,4.32391,5.91982,33,19,step,0.969,1.79069e+09,-3.10181,52,0.259374
0.97,2,-1.5,nan,nan,nan,nan,-1.42119,0.401426,0.402682,4.32477,5.91992,33,19,step,0.97,1.79069e+09,-3.06797,52,0.259307
0.971,2,-1.5,nan,nan,nan,nan,-1.42119,0.401426,0.388833,4.32477,5.91992,33,19,step,0.971,1.79069e+09,-3.11309,52,0.259249
0.972,2,-1.5,nan,nan,nan,nan,-1.43247,0.378736,0.393095,4.32554,5.91992,33,19,step,0.972,1.79069e+09,-3.11309,52,0.259179
0.973,2,-1.5,nan,nan,nan,nan,-1.43247,0.378736,0.371789,4.32554,5.91992,33,19,step,0.973,1.79069e+09,-3.12437,52,0.259159
0.974,2,-1.5,nan,nan,nan,nan,-1.47759,0.338594,0.349417,4.32621,5.91992,33,19,step,0.974,1.79069e+09,-3.12437,52,0.259134
0.975,2,-1.5,nan,nan,nan,nan,-1.47759,0.338594,0.347287,4.32621,5.91992,33,19,step,0.975,1.79069e+09,-3.07925,52,0.259101
0.976,2,-1.5,nan,nan,nan,nan,-1.47759,0.298451,0.312132,4.32678,5.91992,33,19,step,0.976,1.79069e+09,-3.07925,52,0.259073
0.977,2,-1.5,nan,nan,nan,nan,-1.47759,0.298451,0.302544,4.32678,5.91992,33,19,step,0.977,1.79069e+09,-3.10181,52,0.259031
0.978,2,-1.5,nan,nan,nan,nan,-1.47759,0.286234,0.286565,4.32736,5.91992,33,19,step,0.978,1.79069e+09,-3.11309,52,0.258972
0.979,2,-1.5,nan,nan,nan,nan,-1.47759,0.286234,0.274847,4.32736,5.91992,33,19,step,0.979,1.79069e+09,-3.13564,52,0.258885
0.98,2,-1.5,nan,nan,nan,nan,-1.48887,0.280998,0.2855,4.32794,5.91992,33,19,step,0.98,1.79069e+09,-3.1582,52,0.258825
0.981,2,-1.5,nan,nan,nan,nan,-1.48887,0.280998,0.265259,4.32794,5.91992,33,19,step,0.981,1.79069e+09,-3.1582,52,0.258798
0.982,2,-1.5,nan,nan,nan,nan,-1.48887,0.247837,0.243953,4.32851,5.91992,33,19,step,0.982,1.79069e+09,-3.11309,52,0.258733
0.983,2,-1.5,nan,nan,nan,nan,-1.48887,0.247837,0.214125,4.32851,5.91992,33,19,step,0.983,1.79069e+09,-3.12437,52,0.258682
0.984,2,-1.5,nan,nan,nan,nan,-1.45503,0.232129,0.198145,4.32899,5.91992,33,19,step,0.984,1.79069e+09,-3.13564,52,0.258626
0.985,2,-1.5,nan,nan,nan,nan,-1.45503,0.232129,0.199211,4.32899,5.91992,33,19,step,0.985,1.79069e+09,-3.14692,52,0.258566
0.986,2,-1.5,nan,nan,nan,nan,-1.40991,0.193732,0.191753,4.32937,5.91992,33,19,step,0.986,1.79069e+09,-3.12437,52,0.258531
0.987,2,-1.5,nan,nan,nan,nan,-1.40991,0.193732,0.164056,4.32937,5.91992,33,19,step,0.987,1.79069e+09,-3.16948,52,0.258502
0.988,2,-1.5,nan,nan,nan,nan,-1.40991,0.169297,0.173643,4.32976,5.91992,33,19,step,0.988,1.79069e+09,-3.12437,52,0.258472
0.989,2,-1.5,nan,nan,nan,nan,-1.40991,0.169297,0.165121,4.32976,5.91992,33,19,step,0.989,1.79069e+09,-3.13564,52,0.258414
0.99,2,-1.5,nan,nan,nan,nan,-1.39863,0.122173,0.151272,4.33004,5.91992,33,19,step,0.99,1.79069e+09,-3.03413,52,0.258392
0.991,2,-1.5,nan,nan,nan,nan,-1.39863,0.122173,0.12677,4.33004,5.91992,33,19,step,0.991,1.79069e+09,-3.13564,52,0.258375
0.992,2,-1.5,nan,nan,nan,nan,-1.40991,0.0855211,0.118248,4.33024,5.91992,33,19,step,0.992,1.79069e+09,-3.09053,52,0.258299
0.993,2,-1.5,nan,nan,nan,nan,-1.40991,0.0855211,0.104399,4.33024,5.92002,33,19,step,0.993,1.79069e+09,-3.1582,52,0.25822
0.994,2,-1.5,nan,nan,nan,nan,-1.44375,0.0663225,0.0873543,4.33033,5.92002,33,19,step,0.994,1.79069e+09,-3.16948,52,0.258186
0.995,2,-1.5,nan,nan,nan,nan,-1.44375,0.0663225,0.0713749,4.33033,5.92002,33,19,step,0.995,1.79069e+09,-3.16948,52,0.258131
0.996,2,-1.5,nan,nan,nan,nan,-1.42119,0.0575959,0.0607219,4.33043,5.92002,33,19,step,0.996,1.79069e+09,-3.14692,52,0.258105
0.997,2,-1.5,nan,nan,nan,nan,-1.42119,0.0575959,0.0553954,4.33043,5.92002,33,19,step,0.997,1.79069e+09,-3.14692,52,0.258065
0.998,2,-1.5,nan,nan,nan,nan,-1.52271,0.0331613,0.0404813,4.33052,5.92002,33,19,step,0.998,1.79069e+09,-3.14692,52,0.258027
0.999,2,-1.5,nan,nan,nan,nan,-1.52271,0.0331613,0.00213059,4.33052,5.92002,33,19,step,0.999,1.79069e+09,-3.13564,52,0.258003
1,2,-1.5,nan,nan,nan,nan,-1.52271,0,0.00532648,4.33052,5.92002,33,19,step,1,1.79069e+09,-3.1582,52,0.25798
1.001,2,-1.5,nan,nan,nan,nan,-1.52271,0,-0.0170448,4.33052,5.92002,33,19,step,1.001,1.79069e+09,-3.02285,52,0.257964
1.002,2,-1.5,nan,nan,nan,nan,-1.45503,0,-0.0383507,4.33052,5.92002,33,19,step,1.002,1.79069e+09,-3.12437,52,0.257952
1.003,2,-1.5,nan,nan,nan,nan,-1.45503,0,-0.0245018,4.33052,5.92002,33,19,step,1.003,1.79069e+09,-3.12437,52,0.257937
1.004,2,-1.5,nan,nan,nan,nan,-1.52271,-0.0314159,-0.039416,4.33052,5.92002,33,19,step,1.004,1.79069e+09,-2.97773,52,0.257927
1.005,2,-1.5,nan,nan,nan,nan,-1.52271,-0.0314159,-0.0596566,4.33052,5.92002,33,19,step,1.005,1.79069e+09,-3.10181,52,0.257888
1.006,2,-1.5,nan,nan,nan,nan,-1.45503,-0.0488692,-0.0372854,4.33043,5.92002,33,19,step,1.006,1.79069e+09,-3.00029,52,0.257833
1.007,2,-1.5,nan,nan,nan,nan,-1.45503,-0.0488692,-0.0671137,4.33043,5.92002,33,19,step,1.007,1.79069e+09,-3.16948,52,0.257806
1.008,2,-1.5,nan,nan,nan,nan,-1.53398,-0.0715585,-0.0916155,4.33024,5.92002,33,19,step,1.008,1.79069e+09,-3.19204,52,0.25779
1.009,2,-1.5,nan,nan,nan,nan,-1.53398,-0.0715585,-0.102269,4.33024,5.92002,33,19,step,1.009,1.79069e+09,-3.02285,52,0.257787
1.01,2,-1.5,nan,nan,nan,nan,-1.46631,-0.0959931,-0.109726,4.33014,5.92002,33,19,step,1.01,1.79069e+09,-3.12437,52,0.257769
1.011,2,-1.5,nan,nan,nan,nan,-1.46631,-0.0959931,-0.109726,4.33014,5.92002,33,19,step,1.011,1.79069e+09,-3.01157,52,0.257766
1.012,2,-1.5,nan,nan,nan,nan,-1.45503,-0.129154,-0.147011,4.32985,5.92002,33,19,step,1.012,1.79069e+09,-2.98901,52,0.257737
1.013,2,-1.5,nan,nan,nan,nan,-1.45503,-0.129154,-0.134227,4.32985,5.92002,33,19,step,1.013,1.79069e+09,-3.03413,52,0.257719
1.014,2,-1.5,nan,nan,nan,nan,-1.48887,-0.139626,-0.133162,4.32956,5.92002,33,19,step,1.014,1.79069e+09,-3.04541,52,0.257705
1.015,2,-1.5,nan,nan,nan,nan,-1.48887,-0.139626,-0.164056,4.32956,5.92002,33,19,step,1.015,1.79069e+09,-3.14692,52,0.257702
1.016,2,-1.5,nan,nan,nan,nan,-1.46631,-0.172788,-0.183231,4.32928,5.92002,33,19,step,1.016,1.79069e+09,-3.03413,52,0.257721
1.017,2,-1.5,nan,nan,nan,nan,-1.46631,-0.172788,-0.187492,4.32928,5.92002,33,19,step,1.017,1.79069e+09,-3.00029,52,0.25774
1.018,2,-1.5,nan,nan,nan,nan,-1.47759,-0.18326,-0.186427,4.32889,5.92002,33,19,step,1.018,1.79069e+09,-3.00029,52,0.257713
1.019,2,-1.5,nan,nan,nan,nan,-1.47759,-0.18326,-0.167252,4.32889,5.92002,33,19,step,1.019,1.79069e+09,-3.11309,52,0.257662
1.02,2,-1.5,nan,nan,nan,nan,-1.48887,-0.211185,-0.192819,4.32841,5.92002,33,19,step,1.02,1.79069e+09,-3.19204,52,0.257618
1.021,2,-1.5,nan,nan,nan,nan,-1.48887,-0.211185,-0.207733,4.32841,5.92002,33,19,step,1.021,1.79069e+09,-3.07925,52,0.257597
1.022,2,-1.5,nan,nan,nan,nan,-1.51143,-0.219911,-0.232235,4.32803,5.92002,33,19,step,1.022,1.79069e+09,-3.05669,52,0.25757
1.023,2,-1.5,nan,nan,nan,nan,-1.51143,-0.219911,-0.2333,4.32803,5.92002,33,19,step,1.023,1.79069e+09,-3.05669,52,0.257562
1.024,2,-1.5,nan,nan,nan,nan,-1.48887,-0.246091,-0.229039,4.32755,5.92002,33,19,step,1.024,1.79069e+09,-3.05669,52,0.257567
1.025,2,-1.5,nan,nan,nan,nan,-1.48887,-0.246091,-0.230104,4.32755,5.92002,33,19,step,1.025,1.79069e+09,-3.02285,52,0.257538
1.026,2,-1.5,nan,nan,nan,nan,-1.45503,-0.258309,-0.249279,4.32698,5.92002,33,19,step,1.026,1.79069e+09,-3.05669,52,0.257499
1.027,2,-1.5,nan,nan,nan,nan,-1.45503,-0.258309,-0.257802,4.32698,5.92002,33,19,step,1.027,1.79069e+09,-3.06797,52,0.257477
1.028,2,-1.5,nan,nan,nan,nan,-1.50015,-0.286234,-0.276977,4.3264,5.92002,33,19,step,1.028,1.79069e+09,-3.06797,52,0.257449
1.029,2,-1.5,nan,nan,nan,nan,-1.50015,-0.286234,-0.276977,4.3264,5.92002,33,19,step,1.029,1.79069e+09,-3.05669,52,0.257451
1.03,2,-1.5,nan,nan,nan,nan,-1.40991,-0.294961,-0.279108,4.32583,5.92002,33,19,step,1.03,1.79069e+09,-3.06797,52,0.257445
1.031,2,-1.5,nan,nan,nan,nan,-1.40991,-0.294961,-0.284434,4.32583,5.92002,33,19,step,1.031,1.79069e+09,-3.05669,52,0.257425
1.032,2,-1.5,nan,nan,nan,nan,-1.39863,-0.29147,-0.294022,4.32525,5.92002,33,19,step,1.032,1.79069e+09,-3.16948,52,0.257389
1.033,2,-1.5,nan,nan,nan,nan,-1.39863,-0.29147,-0.295087,4.32525,5.92002,33,19,step,1.033,1.79069e+09,-3.06797,52,0.257349
1.034,2,-1.5,nan,nan,nan,nan,-1.43247,-0.315905,-0.301479,4.32468,5.92002,33,19,step,1.034,1.79069e+09,-3.09053,52,0.257326
1.035,2,-1.5,nan,nan,nan,nan,-1.43247,-0.315905,-0.316393,4.32468,5.92002,33,19,step,1.035,1.79069e+09,-3.22588,52,0.257323
1.036,2,-1.5,nan,nan,nan,nan,-1.54526,-0.350811,-0.332373,4.32391,5.92002,33,19,step,1.036,1.79069e+09,-3.22588,52,0.25731
1.037,2,-1.5,nan,nan,nan,nan,-1.54526,-0.350811,-0.32385,4.32391,5.92002,33,19,step,1.037,1.79069e+09,-3.06797,52,0.257279
1.038,2,-1.5,nan,nan,nan,nan,-1.43247,-0.387463,-0.351548,4.32314,5.92002,33,19,step,1.038,1.79069e+09,-3.09053,52,0.257262
1.039,2,-1.5,nan,nan,nan,nan,-1.43247,-0.387463,-0.351548,4.32314,5.92002,33,19,step,1.039,1.79069e+09,-3.12437,52,0.257221
1.04,2,-1.5,nan,nan,nan,nan,-1.5791,-0.42237,-0.355809,4.32228,5.92002,33,19,step,1.04,1.79069e+09,-3.16948,52,0.257191
1.041,2,-1.5,nan,nan,nan,nan,-1.5791,-0.42237,-0.377115,4.32228,5.92002,33,19,step,1.041,1.79069e+09,-3.12437,52,0.257169
1.042,2,-1.5,nan,nan,nan,nan,-1.60166,-0.429351,-0.366462,4.32142,5.92002,33,19,step,1.042,1.79069e+09,-3.23716,52,0.257151
1.043,2,-1.5,nan,nan,nan,nan,-1.60166,-0.429351,-0.386703,4.32142,5.92002,33,19,step,1.043,1.79069e+09,-3.20332,52,0.257134
1.044,2,-1.5,nan,nan,nan,nan,-1.54526,-0.413643,-0.399486,4.32065,5.92002,33,19,step,1.044,1.79069e+09,-3.09053,52,0.257137
1.045,2,-1.5,nan,nan,nan,nan,-1.54526,-0.413643,-0.405878,4.32065,5.92002,33,19,step,1.045,1.79069e+09,-3.23716,52,0.257129
1.046,2,-1.5,nan,nan,nan,nan,-1.60166,-0.417134,-0.422923,4.31979,5.92002,33,19,step,1.046,1.79069e+09,-3.05669,52,0.257073
1.047,2,-1.5,nan,nan,nan,nan,-1.60166,-0.417134,-0.41227,4.31979,5.92002,33,19,step,1.047,1.79069e+09,-3.09053,52,0.257025
1.048,2,-1.5,nan,nan,nan,nan,-1.44375,-0.44855,-0.419727,4.31892,5.92002,33,19,step,1.048,1.79069e+09,-3.12437,52,0.256996
1.049,2,-1.5,nan,nan,nan,nan,-1.44375,-0.44855,-0.427184,4.31892,5.92002,33,19,step,1.049,1.79069e+09,-3.28228,52,0.256984
1.05,2,-1.5,nan,nan,nan,nan,-1.51143,-0.460767,-0.451686,4.31796,5.92002,33,19,step,1.05,1.79069e+09,-3.24844,52,0.256991
1.051,2,-1.5,nan,nan,nan,nan,-1.51143,-0.460767,-0.453816,4.31796,5.92002,33,19,step,1.051,1.79069e+09,-3.23716,52,0.256981
1.052,2,-1.5,nan,nan,nan,nan,-1.51143,-0.441568,-0.463404,4.3171,5.92002,33,19,step,1.052,1.79069e+09,-3.09053,52,0.256953
1.053,2,-1.5,nan,nan,nan,nan,-1.51143,-0.441568,-0.470861,4.3171,5.92002,33,19,step,1.053,1.79069e+09,-3.12437,52,0.256918
1.054,2,-1.5,nan,nan,nan,nan,-1.44375,-0.469494,-0.465535,4.31614,5.92002,33,19,step,1.054,1.79069e+09,-3.28228,52,0.256911
1.055,2,-1.5,nan,nan,nan,nan,-1.44375,-0.469494,-0.471927,4.31614,5.92002,33,19,step,1.055,1.79069e+09,-3.24844,52,0.256913
1.056,2,-1.5,nan,nan,nan,nan,-1.47759,-0.521853,-0.479384,4.31509,5.92002,33,19,step,1.056,1.79069e+09,-3.10181,52,0.256884
1.057,2,-1.5,nan,nan,nan,nan,-1.47759,-0.521853,-0.483645,4.31509,5.92002,33,19,step,1.057,1.79069e+09,-3.12437,52,0.256893
1.058,2,-1.5,nan,nan,nan,nan,-1.51143,-0.567232,-0.480449,4.31394,5.92002,33,19,step,1.058,1.79069e+09,-3.14692,52,0.256911
1.059,2,-1.5,nan,nan,nan,nan,-1.51143,-0.567232,-0.501755,4.31394,5.92002,33,19,step,1.059,1.79069e+09,-3.20332,52,0.256891
1.06,2,-1.5,nan,nan,nan,nan,-1.55654,-0.551524,-0.50069,4.31288,5.92002,33,19,step,1.06,1.79069e+09,-3.2146,52,0.256882
1.061,2,-1.5,nan,nan,nan,nan,-1.55654,-0.551524,-0.512408,4.31288,5.92002,33,19,step,1.061,1.79069e+09,-3.271,52,0.256861
1.062,2,-1.5,nan,nan,nan,nan,-1.52271,-0.525344,-0.511343,4.31183,5.92002,33,19,step,1.062,1.79069e+09,-3.12437,52,0.256835
1.063,2,-1.5,nan,nan,nan,nan,-1.52271,-0.525344,-0.515604,4.31183,5.92002,33,19,step,1.063,1.79069e+09,-3.1582,52,0.256839
1.064,2,-1.5,nan,nan,nan,nan,-1.45503,-0.542797,-0.530518,4.31068,5.92002,33,19,step,1.064,1.79069e+09,-3.271,52,0.256839
1.065,2,-1.5,nan,nan,nan,nan,-1.45503,-0.542797,-0.541171,4.31068,5.92002,33,19,step,1.065,1.79069e+09,-3.2146,52,0.256846
1.066,2,-1.5,nan,nan,nan,nan,-1.46631,-0.539307,-0.560346,4.30962,5.92002,33,19,step,1.066,1.79069e+09,-3.24844,52,0.256824
1.067,2,-1.5,nan,nan,nan,nan,-1.46631,-0.539307,-0.533714,4.30962,5.92002,33,19,step,1.067,1.79069e+09,-3.12437,52,0.256797
1.068,2,-1.5,nan,nan,nan,nan,-1.47759,-0.551524,-0.53904,4.30847,5.92002,33,19,step,1.068,1.79069e+09,-3.30483,52,0.256804
1.069,2,-1.5,nan,nan,nan,nan,-1.47759,-0.551524,-0.567803,4.30847,5.92002,33,19,step,1.069,1.79069e+09,-3.1582,52,0.256811
1.07,2,-1.5,nan,nan,nan,nan,-1.51143,-0.619592,-0.565673,4.30732,5.92002,33,19,step,1.07,1.79069e+09,-3.12437,52,0.256824
1.071,2,-1.5,nan,nan,nan,nan,-1.51143,-0.619592,-0.549693,4.30732,5.92002,33,19,step,1.071,1.79069e+09,-3.13564,52,0.256818
1.072,2,-1.5,nan,nan,nan,nan,-1.54526,-0.682424,-0.547563,4.30598,5.92002,33,19,step,1.072,1.79069e+09,-3.13564,52,0.256818
1.073,2,-1.5,nan,nan,nan,nan,-1.54526,-0.682424,-0.582717,4.30598,5.92002,33,19,step,1.073,1.79069e+09,-3.25972,52,0.25682
1.074,2,-1.5,nan,nan,nan,nan,-1.56782,-0.684169,-0.592305,4.30454,5.92002,33,19,step,1.074,1.79069e+09,-3.1582,52,0.256813
1.075,2,-1.5,nan,nan,nan,nan,-1.56782,-0.684169,-0.597632,4.30454,5.92002,33,19,step,1.075,1.79069e+09,-3.25972,52,0.2568
1.076,2,-1.5,nan,nan,nan,nan,-1.38735,-0.633555,-0.59124,4.3033,5.92002,33,19,step,1.076,1.79069e+09,-3.1582,52,0.256769
1.077,2,-1.5,nan,nan,nan,nan,-1.38735,-0.633555,-0.597632,4.3033,5.92002,33,19,step,1.077,1.79069e+09,-3.16948,52,0.256752
1.078,2,-1.5,nan,nan,nan,nan,-1.40991,-0.563741,-0.596566,4.30214,5.92002,33,19,step,1.078,1.79069e+09,-3.29355,52,0.256773
1.079,2,-1.5,nan,nan,nan,nan,-1.40991,-0.563741,-0.607219,4.30214,5.92002,33,19,step,1.079,1.79069e+09,-3.22588,52,0.256762
1.08,2,-1.5,nan,nan,nan,nan,-1.48887,-0.548033,-0.618938,4.30099,5.92002,33,19,step,1.08,1.79069e+09,-3.2146,52,0.256716
1.081,2,-1.5,nan,nan,nan,nan,-1.48887,-0.548033,-0.637048,4.30099,5.92002,33,19,step,1.081,1.79069e+09,-3.1582,52,0.25669
1.082,2,-1.5,nan,nan,nan,nan,-1.46631,-0.644026,-0.622133,4.29975,5.92002,33,19,step,1.082,1.79069e+09,-3.28228,52,0.256679
1.083,2,-1.5,nan,nan,nan,nan,-1.46631,-0.644026,-0.632786,4.29975,5.92002,33,19,step,1.083,1.79069e+09,-3.30483,52,0.256691
1.084,2,-1.5,nan,nan,nan,nan,-1.52271,-0.745256,-0.626395,4.29831,5.92002,33,19,step,1.084,1.79069e+09,-3.28228,52,0.256725
1.085,2,-1.5,nan,nan,nan,nan,-1.52271,-0.745256,-0.643439,4.29831,5.92002,33,19,step,1.085,1.79069e+09,-3.29355,52,0.256747
1.086,2,-1.5,nan,nan,nan,nan,-1.47759,-0.780162,-0.643439,4.29678,5.92002,33,19,step,1.086,1.79069e+09,-3.271,52,0.256725
1.087,2,-1.5,nan,nan,nan,nan,-1.47759,-0.780162,-0.682855,4.29678,5.92002,33,19,step,1.087,1.79069e+09,-3.29355,52,0.256716
1.088,2,-1.5,nan,nan,nan,nan,-1.50015,-0.722566,-0.659419,4.29534,5.92002,33,19,step,1.088,1.79069e+09,-3.33867,52,0.256721
1.089,2,-1.5,nan,nan,nan,nan,-1.50015,-0.722566,-0.658354,4.29534,5.92002,33,19,step,1.089,1.79069e+09,-3.29355,52,0.256708
1.09,2,-1.5,nan,nan,nan,nan,-1.53398,-0.624828,-0.674333,4.294,5.92002,33,19,step,1.09,1.79069e+09,-3.31611,52,0.256677
1.091,2,-1.5,nan,nan,nan,nan,-1.53398,-0.624828,-0.682855,4.294,5.92002,33,19,step,1.091,1.79069e+09,-3.31611,52,0.256655
1.092,2,-1.5,nan,nan,nan,nan,-1.51143,-0.624828,-0.684986,4.29275,5.92002,33,19,step,1.092,1.79069e+09,-3.32739,52,0.256621
1.093,2,-1.5,nan,nan,nan,nan,-1.51143,-0.624828,-0.691378,4.29275,5.92002,33,19,step,1.093,1.79069e+09,-3.33867,52,0.256613
1.094,2,-1.5,nan,nan,nan,nan,-1.48887,-0.731293,-0.700965,4.29131,5.92002,33,19,step,1.094,1.79069e+09,-3.36123,52,0.25659
1.095,2,-1.5,nan,nan,nan,nan,-1.48887,-0.731293,-0.700965,4.29131,5.92002,33,19,step,1.095,1.79069e+09,-3.33867,52,0.256569
1.096,2,-1.5,nan,nan,nan,nan,-1.45503,-0.811578,-0.702031,4.28978,5.92002,33,19,step,1.096,1.79069e+09,-3.37251,52,0.256589
1.097,2,-1.5,nan,nan,nan,nan,-1.45503,-0.811578,-0.709488,4.28978,5.92002,33,19,step,1.097,1.79069e+09,-3.36123,52,0.256595
1.098,2,-1.5,nan,nan,nan,nan,-1.43247,-0.797615,-0.719075,4.28815,5.92002,33,19,step,1.098,1.79069e+09,-3.33867,52,0.256615
1.099,2,-1.5,nan,nan,nan,nan,-1.43247,-0.797615,-0.710553,4.28815,5.92002,33,19,step,1.099,1.79069e+09,-3.33867,52,0.256616
1.1,2,-1.5,nan,nan,nan,nan,-1.45503,-0.696386,-0.721206,4.28671,5.92002,33,19,step,1.1,1.79069e+09,-3.33867,52,0.256577
1.101,2,-1.5,nan,nan,nan,nan,-1.45503,-0.696386,-0.728663,4.28671,5.92002,33,19,step,1.101,1.79069e+09,-3.36123,52,0.256553
1.102,2,-1.5,nan,nan,nan,nan,-1.46631,-0.668461,-0.743577,4.28537,5.92002,33,19,step,1.102,1.79069e+09,-3.37251,52,0.256525
1.103,2,-1.5,nan,nan,nan,nan,-1.46631,-0.668461,-0.73399,4.28537,5.92002,33,19,step,1.103,1.79069e+09,-3.271,52,0.256519
1.104,2,-1.5,nan,nan,nan,nan,-1.5791,-0.771436,-0.738251,4.28383,5.92002,33,19,step,1.104,1.79069e+09,-3.38379,52,0.256508
1.105,2,-1.5,nan,nan,nan,nan,-1.5791,-0.771436,-0.742512,4.28383,5.92002,33,19,step,1.105,1.79069e+09,-3.37251,52,0.256499
1.106,2,-1.5,nan,nan,nan,nan,-1.53398,-0.869174,-0.746773,4.28211,5.92002,33,19,step,1.106,1.79069e+09,-3.37251,52,0.256506
1.107,2,-1.5,nan,nan,nan,nan,-1.53398,-0.869174,-0.746773,4.28211,5.92002,33,19,step,1.107,1.79069e+09,-3.38379,52,0.256493
1.108,2,-1.5,nan,nan,nan,nan,-1.50015,-0.876155,-0.751034,4.28038,5.92002,33,19,step,1.108,1.79069e+09,-3.36123,52,0.256473
1.109,2,-1.5,nan,nan,nan,nan,-1.50015,-0.876155,-0.768079,4.28038,5.92002,33,19,step,1.109,1.79069e+09,-3.40635,52,0.256464
1.11,2,-1.5,nan,nan,nan,nan,-1.59038,-0.808087,-0.775536,4.27875,5.92002,33,19,step,1.11,1.79069e+09,-3.41763,52,0.25647
1.111,2,-1.5,nan,nan,nan,nan,-1.59038,-0.808087,-0.776601,4.27875,5.92002,33,19,step,1.111,1.79069e+09,-3.40635,52,0.256498
1.112,2,-1.5,nan,nan,nan,nan,-1.59038,-0.753982,-0.778732,4.27722,5.92002,33,19,step,1.112,1.79069e+09,-3.34995,52,0.256488
1.113,2,-1.5,nan,nan,nan,nan,-1.59038,-0.753982,-0.807495,4.27722,5.92002,33,19,step,1.113,1.79069e+09,-3.37251,52,0.256471
1.114,2,-1.5,nan,nan,nan,nan,-1.61294,-0.834267,-0.803234,4.27559,5.92002,33,19,step,1.114,1.79069e+09,-3.40635,52,0.256476
1.115,2,-1.5,nan,nan,nan,nan,-1.61294,-0.834267,-0.791516,4.27559,5.92002,33,19,step,1.115,1.79069e+09,-3.40635,52,0.256453
1.116,2,-1.5,nan,nan,nan,nan,-1.40991,-0.909317,-0.787254,4.27377,5.92002,33,19,step,1.116,1.79069e+09,-3.39507,52,0.256455
1.117,2,-1.5,nan,nan,nan,nan,-1.40991,-0.909317,-0.822409,4.27377,5.92002,33,19,step,1.117,1.79069e+09,-3.45146,52,0.256462
1.118,2,-1.5,nan,nan,nan,nan,-1.52271,-0.884882,-0.820279,4.27194,5.92002,33,19,step,1.118,1.79069e+09,-3.40635,52,0.25645
1.119,2,-1.5,nan,nan,nan,nan,-1.52271,-0.884882,-0.822409,4.27194,5.92002,33,19,step,1.119,1.79069e+09,-3.40635,52,0.256451
1.12,2,-1.5,nan,nan,nan,nan,-1.50015,-0.82205,-0.827736,4.27031,5.92002,33,19,step,1.12,1.79069e+09,-3.41763,52,0.256433
1.121,2,-1.5,nan,nan,nan,nan,-1.50015,-0.82205,-0.834128,4.27031,5.91992,33,19,step,1.121,1.79069e+09,-3.41763,52,0.256421
1.122,2,-1.5,nan,nan,nan,nan,-1.54526,-0.877901,-0.877805,4.26859,5.91992,33,19,step,1.122,1.79069e+09,-3.45146,52,0.256383
1.123,2,-1.5,nan,nan,nan,nan,-1.54526,-0.877901,-0.84478,4.26859,5.91992,33,19,step,1.123,1.79069e+09,-3.45146,52,0.256378
1.124,2,-1.5,nan,nan,nan,nan,-1.48887,-0.940732,-0.856499,4.26667,5.91992,33,19,step,1.124,1.79069e+09,-3.46274,52,0.256377
1.125,2,-1.5,nan,nan,nan,nan,-1.48887,-0.940732,-0.863956,4.26667,5.91992,33,19,step,1.125,1.79069e+09,-3.44019,52,0.256408
1.126,2,-1.5,nan,nan,nan,nan,-1.43247,-0.944223,-0.873543,4.26485,5.91992,33,19,step,1.126,1.79069e+09,-3.44019,52,0.256436
1.127,2,-1.5,nan,nan,nan,nan,-1.43247,-0.944223,-0.866086,4.26485,5.91992,33,19,step,1.127,1.79069e+09,-3.40635,52,0.256437
1.128,2,-1.5,nan,nan,nan,nan,-1.55654,-0.858702,-0.876739,4.26303,5.91992,33,19,step,1.128,1.79069e+09,-3.41763,52,0.256422
1.129,2,-1.5,nan,nan,nan,nan,-1.55654,-0.858702,-0.879935,4.26303,5.91992,33,19,step,1.129,1.79069e+09,-3.46274,52,0.256412
1.13,2,-1.5,nan,nan,nan,nan,-1.59038,-0.87441,-0.886327,4.2613,5.91992,33,19,step,1.13,1.79069e+09,-3.44019,52,0.256385
1.131,2,-1.5,nan,nan,nan,nan,-1.59038,-0.87441,-0.907633,4.2613,5.91992,33,19,step,1.131,1.79069e+09,-3.45146,52,0.256374
1.132,2,-1.5,nan,nan,nan,nan,-1.54526,-0.97913,-0.907633,4.25939,5.91992,33,19,step,1.132,1.79069e+09,-3.39507,52,0.256356
1.133,2,-1.5,nan,nan,nan,nan,-1.54526,-0.97913,-0.909764,4.25939,5.91992,33,19,step,1.133,1.79069e+09,-3.40635,52,0.256357
1.134,2,-1.5,nan,nan,nan,nan,-1.52271,-1.01055,-0.89698,4.25737,5.91992,33,19,step,1.134,1.79069e+09,-3.42891,52,0.256357
1.135,2,-1.5,nan,nan,nan,nan,-1.52271,-1.01055,-0.923612,4.25737,5.91992,33,19,step,1.135,1.79069e+09,-3.45146,52,0.256364
1.136,2,-1.5,nan,nan,nan,nan,-1.5791,-0.925025,-0.922547,4.25545,5.91992,33,19,step,1.136,1.79069e+09,-3.47402,52,0.256359
1.137,2,-1.5,nan,nan,nan,nan,-1.5791,-0.925025,-0.911894,4.25545,5.91992,33,19,step,1.137,1.79069e+09,-3.47402,52,0.256383
1.138,2,-1.5,nan,nan,nan,nan,-1.5791,-0.935496,-0.927874,4.25363,5.91992,33,19,step,1.138,1.79069e+09,-3.49658,52,0.256398
1.139,2,-1.5,nan,nan,nan,nan,-1.5791,-0.935496,-0.9332,4.25363,5.91992,33,19,step,1.139,1.79069e+09,-3.41763,52,0.256417
1.14,2,-1.5,nan,nan,nan,nan,-1.45503,-1.0664,-0.94918,4.25152,5.91992,33,19,step,1.14,1.79069e+09,-3.44019,52,0.256403
1.141,2,-1.5,nan,nan,nan,nan,-1.45503,-1.0664,-0.958767,4.25152,5.91992,33,19,step,1.141,1.79069e+09,-3.40635,52,0.256399
1.142,2,-1.5,nan,nan,nan,nan,-1.46631,-1.09083,-0.954506,4.24932,5.91992,33,19,step,1.142,1.79069e+09,-3.45146,52,0.25637
1.143,2,-1.5,nan,nan,nan,nan,-1.46631,-1.09083,-0.941723,4.24932,5.91992,33,19,step,1.143,1.79069e+09,-3.46274,52,0.256359
1.144,2,-1.5,nan,nan,nan,nan,-1.55654,-0.923279,-0.947049,4.2474,5.91982,33,19,step,1.144,1.79069e+09,-3.50786,52,0.256349
1.145,2,-1.5,nan,nan,nan,nan,-1.55654,-0.923279,-0.976877,4.2474,5.91982,33,19,step,1.145,1.79069e+09,-3.47402,52,0.256331
1.146,2,-1.5,nan,nan,nan,nan,-1.53398,-0.93026,-0.961963,4.24558,5.91982,33,19,step,1.146,1.79069e+09,-3.49658,52,0.25633
1.147,2,-1.5,nan,nan,nan,nan,-1.53398,-0.93026,-0.959833,4.24558,5.91982,33,19,step,1.147,1.79069e+09,-3.47402,52,0.256324
1.148,2,-1.5,nan,nan,nan,nan,-1.39863,-1.08385,-0.989661,4.24337,5.91973,33,19,step,1.148,1.79069e+09,-3.51914,52,0.25632
1.149,2,-1.5,nan,nan,nan,nan,-1.39863,-1.08385,-0.983269,4.24337,5.91973,33,19,step,1.149,1.79069e+09,-3.49658,52,0.256327
1.15,2,-1.5,nan,nan,nan,nan,-1.50015,-1.1013,-0.9854,4.24117,5.91973,33,19,step,1.15,1.79069e+09,-3.50786,52,0.256329
1.151,2,-1.5,nan,nan,nan,nan,-1.50015,-1.1013,-0.993922,4.24117,5.91973,33,19,step,1.151,1.79069e+09,-3.4853,52,0.256352
1.152,2,-1.5,nan,nan,nan,nan,-1.6355,-0.98262,-0.984334,4.23916,5.91973,33,19,step,1.152,1.79069e+09,-3.4853,52,0.25637
1.153,2,-1.5,nan,nan,nan,nan,-1.6355,-0.98262,-0.98753,4.23916,5.91973,33,19,step,1.153,1.79069e+09,-3.47402,52,0.256376
1.154,2,-1.5,nan,nan,nan,nan,-1.46631,-1.00531,-0.999249,4.23724,5.91973,33,19,step,1.154,1.79069e+09,-3.46274,52,0.256373
1.155,2,-1.5,nan,nan,nan,nan,-1.46631,-1.00531,-1.03334,4.23724,5.91973,33,19,step,1.155,1.79069e+09,-3.4853,52,0.256302
1.156,2,-1.5,nan,nan,nan,nan,-1.43247,-1.08385,-1.01416,4.23513,5.91973,33,19,step,1.156,1.79069e+09,-3.53042,52,0.256287
1.157,2,-1.5,nan,nan,nan,nan,-1.43247,-1.08385,-1.00671,4.23513,5.91973,33,19,step,1.157,1.79069e+09,-3.50786,52,0.256279
1.158,2,-1.5,nan,nan,nan,nan,-1.48887,-1.04371,-1.00884,4.23302,5.91973,33,19,step,1.158,1.79069e+09,-3.5417,52,0.256281
1.159,2,-1.5,nan,nan,nan,nan,-1.48887,-1.04371,-1.05145,4.23302,5.91973,33,19,step,1.159,1.79069e+09,-3.5417,52,0.256314
1.16,2,-1.5,nan,nan,nan,nan,-1.52271,-0.975639,-1.04399,4.23101,5.91963,33,19,step,1.16,1.79069e+09,-3.5417,52,0.256322
1.161,2,-1.5,nan,nan,nan,nan,-1.52271,-0.975639,-1.03121,4.23101,5.91963,33,19,step,1.161,1.79069e+09,-3.50786,52,0.256328
1.162,2,-1.5,nan,nan,nan,nan,-1.37607,-1.10828,-1.04399,4.2289,5.91963,33,19,step,1.162,1.79069e+09,-3.5417,52,0.256323
1.163,2,-1.5,nan,nan,nan,nan,-1.37607,-1.10828,-1.05464,4.2289,5.91963,33,19,step,1.163,1.79069e+09,-3.51914,52,0.256326
1.164,2,-1.5,nan,nan,nan,nan,-1.43247,-1.19206,-1.06104,4.2265,5.91963,33,19,step,1.164,1.79069e+09,-3.56426,52,0.256319
1.165,2,-1.5,nan,nan,nan,nan,-1.43247,-1.19206,-1.08234,4.2265,5.91963,33,19,step,1.165,1.79069e+09,-3.53042,52,0.256327
1.166,2,-1.5,nan,nan,nan,nan,-1.55654,-1.11527,-1.05677,4.2241,5.91963,33,19,step,1.166,1.79069e+09,-3.5417,52,0.256344
1.167,2,-1.5,nan,nan,nan,nan,-1.55654,-1.11527,-1.07062,4.2241,5.91963,33,19,step,1.167,1.79069e+09,-3.50786,52,0.256356
1.168,2,-1.5,nan,nan,nan,nan,-1.55654,-1.07338,-1.07808,4.2219,5.91963,33,19,step,1.168,1.79069e+09,-3.47402,52,0.256349
1.169,2,-1.5,nan,nan,nan,nan,-1.55654,-1.07338,-1.07488,4.2219,5.91963,33,19,step,1.169,1.79069e+09,-3.55298,52,0.25634
1.17,2,-1.5,nan,nan,nan,nan,-1.50015,-1.09781,-1.0866,4.21979,5.91963,33,19,step,1.17,1.79069e+09,-3.5417,52,0.256313
1.171,2,-1.5,nan,nan,nan,nan,-1.50015,-1.09781,-1.09406,4.21979,5.91963,33,19,step,1.171,1.79069e+09,-3.5417,52,0.256302
1.172,2,-1.5,nan,nan,nan,nan,-1.44375,-1.09432,-1.08447,4.21758,5.91954,33,19,step,1.172,1.79069e+09,-3.56426,52,0.256332
1.173,2,-1.5,nan,nan,nan,nan,-1.44375,-1.09432,-1.10045,4.21758,5.91954,33,19,step,1.173,1.79069e+09,-3.5417,52,0.25634
1.174,2,-1.5,nan,nan,nan,nan,-1.43247,-1.15715,-1.10897,4.21528,5.91954,33,19,step,1.174,1.79069e+09,-3.51914,52,0.256334
1.175,2,-1.5,nan,nan,nan,nan,-1.43247,-1.15715,-1.11217,4.21528,5.91954,33,19,step,1.175,1.79069e+09,-3.5417,52,0.256345
1.176,2,-1.5,nan,nan,nan,nan,-1.44375,-1.22522,-1.11643,4.21298,5.91954,33,19,step,1.176,1.79069e+09,-3.57554,52,0.25637
1.177,2,-1.5,nan,nan,nan,nan,-1.44375,-1.22522,-1.12602,4.21298,5.91954,33,19,step,1.177,1.79069e+09,-3.57554,52,0.256384
1.178,2,-1.5,nan,nan,nan,nan,-1.53398,-1.15192,-1.11004,4.21068,5.91944,33,19,step,1.178,1.79069e+09,-3.57554,52,0.256377
1.179,2,-1.5,nan,nan,nan,nan,-1.53398,-1.15192,-1.12708,4.21068,5.91944,33,19,step,1.179,1.79069e+09,-3.57554,52,0.256373
1.18,2,-1.5,nan,nan,nan,nan,-1.60166,-1.09432,-1.12495,4.20848,5.91944,33,19,step,1.18,1.79069e+09,-3.58682,52,0.256403
1.181,2,-1.5,nan,nan,nan,nan,-1.60166,-1.09432,-1.13774,4.20848,5.91944,33,19,step,1.181,1.79069e+09,-3.58682,52,0.256412
1.182,2,-1.5,nan,nan,nan,nan,-1.44375,-1.16763,-1.1388,4.20608,5.91944,33,19,step,1.182,1.79069e+09,-3.55298,52,0.256403
1.183,2,-1.5,nan,nan,nan,nan,-1.44375,-1.16763,-1.13774,4.20608,5.91944,33,19,step,1.183,1.79069e+09,-3.5981,52,0.256378
1.184,2,-1.5,nan,nan,nan,nan,-1.43247,-1.24442,-1.13561,4.20368,5.91944,33,19,step,1.184,1.79069e+09,-3.62065,52,0.256374
1.185,2,-1.5,nan,nan,nan,nan,-1.43247,-1.24442,-1.14093,4.20368,5.91944,33,19,step,1.185,1.79069e+09,-3.63193,52,0.256395
1.186,2,-1.5,nan,nan,nan,nan,-1.51143,-1.21475,-1.14626,4.20119,5.91944,33,19,step,1.186,1.79069e+09,-3.5981,52,0.256423
1.187,2,-1.5,nan,nan,nan,nan,-1.51143,-1.21475,-1.15159,4.20119,5.91934,33,19,step,1.187,1.79069e+09,-3.58682,52,0.256452
1.188,2,-1.5,nan,nan,nan,nan,-1.37607,-1.30027,-1.15052,4.1987,5.91934,33,19,step,1.188,1.79069e+09,-3.57554,52,0.25646
1.189,2,-1.5,nan,nan,nan,nan,-1.37607,-1.30027,-1.16224,4.1987,5.91934,33,19,step,1.189,1.79069e+09,-3.58682,52,0.25645
1.19,2,-1.5,nan,nan,nan,nan,-1.46631,-1.2706,-1.18461,4.19611,5.91934,33,19,step,1.19,1.79069e+09,-3.62065,52,0.256451
1.191,2,-1.5,nan,nan,nan,nan,-1.46631,-1.2706,-1.18994,4.19611,5.91934,33,19,step,1.191,1.79069e+09,-3.63193,52,0.256464
1.192,2,-1.5,nan,nan,nan,nan,-1.56782,-1.1589,-1.19313,4.19371,5.91934,33,19,step,1.192,1.79069e+09,-3.62065,52,0.256482
1.193,2,-1.5,nan,nan,nan,nan,-1.56782,-1.1589,-1.18141,4.19371,5.91925,33,19,step,1.193,1.79069e+09,-3.58682,52,0.256473
1.194,2,-1.5,nan,nan,nan,nan,-1.37607,-1.21824,-1.19633,4.19131,5.91925,33,19,step,1.194,1.79069e+09,-3.60938,52,0.256459
1.195,2,-1.5,nan,nan,nan,nan,-1.37607,-1.21824,-1.1942,4.19131,5.91925,33,19,step,1.195,1.79069e+09,-3.65449,52,0.256463
1.196,2,-1.5,nan,nan,nan,nan,-1.42119,-1.30725,-1.18994,4.18873,5.91925,33,19,step,1.196,1.79069e+09,-3.64321,52,0.256465
1.197,2,-1.5,nan,nan,nan,nan,-1.42119,-1.30725,-1.20805,4.18873,5.91925,33,19,step,1.197,1.79069e+09,-3.63193,52,0.256475
1.198,2,-1.5,nan,nan,nan,nan,-1.53398,-1.22871,-1.22829,4.18623,5.91915,33,19,step,1.198,1.79069e+09,-3.64321,52,0.256497
1.199,2,-1.5,nan,nan,nan,nan,-1.53398,-1.22871,-1.21231,4.18623,5.91915,33,19,step,1.199,1.79069e+09,-3.49658,52,0.256518
1.2,2,1.5,nan,nan,nan,nan,-1.44375,-1.21475,-1.2432,4.18384,5.91915,33,19,step,1.2,1.79069e+09,-3.60938,52,0.25654
1.201,2,1.5,nan,nan,nan,nan,-1.44375,-1.21475,-1.2464,4.18384,5.91915,33,19,step,1.201,1.79069e+09,-3.58682,52,0.256529
1.202,2,1.5,nan,nan,nan,nan,-1.47759,-1.26187,-1.21444,4.18134,5.91915,33,19,step,1.202,1.79069e+09,-3.64321,52,0.256513
1.203,2,1.5,nan,nan,nan,nan,-1.47759,-1.26187,-1.22722,4.18134,5.91915,33,19,step,1.203,1.79069e+09,-3.66577,52,0.256528
1.204,2,1.5,nan,nan,nan,nan,-0.0451172,-1.00182,-1.22403,4.17914,5.91915,33,19,step,1.204,1.79069e+09,-3.65449,52,0.256545
1.205,2,1.5,nan,nan,nan,nan,-0.0451172,-1.00182,-1.22829,4.17914,5.91915,33,19,step,1.205,1.79069e+09,-3.60938,52,0.256565
1.206,2,1.5,nan,nan,nan,nan,0.0225586,-0.668461,-1.23361,4.1778,5.91915,33,19,step,1.206,1.79069e+09,-3.62065,52,0.256595
1.207,2,1.5,nan,nan,nan,nan,0.0225586,-0.668461,-1.25066,4.1778,5.91906,33,19,step,1.207,1.79069e+09,-3.62065,52,0.256649
1.208,2,1.5,nan,nan,nan,nan,0.124072,-0.638791,-1.24214,4.17645,5.91906,33,19,step,1.208,1.79069e+09,-3.60938,52,0.256663
1.209,2,1.5,nan,nan,nan,nan,0.124072,-0.638791,-1.20272,4.17645,5.91906,33,19,step,1.209,1.79069e+09,-3.57554,52,0.256684
1.21,2,1.5,nan,nan,nan,nan,0.597803,-0.68766,-1.19846,4.17511,5.91906,33,19,step,1.21,1.79069e+09,-3.67705,52,0.256713
1.211,2,1.5,nan,nan,nan,nan,0.597803,-0.68766,-1.21977,4.17511,5.91906,33,19,step,1.211,1.79069e+09,-3.66577,52,0.256767
1.212,2,1.5,nan,nan,nan,nan,1.10537,-0.968658,-1.20379,4.17329,5.91906,33,19,step,1.212,1.79069e+09,-3.68833,52,0.256838
1.213,2,1.5,nan,nan,nan,nan,1.10537,-0.968658,-1.20059,4.17329,5.91906,33,19,step,1.213,1.79069e+09,-3.63193,52,0.256901
1.214,2,1.5,nan,nan,nan,nan,1.42119,-1.26013,-1.17076,4.1708,5.91906,33,19,step,1.214,1.79069e+09,-3.62065,52,0.256965
1.215,2,1.5,nan,nan,nan,nan,1.42119,-1.26013,-1.15052,4.1708,5.91906,33,19,step,1.215,1.79069e+09,-3.60938,52,0.257012
1.216,2,1.5,nan,nan,nan,nan,1.33096,-1.30551,-1.15052,4.16821,5.91906,33,19,step,1.216,1.79069e+09,-3.65449,52,0.257089
1.217,2,1.5,nan,nan,nan,nan,1.33096,-1.30551,-1.14519,4.16821,5.91906,33,19,step,1.217,1.79069e+09,-3.66577,52,0.2572
1.218,2,1.5,nan,nan,nan,nan,1.33096,-1.19206,-1.1388,4.16581,5.91906,33,19,step,1.218,1.79069e+09,-3.62065,52,0.257267
1.219,2,1.5,nan,nan,nan,nan,1.33096,-1.19206,-1.12282,4.16581,5.91906,33,19,step,1.219,1.79069e+09,-3.62065,52,0.257357
1.22,2,1.5,nan,nan,nan,nan,1.45503,-1.11177,-1.09619,4.16361,5.91896,33,19,step,1.22,1.79069e+09,-3.5981,52,0.257405
1.221,2,1.5,nan,nan,nan,nan,1.45503,-1.11177,-1.08128,4.16361,5.91896,33,19,step,1.221,1.79069e+09,-3.58682,52,0.257446
1.222,2,1.5,nan,nan,nan,nan,1.37607,-1.02625,-1.07169,4.1615,5.91896,33,19,step,1.222,1.79069e+09,-3.62065,52,0.257484
1.223,2,1.5,nan,nan,nan,nan,1.37607,-1.02625,-1.07275,4.1615,5.91896,33,19,step,1.223,1.79069e+09,-3.63193,52,0.257519
1.224,2,1.5,nan,nan,nan,nan,1.39863,-1.01404,-1.05038,4.15948,5.91896,33,19,step,1.224,1.79069e+09,-3.63193,52,0.257573
1.225,2,1.5,nan,nan,nan,nan,1.39863,-1.01404,-1.0376,4.15948,5.91886,33,19,step,1.225,1.79069e+09,-3.63193,52,0.257632
1.226,2,1.5,nan,nan,nan,nan,1.51143,-1.04371,-0.998183,4.15738,5.91886,33,19,step,1.226,1.79069e+09,-3.63193,52,0.257704
1.227,2,1.5,nan,nan,nan,nan,1.51143,-1.04371,-0.996053,4.15738,5.91886,33,19,step,1.227,1.79069e+09,-3.5981,52,0.257783
1.228,2,1.5,nan,nan,nan,nan,1.53398,-1.01404,-0.991791,4.15527,5.91886,33,19,step,1.228,1.79069e+09,-3.62065,52,0.257841
1.229,2,1.5,nan,nan,nan,nan,1.53398,-1.01404,-0.982204,4.15527,5.91886,33,19,step,1.229,1.79069e+09,-3.62065,52,0.257908
1.23,2,1.5,nan,nan,nan,nan,1.43247,-0.958186,-0.974747,4.15335,5.91886,33,19,step,1.23,1.79069e+09,-3.63193,52,0.257972
1.231,2,1.5,nan,nan,nan,nan,1.43247,-0.958186,-0.945984,4.15335,5.91886,33,19,step,1.231,1.79069e+09,-3.63193,52,0.258025
1.232,2,1.5,nan,nan,nan,nan,1.46631,-0.970403,-0.918286,4.15143,5.91886,33,19,step,1.232,1.79069e+09,-3.63193,52,0.258085
1.233,2,1.5,nan,nan,nan,nan,1.46631,-0.970403,-0.927874,4.15143,5.91877,33,19,step,1.233,1.79069e+09,-3.62065,52,0.258125
1.234,2,1.5,nan,nan,nan,nan,1.56782,-0.987856,-0.916155,4.14951,5.91877,33,19,step,1.234,1.79069e+09,-3.60938,52,0.258166
1.235,2,1.5,nan,nan,nan,nan,1.56782,-0.987856,-0.887392,4.14951,5.91877,33,19,step,1.235,1.79069e+09,-3.62065,52,0.258237
1.236,2,1.5,nan,nan,nan,nan,1.53398,-0.963422,-0.905502,4.1475,5.91877,33,19,step,1.236,1.79069e+09,-3.65449,52,0.258263
1.237,2,1.5,nan,nan,nan,nan,1.53398,-0.963422,-0.887392,4.1475,5.91877,33,19,step,1.237,1.79069e+09,-3.58682,52,0.258305
1.238,2,1.5,nan,nan,nan,nan,1.31968,-0.869174,-0.850107,4.14568,5.91867,33,19,step,1.238,1.79069e+09,-3.66577,52,0.258338
1.239,2,1.5,nan,nan,nan,nan,1.31968,-0.869174,-0.86076,4.14568,5.91867,33,19,step,1.239,1.79069e+09,-3.66577,52,0.258411
1.24,2,1.5,nan,nan,nan,nan,1.43247,-0.839503,-0.841585,4.14395,5.91867,33,19,step,1.24,1.79069e+09,-3.60938,52,0.258484
1.241,2,1.5,nan,nan,nan,nan,1.43247,-0.839503,-0.836258,4.14395,5.91858,33,19,step,1.241,1.79069e+09,-3.5981,52,0.258543
1.242,2,1.5,nan,nan,nan,nan,1.38735,-0.818559,-0.831997,4.14232,5.91858,33,19,step,1.242,1.79069e+09,-3.56426,52,0.258592
1.243,2,1.5,nan,nan,nan,nan,1.38735,-0.818559,-0.805364,4.14232,5.91858,33,19,step,1.243,1.79069e+09,-3.5981,52,0.25861
1.244,2,1.5,nan,nan,nan,nan,1.54526,-0.806342,-0.791516,4.14079,5.91858,33,19,step,1.244,1.79069e+09,-3.62065,52,0.258647
1.245,2,1.5,nan,nan,nan,nan,1.54526,-0.806342,-0.789385,4.14079,5.91858,33,19,step,1.245,1.79069e+09,-3.64321,52,0.258696
1.246,2,1.5,nan,nan,nan,nan,1.45503,-0.776672,-0.785124,4.13926,5.91858,33,19,step,1.246,1.79069e+09,-3.66577,52,0.258731
1.247,2,1.5,nan,nan,nan,nan,1.45503,-0.776672,-0.767014,4.13926,5.91858,33,19,step,1.247,1.79069e+09,-3.50786,52,0.258782
1.248,2,1.5,nan,nan,nan,nan,1.44375,-0.790634,-0.745708,4.13763,5.91858,33,19,step,1.248,1.79069e+09,-3.62065,52,0.258812
1.249,2,1.5,nan,nan,nan,nan,1.44375,-0.790634,-0.73399,4.13763,5.91858,33,19,step,1.249,1.79069e+09,-3.60938,52,0.258842
1.25,2,1.5,nan,nan,nan,nan,1.43247,-0.76969,-0.723337,4.13609,5.91858,33,19,step,1.25,1.79069e+09,-3.63193,52,0.258872
1.251,2,1.5,nan,nan,nan,nan,1.43247,-0.76969,-0.722271,4.13609,5.91858,33,19,step,1.251,1.79069e+09,-3.53042,52,0.258886
1.252,2,1.5,nan,nan,nan,nan,1.47759,-0.698132,-0.716945,4.13465,5.91858,33,19,step,1.252,1.79069e+09,-3.64321,52,0.258925
1.253,2,1.5,nan,nan,nan,nan,1.47759,-0.698132,-0.682855,4.13465,5.91858,33,19,step,1.253,1.79069e+09,-3.65449,52,0.258961
1.254,2,1.5,nan,nan,nan,nan,1.46631,-0.617847,-0.683921,4.13341,5.91858,33,19,step,1.254,1.79069e+09,-3.65449,52,0.258987
1.255,2,1.5,nan,nan,nan,nan,1.46631,-0.617847,-0.673268,4.13341,5.91848,33,19,step,1.255,1.79069e+09,-3.63193,52,0.259032
1.256,2,1.5,nan,nan,nan,nan,1.42119,-0.570723,-0.651962,4.13226,5.91848,33,19,step,1.256,1.79069e+09,-3.62065,52,0.259056
1.257,2,1.5,nan,nan,nan,nan,1.42119,-0.570723,-0.638113,4.13226,5.91848,33,19,step,1.257,1.79069e+09,-3.65449,52,0.2591
1.258,2,1.5,nan,nan,nan,nan,1.44375,-0.6353,-0.640243,4.13101,5.91848,33,19,step,1.258,1.79069e+09,-3.63193,52,0.259135
1.259,2,1.5,nan,nan,nan,nan,1.44375,-0.6353,-0.632786,4.13101,5.91848,33,19,step,1.259,1.79069e+09,-3.65449,52,0.259172
1.26,2,1.5,nan,nan,nan,nan,1.43247,-0.673697,-0.613611,4.12957,5.91848,33,19,step,1.26,1.79069e+09,-3.65449,52,0.259224
1.261,2,1.5,nan,nan,nan,nan,1.43247,-0.673697,-0.59124,4.12957,5.91848,33,19,step,1.261,1.79069e+09,-3.63193,52,0.259243
1.262,2,1.5,nan,nan,nan,nan,1.39863,-0.602139,-0.581652,4.12842,5.91848,33,19,step,1.262,1.79069e+09,-3.62065,52,0.259284
1.263,2,1.5,nan,nan,nan,nan,1.39863,-0.602139,-0.566738,4.12842,5.91848,33,19,step,1.263,1.79069e+09,-3.63193,52,0.25931
1.264,2,1.5,nan,nan,nan,nan,1.42119,-0.516617,-0.562477,4.12727,5.91848,33,19,step,1.264,1.79069e+09,-3.51914,52,0.259297
1.265,2,1.5,nan,nan,nan,nan,1.42119,-0.516617,-0.541171,4.12727,5.91848,33,19,step,1.265,1.79069e+09,-3.66577,52,0.259338
1.266,2,1.5,nan,nan,nan,nan,1.56782,-0.464258,-0.512408,4.12641,5.91848,33,19,step,1.266,1.79069e+09,-3.51914,52,0.259371
1.267,2,1.5,nan,nan,nan,nan,1.56782,-0.464258,-0.529453,4.12641,5.91848,33,19,step,1.267,1.79069e+09,-3.63193,52,0.259394
1.268,2,1.5,nan,nan,nan,nan,1.5791,-0.460767,-0.525191,4.12545,5.91848,33,19,step,1.268,1.79069e+09,-3.51914,52,0.259439
1.269,2,1.5,nan,nan,nan,nan,1.5791,-0.460767,-0.477253,4.12545,5.91848,33,19,step,1.269,1.79069e+09,-3.55298,52,0.259486
1.27,2,1.5,nan,nan,nan,nan,1.45503,-0.485202,-0.471927,4.12459,5.91848,33,19,step,1.27,1.79069e+09,-3.49658,52,0.259545
1.271,2,1.5,nan,nan,nan,nan,1.45503,-0.485202,-0.449555,4.12459,5.91848,33,19,step,1.271,1.79069e+09,-3.51914,52,0.259562
1.272,2,1.5,nan,nan,nan,nan,1.45503,-0.521853,-0.436772,4.12344,5.91848,33,19,step,1.272,1.79069e+09,-3.51914,52,0.259612
1.273,2,1.5,nan,nan,nan,nan,1.45503,-0.521853,-0.431445,4.12344,5.91848,33,19,step,1.273,1.79069e+09,-3.66577,52,0.259669
1.274,2,1.5,nan,nan,nan,nan,1.51143,-0.497419,-0.457012,4.12248,5.91848,33,19,step,1.274,1.79069e+09,-3.5417,52,0.259718
1.275,2,1.5,nan,nan,nan,nan,1.51143,-0.497419,-0.417596,4.12248,5.91848,33,19,step,1.275,1.79069e+09,-3.50786,52,0.259765
1.276,2,1.5,nan,nan,nan,nan,1.52271,-0.420624,-0.390964,4.12161,5.91848,33,19,step,1.276,1.79069e+09,-3.47402,52,0.259777
1.277,2,1.5,nan,nan,nan,nan,1.52271,-0.420624,-0.374985,4.12161,5.91848,33,19,step,1.277,1.79069e+09,-3.53042,52,0.259802
1.278,2,1.5,nan,nan,nan,nan,1.43247,-0.350811,-0.371789,4.12085,5.91848,33,19,step,1.278,1.79069e+09,-3.66577,52,0.259835
1.279,2,1.5,nan,nan,nan,nan,1.43247,-0.350811,-0.371789,4.12085,5.91848,33,19,step,1.279,1.79069e+09,-3.50786,52,0.259851
1.28,2,1.5,nan,nan,nan,nan,1.55654,-0.312414,-0.366462,4.12027,5.91848,33,19,step,1.28,1.79069e+09,-3.50786,52,0.259894
1.281,2,1.5,nan,nan,nan,nan,1.55654,-0.312414,-0.351548,4.12027,5.91848,33,19,step,1.281,1.79069e+09,-3.50786,52,0.25995
1.282,2,1.5,nan,nan,nan,nan,1.47759,-0.296706,-0.320654,4.1196,5.91848,33,19,step,1.282,1.79069e+09,-3.45146,52,0.259979
1.283,2,1.5,nan,nan,nan,nan,1.47759,-0.296706,-0.307871,4.1196,5.91848,33,19,step,1.283,1.79069e+09,-3.58682,52,0.260023
1.284,2,1.5,nan,nan,nan,nan,1.51143,-0.29147,-0.296153,4.11912,5.91848,33,19,step,1.284,1.79069e+09,-3.5981,52,0.26005
1.285,2,1.5,nan,nan,nan,nan,1.51143,-0.29147,-0.295087,4.11912,5.91848,33,19,step,1.285,1.79069e+09,-3.47402,52,0.2601
1.286,2,1.5,nan,nan,nan,nan,1.5791,-0.260054,-0.26952,4.11855,5.91848,33,19,step,1.286,1.79069e+09,-3.50786,52,0.260132
1.287,2,1.5,nan,nan,nan,nan,1.5791,-0.260054,-0.247149,4.11855,5.91848,33,19,step,1.287,1.79069e+09,-3.4853,52,0.260165
1.288,2,1.5,nan,nan,nan,nan,1.56782,-0.235619,-0.248214,4.11807,5.91848,33,19,step,1.288,1.79069e+09,-3.50786,52,0.260231
1.289,2,1.5,nan,nan,nan,nan,1.56782,-0.235619,-0.25141,4.11807,5.91848,33,19,step,1.289,1.79069e+09,-3.46274,52,0.260292
1.29,2,1.5,nan,nan,nan,nan,1.55654,-0.214675,-0.231169,4.11759,5.91848,33,19,step,1.29,1.79069e+09,-3.46274,52,0.26034
1.291,2,1.5,nan,nan,nan,nan,1.55654,-0.214675,-0.187492,4.11759,5.91848,33,19,step,1.291,1.79069e+09,-3.45146,52,0.260385
1.292,2,1.5,nan,nan,nan,nan,1.47759,-0.207694,-0.180035,4.1172,5.91848,33,19,step,1.292,1.79069e+09,-3.45146,52,0.260386
1.293,2,1.5,nan,nan,nan,nan,1.47759,-0.207694,-0.154468,4.1172,5.91848,33,19,step,1.293,1.79069e+09,-3.49658,52,0.26042
1.294,2,1.5,nan,nan,nan,nan,1.51143,-0.195477,-0.177905,4.11682,5.91848,33,19,step,1.294,1.79069e+09,-3.51914,52,0.260472
1.295,2,1.5,nan,nan,nan,nan,1.51143,-0.195477,-0.158729,4.11682,5.91848,33,19,step,1.295,1.79069e+09,-3.4853,52,0.260509
1.296,2,1.5,nan,nan,nan,nan,1.43247,-0.15708,-0.132097,4.11644,5.91848,33,19,step,1.296,1.79069e+09,-3.45146,52,0.26054
1.297,2,1.5,nan,nan,nan,nan,1.43247,-0.15708,-0.12464,4.11644,5.91848,33,19,step,1.297,1.79069e+09,-3.42891,52,0.260562
1.298,2,1.5,nan,nan,nan,nan,1.40991,-0.116937,-0.115052,4.11625,5.91848,33,19,step,1.298,1.79069e+09,-3.45146,52,0.260597
1.299,2,1.5,nan,nan,nan,nan,1.40991,-0.116937,-0.096942,4.11625,5.91848,33,19,step,1.299,1.79069e+09,-3.45146,52,0.260611
1.3,2,1.5,nan,nan,nan,nan,1.44375,-0.0767945,-0.0809626,4.11605,5.91848,33,19,step,1.3,1.79069e+09,-3.47402,52,0.260616
1.301,2,1.5,nan,nan,nan,nan,1.44375,-0.0767945,-0.0660484,4.11605,5.91848,33,19,step,1.301,1.79069e+09,-3.49658,52,0.260672
1.302,2,1.5,nan,nan,nan,nan,1.44375,-0.0506145,-0.0585913,4.11596,5.91848,33,19,step,1.302,1.79069e+09,-3.50786,52,0.260716
1.303,2,1.5,nan,nan,nan,nan,1.44375,-0.0506145,-0.0245018,4.11596,5.91848,33,19,step,1.303,1.79069e+09,-3.45146,52,0.260746
1.304,2,1.5,nan,nan,nan,nan,1.51143,-0.0349066,-0.0447425,4.11586,5.91848,33,19,step,1.304,1.79069e+09,-3.42891,52,0.260764
1.305,2,1.5,nan,nan,nan,nan,1.51143,-0.0349066,-0.0213059,4.11586,5.91848,33,19,step,1.305,1.79069e+09,-3.47402,52,0.260775
1.306,2,1.5,nan,nan,nan,nan,1.45503,-0.0279253,-0.0127836,4.11577,5.91848,33,19,step,1.306,1.79069e+09,-3.49658,52,0.260814
1.307,2,1.5,nan,nan,nan,nan,1.45503,-0.0279253,-0.00745708,4.11577,5.91848,33,19,step,1.307,1.79069e+09,-3.45146,52,0.260826
1.308,2,1.5,nan,nan,nan,nan,1.51143,-0.015708,0.0213059,4.11577,5.91848,33,19,step,1.308,1.79069e+09,-3.46274,52,0.260874
1.309,2,1.5,nan,nan,nan,nan,1.51143,-0.015708,0.0447425,4.11577,5.91848,33,19,step,1.309,1.79069e+09,-3.45146,52,0.260915
1.31,2,1.5,nan,nan,nan,nan,1.52271,0.00174533,0.0383507,4.11577,5.91848,33,19,step,1.31,1.79069e+09,-3.42891,52,0.260911
1.311,2,1.5,nan,nan,nan,nan,1.52271,0.00174533,0.039416,4.11577,5.91848,33,19,step,1.311,1.79069e+09,-3.45146,52,0.260934
1.312,2,1.5,nan,nan,nan,nan,1.48887,0.0174533,0.0585913,4.11577,5.91848,33,19,step,1.312,1.79069e+09,-3.47402,52,0.260942
1.313,2,1.5,nan,nan,nan,nan,1.48887,0.0174533,0.0745708,4.11577,5.91848,33,19,step,1.313,1.79069e+09,-3.46274,52,0.260979
1.314,2,1.5,nan,nan,nan,nan,1.52271,0.0366519,0.0820279,4.11586,5.91848,33,19,step,1.314,1.79069e+09,-3.47402,52,0.261026
1.315,2,1.5,nan,nan,nan,nan,1.52271,0.0366519,0.101203,4.11586,5.91848,33,19,step,1.315,1.79069e+09,-3.45146,52,0.261067
1.316,2,1.5,nan,nan,nan,nan,1.46631,0.0750492,0.10653,4.11596,5.91848,33,19,step,1.316,1.79069e+09,-3.42891,52,0.2611
1.317,2,1.5,nan,nan,nan,nan,1.46631,0.0750492,0.123574,4.11596,5.91848,33,19,step,1.317,1.79069e+09,-3.39507,52,0.261095
1.318,2,1.5,nan,nan,nan,nan,1.47759,0.101229,0.118248,4.11615,5.91848,33,19,step,1.318,1.79069e+09,-3.42891,52,0.261079
1.319,2,1.5,nan,nan,nan,nan,1.47759,0.101229,0.136358,4.11615,5.91848,33,19,step,1.319,1.79069e+09,-3.46274,52,0.261086
1.32,2,1.5,nan,nan,nan,nan,1.53398,0.122173,0.14275,4.11644,5.91848,33,19,step,1.32,1.79069e+09,-3.49658,52,0.261088
1.321,2,1.5,nan,nan,nan,nan,1.53398,0.122173,0.147011,4.11644,5.91848,33,19,step,1.321,1.79069e+09,-3.45146,52,0.261098
1.322,2,1.5,nan,nan,nan,nan,1.46631,0.141372,0.133162,4.11673,5.91848,33,19,step,1.322,1.79069e+09,-3.45146,52,0.261128
1.323,2,1.5,nan,nan,nan,nan,1.46631,0.141372,0.132097,4.11673,5.91848,33,19,step,1.323,1.79069e+09,-3.45146,52,0.261179
1.324,2,1.5,nan,nan,nan,nan,1.47759,0.169297,0.150207,4.11701,5.91848,33,19,step,1.324,1.79069e+09,-3.40635,52,0.261197
1.325,2,1.5,nan,nan,nan,nan,1.47759,0.169297,0.17897,4.11701,5.91848,33,19,step,1.325,1.79069e+09,-3.38379,52,0.261179
1.326,2,1.5,nan,nan,nan,nan,1.47759,0.188496,0.188558,4.1174,5.91848,33,19,step,1.326,1.79069e+09,-3.44019,52,0.261187
1.327,2,1.5,nan,nan,nan,nan,1.47759,0.188496,0.189623,4.1174,5.91848,33,19,step,1.327,1.79069e+09,-3.45146,52,0.261232
1.328,2,1.5,nan,nan,nan,nan,1.56782,0.211185,0.190688,4.11788,5.91848,33,19,step,1.328,1.79069e+09,-3.45146,52,0.261257
1.329,2,1.5,nan,nan,nan,nan,1.56782,0.211185,0.194949,4.11788,5.91848,33,19,step,1.329,1.79069e+09,-3.39507,52,0.261284
1.33,2,1.5,nan,nan,nan,nan,1.59038,0.219911,0.213059,4.11826,5.91848,33,19,step,1.33,1.79069e+09,-3.42891,52,0.261295
1.331,2,1.5,nan,nan,nan,nan,1.59038,0.219911,0.213059,4.11826,5.91848,33,19,step,1.331,1.79069e+09,-3.40635,52,0.261312
1.332,2,1.5,nan,nan,nan,nan,1.60166,0.233874,0.240757,4.11874,5.91848,33,19,step,1.332,1.79069e+09,-3.42891,52,0.261312
1.333,2,1.5,nan,nan,nan,nan,1.60166,0.233874,0.231169,4.11874,5.91848,33,19,step,1.333,1.79069e+09,-3.45146,52,0.261312
1.334,2,1.5,nan,nan,nan,nan,1.5791,0.242601,0.241822,4.11922,5.91848,33,19,step,1.334,1.79069e+09,-3.42891,52,0.261331
1.335,2,1.5,nan,nan,nan,nan,1.5791,0.242601,0.268455,4.11922,5.91848,33,19,step,1.335,1.79069e+09,-3.42891,52,0.261357
1.336,2,1.5,nan,nan,nan,nan,1.55654,0.244346,0.257802,4.1197,5.91848,33,19,step,1.336,1.79069e+09,-3.55298,52,0.261391
1.337,2,1.5,nan,nan,nan,nan,1.55654,0.244346,0.268455,4.1197,5.91848,33,19,step,1.337,1.79069e+09,-3.49658,52,0.261425
1.338,2,1.5,nan,nan,nan,nan,1.52271,0.247837,0.291891,4.12018,5.91848,33,19,step,1.338,1.79069e+09,-3.50786,52,0.261447
1.339,2,1.5,nan,nan,nan,nan,1.52271,0.247837,0.290826,4.12018,5.91848,33,19,step,1.339,1.79069e+09,-3.39507,52,0.261441
1.34,2,1.5,nan,nan,nan,nan,1.38735,0.280998,0.28763,4.12075,5.91848,33,19,step,1.34,1.79069e+09,-3.51914,52,0.261428
1.341,2,1.5,nan,nan,nan,nan,1.38735,0.280998,0.271651,4.12075,5.91848,33,19,step,1.341,1.79069e+09,-3.5417,52,0.261471
1.342,2,1.5,nan,nan,nan,nan,1.52271,0.31765,0.312132,4.12142,5.91848,33,19,step,1.342,1.79069e+09,-3.5417,52,0.261511
1.343,2,1.5,nan,nan,nan,nan,1.52271,0.31765,0.314263,4.12142,5.91848,33,19,step,1.343,1.79069e+09,-3.49658,52,0.261538
1.344,2,1.5,nan,nan,nan,nan,1.50015,0.363028,0.304675,4.12209,5.91848,33,19,step,1.344,1.79069e+09,-3.51914,52,0.261571
1.345,2,1.5,nan,nan,nan,nan,1.50015,0.363028,0.331307,4.12209,5.91848,33,19,step,1.345,1.79069e+09,-3.4853,52,0.261567
1.346,2,1.5,nan,nan,nan,nan,1.52271,0.375246,0.328111,4.12286,5.91848,33,19,step,1.346,1.79069e+09,-3.50786,52,0.261537
1.347,2,1.5,nan,nan,nan,nan,1.52271,0.375246,0.34196,4.12286,5.91848,33,19,step,1.347,1.79069e+09,-3.55298,52,0.261545
1.348,2,1.5,nan,nan,nan,nan,1.5791,0.368264,0.346222,4.12353,5.91848,33,19,step,1.348,1.79069e+09,-3.58682,52,0.261575
1.349,2,1.5,nan,nan,nan,nan,1.5791,0.368264,0.353679,4.12353,5.91848,33,19,step,1.349,1.79069e+09,-3.55298,52,0.261629
1.35,2,1.5,nan,nan,nan,nan,1.47759,0.366519,0.377115,4.1243,5.91848,33,19,step,1.35,1.79069e+09,-3.50786,52,0.261675
1.351,2,1.5,nan,nan,nan,nan,1.47759,0.366519,0.373919,4.1243,5.91848,33,19,step,1.351,1.79069e+09,-3.4853,52,0.261686
1.352,2,1.5,nan,nan,nan,nan,1.48887,0.397935,0.371789,4.12507,5.91848,33,19,step,1.352,1.79069e+09,-3.50786,52,0.261698
1.353,2,1.5,nan,nan,nan,nan,1.48887,0.397935,0.395225,4.12507,5.91848,33,19,step,1.353,1.79069e+09,-3.49658,52,0.26172
1.354,2,1.5,nan,nan,nan,nan,1.50015,0.441568,0.409074,4.12593,5.91848,33,19,step,1.354,1.79069e+09,-3.51914,52,0.261738
1.355,2,1.5,nan,nan,nan,nan,1.50015,0.441568,0.400552,4.12593,5.91848,33,19,step,1.355,1.79069e+09,-3.49658,52,0.261745
1.356,2,1.5,nan,nan,nan,nan,1.46631,0.464258,0.399486,4.12689,5.91848,33,19,step,1.356,1.79069e+09,-3.51914,52,0.261768
1.357,2,1.5,nan,nan,nan,nan,1.46631,0.464258,0.437837,4.12689,5.91848,33,19,step,1.357,1.79069e+09,-3.49658,52,0.261809
1.358,2,1.5,nan,nan,nan,nan,1.44375,0.418879,0.432511,4.12775,5.91848,33,19,step,1.358,1.79069e+09,-3.50786,52,0.261812
1.359,2,1.5,nan,nan,nan,nan,1.44375,0.418879,0.406943,4.12775,5.91848,33,19,step,1.359,1.79069e+09,-3.4853,52,0.261839
1.36,2,1.5,nan,nan,nan,nan,1.43247,0.385718,0.443164,4.12852,5.91848,33,19,step,1.36,1.79069e+09,-3.49658,52,0.261872
1.361,2,1.5,nan,nan,nan,nan,1.43247,0.385718,0.439968,4.12852,5.91848,33,19,step,1.361,1.79069e+09,-3.50786,52,0.261868
1.362,2,1.5,nan,nan,nan,nan,1.48887,0.429351,0.447425,4.12938,5.91848,33,19,step,1.362,1.79069e+09,-3.49658,52,0.261881
1.363,2,1.5,nan,nan,nan,nan,1.48887,0.429351,0.442098,4.12938,5.91848,33,19,step,1.363,1.79069e+09,-3.51914,52,0.261908
1.364,2,1.5,nan,nan,nan,nan,1.47759,0.493928,0.468731,4.13034,5.91848,33,19,step,1.364,1.79069e+09,-3.49658,52,0.261935
1.365,2,1.5,nan,nan,nan,nan,1.47759,0.493928,0.479384,4.13034,5.91848,33,19,step,1.365,1.79069e+09,-3.49658,52,0.261943
1.366,2,1.5,nan,nan,nan,nan,1.47759,0.514872,0.490037,4.13139,5.91848,33,19,step,1.366,1.79069e+09,-3.49658,52,0.261937
1.367,2,1.5,nan,nan,nan,nan,1.47759,0.514872,0.508147,4.13139,5.91848,33,19,step,1.367,1.79069e+09,-3.4853,52,0.261934
1.368,2,1.5,nan,nan,nan,nan,1.51143,0.509636,0.509212,4.13235,5.91848,33,19,step,1.368,1.79069e+09,-3.50786,52,0.261941
1.369,2,1.5,nan,nan,nan,nan,1.51143,0.509636,0.501755,4.13235,5.91848,33,19,step,1.369,1.79069e+09,-3.51914,52,0.261957
1.37,2,1.5,nan,nan,nan,nan,1.56782,0.527089,0.493232,4.13341,5.91848,33,19,step,1.37,1.79069e+09,-3.4853,52,0.261984
1.371,2,1.5,nan,nan,nan,nan,1.56782,0.527089,0.517734,4.13341,5.91848,33,19,step,1.371,1.79069e+09,-3.46274,52,0.26199
1.372,2,1.5,nan,nan,nan,nan,1.53398,0.561996,0.510277,4.13456,5.91848,33,19,step,1.372,1.79069e+09,-3.45146,52,0.262008
1.373,2,1.5,nan,nan,nan,nan,1.53398,0.561996,0.523061,4.13456,5.91848,33,19,step,1.373,1.79069e+09,-3.49658,52,0.262015
1.374,2,1.5,nan,nan,nan,nan,1.51143,0.521853,0.531583,4.13561,5.91848,33,19,step,1.374,1.79069e+09,-3.47402,52,0.261996
1.375,2,1.5,nan,nan,nan,nan,1.51143,0.521853,0.534779,4.13561,5.91848,33,19,step,1.375,1.79069e+09,-3.46274,52,0.262007
1.376,2,1.5,nan,nan,nan,nan,1.48887,0.479966,0.556085,4.13657,5.91848,33,19,step,1.376,1.79069e+09,-3.4853,52,0.262012
1.377,2,1.5,nan,nan,nan,nan,1.48887,0.479966,0.574195,4.13657,5.91848,33,19,step,1.377,1.79069e+09,-3.4853,52,0.262033
1.378,2,1.5,nan,nan,nan,nan,1.47759,0.537561,0.572064,4.13763,5.91848,33,19,step,1.378,1.79069e+09,-3.4853,52,0.262043
1.379,2,1.5,nan,nan,nan,nan,1.47759,0.537561,0.563542,4.13763,5.91848,33,19,step,1.379,1.79069e+09,-3.45146,52,0.262036
1.38,2,1.5,nan,nan,nan,nan,1.50015,0.598648,0.570999,4.13878,5.91848,33,19,step,1.38,1.79069e+09,-3.49658,52,0.262052
1.381,2,1.5,nan,nan,nan,nan,1.50015,0.598648,0.565673,4.13878,5.91848,33,19,step,1.381,1.79069e+09,-3.49658,52,0.262063
1.382,2,1.5,nan,nan,nan,nan,1.55654,0.6353,0.568869,4.14002,5.91848,33,19,step,1.382,1.79069e+09,-3.45146,52,0.26205
1.383,2,1.5,nan,nan,nan,nan,1.55654,0.6353,0.578456,4.14002,5.91848,33,19,step,1.383,1.79069e+09,-3.45146,52,0.262044
1.384,2,1.5,nan,nan,nan,nan,1.59038,0.659734,0.581652,4.14136,5.91848,33,19,step,1.384,1.79069e+09,-3.50786,52,0.262061
1.385,2,1.5,nan,nan,nan,nan,1.59038,0.659734,0.590175,4.14136,5.91848,33,19,step,1.385,1.79069e+09,-3.45146,52,0.262077
1.386,2,1.5,nan,nan,nan,nan,1.50015,0.656244,0.589109,4.14271,5.91848,33,19,step,1.386,1.79069e+09,-3.45146,52,0.262068
1.387,2,1.5,nan,nan,nan,nan,1.50015,0.656244,0.596566,4.14271,5.91848,33,19,step,1.387,1.79069e+09,-3.47402,52,0.262078
1.388,2,1.5,nan,nan,nan,nan,1.51143,0.602139,0.61148,4.14395,5.91848,33,19,step,1.388,1.79069e+09,-3.47402,52,0.262097
1.389,2,1.5,nan,nan,nan,nan,1.51143,0.602139,0.625329,4.14395,5.91848,33,19,step,1.389,1.79069e+09,-3.45146,52,0.262105
1.39,2,1.5,nan,nan,nan,nan,1.54526,0.605629,0.621068,4.1451,5.91848,33,19,step,1.39,1.79069e+09,-3.45146,52,0.262121
1.391,2,1.5,nan,nan,nan,nan,1.54526,0.605629,0.623199,4.1451,5.91848,33,19,step,1.391,1.79069e+09,-3.31611,52,0.262137
1.392,2,1.5,nan,nan,nan,nan,1.52271,0.644026,0.616807,4.14635,5.91848,33,19,step,1.392,1.79069e+09,-3.45146,52,0.262139
1.393,2,1.5,nan,nan,nan,nan,1.52271,0.644026,0.639178,4.14635,5.91848,33,19,step,1.393,1.79069e+09,-3.42891,52,0.262154
1.394,2,1.5,nan,nan,nan,nan,1.43247,0.680678,0.658354,4.14779,5.91848,33,19,step,1.394,1.79069e+09,-3.47402,52,0.26215
1.395,2,1.5,nan,nan,nan,nan,1.43247,0.680678,0.64557,4.14779,5.91848,33,19,step,1.395,1.79069e+09,-3.45146,52,0.262145
1.396,2,1.5,nan,nan,nan,nan,1.54526,0.726057,0.674333,4.14923,5.91848,33,19,step,1.396,1.79069e+09,-3.47402,52,0.262161
1.397,2,1.5,nan,nan,nan,nan,1.54526,0.726057,0.64557,4.14923,5.91848,33,19,step,1.397,1.79069e+09,-3.45146,52,0.262186
1.398,2,1.5,nan,nan,nan,nan,1.47759,0.694641,0.66368,4.15057,5.91848,33,19,step,1.398,1.79069e+09,-3.42891,52,0.262194
1.399,2,1.5,nan,nan,nan,nan,1.47759,0.694641,0.672202,4.15057,5.91848,33,19,step,1.399,1.79069e+09,-3.40635,52,0.262213
1.4,2,1.5,nan,nan,nan,nan,1.46631,0.685914,0.670072,4.15191,5.91848,33,19,step,1.4,1.79069e+09,-3.44019,52,0.262243
1.401,2,1.5,nan,nan,nan,nan,1.46631,0.685914,0.689247,4.15191,5.91848,33,19,step,1.401,1.79069e+09,-3.40635,52,0.262244
1.402,2,1.5,nan,nan,nan,nan,1.45503,0.738274,0.680725,4.15344,5.91848,33,19,step,1.402,1.79069e+09,-3.41763,52,0.262241
1.403,2,1.5,nan,nan,nan,nan,1.45503,0.738274,0.677529,4.15344,5.91848,33,19,step,1.403,1.79069e+09,-3.39507,52,0.262261
1.404,2,1.5,nan,nan,nan,nan,1.52271,0.771436,0.677529,4.15507,5.91848,33,19,step,1.404,1.79069e+09,-3.40635,52,0.262285
1.405,2,1.5,nan,nan,nan,nan,1.52271,0.771436,0.679659,4.15507,5.91848,33,19,step,1.405,1.79069e+09,-3.40635,52,0.26229
1.406,2,1.5,nan,nan,nan,nan,1.51143,0.76969,0.692443,4.15651,5.91848,33,19,step,1.406,1.79069e+09,-3.38379,52,0.262297
1.407,2,1.5,nan,nan,nan,nan,1.51143,0.76969,0.692443,4.15651,5.91848,33,19,step,1.407,1.79069e+09,-3.37251,52,0.262301
1.408,2,1.5,nan,nan,nan,nan,1.47759,0.715585,0.714814,4.15795,5.91848,33,19,step,1.408,1.79069e+09,-3.39507,52,0.262293
1.409,2,1.5,nan,nan,nan,nan,1.47759,0.715585,0.71801,4.15795,5.91848,33,19,step,1.409,1.79069e+09,-3.40635,52,0.262318
1.41,2,1.5,nan,nan,nan,nan,1.45503,0.678933,0.735055,4.15929,5.91848,33,19,step,1.41,1.79069e+09,-3.44019,52,0.26234
1.411,2,1.5,nan,nan,nan,nan,1.45503,0.678933,0.73612,4.15929,5.91848,33,19,step,1.411,1.79069e+09,-3.38379,52,0.262358
1.412,2,1.5,nan,nan,nan,nan,1.42119,0.745256,0.728663,4.16073,5.91848,33,19,step,1.412,1.79069e+09,-3.40635,52,0.262366
1.413,2,1.5,nan,nan,nan,nan,1.42119,0.745256,0.735055,4.16073,5.91848,33,19,step,1.413,1.79069e+09,-3.38379,52,0.262379
1.414,2,1.5,nan,nan,nan,nan,1.50015,0.820305,0.744643,4.16236,5.91848,33,19,step,1.414,1.79069e+09,-3.38379,52,0.262387
1.415,2,1.5,nan,nan,nan,nan,1.50015,0.820305,0.743577,4.16236,5.91858,33,19,step,1.415,1.79069e+09,-3.38379,52,0.262384
1.416,2,1.5,nan,nan,nan,nan,1.45503,0.844739,0.7521,4.16409,5.91858,33,19,step,1.416,1.79069e+09,-3.39507,52,0.26239
1.417,2,1.5,nan,nan,nan,nan,1.45503,0.844739,0.747838,4.16409,5.91858,33,19,step,1.417,1.79069e+09,-3.39507,52,0.262408
1.418,2,1.5,nan,nan,nan,nan,1.47759,0.794125,0.764883,4.16572,5.91858,33,19,step,1.418,1.79069e+09,-3.37251,52,0.262435
1.419,2,1.5,nan,nan,nan,nan,1.47759,0.794125,0.784059,4.16572,5.91858,33,19,step,1.419,1.79069e+09,-3.34995,52,0.262469
1.42,2,1.5,nan,nan,nan,nan,1.40991,0.753982,0.801103,4.16715,5.91858,33,19,step,1.42,1.79069e+09,-3.34995,52,0.262457
1.421,2,1.5,nan,nan,nan,nan,1.40991,0.753982,0.773406,4.16715,5.91858,33,19,step,1.421,1.79069e+09,-3.34995,52,0.262453
1.422,2,1.5,nan,nan,nan,nan,1.43247,0.813323,0.784059,4.16878,5.91858,33,19,step,1.422,1.79069e+09,-3.38379,52,0.26244
1.423,2,1.5,nan,nan,nan,nan,1.43247,0.813323,0.794712,4.16878,5.91858,33,19,step,1.423,1.79069e+09,-3.36123,52,0.262434
1.424,2,1.5,nan,nan,nan,nan,1.51143,0.895354,0.794712,4.17051,5.91858,33,19,step,1.424,1.79069e+09,-3.38379,52,0.26246
1.425,2,1.5,nan,nan,nan,nan,1.51143,0.895354,0.795777,4.17051,5.91858,33,19,step,1.425,1.79069e+09,-3.37251,52,0.262471
1.426,2,1.5,nan,nan,nan,nan,1.46631,0.895354,0.805364,4.17233,5.91858,33,19,step,1.426,1.79069e+09,-3.33867,52,0.262481
1.427,2,1.5,nan,nan,nan,nan,1.46631,0.895354,0.802169,4.17233,5.91858,33,19,step,1.427,1.79069e+09,-3.33867,52,0.262464
1.428,2,1.5,nan,nan,nan,nan,1.47759,0.797615,0.818148,4.17396,5.91858,33,19,step,1.428,1.79069e+09,-3.33867,52,0.262474
1.429,2,1.5,nan,nan,nan,nan,1.47759,0.797615,0.818148,4.17396,5.91858,33,19,step,1.429,1.79069e+09,-3.38379,52,0.262502
1.43,2,1.5,nan,nan,nan,nan,1.45503,0.783653,0.838389,4.17559,5.91858,33,19,step,1.43,1.79069e+09,-3.36123,52,0.262524
1.431,2,1.5,nan,nan,nan,nan,1.45503,0.783653,0.834128,4.17559,5.91858,33,19,step,1.431,1.79069e+09,-3.37251,52,0.262546
1.432,2,1.5,nan,nan,nan,nan,1.48887,0.879646,0.835193,4.17732,5.91858,33,19,step,1.432,1.79069e+09,-3.31611,52,0.262566
1.433,2,1.5,nan,nan,nan,nan,1.48887,0.879646,0.858629,4.17732,5.91858,33,19,step,1.433,1.79069e+09,-3.30483,52,0.262568
1.434,2,1.5,nan,nan,nan,nan,1.52271,0.994838,0.846911,4.17923,5.91858,33,19,step,1.434,1.79069e+09,-3.31611,52,0.262559
1.435,2,1.5,nan,nan,nan,nan,1.52271,0.994838,0.840519,4.17923,5.91858,33,19,step,1.435,1.79069e+09,-3.33867,52,0.262547
1.436,2,1.5,nan,nan,nan,nan,1.51143,0.977384,0.870348,4.18125,5.91858,33,19,step,1.436,1.79069e+09,-3.34995,52,0.262558
1.437,2,1.5,nan,nan,nan,nan,1.51143,0.977384,0.890588,4.18125,5.91858,33,19,step,1.437,1.79069e+09,-3.36123,52,0.26254
1.438,2,1.5,nan,nan,nan,nan,1.56782,0.855211,0.870348,4.18307,5.91858,33,19,step,1.438,1.79069e+09,-3.33867,52,0.262541
1.439,2,1.5,nan,nan,nan,nan,1.56782,0.855211,0.877805,4.18307,5.91858,33,19,step,1.439,1.79069e+09,-3.36123,52,0.262562
1.44,2,1.5,nan,nan,nan,nan,1.5791,0.825541,0.882066,4.1847,5.91858,33,19,step,1.44,1.79069e+09,-3.33867,52,0.262561
1.441,2,1.5,nan,nan,nan,nan,1.5791,0.825541,0.888458,4.1847,5.91858,33,19,step,1.441,1.79069e+09,-3.31611,52,0.262564
1.442,2,1.5,nan,nan,nan,nan,1.46631,0.905826,0.91509,4.18652,5.91858,33,19,step,1.442,1.79069e+09,-3.34995,52,0.262571
1.443,2,1.5,nan,nan,nan,nan,1.46631,0.905826,0.908698,4.18652,5.91858,33,19,step,1.443,1.79069e+09,-3.36123,52,0.26258
1.444,2,1.5,nan,nan,nan,nan,1.46631,0.958186,0.899111,4.18825,5.91858,33,19,step,1.444,1.79069e+09,-3.32739,52,0.262593
1.445,2,1.5,nan,nan,nan,nan,1.46631,0.958186,0.903372,4.18825,5.91858,33,19,step,1.445,1.79069e+09,-3.29355,52,0.262609
1.446,2,1.5,nan,nan,nan,nan,1.48887,0.923279,0.907633,4.19016,5.91858,33,19,step,1.446,1.79069e+09,-3.24844,52,0.262608
1.447,2,1.5,nan,nan,nan,nan,1.48887,0.923279,0.920417,4.19016,5.91858,33,19,step,1.447,1.79069e+09,-3.25972,52,0.262605
1.448,2,1.5,nan,nan,nan,nan,1.51143,0.907571,0.927874,4.19199,5.91858,33,19,step,1.448,1.79069e+09,-3.32739,52,0.262575
1.449,2,1.5,nan,nan,nan,nan,1.51143,0.907571,0.914025,4.19199,5.91867,33,19,step,1.449,1.79069e+09,-3.33867,52,0.262571
1.45,2,1.5,nan,nan,nan,nan,1.52271,0.975639,0.926808,4.1939,5.91867,33,19,step,1.45,1.79069e+09,-3.36123,52,0.262578
1.451,2,1.5,nan,nan,nan,nan,1.52271,0.975639,0.957702,4.1939,5.91867,33,19,step,1.451,1.79069e+09,-3.33867,52,0.262601
1.452,2,1.5,nan,nan,nan,nan,1.44375,1.03673,0.944918,4.19592,5.91867,33,19,step,1.452,1.79069e+09,-3.30483,52,0.262622
1.453,2,1.5,nan,nan,nan,nan,1.44375,1.03673,0.938527,4.19592,5.91867,33,19,step,1.453,1.79069e+09,-3.271,52,0.262614
1.454,2,1.5,nan,nan,nan,nan,1.46631,0.973894,0.950245,4.19793,5.91867,33,19,step,1.454,1.79069e+09,-3.271,52,0.262605
1.455,2,1.5,nan,nan,nan,nan,1.46631,0.973894,0.966224,4.19793,5.91867,33,19,step,1.455,1.79069e+09,-3.32739,52,0.262598
1.456,2,1.5,nan,nan,nan,nan,1.54526,0.95644,0.959833,4.19985,5.91867,33,19,step,1.456,1.79069e+09,-3.30483,52,0.262607
1.457,2,1.5,nan,nan,nan,nan,1.54526,0.95644,0.945984,4.19985,5.91867,33,19,step,1.457,1.79069e+09,-3.30483,52,0.26261
1.458,2,1.5,nan,nan,nan,nan,1.47759,1.00007,0.961963,4.20186,5.91867,33,19,step,1.458,1.79069e+09,-3.24844,52,0.262602
1.459,2,1.5,nan,nan,nan,nan,1.47759,1.00007,0.975812,4.20186,5.91867,33,19,step,1.459,1.79069e+09,-3.29355,52,0.262623
1.46,2,1.5,nan,nan,nan,nan,1.39863,1.03498,0.986465,4.20387,5.91867,33,19,step,1.46,1.79069e+09,-3.23716,52,0.262636
1.461,2,1.5,nan,nan,nan,nan,1.39863,1.03498,0.999249,4.20387,5.91867,33,19,step,1.461,1.79069e+09,-3.271,52,0.262636
1.462,2,1.5,nan,nan,nan,nan,1.40991,1.08036,0.990726,4.20608,5.91867,33,19,step,1.462,1.79069e+09,-3.29355,52,0.26265
1.463,2,1.5,nan,nan,nan,nan,1.40991,1.08036,0.989661,4.20608,5.91867,33,19,step,1.463,1.79069e+09,-3.28228,52,0.262651
1.464,2,1.5,nan,nan,nan,nan,1.51143,1.0821,0.996053,4.20819,5.91867,33,19,step,1.464,1.79069e+09,-3.2146,52,0.26266
1.465,2,1.5,nan,nan,nan,nan,1.51143,1.0821,0.991791,4.20819,5.91867,33,19,step,1.465,1.79069e+09,-3.22588,52,0.262667
1.466,2,1.5,nan,nan,nan,nan,1.45503,1.05243,1.03121,4.21039,5.91867,33,19,step,1.466,1.79069e+09,-3.271,52,0.26267
1.467,2,1.5,nan,nan,nan,nan,1.45503,1.05243,1.0099,4.21039,5.91867,33,19,step,1.467,1.79069e+09,-3.271,52,0.262686
1.468,2,1.5,nan,nan,nan,nan,1.44375,0.984366,1.0099,4.21231,5.91867,33,19,step,1.468,1.79069e+09,-3.23716,52,0.262689
1.469,2,1.5,nan,nan,nan,nan,1.44375,0.984366,1.0344,4.21231,5.91877,33,19,step,1.469,1.79069e+09,-3.25972,52,0.262694
1.47,2,1.5,nan,nan,nan,nan,1.50015,1.02451,1.04399,4.21432,5.91877,33,19,step,1.47,1.79069e+09,-3.23716,52,0.262711
1.471,2,1.5,nan,nan,nan,nan,1.50015,1.02451,1.02588,4.21432,5.91877,33,19,step,1.471,1.79069e+09,-3.271,52,0.262727
1.472,2,1.5,nan,nan,nan,nan,1.51143,1.10654,1.02375,4.21653,5.91877,33,19,step,1.472,1.79069e+09,-3.2146,52,0.26274
1.473,2,1.5,nan,nan,nan,nan,1.51143,1.10654,1.04932,4.21653,5.91877,33,19,step,1.473,1.79069e+09,-3.20332,52,0.262756
1.474,2,1.5,nan,nan,nan,nan,1.45503,1.08385,1.04293,4.21873,5.91877,33,19,step,1.474,1.79069e+09,-3.22588,52,0.262741
1.475,2,1.5,nan,nan,nan,nan,1.45503,1.08385,1.03653,4.21873,5.91877,33,19,step,1.475,1.79069e+09,-3.20332,52,0.262719
1.476,2,1.5,nan,nan,nan,nan,1.47759,1.05243,1.0621,4.22084,5.91877,33,19,step,1.476,1.79069e+09,-3.23716,52,0.262695
1.477,2,1.5,nan,nan,nan,nan,1.47759,1.05243,1.08767,4.22084,5.91877,33,19,step,1.477,1.79069e+09,-3.22588,52,0.262674
1.478,2,1.5,nan,nan,nan,nan,1.55654,1.12399,1.07808,4.22305,5.91877,33,19,step,1.478,1.79069e+09,-3.271,52,0.262681
1.479,2,1.5,nan,nan,nan,nan,1.55654,1.12399,1.06636,4.22305,5.91877,33,19,step,1.479,1.79069e+09,-3.25972,52,0.262712
1.48,2,1.5,nan,nan,nan,nan,1.47759,1.16763,1.0653,4.22545,5.91877,33,19,step,1.48,1.79069e+09,-3.22588,52,0.262725
1.481,2,1.5,nan,nan,nan,nan,1.47759,1.16763,1.05997,4.22545,5.91877,33,19,step,1.481,1.79069e+09,-3.2146,52,0.262725
1.482,2,1.5,nan,nan,nan,nan,1.51143,1.09956,1.07488,4.22765,5.91886,33,19,step,1.482,1.79069e+09,-3.22588,52,0.262722
1.483,2,1.5,nan,nan,nan,nan,1.51143,1.09956,1.06849,4.22765,5.91886,33,19,step,1.483,1.79069e+09,-3.20332,52,0.262719
1.484,2,1.5,nan,nan,nan,nan,1.55654,1.08909,1.06956,4.22986,5.91886,33,19,step,1.484,1.79069e+09,-3.23716,52,0.262724
1.485,2,1.5,nan,nan,nan,nan,1.55654,1.08909,1.10152,4.22986,5.91886,33,19,step,1.485,1.79069e+09,-3.18076,52,0.262731
1.486,2,1.5,nan,nan,nan,nan,1.52271,1.18682,1.09832,4.23216,5.91886,33,19,step,1.486,1.79069e+09,-3.20332,52,0.262729
1.487,2,1.5,nan,nan,nan,nan,1.52271,1.18682,1.12282,4.23216,5.91886,33,19,step,1.487,1.79069e+09,-3.07925,52,0.262726
1.488,2,1.5,nan,nan,nan,nan,1.36479,1.20951,1.12708,4.23475,5.91886,33,19,step,1.488,1.79069e+09,-3.09053,52,0.262705
1.489,2,1.5,nan,nan,nan,nan,1.36479,1.20951,1.1143,4.23475,5.91886,33,19,step,1.489,1.79069e+09,-3.1582,52,0.262672
1.49,2,1.5,nan,nan,nan,nan,1.59038,1.15017,1.12176,4.23705,5.91886,33,19,step,1.49,1.79069e+09,-3.18076,52,0.262638
1.491,2,1.5,nan,nan,nan,nan,1.59038,1.15017,1.12921,4.23705,5.91886,33,19,step,1.491,1.79069e+09,-3.20332,52,0.262641
1.492,2,1.5,nan,nan,nan,nan,1.55654,1.1589,1.12921,4.23935,5.91886,33,19,step,1.492,1.79069e+09,-3.23716,52,0.262664
1.493,2,1.5,nan,nan,nan,nan,1.55654,1.1589,1.12389,4.23935,5.91886,33,19,step,1.493,1.79069e+09,-3.20332,52,0.262665
1.494,2,1.5,nan,nan,nan,nan,1.39863,1.16937,1.13241,4.24174,5.91886,33,19,step,1.494,1.79069e+09,-3.1582,52,0.262664
1.495,2,1.5,nan,nan,nan,nan,1.39863,1.16937,1.142,4.24174,5.91896,33,19,step,1.495,1.79069e+09,-3.18076,52,0.262669
1.496,2,1.5,nan,nan,nan,nan,1.48887,1.16064,1.14413,4.24385,5.91896,33,19,step,1.496,1.79069e+09,-3.19204,52,0.262667
1.497,2,1.5,nan,nan,nan,nan,1.48887,1.16064,1.13028,4.24385,5.91896,33,19,step,1.497,1.79069e+09,-3.20332,52,0.26267
1.498,2,1.5,nan,nan,nan,nan,1.47759,1.20428,1.13348,4.24644,5.91896,33,19,step,1.498,1.79069e+09,-3.16948,52,0.26267
1.499,2,1.5,nan,nan,nan,nan,1.47759,1.20428,1.15798,4.24644,5.91896,33,19,step,1.499,1.79069e+09,-3.16948,52,0.262671
1.5,2,-1.5,nan,nan,nan,nan,1.39863,1.25315,1.1697,4.24874,5.91906,33,19,step,1.5,1.79069e+09,-3.14692,52,0.262674
1.501,2,-1.5,nan,nan,nan,nan,1.39863,1.25315,1.17289,4.24874,5.91906,33,19,step,1.501,1.79069e+09,-3.16948,52,0.262675
1.502,2,-1.5,nan,nan,nan,nan,1.43247,1.25838,1.1697,4.25133,5.91906,33,19,step,1.502,1.79069e+09,-3.14692,52,0.262636
1.503,2,-1.5,nan,nan,nan,nan,1.43247,1.25838,1.15691,4.25133,5.91906,33,19,step,1.503,1.79069e+09,-3.14692,52,0.262617
1.504,2,-1.5,nan,nan,nan,nan,-0.0451172,1.02276,1.15904,4.25344,5.91906,33,19,step,1.504,1.79069e+09,-3.20332,52,0.262617
1.505,2,-1.5,nan,nan,nan,nan,-0.0451172,1.02276,1.19633,4.25344,5.91906,33,19,step,1.505,1.79069e+09,-3.16948,52,0.262607
1.506,2,-1.5,nan,nan,nan,nan,-0.112793,0.565487,1.19207,4.25469,5.91906,33,19,step,1.506,1.79069e+09,-3.16948,52,0.262616
1.507,2,-1.5,nan,nan,nan,nan,-0.112793,0.565487,1.1665,4.25469,5.91906,33,19,step,1.507,1.79069e+09,-3.03413,52,0.262608
1.508,2,-1.5,nan,nan,nan,nan,-0.180469,0.546288,1.14732,4.25584,5.91915,33,19,step,1.508,1.79069e+09,-3.13564,52,0.26258
1.509,2,-1.5,nan,nan,nan,nan,-0.180469,0.546288,1.15691,4.25584,5.91915,33,19,step,1.509,1.79069e+09,-3.14692,52,0.262565
1.51,2,-1.5,nan,nan,nan,nan,-0.586523,0.600393,1.17289,4.25699,5.91915,33,19,step,1.51,1.79069e+09,-3.16948,52,0.262476
1.511,2,-1.5,nan,nan,nan,nan,-0.586523,0.600393,1.15904,4.25699,5.91915,33,19,step,1.511,1.79069e+09,-3.1582,52,0.262474
1.512,2,-1.5,nan,nan,nan,nan,-1.16177,0.932006,1.14519,4.25871,5.91915,33,19,step,1.512,1.79069e+09,-3.16948,52,0.262416
1.513,2,-1.5,nan,nan,nan,nan,-1.16177,0.932006,1.12495,4.25871,5.91915,33,19,step,1.513,1.79069e+09,-3.13564,52,0.262394
1.514,2,-1.5,nan,nan,nan,nan,-1.45503,1.2514,1.11217,4.26111,5.91915,33,19,step,1.514,1.79069e+09,-3.11309,52,0.26233
1.515,2,-1.5,nan,nan,nan,nan,-1.45503,1.2514,1.10152,4.26111,5.91915,33,19,step,1.515,1.79069e+09,-3.11309,52,0.26224
1.516,2,-1.5,nan,nan,nan,nan,-1.35352,1.31074,1.09193,4.2638,5.91915,33,19,step,1.516,1.79069e+09,-3.14692,52,0.262188
1.517,2,-1.5,nan,nan,nan,nan,-1.35352,1.31074,1.08447,4.2638,5.91915,33,19,step,1.517,1.79069e+09,-3.16948,52,0.262077
1.518,2,-1.5,nan,nan,nan,nan,-1.35352,1.17286,1.07595,4.26619,5.91915,33,19,step,1.518,1.79069e+09,-3.16948,52,0.26197
1.519,2,-1.5,nan,nan,nan,nan,-1.35352,1.17286,1.08447,4.26619,5.91915,33,19,step,1.519,1.79069e+09,-3.19204,52,0.261924
1.52,2,-1.5,nan,nan,nan,nan,-1.38735,0.932006,1.03121,4.26811,5.91915,33,19,step,1.52,1.79069e+09,-3.2146,52,0.261914
1.521,2,-1.5,nan,nan,nan,nan,-1.38735,0.932006,1.02695,4.26811,5.91915,33,19,step,1.521,1.79069e+09,-3.18076,52,0.261911
1.522,2,-1.5,nan,nan,nan,nan,-1.36479,0.905826,1.00351,4.26993,5.91915,33,19,step,1.522,1.79069e+09,-3.14692,52,0.261847
1.523,2,-1.5,nan,nan,nan,nan,-1.36479,0.905826,1.00031,4.26993,5.91915,33,19,step,1.523,1.79069e+09,-3.14692,52,0.261811
1.524,2,-1.5,nan,nan,nan,nan,-1.44375,1.04545,1.01629,4.27194,5.91925,33,19,step,1.524,1.79069e+09,-3.09053,52,0.261786
1.525,2,-1.5,nan,nan,nan,nan,-1.44375,1.04545,1.00458,4.27194,5.91925,33,19,step,1.525,1.79069e+09,-3.13564,52,0.261689
1.526,2,-1.5,nan,nan,nan,nan,-1.50015,1.08385,0.98753,4.27425,5.91925,33,19,step,1.526,1.79069e+09,-3.1582,52,0.261643
1.527,2,-1.5,nan,nan,nan,nan,-1.50015,1.08385,0.959833,4.27425,5.91925,33,19,step,1.527,1.79069e+09,-3.18076,52,0.261518
1.528,2,-1.5,nan,nan,nan,nan,-1.43247,0.944223,0.914025,4.27626,5.91934,33,19,step,1.528,1.79069e+09,-3.16948,52,0.261444
1.529,2,-1.5,nan,nan,nan,nan,-1.43247,0.944223,0.935331,4.27626,5.91934,33,19,step,1.529,1.79069e+09,-3.07925,52,0.261419
1.53,2,-1.5,nan,nan,nan,nan,-1.34224,0.898845,0.930004,4.27798,5.91934,33,19,step,1.53,1.79069e+09,-3.13564,52,0.261338
1.531,2,-1.5,nan,nan,nan,nan,-1.34224,0.898845,0.922547,4.27798,5.91934,33,19,step,1.531,1.79069e+09,-3.13564,52,0.261298
1.532,2,-1.5,nan,nan,nan,nan,-1.53398,0.951204,0.87887,4.2799,5.91934,33,19,step,1.532,1.79069e+09,-3.2146,52,0.261264
1.533,2,-1.5,nan,nan,nan,nan,-1.53398,0.951204,0.856499,4.2799,5.91934,33,19,step,1.533,1.79069e+09,-3.20332,52,0.261235
1.534,2,-1.5,nan,nan,nan,nan,-1.46631,0.891863,0.858629,4.28172,5.91934,33,19,step,1.534,1.79069e+09,-3.11309,52,0.261231
1.535,2,-1.5,nan,nan,nan,nan,-1.46631,0.891863,0.852238,4.28172,5.91934,33,19,step,1.535,1.79069e+09,-3.11309,52,0.261172
1.536,2,-1.5,nan,nan,nan,nan,-1.46631,0.794125,0.839454,4.28335,5.91934,33,19,step,1.536,1.79069e+09,-3.13564,52,0.261129
1.537,2,-1.5,nan,nan,nan,nan,-1.46631,0.794125,0.816017,4.28335,5.91944,33,19,step,1.537,1.79069e+09,-3.1582,52,0.261063
1.538,2,-1.5,nan,nan,nan,nan,-1.44375,0.809833,0.810691,4.28489,5.91944,33,19,step,1.538,1.79069e+09,-3.2146,52,0.261018
1.539,2,-1.5,nan,nan,nan,nan,-1.44375,0.809833,0.795777,4.28489,5.91944,33,19,step,1.539,1.79069e+09,-3.03413,52,0.261003
1.54,2,-1.5,nan,nan,nan,nan,-1.44375,0.849975,0.780863,4.28652,5.91944,33,19,step,1.54,1.79069e+09,-3.04541,52,0.260974
1.541,2,-1.5,nan,nan,nan,nan,-1.44375,0.849975,0.774471,4.28652,5.91944,33,19,step,1.541,1.79069e+09,-3.01157,52,0.260941
1.542,2,-1.5,nan,nan,nan,nan,-1.43247,0.815069,0.771275,4.28824,5.91954,33,19,step,1.542,1.79069e+09,-3.12437,52,0.260845
1.543,2,-1.5,nan,nan,nan,nan,-1.43247,0.815069,0.758491,4.28824,5.91954,33,19,step,1.543,1.79069e+09,-3.1582,52,0.260777
1.544,2,-1.5,nan,nan,nan,nan,-1.47759,0.66148,0.746773,4.28968,5.91954,33,19,step,1.544,1.79069e+09,-3.04541,52,0.260735
1.545,2,-1.5,nan,nan,nan,nan,-1.47759,0.66148,0.742512,4.28968,5.91954,33,19,step,1.545,1.79069e+09,-3.04541,52,0.260674
1.546,2,-1.5,nan,nan,nan,nan,-1.54526,0.621337,0.721206,4.29093,5.91954,33,19,step,1.546,1.79069e+09,-3.05669,52,0.26065
1.547,2,-1.5,nan,nan,nan,nan,-1.54526,0.621337,0.688182,4.29093,5.91954,33,19,step,1.547,1.79069e+09,-3.09053,52,0.260652
1.548,2,-1.5,nan,nan,nan,nan,-1.50015,0.705113,0.676464,4.29227,5.91954,33,19,step,1.548,1.79069e+09,-3.13564,52,0.260638
1.549,2,-1.5,nan,nan,nan,nan,-1.50015,0.705113,0.669006,4.29227,5.91954,33,19,step,1.549,1.79069e+09,-3.01157,52,0.260601
1.55,2,-1.5,nan,nan,nan,nan,-1.42119,0.771436,0.640243,4.2938,5.91954,33,19,step,1.55,1.79069e+09,-3.13564,52,0.260537
1.551,2,-1.5,nan,nan,nan,nan,-1.42119,0.771436,0.651962,4.2938,5.91954,33,19,step,1.551,1.79069e+09,-3.04541,52,0.260465
1.552,2,-1.5,nan,nan,nan,nan,-1.38735,0.696386,0.642374,4.29524,5.91954,33,19,step,1.552,1.79069e+09,-3.00029,52,0.260421
1.553,2,-1.5,nan,nan,nan,nan,-1.38735,0.696386,0.621068,4.29524,5.91963,33,19,step,1.553,1.79069e+09,-3.02285,52,0.260354
1.554,2,-1.5,nan,nan,nan,nan,-1.36479,0.539307,0.623199,4.29639,5.91963,33,19,step,1.554,1.79069e+09,-3.05669,52,0.26032
1.555,2,-1.5,nan,nan,nan,nan,-1.36479,0.539307,0.597632,4.29639,5.91963,33,19,step,1.555,1.79069e+09,-3.00029,52,0.260289
1.556,2,-1.5,nan,nan,nan,nan,-1.52271,0.47822,0.581652,4.29735,5.91963,33,19,step,1.556,1.79069e+09,-3.00029,52,0.26027
1.557,2,-1.5,nan,nan,nan,nan,-1.52271,0.47822,0.580587,4.29735,5.91963,33,19,step,1.557,1.79069e+09,-2.98901,52,0.260223
1.558,2,-1.5,nan,nan,nan,nan,-1.59038,0.549779,0.567803,4.29841,5.91963,33,19,step,1.558,1.79069e+09,-3.00029,52,0.260175
1.559,2,-1.5,nan,nan,nan,nan,-1.59038,0.549779,0.552889,4.29841,5.91963,33,19,step,1.559,1.79069e+09,-3.13564,52,0.26013
1.56,2,-1.5,nan,nan,nan,nan,-1.40991,0.612611,0.530518,4.29965,5.91963,33,19,step,1.56,1.79069e+09,-3.18076,52,0.260119
1.561,2,-1.5,nan,nan,nan,nan,-1.40991,0.612611,0.521996,4.29965,5.91963,33,19,step,1.561,1.79069e+09,-2.98901,52,0.260098
1.562,2,-1.5,nan,nan,nan,nan,-1.45503,0.602139,0.524126,4.3008,5.91963,33,19,step,1.562,1.79069e+09,-2.97773,52,0.260054
1.563,2,-1.5,nan,nan,nan,nan,-1.45503,0.602139,0.48258,4.3008,5.91963,33,19,step,1.563,1.79069e+09,-3.00029,52,0.260001
1.564,2,-1.5,nan,nan,nan,nan,-1.28584,0.521853,0.452751,4.30195,5.91963,33,19,step,1.564,1.79069e+09,-3.00029,52,0.259961
1.565,2,-1.5,nan,nan,nan,nan,-1.28584,0.521853,0.453816,4.30195,5.91963,33,19,step,1.565,1.79069e+09,-3.03413,52,0.259954
1.566,2,-1.5,nan,nan,nan,nan,-1.3084,0.417134,0.453816,4.30282,5.91963,33,19,step,1.566,1.79069e+09,-3.02285,52,0.259928
1.567,2,-1.5,nan,nan,nan,nan,-1.3084,0.417134,0.458078,4.30282,5.91963,33,19,step,1.567,1.79069e+09,-3.00029,52,0.25992
1.568,2,-1.5,nan,nan,nan,nan,-1.34224,0.356047,0.467665,4.30358,5.91963,33,19,step,1.568,1.79069e+09,-2.97773,52,0.259874
1.569,2,-1.5,nan,nan,nan,nan,-1.34224,0.356047,0.429315,4.30358,5.91963,33,19,step,1.569,1.79069e+09,-2.97773,52,0.259849
1.57,2,-1.5,nan,nan,nan,nan,-1.40991,0.347321,0.392029,4.30425,5.91963,33,19,step,1.57,1.79069e+09,-3.00029,52,0.259805
1.571,2,-1.5,nan,nan,nan,nan,-1.40991,0.347321,0.414401,4.30425,5.91963,33,19,step,1.571,1.79069e+09,-2.97773,52,0.259733
1.572,2,-1.5,nan,nan,nan,nan,-1.46631,0.392699,0.384572,4.30502,5.91963,33,19,step,1.572,1.79069e+09,-3.04541,52,0.259709
1.573,2,-1.5,nan,nan,nan,nan,-1.46631,0.392699,0.36007,4.30502,5.91963,33,19,step,1.573,1.79069e+09,-3.02285,52,0.259664
1.574,2,-1.5,nan,nan,nan,nan,-1.54526,0.401426,0.350483,4.30579,5.91963,33,19,step,1.574,1.79069e+09,-3.02285,52,0.259622
1.575,2,-1.5,nan,nan,nan,nan,-1.54526,0.401426,0.354744,4.30579,5.91963,33,19,step,1.575,1.79069e+09,-3.02285,52,0.259597
1.576,2,-1.5,nan,nan,nan,nan,-1.48887,0.380482,0.329177,4.30665,5.91963,33,19,step,1.576,1.79069e+09,-3.00029,52,0.259559
1.577,2,-1.5,nan,nan,nan,nan,-1.48887,0.380482,0.302544,4.30665,5.91963,33,19,step,1.577,1.79069e+09,-3.12437,52,0.259523
1.578,2,-1.5,nan,nan,nan,nan,-1.40991,0.347321,0.289761,4.30732,5.91963,33,19,step,1.578,1.79069e+09,-3.00029,52,0.259462
1.579,2,-1.5,nan,nan,nan,nan,-1.40991,0.347321,0.272716,4.30732,5.91963,33,19,step,1.579,1.79069e+09,-3.03413,52,0.259413
1.58,2,-1.5,nan,nan,nan,nan,-1.33096,0.296706,0.273781,4.30799,5.91963,33,19,step,1.58,1.79069e+09,-3.04541,52,0.259401
1.581,2,-1.5,nan,nan,nan,nan,-1.33096,0.296706,0.266324,4.30799,5.91963,33,19,step,1.581,1.79069e+09,-3.03413,52,0.259363
1.582,2,-1.5,nan,nan,nan,nan,-1.35352,0.263545,0.268455,4.30847,5.91963,33,19,step,1.582,1.79069e+09,-3.02285,52,0.259313
1.583,2,-1.5,nan,nan,nan,nan,-1.35352,0.263545,0.237561,4.30847,5.91963,33,19,step,1.583,1.79069e+09,-3.02285,52,0.259284
1.584,2,-1.5,nan,nan,nan,nan,-1.37607,0.226893,0.225843,4.30895,5.91963,33,19,step,1.584,1.79069e+09,-3.06797,52,0.259255
1.585,2,-1.5,nan,nan,nan,nan,-1.37607,0.226893,0.210929,4.30895,5.91963,33,19,step,1.585,1.79069e+09,-3.06797,52,0.259228
1.586,2,-1.5,nan,nan,nan,nan,-1.38735,0.218166,0.205602,4.30943,5.91963,33,19,step,1.586,1.79069e+09,-3.05669,52,0.259171
1.587,2,-1.5,nan,nan,nan,nan,-1.38735,0.218166,0.194949,4.30943,5.91963,33,19,step,1.587,1.79069e+09,-3.05669,52,0.259141
1.588,2,-1.5,nan,nan,nan,nan,-1.40991,0.193732,0.188558,4.30981,5.91963,33,19,step,1.588,1.79069e+09,-3.06797,52,0.259134
1.589,2,-1.5,nan,nan,nan,nan,-1.40991,0.193732,0.188558,4.30981,5.91963,33,19,step,1.589,1.79069e+09,-3.14692,52,0.259117
1.59,2,-1.5,nan,nan,nan,nan,-1.40991,0.158825,0.180035,4.3101,5.91963,33,19,step,1.59,1.79069e+09,-3.02285,52,0.259089
1.591,2,-1.5,nan,nan,nan,nan,-1.40991,0.158825,0.155533,4.3101,5.91963,33,19,step,1.591,1.79069e+09,-3.01157,52,0.258998
1.592,2,-1.5,nan,nan,nan,nan,-1.43247,0.13439,0.137423,4.31039,5.91963,33,19,step,1.592,1.79069e+09,-3.06797,52,0.258925
1.593,2,-1.5,nan,nan,nan,nan,-1.43247,0.13439,0.116117,4.31039,5.91963,33,19,step,1.593,1.79069e+09,-3.10181,52,0.258906
1.594,2,-1.5,nan,nan,nan,nan,-1.44375,0.111701,0.12677,4.31068,5.91963,33,19,step,1.594,1.79069e+09,-3.14692,52,0.258881
1.595,2,-1.5,nan,nan,nan,nan,-1.44375,0.111701,0.118248,4.31068,5.91963,33,19,step,1.595,1.79069e+09,-3.03413,52,0.258856
1.596,2,-1.5,nan,nan,nan,nan,-1.44375,0.0994838,0.078832,4.31087,5.91963,33,19,step,1.596,1.79069e+09,-3.04541,52,0.25882
1.597,2,-1.5,nan,nan,nan,nan,-1.44375,0.0994838,0.0585913,4.31087,5.91963,33,19,step,1.597,1.79069e+09,-3.05669,52,0.25878
1.598,2,-1.5,nan,nan,nan,nan,-1.44375,0.0698132,0.0607219,4.31097,5.91963,33,19,step,1.598,1.79069e+09,-3.07925,52,0.258773
1.599,2,-1.5,nan,nan,nan,nan,-1.44375,0.0698132,0.0660484,4.31097,5.91963,33,19,step,1.599,1.79069e+09,-3.10181,52,0.258763
1.6,2,-1.5,nan,nan,nan,nan,-1.44375,0.0314159,0.0223712,4.31106,5.91963,33,19,step,1.6,1.79069e+09,-3.03413,52,0.258755
1.601,2,-1.5,nan,nan,nan,nan,-1.44375,0.0314159,0.0159795,4.31106,5.91963,33,19,step,1.601,1.79069e+09,-3.13564,52,0.258725
1.602,2,-1.5,nan,nan,nan,nan,-1.48887,0.015708,0.0372854,4.31116,5.91963,33,19,step,1.602,1.79069e+09,-3.14692,52,0.258698
1.603,2,-1.5,nan,nan,nan,nan,-1.48887,0.015708,0.00319589,4.31116,5.91963,33,19,step,1.603,1.79069e+09,-3.02285,52,0.258679
1.604,2,-1.5,nan,nan,nan,nan,-1.43247,0,-0.0245018,4.31116,5.91963,33,19,step,1.604,1.79069e+09,-3.04541,52,0.258622
1.605,2,-1.5,nan,nan,nan,nan,-1.43247,0,-0.0223712,4.31116,5.91963,33,19,step,1.605,1.79069e+09,-3.04541,52,0.258581
1.606,2,-1.5,nan,nan,nan,nan,-1.45503,0,-0.0362201,4.31116,5.91963,33,19,step,1.606,1.79069e+09,-3.05669,52,0.25852
1.607,2,-1.5,nan,nan,nan,nan,-1.45503,0,-0.0479384,4.31116,5.91963,33,19,step,1.607,1.79069e+09,-3.2146,52,0.258517
1.608,2,-1.5,nan,nan,nan,nan,-1.48887,0,-0.0436772,4.31106,5.91963,33,19,step,1.608,1.79069e+09,-3.22588,52,0.258538
1.609,2,-1.5,nan,nan,nan,nan,-1.48887,0,-0.0521996,4.31106,5.91963,33,19,step,1.609,1.79069e+09,-3.04541,52,0.258542
1.61,2,-1.5,nan,nan,nan,nan,-1.44375,-0.0418879,-0.068179,4.31106,5.91963,33,19,step,1.61,1.79069e+09,-3.02285,52,0.258511
1.611,2,-1.5,nan,nan,nan,nan,-1.44375,-0.0418879,-0.0926808,4.31106,5.91963,33,19,step,1.611,1.79069e+09,-3.14692,52,0.258489
1.612,2,-1.5,nan,nan,nan,nan,-1.44375,-0.0663225,-0.101203,4.31087,5.91973,33,19,step,1.612,1.79069e+09,-3.20332,52,0.258446
1.613,2,-1.5,nan,nan,nan,nan,-1.44375,-0.0663225,-0.103334,4.31087,5.91973,33,19,step,1.613,1.79069e+09,-3.18076,52,0.258426
1.614,2,-1.5,nan,nan,nan,nan,-1.43247,-0.102974,-0.105464,4.31068,5.91973,33,19,step,1.614,1.79069e+09,-3.18076,52,0.258405
1.615,2,-1.5,nan,nan,nan,nan,-1.43247,-0.102974,-0.118248,4.31068,5.91973,33,19,step,1.615,1.79069e+09,-3.07925,52,0.258401
1.616,2,-1.5,nan,nan,nan,nan,-1.47759,-0.113446,-0.137423,4.31049,5.91973,33,19,step,1.616,1.79069e+09,-3.18076,52,0.258399
1.617,2,-1.5,nan,nan,nan,nan,-1.47759,-0.113446,-0.139554,4.31049,5.91973,33,19,step,1.617,1.79069e+09,-3.14692,52,0.258355
1.618,2,-1.5,nan,nan,nan,nan,-1.43247,-0.13439,-0.148076,4.3102,5.91973,33,19,step,1.618,1.79069e+09,-3.18076,52,0.258334
1.619,2,-1.5,nan,nan,nan,nan,-1.43247,-0.13439,-0.139554,4.3102,5.91973,33,19,step,1.619,1.79069e+09,-3.2146,52,0.258331
1.62,2,-1.5,nan,nan,nan,nan,-1.47759,-0.137881,-0.147011,4.31001,5.91973,33,19,step,1.62,1.79069e+09,-3.20332,52,0.258317
1.621,2,-1.5,nan,nan,nan,nan,-1.47759,-0.137881,-0.16086,4.31001,5.91973,33,19,step,1.621,1.79069e+09,-3.18076,52,0.25832
1.622,2,-1.5,nan,nan,nan,nan,-1.47759,-0.169297,-0.172578,4.30962,5.91973,33,19,step,1.622,1.79069e+09,-3.1582,52,0.258293
1.623,2,-1.5,nan,nan,nan,nan,-1.47759,-0.169297,-0.164056,4.30962,5.91973,33,19,step,1.623,1.79069e+09,-3.18076,52,0.258301
1.624,2,-1.5,nan,nan,nan,nan,-1.47759,-0.18675,-0.188558,4.30924,5.91973,33,19,step,1.624,1.79069e+09,-3.18076,52,0.258309
1.625,2,-1.5,nan,nan,nan,nan,-1.47759,-0.18675,-0.203472,4.30924,5.91973,33,19,step,1.625,1.79069e+09,-3.18076,52,0.258273
1.626,2,-1.5,nan,nan,nan,nan,-1.48887,-0.216421,-0.191753,4.30886,5.91973,33,19,step,1.626,1.79069e+09,-3.1582,52,0.258247
1.627,2,-1.5,nan,nan,nan,nan,-1.48887,-0.216421,-0.182166,4.30886,5.91973,33,19,step,1.627,1.79069e+09,-3.2146,52,0.258229
1.628,2,-1.5,nan,nan,nan,nan,-1.52271,-0.221657,-0.190688,4.30838,5.91973,33,19,step,1.628,1.79069e+09,-3.20332,52,0.258217
1.629,2,-1.5,nan,nan,nan,nan,-1.52271,-0.221657,-0.214125,4.30838,5.91973,33,19,step,1.629,1.79069e+09,-3.20332,52,0.258207
1.63,2,-1.5,nan,nan,nan,nan,-1.51143,-0.244346,-0.222647,4.3079,5.91973,33,19,step,1.63,1.79069e+09,-3.22588,52,0.258199
1.631,2,-1.5,nan,nan,nan,nan,-1.51143,-0.244346,-0.239692,4.3079,5.91973,33,19,step,1.631,1.79069e+09,-3.18076,52,0.258169
1.632,2,-1.5,nan,nan,nan,nan,-1.42119,-0.246091,-0.255671,4.30742,5.91973,33,19,step,1.632,1.79069e+09,-3.20332,52,0.258143
1.633,2,-1.5,nan,nan,nan,nan,-1.42119,-0.246091,-0.229039,4.30742,5.91973,33,19,step,1.633,1.79069e+09,-3.23716,52,0.258126
1.634,2,-1.5,nan,nan,nan,nan,-1.53398,-0.279253,-0.223712,4.30684,5.91973,33,19,step,1.634,1.79069e+09,-3.23716,52,0.258107
1.635,2,-1.5,nan,nan,nan,nan,-1.53398,-0.279253,-0.246084,4.30684,5.91973,33,19,step,1.635,1.79069e+09,-3.2146,52,0.258094
1.636,2,-1.5,nan,nan,nan,nan,-1.55654,-0.29147,-0.264194,4.30627,5.91973,33,19,step,1.636,1.79069e+09,-3.22588,52,0.258089
1.637,2,-1.5,nan,nan,nan,nan,-1.55654,-0.29147,-0.260998,4.30627,5.91973,33,19,step,1.637,1.79069e+09,-3.20332,52,0.25806
1.638,2,-1.5,nan,nan,nan,nan,-1.5791,-0.300197,-0.26739,4.30569,5.91973,33,19,step,1.638,1.79069e+09,-3.22588,52,0.258039
1.639,2,-1.5,nan,nan,nan,nan,-1.5791,-0.300197,-0.300414,4.30569,5.91973,33,19,step,1.639,1.79069e+09,-3.22588,52,0.257997
1.64,2,-1.5,nan,nan,nan,nan,-1.5791,-0.305433,-0.292957,4.30502,5.91973,33,19,step,1.64,1.79069e+09,-3.2146,52,0.257956
1.641,2,-1.5,nan,nan,nan,nan,-1.5791,-0.305433,-0.314263,4.30502,5.91973,33,19,step,1.641,1.79069e+09,-3.24844,52,0.257931
1.642,2,-1.5,nan,nan,nan,nan,-1.40991,-0.329867,-0.30574,4.30445,5.91973,33,19,step,1.642,1.79069e+09,-3.24844,52,0.257913
1.643,2,-1.5,nan,nan,nan,nan,-1.40991,-0.329867,-0.307871,4.30445,5.91973,33,19,step,1.643,1.79069e+09,-3.16948,52,0.257905
1.644,2,-1.5,nan,nan,nan,nan,-1.48887,-0.329867,-0.32172,4.30377,5.91973,33,19,step,1.644,1.79069e+09,-3.22588,52,0.257906
1.645,2,-1.5,nan,nan,nan,nan,-1.48887,-0.329867,-0.314263,4.30377,5.91973,33,19,step,1.645,1.79069e+09,-3.22588,52,0.25788
1.646,2,-1.5,nan,nan,nan,nan,-1.50015,-0.331613,-0.320654,4.3031,5.91973,33,19,step,1.646,1.79069e+09,-3.23716,52,0.25785
1.647,2,-1.5,nan,nan,nan,nan,-1.50015,-0.331613,-0.354744,4.3031,5.91973,33,19,step,1.647,1.79069e+09,-3.24844,52,0.25783
1.648,2,-1.5,nan,nan,nan,nan,-1.50015,-0.329867,-0.350483,4.30243,5.91973,33,19,step,1.648,1.79069e+09,-3.24844,52,0.257816
1.649,2,-1.5,nan,nan,nan,nan,-1.50015,-0.329867,-0.346222,4.30243,5.91973,33,19,step,1.649,1.79069e+09,-3.271,52,0.257823
1.65,2,-1.5,nan,nan,nan,nan,-1.50015,-0.349066,-0.343026,4.30176,5.91973,33,19,step,1.65,1.79069e+09,-3.22588,52,0.2578
1.651,2,-1.5,nan,nan,nan,nan,-1.50015,-0.349066,-0.350483,4.30176,5.91973,33,19,step,1.651,1.79069e+09,-3.22588,52,0.257791
1.652,2,-1.5,nan,nan,nan,nan,-1.51143,-0.376991,-0.364332,4.30099,5.91973,33,19,step,1.652,1.79069e+09,-3.24844,52,0.257771
1.653,2,-1.5,nan,nan,nan,nan,-1.51143,-0.376991,-0.366462,4.30099,5.91973,33,19,step,1.653,1.79069e+09,-3.22588,52,0.257744
1.654,2,-1.5,nan,nan,nan,nan,-1.48887,-0.417134,-0.387768,4.30013,5.91973,33,19,step,1.654,1.79069e+09,-3.271,52,0.257736
1.655,2,-1.5,nan,nan,nan,nan,-1.48887,-0.417134,-0.383507,4.30013,5.91973,33,19,step,1.655,1.79069e+09,-3.271,52,0.257735
1.656,2,-1.5,nan,nan,nan,nan,-1.54526,-0.450295,-0.392029,4.29927,5.91973,33,19,step,1.656,1.79069e+09,-3.271,52,0.25775
1.657,2,-1.5,nan,nan,nan,nan,-1.54526,-0.450295,-0.386703,4.29927,5.91973,33,19,step,1.657,1.79069e+09,-3.22588,52,0.257736
1.658,2,-1.5,nan,nan,nan,nan,-1.5791,-0.471239,-0.401617,4.29821,5.91973,33,19,step,1.658,1.79069e+09,-3.2146,52,0.257716
1.659,2,-1.5,nan,nan,nan,nan,-1.5791,-0.471239,-0.405878,4.29821,5.91973,33,19,step,1.659,1.79069e+09,-3.24844,52,0.257711
1.66,2,-1.5,nan,nan,nan,nan,-1.43247,-0.464258,-0.409074,4.29735,5.91973,33,19,step,1.66,1.79069e+09,-3.24844,52,0.257692
1.661,2,-1.5,nan,nan,nan,nan,-1.43247,-0.464258,-0.441033,4.29735,5.91973,33,19,step,1.661,1.79069e+09,-3.24844,52,0.257665
1.662,2,-1.5,nan,nan,nan,nan,-1.39863,-0.460767,-0.454882,4.29639,5.91973,33,19,step,1.662,1.79069e+09,-3.23716,52,0.257668
1.663,2,-1.5,nan,nan,nan,nan,-1.39863,-0.460767,-0.444229,4.29639,5.91973,33,19,step,1.663,1.79069e+09,-3.271,52,0.257655
1.664,2,-1.5,nan,nan,nan,nan,-1.47759,-0.443314,-0.437837,4.29553,5.91973,33,19,step,1.664,1.79069e+09,-3.2146,52,0.257622
1.665,2,-1.5,nan,nan,nan,nan,-1.47759,-0.443314,-0.431445,4.29553,5.91973,33,19,step,1.665,1.79069e+09,-3.23716,52,0.257609
1.666,2,-1.5,nan,nan,nan,nan,-1.48887,-0.443314,-0.451686,4.29467,5.91973,33,19,step,1.666,1.79069e+09,-3.271,52,0.257568
1.667,2,-1.5,nan,nan,nan,nan,-1.48887,-0.443314,-0.468731,4.29467,5.91973,33,19,step,1.667,1.79069e+09,-3.24844,52,0.257561
1.668,2,-1.5,nan,nan,nan,nan,-1.45503,-0.459022,-0.481514,4.2938,5.91973,33,19,step,1.668,1.79069e+09,-3.30483,52,0.257545
1.669,2,-1.5,nan,nan,nan,nan,-1.45503,-0.459022,-0.465535,4.2938,5.91973,33,19,step,1.669,1.79069e+09,-3.271,52,0.257562
1.67,2,-1.5,nan,nan,nan,nan,-1.46631,-0.499164,-0.480449,4.29275,5.91973,33,19,step,1.67,1.79069e+09,-3.271,52,0.257573
1.671,2,-1.5,nan,nan,nan,nan,-1.46631,-0.499164,-0.492167,4.29275,5.91973,33,19,step,1.671,1.79069e+09,-3.24844,52,0.257568
1.672,2,-1.5,nan,nan,nan,nan,-1.48887,-0.565487,-0.488971,4.29169,5.91973,33,19,step,1.672,1.79069e+09,-3.24844,52,0.257545
1.673,2,-1.5,nan,nan,nan,nan,-1.48887,-0.565487,-0.507081,4.29169,5.91973,33,19,step,1.673,1.79069e+09,-3.271,52,0.257529
1.674,2,-1.5,nan,nan,nan,nan,-1.52271,-0.570723,-0.493232,4.29054,5.91973,33,19,step,1.674,1.79069e+09,-3.31611,52,0.257524
1.675,2,-1.5,nan,nan,nan,nan,-1.52271,-0.570723,-0.491102,4.29054,5.91973,33,19,step,1.675,1.79069e+09,-3.31611,52,0.257505
1.676,2,-1.5,nan,nan,nan,nan,-1.46631,-0.565487,-0.531583,4.28939,5.91973,33,19,step,1.676,1.79069e+09,-3.23716,52,0.257477
1.677,2,-1.5,nan,nan,nan,nan,-1.46631,-0.565487,-0.5188,4.28939,5.91973,33,19,step,1.677,1.79069e+09,-3.30483,52,0.257487
1.678,2,-1.5,nan,nan,nan,nan,-1.44375,-0.542797,-0.517734,4.28824,5.91973,33,19,step,1.678,1.79069e+09,-3.29355,52,0.257474
1.679,2,-1.5,nan,nan,nan,nan,-1.44375,-0.542797,-0.523061,4.28824,5.91973,33,19,step,1.679,1.79069e+09,-3.271,52,0.25744
1.68,2,-1.5,nan,nan,nan,nan,-1.43247,-0.509636,-0.532648,4.28728,5.91973,33,19,step,1.68,1.79069e+09,-3.31611,52,0.257417
1.681,2,-1.5,nan,nan,nan,nan,-1.43247,-0.509636,-0.541171,4.28728,5.91973,33,19,step,1.681,1.79069e+09,-3.271,52,0.25741
1.682,2,-1.5,nan,nan,nan,nan,-1.44375,-0.523599,-0.540106,4.28623,5.91973,33,19,step,1.682,1.79069e+09,-3.30483,52,0.257427
1.683,2,-1.5,nan,nan,nan,nan,-1.44375,-0.523599,-0.568869,4.28623,5.91973,33,19,step,1.683,1.79069e+09,-3.24844,52,0.257433
1.684,2,-1.5,nan,nan,nan,nan,-1.42119,-0.570723,-0.563542,4.28508,5.91963,33,19,step,1.684,1.79069e+09,-3.24844,52,0.257444
1.685,2,-1.5,nan,nan,nan,nan,-1.42119,-0.570723,-0.561411,4.28508,5.91963,33,19,step,1.685,1.79069e+09,-3.271,52,0.257437
1.686,2,-1.5,nan,nan,nan,nan,-1.44375,-0.656244,-0.563542,4.28383,5.91963,33,19,step,1.686,1.79069e+09,-3.23716,52,0.257423
1.687,2,-1.5,nan,nan,nan,nan,-1.44375,-0.656244,-0.57313,4.28383,5.91963,33,19,step,1.687,1.79069e+09,-3.29355,52,0.25742
1.688,2,-1.5,nan,nan,nan,nan,-1.43247,-0.680678,-0.564607,4.28239,5.91963,33,19,step,1.688,1.79069e+09,-3.30483,52,0.257424
1.689,2,-1.5,nan,nan,nan,nan,-1.43247,-0.680678,-0.600827,4.28239,5.91963,33,19,step,1.689,1.79069e+09,-3.30483,52,0.257424
1.69,2,-1.5,nan,nan,nan,nan,-1.40991,-0.666716,-0.598697,4.28105,5.91963,33,19,step,1.69,1.79069e+09,-3.271,52,0.257403
1.691,2,-1.5,nan,nan,nan,nan,-1.40991,-0.666716,-0.601893,4.28105,5.91963,33,19,step,1.691,1.79069e+09,-3.271,52,0.257401
1.692,2,-1.5,nan,nan,nan,nan,-1.43247,-0.616101,-0.605089,4.27981,5.91963,33,19,step,1.692,1.79069e+09,-3.32739,52,0.257391
1.693,2,-1.5,nan,nan,nan,nan,-1.43247,-0.616101,-0.621068,4.27981,5.91963,33,19,step,1.693,1.79069e+09,-3.29355,52,0.257344
1.694,2,-1.5,nan,nan,nan,nan,-1.43247,-0.602139,-0.637048,4.27866,5.91963,33,19,step,1.694,1.79069e+09,-3.32739,52,0.257327
1.695,2,-1.5,nan,nan,nan,nan,-1.43247,-0.602139,-0.623199,4.27866,5.91963,33,19,step,1.695,1.79069e+09,-3.37251,52,0.257316
1.696,2,-1.5,nan,nan,nan,nan,-1.44375,-0.628319,-0.630656,4.27741,5.91963,33,19,step,1.696,1.79069e+09,-3.31611,52,0.257275
1.697,2,-1.5,nan,nan,nan,nan,-1.44375,-0.628319,-0.621068,4.27741,5.91963,33,19,step,1.697,1.79069e+09,-3.36123,52,0.257304
1.698,2,-1.5,nan,nan,nan,nan,-1.47759,-0.71733,-0.642374,4.27597,5.91963,33,19,step,1.698,1.79069e+09,-3.37251,52,0.257316
1.699,2,-1.5,nan,nan,nan,nan,-1.47759,-0.71733,-0.649831,4.27597,5.91963,33,19,step,1.699,1.79069e+09,-3.31611,52,0.2573
1.7,2,-1.5,nan,nan,nan,nan,-1.47759,-0.752237,-0.657288,4.27444,5.91963,33,19,step,1.7,1.79069e+09,-3.31611,52,0.25728
1.701,2,-1.5,nan,nan,nan,nan,-1.47759,-0.752237,-0.675398,4.27444,5.91963,33,19,step,1.701,1.79069e+09,-3.36123,52,0.257275
1.702,2,-1.5,nan,nan,nan,nan,-1.44375,-0.720821,-0.676464,4.273,5.91963,33,19,step,1.702,1.79069e+09,-3.36123,52,0.257259
1.703,2,-1.5,nan,nan,nan,nan,-1.44375,-0.720821,-0.687117,4.273,5.91963,33,19,step,1.703,1.79069e+09,-3.32739,52,0.257249
1.704,2,-1.5,nan,nan,nan,nan,-1.47759,-0.673697,-0.682855,4.27166,5.91963,33,19,step,1.704,1.79069e+09,-3.36123,52,0.257229
1.705,2,-1.5,nan,nan,nan,nan,-1.47759,-0.673697,-0.698835,4.27166,5.91963,33,19,step,1.705,1.79069e+09,-3.37251,52,0.257197
1.706,2,-1.5,nan,nan,nan,nan,-1.47759,-0.680678,-0.705227,4.27022,5.91963,33,19,step,1.706,1.79069e+09,-3.38379,52,0.257179
1.707,2,-1.5,nan,nan,nan,nan,-1.47759,-0.680678,-0.704161,4.27022,5.91963,33,19,step,1.707,1.79069e+09,-3.39507,52,0.257163
1.708,2,-1.5,nan,nan,nan,nan,-1.52271,-0.7662,-0.695639,4.26869,5.91963,33,19,step,1.708,1.79069e+09,-3.37251,52,0.257139
1.709,2,-1.5,nan,nan,nan,nan,-1.52271,-0.7662,-0.703096,4.26869,5.91963,33,19,step,1.709,1.79069e+09,-3.38379,52,0.257115
1.71,2,-1.5,nan,nan,nan,nan,-1.48887,-0.813323,-0.704161,4.26706,5.91963,33,19,step,1.71,1.79069e+09,-3.38379,52,0.257122
1.711,2,-1.5,nan,nan,nan,nan,-1.48887,-0.813323,-0.729728,4.26706,5.91963,33,19,step,1.711,1.79069e+09,-3.38379,52,0.257127
1.712,2,-1.5,nan,nan,nan,nan,-1.47759,-0.797615,-0.749969,4.26562,5.91963,33,19,step,1.712,1.79069e+09,-3.38379,52,0.257121
1.713,2,-1.5,nan,nan,nan,nan,-1.47759,-0.797615,-0.748904,4.26562,5.91963,33,19,step,1.713,1.79069e+09,-3.38379,52,0.257128
1.714,2,-1.5,nan,nan,nan,nan,-1.52271,-0.724312,-0.749969,4.26408,5.91963,33,19,step,1.714,1.79069e+09,-3.38379,52,0.257106
1.715,2,-1.5,nan,nan,nan,nan,-1.52271,-0.724312,-0.762753,4.26408,5.91963,33,19,step,1.715,1.79069e+09,-3.37251,52,0.257097
1.716,2,-1.5,nan,nan,nan,nan,-1.54526,-0.703368,-0.756361,4.26274,5.91963,33,19,step,1.716,1.79069e+09,-3.39507,52,0.257094
1.717,2,-1.5,nan,nan,nan,nan,-1.54526,-0.703368,-0.762753,4.26274,5.91963,33,19,step,1.717,1.79069e+09,-3.38379,52,0.25709
1.718,2,-1.5,nan,nan,nan,nan,-1.53398,-0.79587,-0.761687,4.26111,5.91963,33,19,step,1.718,1.79069e+09,-3.38379,52,0.257102
1.719,2,-1.5,nan,nan,nan,nan,-1.53398,-0.79587,-0.760622,4.26111,5.91963,33,19,step,1.719,1.79069e+09,-3.37251,52,0.257089
1.72,2,-1.5,nan,nan,nan,nan,-1.50015,-0.877901,-0.775536,4.25939,5.91963,33,19,step,1.72,1.79069e+09,-3.38379,52,0.257061
1.721,2,-1.5,nan,nan,nan,nan,-1.50015,-0.877901,-0.780863,4.25939,5.91963,33,19,step,1.721,1.79069e+09,-3.40635,52,0.257044
1.722,2,-1.5,nan,nan,nan,nan,-1.48887,-0.863938,-0.785124,4.25766,5.91963,33,19,step,1.722,1.79069e+09,-3.42891,52,0.257038
1.723,2,-1.5,nan,nan,nan,nan,-1.48887,-0.863938,-0.796842,4.25766,5.91963,33,19,step,1.723,1.79069e+09,-3.40635,52,0.257061
1.724,2,-1.5,nan,nan,nan,nan,-1.53398,-0.76969,-0.798973,4.25613,5.91963,33,19,step,1.724,1.79069e+09,-3.39507,52,0.25706
1.725,2,-1.5,nan,nan,nan,nan,-1.53398,-0.76969,-0.789385,4.25613,5.91963,33,19,step,1.725,1.79069e+09,-3.38379,52,0.257059
1.726,2,-1.5,nan,nan,nan,nan,-1.52271,-0.781908,-0.80643,4.2545,5.91963,33,19,step,1.726,1.79069e+09,-3.40635,52,0.25706
1.727,2,-1.5,nan,nan,nan,nan,-1.52271,-0.781908,-0.802169,4.2545,5.91963,33,19,step,1.727,1.79069e+09,-3.38379,52,0.257034
1.728,2,-1.5,nan,nan,nan,nan,-1.51143,-0.909317,-0.807495,4.25277,5.91963,33,19,step,1.728,1.79069e+09,-3.41763,52,0.257036
1.729,2,-1.5,nan,nan,nan,nan,-1.51143,-0.909317,-0.812822,4.25277,5.91963,33,19,step,1.729,1.79069e+09,-3.46274,52,0.257049
1.73,2,-1.5,nan,nan,nan,nan,-1.42119,-0.986111,-0.82454,4.25085,5.91963,33,19,step,1.73,1.79069e+09,-3.42891,52,0.257063
1.731,2,-1.5,nan,nan,nan,nan,-1.42119,-0.986111,-0.822409,4.25085,5.91963,33,19,step,1.731,1.79069e+09,-3.41763,52,0.257089
1.732,2,-1.5,nan,nan,nan,nan,-1.51143,-0.884882,-0.813887,4.24903,5.91963,33,19,step,1.732,1.79069e+09,-3.39507,52,0.257091
1.733,2,-1.5,nan,nan,nan,nan,-1.51143,-0.884882,-0.836258,4.24903,5.91963,33,19,step,1.733,1.79069e+09,-3.40635,52,0.25709
1.734,2,-1.5,nan,nan,nan,nan,-1.53398,-0.745256,-0.839454,4.2475,5.91963,33,19,step,1.734,1.79069e+09,-3.39507,52,0.257066
1.735,2,-1.5,nan,nan,nan,nan,-1.53398,-0.745256,-0.830932,4.2475,5.91963,33,19,step,1.735,1.79069e+09,-3.40635,52,0.257029
1.736,2,-1.5,nan,nan,nan,nan,-1.51143,-0.839503,-0.82667,4.24587,5.91963,33,19,step,1.736,1.79069e+09,-3.38379,52,0.257026
1.737,2,-1.5,nan,nan,nan,nan,-1.51143,-0.839503,-0.852238,4.24587,5.91963,33,19,step,1.737,1.79069e+09,-3.45146,52,0.257023
1.738,2,-1.5,nan,nan,nan,nan,-1.37607,-0.998328,-0.845846,4.24385,5.91963,33,19,step,1.738,1.79069e+09,-3.41763,52,0.257038
1.739,2,-1.5,nan,nan,nan,nan,-1.37607,-0.998328,-0.863956,4.24385,5.91963,33,19,step,1.739,1.79069e+09,-3.45146,52,0.257048
1.74,2,-1.5,nan,nan,nan,nan,-1.43247,-0.989602,-0.881001,4.24184,5.91954,33,19,step,1.74,1.79069e+09,-3.45146,52,0.257053
1.741,2,-1.5,nan,nan,nan,nan,-1.43247,-0.989602,-0.881001,4.24184,5.91954,33,19,step,1.741,1.79069e+09,-3.38379,52,0.257054
1.742,2,-1.5,nan,nan,nan,nan,-1.51143,-0.834267,-0.854368,4.24002,5.91954,33,19,step,1.742,1.79069e+09,-3.41763,52,0.257042
1.743,2,-1.5,nan,nan,nan,nan,-1.51143,-0.834267,-0.872478,4.24002,5.91954,33,19,step,1.743,1.79069e+09,-3.42891,52,0.257048
1.744,2,-1.5,nan,nan,nan,nan,-1.51143,-0.84823,-0.901241,4.23839,5.91954,33,19,step,1.744,1.79069e+09,-3.33867,52,0.257017
1.745,2,-1.5,nan,nan,nan,nan,-1.51143,-0.84823,-0.89698,4.23839,5.91954,33,19,step,1.745,1.79069e+09,-3.46274,52,0.257005
1.746,2,-1.5,nan,nan,nan,nan,-1.35352,-0.986111,-0.903372,4.23647,5.91954,33,19,step,1.746,1.79069e+09,-3.41763,52,0.257
1.747,2,-1.5,nan,nan,nan,nan,-1.35352,-0.986111,-0.918286,4.23647,5.91954,33,19,step,1.747,1.79069e+09,-3.42891,52,0.256981
1.748,2,-1.5,nan,nan,nan,nan,-1.40991,-1.00182,-0.898045,4.23446,5.91954,33,19,step,1.748,1.79069e+09,-3.4853,52,0.256963
1.749,2,-1.5,nan,nan,nan,nan,-1.40991,-1.00182,-0.903372,4.23446,5.91954,33,19,step,1.749,1.79069e+09,-3.53042,52,0.256964
1.75,2,-1.5,nan,nan,nan,nan,-1.62422,-0.870919,-0.903372,4.23264,5.91954,33,19,step,1.75,1.79069e+09,-3.53042,52,0.256968
1.751,2,-1.5,nan,nan,nan,nan,-1.62422,-0.870919,-0.906568,4.23264,5.91954,33,19,step,1.751,1.79069e+09,-3.45146,52,0.256996
1.752,2,-1.5,nan,nan,nan,nan,-1.53398,-0.856957,-0.924678,4.23101,5.91954,33,19,step,1.752,1.79069e+09,-3.42891,52,0.25701
1.753,2,-1.5,nan,nan,nan,nan,-1.53398,-0.856957,-0.95131,4.23101,5.91944,33,19,step,1.753,1.79069e+09,-3.44019,52,0.256993
1.754,2,-1.5,nan,nan,nan,nan,-1.38735,-1.02102,-0.9332,4.22909,5.91944,33,19,step,1.754,1.79069e+09,-3.46274,52,0.256974
1.755,2,-1.5,nan,nan,nan,nan,-1.38735,-1.02102,-0.921482,4.22909,5.91944,33,19,step,1.755,1.79069e+09,-3.50786,52,0.256961
1.756,2,-1.5,nan,nan,nan,nan,-1.43247,-1.1013,-0.960898,4.22688,5.91944,33,19,step,1.756,1.79069e+09,-3.53042,52,0.256957
1.757,2,-1.5,nan,nan,nan,nan,-1.43247,-1.1013,-0.943853,4.22688,5.91944,33,19,step,1.757,1.79069e+09,-3.45146,52,0.256955
1.758,2,-1.5,nan,nan,nan,nan,-1.53398,-0.994838,-0.94918,4.22477,5.91944,33,19,step,1.758,1.79069e+09,-3.50786,52,0.256972
1.759,2,-1.5,nan,nan,nan,nan,-1.53398,-0.994838,-0.96729,4.22477,5.91944,33,19,step,1.759,1.79069e+09,-3.50786,52,0.256977
1.76,2,-1.5,nan,nan,nan,nan,-1.60166,-0.925025,-0.975812,4.22295,5.91944,33,19,step,1.76,1.79069e+09,-3.4853,52,0.256968
1.761,2,-1.5,nan,nan,nan,nan,-1.60166,-0.925025,-0.988596,4.22295,5.91944,33,19,step,1.761,1.79069e+09,-3.51914,52,0.256967
1.762,2,-1.5,nan,nan,nan,nan,-1.45503,-0.994838,-0.959833,4.22094,5.91944,33,19,step,1.762,1.79069e+09,-3.51914,52,0.256917
1.763,2,-1.5,nan,nan,nan,nan,-1.45503,-0.994838,-0.991791,4.22094,5.91944,33,19,step,1.763,1.79069e+09,-3.51914,52,0.256889
1.764,2,-1.5,nan,nan,nan,nan,-1.47759,-1.03149,-1.00031,4.21893,5.91944,33,19,step,1.764,1.79069e+09,-3.57554,52,0.256904
1.765,2,-1.5,nan,nan,nan,nan,-1.47759,-1.03149,-1.00031,4.21893,5.91944,33,19,step,1.765,1.79069e+09,-3.53042,52,0.256917
1.766,2,-1.5,nan,nan,nan,nan,-1.55654,-1.01927,-0.98753,4.21691,5.91944,33,19,step,1.766,1.79069e+09,-3.51914,52,0.256936
1.767,2,-1.5,nan,nan,nan,nan,-1.55654,-1.01927,-1.00884,4.21691,5.91944,33,19,step,1.767,1.79069e+09,-3.55298,52,0.256941
1.768,2,-1.5,nan,nan,nan,nan,-1.53398,-1.0664,-1.0099,4.2148,5.91944,33,19,step,1.768,1.79069e+09,-3.51914,52,0.256928
1.769,2,-1.5,nan,nan,nan,nan,-1.53398,-1.0664,-1.01949,4.2148,5.91944,33,19,step,1.769,1.79069e+09,-3.40635,52,0.25692
1.77,2,-1.5,nan,nan,nan,nan,-1.45503,-1.10654,-1.00671,4.2125,5.91944,33,19,step,1.77,1.79069e+09,-3.40635,52,0.256913
1.771,2,-1.5,nan,nan,nan,nan,-1.45503,-1.10654,-1.02482,4.2125,5.91944,33,19,step,1.771,1.79069e+09,-3.55298,52,0.256907
1.772,2,-1.5,nan,nan,nan,nan,-1.54526,-1.02276,-1.02801,4.21049,5.91944,33,19,step,1.772,1.79069e+09,-3.55298,52,0.256922
1.773,2,-1.5,nan,nan,nan,nan,-1.54526,-1.02276,-1.04399,4.21049,5.91934,33,19,step,1.773,1.79069e+09,-3.55298,52,0.256924
1.774,2,-1.5,nan,nan,nan,nan,-1.5791,-1.0088,-1.04506,4.20848,5.91934,33,19,step,1.774,1.79069e+09,-3.51914,52,0.256916
1.775,2,-1.5,nan,nan,nan,nan,-1.5791,-1.0088,-1.02162,4.20848,5.91934,33,19,step,1.775,1.79069e+09,-3.55298,52,0.256889
1.776,2,-1.5,nan,nan,nan,nan,-1.42119,-1.09258,-1.02482,4.20627,5.91934,33,19,step,1.776,1.79069e+09,-3.60938,52,0.256895
1.777,2,-1.5,nan,nan,nan,nan,-1.42119,-1.09258,-1.03653,4.20627,5.91934,33,19,step,1.777,1.79069e+09,-3.57554,52,0.256907
1.778,2,-1.5,nan,nan,nan,nan,-1.44375,-1.14843,-1.05358,4.20397,5.91934,33,19,step,1.778,1.79069e+09,-3.5417,52,0.256905
1.779,2,-1.5,nan,nan,nan,nan,-1.44375,-1.14843,-1.05358,4.20397,5.91934,33,19,step,1.779,1.79069e+09,-3.57554,52,0.256921
1.78,2,-1.5,nan,nan,nan,nan,-1.51143,-1.08909,-1.05677,4.20177,5.91934,33,19,step,1.78,1.79069e+09,-3.56426,52,0.256938
1.781,2,-1.5,nan,nan,nan,nan,-1.51143,-1.08909,-1.07488,4.20177,5.91925,33,19,step,1.781,1.79069e+09,-3.41763,52,0.256951
1.782,2,-1.5,nan,nan,nan,nan,-1.39863,-1.16588,-1.06743,4.19946,5.91925,33,19,step,1.782,1.79069e+09,-3.56426,52,0.256967
1.783,2,-1.5,nan,nan,nan,nan,-1.39863,-1.16588,-1.05677,4.19946,5.91925,33,19,step,1.783,1.79069e+09,-3.58682,52,0.256966
1.784,2,-1.5,nan,nan,nan,nan,-1.42119,-1.20951,-1.06956,4.19707,5.91925,33,19,step,1.784,1.79069e+09,-3.56426,52,0.256956
1.785,2,-1.5,nan,nan,nan,nan,-1.42119,-1.20951,-1.07382,4.19707,5.91925,33,19,step,1.785,1.79069e+09,-3.57554,52,0.256959
1.786,2,-1.5,nan,nan,nan,nan,-1.51143,-1.07687,-1.10045,4.19486,5.91925,33,19,step,1.786,1.79069e+09,-3.5981,52,0.256965
1.787,2,-1.5,nan,nan,nan,nan,-1.51143,-1.07687,-1.09513,4.19486,5.91925,33,19,step,1.787,1.79069e+09,-3.44019,52,0.256967
1.788,2,-1.5,nan,nan,nan,nan,-1.48887,-1.0821,-1.08447,4.19266,5.91925,33,19,step,1.788,1.79069e+09,-3.57554,52,0.256948
1.789,2,-1.5,nan,nan,nan,nan,-1.48887,-1.0821,-1.10471,4.19266,5.91925,33,19,step,1.789,1.79069e+09,-3.58682,52,0.256942
1.79,2,-1.5,nan,nan,nan,nan,-1.37607,-1.21649,-1.12282,4.19016,5.91925,33,19,step,1.79,1.79069e+09,-3.4853,52,0.256934
1.791,2,-1.5,nan,nan,nan,nan,-1.37607,-1.21649,-1.12602,4.19016,5.91925,33,19,step,1.791,1.79069e+09,-3.60938,52,0.256913
1.792,2,-1.5,nan,nan,nan,nan,-1.48887,-1.19206,-1.1175,4.18786,5.91915,33,19,step,1.792,1.79069e+09,-3.56426,52,0.256892
1.793,2,-1.5,nan,nan,nan,nan,-1.48887,-1.19206,-1.12921,4.18786,5.91915,33,19,step,1.793,1.79069e+09,-3.58682,52,0.256894
1.794,2,-1.5,nan,nan,nan,nan,-1.54526,-1.09781,-1.11856,4.18556,5.91915,33,19,step,1.794,1.79069e+09,-3.65449,52,0.256942
1.795,2,-1.5,nan,nan,nan,nan,-1.54526,-1.09781,-1.14093,4.18556,5.91915,33,19,step,1.795,1.79069e+09,-3.4853,52,0.256951
1.796,2,-1.5,nan,nan,nan,nan,-1.43247,-1.13272,-1.142,4.18326,5.91915,33,19,step,1.796,1.79069e+09,-3.4853,52,0.256923
1.797,2,-1.5,nan,nan,nan,nan,-1.43247,-1.13272,-1.14413,4.18326,5.91906,33,19,step,1.797,1.79069e+09,-3.50786,52,0.25694
1.798,2,-1.5,nan,nan,nan,nan,-1.48887,-1.19206,-1.14626,4.18086,5.91906,33,19,step,1.798,1.79069e+09,-3.51914,52,0.25693
1.799,2,-1.5,nan,nan,nan,nan,-1.48887,-1.19206,-1.14306,4.18086,5.91906,33,19,step,1.799,1.79069e+09,-3.58682,52,0.256927
1.8,2,1.5,nan,nan,nan,nan,-1.5791,-1.13446,-1.15691,4.17856,5.91906,33,19,step,1.8,1.79069e+09,-3.50786,52,0.256941
1.801,2,1.5,nan,nan,nan,nan,-1.5791,-1.13446,-1.17289,4.17856,5.91906,33,19,step,1.801,1.79069e+09,-3.49658,52,0.256946
1.802,2,1.5,nan,nan,nan,nan,-1.46631,-1.20428,-1.16224,4.17626,5.91906,33,19,step,1.802,1.79069e+09,-3.50786,52,0.256951
1.803,2,1.5,nan,nan,nan,nan,-1.46631,-1.20428,-1.1697,4.17626,5.91906,33,19,step,1.803,1.79069e+09,-3.49658,52,0.256926
1.804,2,1.5,nan,nan,nan,nan,-0.0451172,-1.06814,-1.17609,4.17396,5.91906,33,19,step,1.804,1.79069e+09,-3.65449,52,0.256927
1.805,2,1.5,nan,nan,nan,nan,-0.0451172,-1.06814,-1.17502,4.17396,5.91906,33,19,step,1.805,1.79069e+09,-3.5417,52,0.256969
1.806,2,1.5,nan,nan,nan,nan,0.0676758,-0.706858,-1.16863,4.17252,5.91906,33,19,step,1.806,1.79069e+09,-3.53042,52,0.256999
1.807,2,1.5,nan,nan,nan,nan,0.0676758,-0.706858,-1.17076,4.17252,5.91906,33,19,step,1.807,1.79069e+09,-3.49658,52,0.257018
1.808,2,1.5,nan,nan,nan,nan,0.169189,-0.66148,-1.16757,4.17118,5.91906,33,19,step,1.808,1.79069e+09,-3.4853,52,0.257034
1.809,2,1.5,nan,nan,nan,nan,0.169189,-0.66148,-1.15798,4.17118,5.91906,33,19,step,1.809,1.79069e+09,-3.63193,52,0.257068
1.81,2,1.5,nan,nan,nan,nan,0.586523,-0.614356,-1.14732,4.16994,5.91906,33,19,step,1.81,1.79069e+09,-3.50786,52,0.257083
1.811,2,1.5,nan,nan,nan,nan,0.586523,-0.614356,-1.15904,4.16994,5.91906,33,19,step,1.811,1.79069e+09,-3.53042,52,0.25713
1.812,2,1.5,nan,nan,nan,nan,1.10537,-0.621337,-1.17609,4.16869,5.91906,33,19,step,1.812,1.79069e+09,-3.56426,52,0.257172
1.813,2,1.5,nan,nan,nan,nan,1.10537,-0.621337,-1.1633,4.16869,5.91896,33,19,step,1.813,1.79069e+09,-3.5417,52,0.257239
1.814,2,1.5,nan,nan,nan,nan,1.47759,-1.02102,-1.10791,4.16677,5.91896,33,19,step,1.814,1.79069e+09,-3.5417,52,0.257308
1.815,2,1.5,nan,nan,nan,nan,1.47759,-1.02102,-1.08021,4.16677,5.91896,33,19,step,1.815,1.79069e+09,-3.49658,52,0.257327
1.816,2,1.5,nan,nan,nan,nan,1.70317,-1.3631,-1.07169,4.16418,5.91896,33,19,step,1.816,1.79069e+09,-3.53042,52,0.257399
1.817,2,1.5,nan,nan,nan,nan,1.70317,-1.3631,-1.06636,4.16418,5.91896,33,19,step,1.817,1.79069e+09,-3.69961,52,0.25745
1.818,2,1.5,nan,nan,nan,nan,1.51143,-1.29678,-1.05145,4.1615,5.91896,33,19,step,1.818,1.79069e+09,-3.5417,52,0.257569
1.819,2,1.5,nan,nan,nan,nan,1.51143,-1.29678,-1.04719,4.1615,5.91896,33,19,step,1.819,1.79069e+09,-3.68833,52,0.257674
1.82,2,1.5,nan,nan,nan,nan,1.37607,-1.05069,-1.0408,4.15929,5.91896,33,19,step,1.82,1.79069e+09,-3.50786,52,0.257756
1.821,2,1.5,nan,nan,nan,nan,1.37607,-1.05069,-1.03014,4.15929,5.91896,33,19,step,1.821,1.79069e+09,-3.4853,52,0.257825
1.822,2,1.5,nan,nan,nan,nan,1.40991,-0.923279,-1.01203,4.15757,5.91886,33,19,step,1.822,1.79069e+09,-3.47402,52,0.257856
1.823,2,1.5,nan,nan,nan,nan,1.40991,-0.923279,-1.00777,4.15757,5.91886,33,19,step,1.823,1.79069e+09,-3.4853,52,0.257884
1.824,2,1.5,nan,nan,nan,nan,1.50015,-0.895354,-0.991791,4.15575,5.91886,33,19,step,1.824,1.79069e+09,-3.65449,52,0.257918
1.825,2,1.5,nan,nan,nan,nan,1.50015,-0.895354,-0.960898,4.15575,5.91886,33,19,step,1.825,1.79069e+09,-3.50786,52,0.257947
1.826,2,1.5,nan,nan,nan,nan,1.44375,-0.895354,-0.950245,4.15402,5.91886,33,19,step,1.826,1.79069e+09,-3.53042,52,0.258014
1.827,2,1.5,nan,nan,nan,nan,1.44375,-0.895354,-0.947049,4.15402,5.91886,33,19,step,1.827,1.79069e+09,-3.50786,52,0.258092
1.828,2,1.5,nan,nan,nan,nan,1.47759,-0.961676,-0.916155,4.15191,5.91886,33,19,step,1.828,1.79069e+09,-3.4853,52,0.258149
1.829,2,1.5,nan,nan,nan,nan,1.47759,-0.961676,-0.889523,4.15191,5.91886,33,19,step,1.829,1.79069e+09,-3.64321,52,0.258195
1.83,2,1.5,nan,nan,nan,nan,1.56782,-1.01055,-0.892719,4.1499,5.91886,33,19,step,1.83,1.79069e+09,-3.63193,52,0.258237
1.831,2,1.5,nan,nan,nan,nan,1.56782,-1.01055,-0.879935,4.1499,5.91886,33,19,step,1.831,1.79069e+09,-3.67705,52,0.258321
1.832,2,1.5,nan,nan,nan,nan,1.50015,-0.980875,-0.862891,4.14798,5.91886,33,19,step,1.832,1.79069e+09,-3.47402,52,0.25838
1.833,2,1.5,nan,nan,nan,nan,1.50015,-0.980875,-0.866086,4.14798,5.91886,33,19,step,1.833,1.79069e+09,-3.64321,52,0.258431
1.834,2,1.5,nan,nan,nan,nan,1.36479,-0.883137,-0.853303,4.14616,5.91877,33,19,step,1.834,1.79069e+09,-3.53042,52,0.258524
1.835,2,1.5,nan,nan,nan,nan,1.36479,-0.883137,-0.850107,4.14616,5.91877,33,19,step,1.835,1.79069e+09,-3.44019,52,0.25855
1.836,2,1.5,nan,nan,nan,nan,1.29712,-0.825541,-0.833062,4.14453,5.91877,33,19,step,1.836,1.79069e+09,-3.45146,52,0.258583
1.837,2,1.5,nan,nan,nan,nan,1.29712,-0.825541,-0.809626,4.14453,5.91877,33,19,step,1.837,1.79069e+09,-3.50786,52,0.258611
1.838,2,1.5,nan,nan,nan,nan,1.52271,-0.788889,-0.82454,4.1429,5.91877,33,19,step,1.838,1.79069e+09,-3.50786,52,0.25865
1.839,2,1.5,nan,nan,nan,nan,1.52271,-0.788889,-0.798973,4.1429,5.91877,33,19,step,1.839,1.79069e+09,-3.5417,52,0.258684
1.84,2,1.5,nan,nan,nan,nan,1.45503,-0.7662,-0.774471,4.14136,5.91867,33,19,step,1.84,1.79069e+09,-3.49658,52,0.258717
1.841,2,1.5,nan,nan,nan,nan,1.45503,-0.7662,-0.761687,4.14136,5.91867,33,19,step,1.841,1.79069e+09,-3.64321,52,0.258775
1.842,2,1.5,nan,nan,nan,nan,1.52271,-0.747001,-0.77021,4.13983,5.91867,33,19,step,1.842,1.79069e+09,-3.60938,52,0.258824
1.843,2,1.5,nan,nan,nan,nan,1.52271,-0.747001,-0.762753,4.13983,5.91867,33,19,step,1.843,1.79069e+09,-3.47402,52,0.258848
1.844,2,1.5,nan,nan,nan,nan,1.37607,-0.759218,-0.728663,4.13839,5.91867,33,19,step,1.844,1.79069e+09,-3.50786,52,0.258884
1.845,2,1.5,nan,nan,nan,nan,1.37607,-0.759218,-0.727598,4.13839,5.91867,33,19,step,1.845,1.79069e+09,-3.51914,52,0.258906
1.846,2,1.5,nan,nan,nan,nan,1.37607,-0.7662,-0.737185,4.13686,5.91867,33,19,step,1.846,1.79069e+09,-3.55298,52,0.258952
1.847,2,1.5,nan,nan,nan,nan,1.37607,-0.7662,-0.740381,4.13686,5.91867,33,19,step,1.847,1.79069e+09,-3.53042,52,0.259021
1.848,2,1.5,nan,nan,nan,nan,1.42119,-0.705113,-0.684986,4.13532,5.91867,33,19,step,1.848,1.79069e+09,-3.49658,52,0.259054
1.849,2,1.5,nan,nan,nan,nan,1.42119,-0.705113,-0.687117,4.13532,5.91867,33,19,step,1.849,1.79069e+09,-3.49658,52,0.259093
1.85,2,1.5,nan,nan,nan,nan,1.47759,-0.638791,-0.660484,4.13408,5.91867,33,19,step,1.85,1.79069e+09,-3.4853,52,0.259099
1.851,2,1.5,nan,nan,nan,nan,1.47759,-0.638791,-0.64557,4.13408,5.91867,33,19,step,1.851,1.79069e+09,-3.50786,52,0.259099
1.852,2,1.5,nan,nan,nan,nan,1.45503,-0.558505,-0.640243,4.13302,5.91867,33,19,step,1.852,1.79069e+09,-3.55298,52,0.259132
1.853,2,1.5,nan,nan,nan,nan,1.45503,-0.558505,-0.632786,4.13302,5.91858,33,19,step,1.853,1.79069e+09,-3.63193,52,0.259142
1.854,2,1.5,nan,nan,nan,nan,1.45503,-0.560251,-0.62959,4.13178,5.91858,33,19,step,1.854,1.79069e+09,-3.51914,52,0.259189
1.855,2,1.5,nan,nan,nan,nan,1.45503,-0.560251,-0.625329,4.13178,5.91858,33,19,step,1.855,1.79069e+09,-3.51914,52,0.259253
1.856,2,1.5,nan,nan,nan,nan,1.45503,-0.626573,-0.586979,4.13063,5.91858,33,19,step,1.856,1.79069e+09,-3.4853,52,0.259255
1.857,2,1.5,nan,nan,nan,nan,1.45503,-0.626573,-0.584848,4.13063,5.91858,33,19,step,1.857,1.79069e+09,-3.53042,52,0.259308
1.858,2,1.5,nan,nan,nan,nan,1.46631,-0.617847,-0.589109,4.12938,5.91858,33,19,step,1.858,1.79069e+09,-3.53042,52,0.259353
1.859,2,1.5,nan,nan,nan,nan,1.46631,-0.617847,-0.552889,4.12938,5.91858,33,19,step,1.859,1.79069e+09,-3.66577,52,0.259422
1.86,2,1.5,nan,nan,nan,nan,1.47759,-0.534071,-0.533714,4.12823,5.91858,33,19,step,1.86,1.79069e+09,-3.49658,52,0.259477
1.861,2,1.5,nan,nan,nan,nan,1.47759,-0.534071,-0.534779,4.12823,5.91858,33,19,step,1.861,1.79069e+09,-3.64321,52,0.25953
1.862,2,1.5,nan,nan,nan,nan,1.43247,-0.469494,-0.542236,4.12727,5.91858,33,19,step,1.862,1.79069e+09,-3.46274,52,0.259557
1.863,2,1.5,nan,nan,nan,nan,1.43247,-0.469494,-0.531583,4.12727,5.91858,33,19,step,1.863,1.79069e+09,-3.47402,52,0.259556
1.864,2,1.5,nan,nan,nan,nan,1.60166,-0.441568,-0.486841,4.12641,5.91858,33,19,step,1.864,1.79069e+09,-3.62065,52,0.259566
1.865,2,1.5,nan,nan,nan,nan,1.60166,-0.441568,-0.478318,4.12641,5.91858,33,19,step,1.865,1.79069e+09,-3.64321,52,0.259565
1.866,2,1.5,nan,nan,nan,nan,1.56782,-0.434587,-0.480449,4.12555,5.91858,33,19,step,1.866,1.79069e+09,-3.53042,52,0.259588
1.867,2,1.5,nan,nan,nan,nan,1.56782,-0.434587,-0.441033,4.12555,5.91858,33,19,step,1.867,1.79069e+09,-3.53042,52,0.259632
1.868,2,1.5,nan,nan,nan,nan,1.54526,-0.438078,-0.428249,4.12468,5.91858,33,19,step,1.868,1.79069e+09,-3.5417,52,0.259687
1.869,2,1.5,nan,nan,nan,nan,1.54526,-0.438078,-0.429315,4.12468,5.91858,33,19,step,1.869,1.79069e+09,-3.62065,52,0.259733
1.87,2,1.5,nan,nan,nan,nan,1.53398,-0.460767,-0.425053,4.12372,5.91858,33,19,step,1.87,1.79069e+09,-3.49658,52,0.259814
1.871,2,1.5,nan,nan,nan,nan,1.53398,-0.460767,-0.403748,4.12372,5.91858,33,19,step,1.871,1.79069e+09,-3.57554,52,0.259846
1.872,2,1.5,nan,nan,nan,nan,1.53398,-0.443314,-0.381376,4.12286,5.91858,33,19,step,1.872,1.79069e+09,-3.62065,52,0.259897
1.873,2,1.5,nan,nan,nan,nan,1.53398,-0.443314,-0.381376,4.12286,5.91858,33,19,step,1.873,1.79069e+09,-3.58682,52,0.259957
1.874,2,1.5,nan,nan,nan,nan,1.52271,-0.385718,-0.34196,4.122,5.91858,33,19,step,1.874,1.79069e+09,-3.62065,52,0.260002
1.875,2,1.5,nan,nan,nan,nan,1.52271,-0.385718,-0.328111,4.122,5.91858,33,19,step,1.875,1.79069e+09,-3.46274,52,0.260048
1.876,2,1.5,nan,nan,nan,nan,1.52271,-0.319395,-0.34196,4.12133,5.91858,33,19,step,1.876,1.79069e+09,-3.47402,52,0.260058
1.877,2,1.5,nan,nan,nan,nan,1.52271,-0.319395,-0.325981,4.12133,5.91858,33,19,step,1.877,1.79069e+09,-3.57554,52,0.260073
1.878,2,1.5,nan,nan,nan,nan,1.54526,-0.279253,-0.30574,4.12075,5.91858,33,19,step,1.878,1.79069e+09,-3.4853,52,0.260093
1.879,2,1.5,nan,nan,nan,nan,1.54526,-0.279253,-0.2855,4.12075,5.91858,33,19,step,1.879,1.79069e+09,-3.60938,52,0.260123
1.88,2,1.5,nan,nan,nan,nan,1.5791,-0.261799,-0.278043,4.12027,5.91858,33,19,step,1.88,1.79069e+09,-3.5981,52,0.260172
1.881,2,1.5,nan,nan,nan,nan,1.5791,-0.261799,-0.26952,4.12027,5.91858,33,19,step,1.881,1.79069e+09,-3.57554,52,0.260197
1.882,2,1.5,nan,nan,nan,nan,1.5791,-0.246091,-0.273781,4.11979,5.91858,33,19,step,1.882,1.79069e+09,-3.5981,52,0.260221
1.883,2,1.5,nan,nan,nan,nan,1.5791,-0.246091,-0.240757,4.11979,5.91858,33,19,step,1.883,1.79069e+09,-3.63193,52,0.260269
1.884,2,1.5,nan,nan,nan,nan,1.59038,-0.228638,-0.241822,4.11931,5.91858,33,19,step,1.884,1.79069e+09,-3.63193,52,0.260306
1.885,2,1.5,nan,nan,nan,nan,1.59038,-0.228638,-0.230104,4.11931,5.91858,33,19,step,1.885,1.79069e+09,-3.57554,52,0.260356
1.886,2,1.5,nan,nan,nan,nan,1.5791,-0.197222,-0.188558,4.11883,5.91858,33,19,step,1.886,1.79069e+09,-3.57554,52,0.26039
1.887,2,1.5,nan,nan,nan,nan,1.5791,-0.197222,-0.198145,4.11883,5.91858,33,19,step,1.887,1.79069e+09,-3.60938,52,0.260428
1.888,2,1.5,nan,nan,nan,nan,1.48887,-0.169297,-0.199211,4.11855,5.91858,33,19,step,1.888,1.79069e+09,-3.63193,52,0.260498
1.889,2,1.5,nan,nan,nan,nan,1.48887,-0.169297,-0.176839,4.11855,5.91858,33,19,step,1.889,1.79069e+09,-3.58682,52,0.260529
1.89,2,1.5,nan,nan,nan,nan,1.48887,-0.148353,-0.180035,4.11826,5.91858,33,19,step,1.89,1.79069e+09,-3.56426,52,0.260586
1.891,2,1.5,nan,nan,nan,nan,1.48887,-0.148353,-0.139554,4.11826,5.91858,33,19,step,1.891,1.79069e+09,-3.56426,52,0.26061
1.892,2,1.5,nan,nan,nan,nan,1.46631,-0.125664,-0.107595,4.11797,5.91858,33,19,step,1.892,1.79069e+09,-3.58682,52,0.260603
1.893,2,1.5,nan,nan,nan,nan,1.46631,-0.125664,-0.122509,4.11797,5.91858,33,19,step,1.893,1.79069e+09,-3.65449,52,0.260644
1.894,2,1.5,nan,nan,nan,nan,1.44375,-0.10821,-0.113987,4.11778,5.91858,33,19,step,1.894,1.79069e+09,-3.62065,52,0.260694
1.895,2,1.5,nan,nan,nan,nan,1.44375,-0.10821,-0.0990726,4.11778,5.91858,33,19,step,1.895,1.79069e+09,-3.56426,52,0.260754
1.896,2,1.5,nan,nan,nan,nan,1.53398,-0.0802851,-0.100138,4.11759,5.91858,33,19,step,1.896,1.79069e+09,-3.53042,52,0.260791
1.897,2,1.5,nan,nan,nan,nan,1.53398,-0.0802851,-0.0703096,4.11759,5.91858,33,19,step,1.897,1.79069e+09,-3.57554,52,0.260812
1.898,2,1.5,nan,nan,nan,nan,1.53398,-0.0575959,-0.028763,4.11749,5.91858,33,19,step,1.898,1.79069e+09,-3.5981,52,0.26084
1.899,2,1.5,nan,nan,nan,nan,1.53398,-0.0575959,-0.0351548,4.11749,5.91858,33,19,step,1.899,1.79069e+09,-3.57554,52,0.260851
1.9,2,1.5,nan,nan,nan,nan,1.51143,-0.0279253,-0.0149142,4.1174,5.91858,33,19,step,1.9,1.79069e+09,-3.5981,52,0.260912
1.901,2,1.5,nan,nan,nan,nan,1.51143,-0.0279253,0.010653,4.1174,5.91858,33,19,step,1.901,1.79069e+09,-3.58682,52,0.260968
1.902,2,1.5,nan,nan,nan,nan,1.40991,-0.00698132,0.0170448,4.1174,5.91858,33,19,step,1.902,1.79069e+09,-3.57554,52,0.261012
1.903,2,1.5,nan,nan,nan,nan,1.40991,-0.00698132,0.028763,4.1174,5.91858,33,19,step,1.903,1.79069e+09,-3.57554,52,0.261027
1.904,2,1.5,nan,nan,nan,nan,1.43247,0,0.0298283,4.1174,5.91858,33,19,step,1.904,1.79069e+09,-3.5981,52,0.261019
1.905,2,1.5,nan,nan,nan,nan,1.43247,0,0.0426119,4.1174,5.91858,33,19,step,1.905,1.79069e+09,-3.56426,52,0.261021
1.906,2,1.5,nan,nan,nan,nan,1.40991,0.00872665,0.0511343,4.1174,5.91858,33,19,step,1.906,1.79069e+09,-3.62065,52,0.26102
1.907,2,1.5,nan,nan,nan,nan,1.40991,0.00872665,0.0713749,4.1174,5.91858,33,19,step,1.907,1.79069e+09,-3.63193,52,0.261059
1.908,2,1.5,nan,nan,nan,nan,1.52271,0.0366519,0.0671137,4.11749,5.91858,33,19,step,1.908,1.79069e+09,-3.5981,52,0.261082
1.909,2,1.5,nan,nan,nan,nan,1.52271,0.0366519,0.096942,4.11749,5.91858,33,19,step,1.909,1.79069e+09,-3.58682,52,0.261135
1.91,2,1.5,nan,nan,nan,nan,1.53398,0.0767945,0.0948114,4.11759,5.91858,33,19,step,1.91,1.79069e+09,-3.5417,52,0.261158
1.911,2,1.5,nan,nan,nan,nan,1.53398,0.0767945,0.0937461,4.11759,5.91858,33,19,step,1.911,1.79069e+09,-3.5417,52,0.261201
1.912,2,1.5,nan,nan,nan,nan,1.55654,0.106465,0.120379,4.11778,5.91858,33,19,step,1.912,1.79069e+09,-3.56426,52,0.261205
1.913,2,1.5,nan,nan,nan,nan,1.55654,0.106465,0.12677,4.11778,5.91858,33,19,step,1.913,1.79069e+09,-3.53042,52,0.261209
1.914,2,1.5,nan,nan,nan,nan,1.48887,0.127409,0.14488,4.11807,5.91858,33,19,step,1.914,1.79069e+09,-3.57554,52,0.261232
1.915,2,1.5,nan,nan,nan,nan,1.48887,0.127409,0.139554,4.11807,5.91858,33,19,step,1.915,1.79069e+09,-3.58682,52,0.261255
1.916,2,1.5,nan,nan,nan,nan,1.60166,0.136136,0.128901,4.11835,5.91858,33,19,step,1.916,1.79069e+09,-3.56426,52,0.261265
1.917,2,1.5,nan,nan,nan,nan,1.60166,0.136136,0.149142,4.11835,5.91858,33,19,step,1.917,1.79069e+09,-3.55298,52,0.26129
1.918,2,1.5,nan,nan,nan,nan,1.45503,0.153589,0.156599,4.11864,5.91858,33,19,step,1.918,1.79069e+09,-3.57554,52,0.261297
1.919,2,1.5,nan,nan,nan,nan,1.45503,0.153589,0.170448,4.11864,5.91858,33,19,step,1.919,1.79069e+09,-3.51914,52,0.261289
1.92,2,1.5,nan,nan,nan,nan,1.44375,0.171042,0.187492,4.11893,5.91858,33,19,step,1.92,1.79069e+09,-3.57554,52,0.261293
1.921,2,1.5,nan,nan,nan,nan,1.44375,0.171042,0.211994,4.11893,5.91858,33,19,step,1.921,1.79069e+09,-3.55298,52,0.261316
1.922,2,1.5,nan,nan,nan,nan,1.43247,0.193732,0.202406,4.11931,5.91858,33,19,step,1.922,1.79069e+09,-3.56426,52,0.261346
1.923,2,1.5,nan,nan,nan,nan,1.43247,0.193732,0.206668,4.11931,5.91858,33,19,step,1.923,1.79069e+09,-3.53042,52,0.261363
1.924,2,1.5,nan,nan,nan,nan,1.39863,0.195477,0.226908,4.1197,5.91858,33,19,step,1.924,1.79069e+09,-3.51914,52,0.261388
1.925,2,1.5,nan,nan,nan,nan,1.39863,0.195477,0.219451,4.1197,5.91858,33,19,step,1.925,1.79069e+09,-3.53042,52,0.26142
1.926,2,1.5,nan,nan,nan,nan,1.37607,0.205949,0.242888,4.12018,5.91858,33,19,step,1.926,1.79069e+09,-3.55298,52,0.261449
1.927,2,1.5,nan,nan,nan,nan,1.37607,0.205949,0.243953,4.12018,5.91858,33,19,step,1.927,1.79069e+09,-3.5417,52,0.261469
1.928,2,1.5,nan,nan,nan,nan,1.38735,0.237365,0.234365,4.12066,5.91858,33,19,step,1.928,1.79069e+09,-3.5417,52,0.261481
1.929,2,1.5,nan,nan,nan,nan,1.38735,0.237365,0.257802,4.12066,5.91858,33,19,step,1.929,1.79069e+09,-3.50786,52,0.261496
1.93,2,1.5,nan,nan,nan,nan,1.40991,0.275762,0.245018,4.12114,5.91858,33,19,step,1.93,1.79069e+09,-3.51914,52,0.261522
1.931,2,1.5,nan,nan,nan,nan,1.40991,0.275762,0.268455,4.12114,5.91858,33,19,step,1.931,1.79069e+09,-3.50786,52,0.261544
1.932,2,1.5,nan,nan,nan,nan,1.42119,0.305433,0.264194,4.12181,5.91858,33,19,step,1.932,1.79069e+09,-3.4853,52,0.261534
1.933,2,1.5,nan,nan,nan,nan,1.42119,0.305433,0.270585,4.12181,5.91858,33,19,step,1.933,1.79069e+09,-3.46274,52,0.261536
1.934,2,1.5,nan,nan,nan,nan,1.40991,0.314159,0.301479,4.12238,5.91858,33,19,step,1.934,1.79069e+09,-3.53042,52,0.261558
1.935,2,1.5,nan,nan,nan,nan,1.40991,0.314159,0.290826,4.12238,5.91858,33,19,step,1.935,1.79069e+09,-3.5417,52,0.261603
1.936,2,1.5,nan,nan,nan,nan,1.43247,0.319395,0.313197,4.12305,5.91858,33,19,step,1.936,1.79069e+09,-3.5417,52,0.261629
1.937,2,1.5,nan,nan,nan,nan,1.43247,0.319395,0.318524,4.12305,5.91858,33,19,step,1.937,1.79069e+09,-3.49658,52,0.261637
1.938,2,1.5,nan,nan,nan,nan,1.46631,0.321141,0.32172,4.12372,5.91858,33,19,step,1.938,1.79069e+09,-3.53042,52,0.261651
1.939,2,1.5,nan,nan,nan,nan,1.46631,0.321141,0.328111,4.12372,5.91858,33,19,step,1.939,1.79069e+09,-3.46274,52,0.261677
1.94,2,1.5,nan,nan,nan,nan,1.46631,0.342085,0.335569,4.12439,5.91858,33,19,step,1.94,1.79069e+09,-3.51914,52,0.261684
1.941,2,1.5,nan,nan,nan,nan,1.46631,0.342085,0.356874,4.12439,5.91858,33,19,step,1.941,1.79069e+09,-3.53042,52,0.261723
1.942,2,1.5,nan,nan,nan,nan,1.47759,0.383972,0.352613,4.12507,5.91858,33,19,step,1.942,1.79069e+09,-3.4853,52,0.261755
1.943,2,1.5,nan,nan,nan,nan,1.47759,0.383972,0.348352,4.12507,5.91858,33,19,step,1.943,1.79069e+09,-3.46274,52,0.261775
1.944,2,1.5,nan,nan,nan,nan,1.51143,0.415388,0.377115,4.12593,5.91858,33,19,step,1.944,1.79069e+09,-3.32739,52,0.261791
1.945,2,1.5,nan,nan,nan,nan,1.51143,0.415388,0.387768,4.12593,5.91858,33,19,step,1.945,1.79069e+09,-3.46274,52,0.261795
1.946,2,1.5,nan,nan,nan,nan,1.51143,0.42586,0.395225,4.12679,5.91858,33,19,step,1.946,1.79069e+09,-3.46274,52,0.261816
1.947,2,1.5,nan,nan,nan,nan,1.51143,0.42586,0.397356,4.12679,5.91858,33,19,step,1.947,1.79069e+09,-3.50786,52,0.261822
1.948,2,1.5,nan,nan,nan,nan,1.46631,0.385718,0.399486,4.12756,5.91858,33,19,step,1.948,1.79069e+09,-3.50786,52,0.261834
1.949,2,1.5,nan,nan,nan,nan,1.46631,0.385718,0.409074,4.12756,5.91858,33,19,step,1.949,1.79069e+09,-3.34995,52,0.261888
1.95,2,1.5,nan,nan,nan,nan,1.43247,0.354302,0.416531,4.12833,5.91858,33,19,step,1.95,1.79069e+09,-3.47402,52,0.261902
1.951,2,1.5,nan,nan,nan,nan,1.43247,0.354302,0.426119,4.12833,5.91858,33,19,step,1.951,1.79069e+09,-3.46274,52,0.26193
1.952,2,1.5,nan,nan,nan,nan,1.40991,0.39619,0.420792,4.12909,5.91858,33,19,step,1.952,1.79069e+09,-3.44019,52,0.261944
1.953,2,1.5,nan,nan,nan,nan,1.40991,0.39619,0.450621,4.12909,5.91858,33,19,step,1.953,1.79069e+09,-3.44019,52,0.261961
1.954,2,1.5,nan,nan,nan,nan,1.42119,0.47473,0.4666,4.12996,5.91858,33,19,step,1.954,1.79069e+09,-3.4853,52,0.261979
1.955,2,1.5,nan,nan,nan,nan,1.42119,0.47473,0.464469,4.12996,5.91858,33,19,step,1.955,1.79069e+09,-3.4853,52,0.262003
1.956,2,1.5,nan,nan,nan,nan,1.44375,0.499164,0.458078,4.13101,5.91858,33,19,step,1.956,1.79069e+09,-3.46274,52,0.262013
1.957,2,1.5,nan,nan,nan,nan,1.44375,0.499164,0.464469,4.13101,5.91858,33,19,step,1.957,1.79069e+09,-3.44019,52,0.262022
1.958,2,1.5,nan,nan,nan,nan,1.50015,0.481711,0.477253,4.13197,5.91858,33,19,step,1.958,1.79069e+09,-3.46274,52,0.262047
1.959,2,1.5,nan,nan,nan,nan,1.50015,0.481711,0.488971,4.13197,5.91858,33,19,step,1.959,1.79069e+09,-3.47402,52,0.262066
1.96,2,1.5,nan,nan,nan,nan,1.53398,0.486947,0.496428,4.13293,5.91858,33,19,step,1.96,1.79069e+09,-3.46274,52,0.262066
1.961,2,1.5,nan,nan,nan,nan,1.53398,0.486947,0.476188,4.13293,5.91858,33,19,step,1.961,1.79069e+09,-3.49658,52,0.262086
1.962,2,1.5,nan,nan,nan,nan,1.55654,0.527089,0.496428,4.13398,5.91858,33,19,step,1.962,1.79069e+09,-3.46274,52,0.262112
1.963,2,1.5,nan,nan,nan,nan,1.55654,0.527089,0.511343,4.13398,5.91858,33,19,step,1.963,1.79069e+09,-3.46274,52,0.262131
1.964,2,1.5,nan,nan,nan,nan,1.52271,0.535816,0.521996,4.13504,5.91858,33,19,step,1.964,1.79069e+09,-3.41763,52,0.262152
1.965,2,1.5,nan,nan,nan,nan,1.52271,0.535816,0.515604,4.13504,5.91858,33,19,step,1.965,1.79069e+09,-3.44019,52,0.262148
1.966,2,1.5,nan,nan,nan,nan,1.50015,0.492183,0.545432,4.13609,5.91858,33,19,step,1.966,1.79069e+09,-3.45146,52,0.262146
1.967,2,1.5,nan,nan,nan,nan,1.50015,0.492183,0.540106,4.13609,5.91858,33,19,step,1.967,1.79069e+09,-3.47402,52,0.262164
1.968,2,1.5,nan,nan,nan,nan,1.46631,0.483456,0.540106,4.13705,5.91858,33,19,step,1.968,1.79069e+09,-3.45146,52,0.262176
1.969,2,1.5,nan,nan,nan,nan,1.46631,0.483456,0.537975,4.13705,5.91858,33,19,step,1.969,1.79069e+09,-3.46274,52,0.262206
1.97,2,1.5,nan,nan,nan,nan,1.46631,0.548033,0.559281,4.1381,5.91858,33,19,step,1.97,1.79069e+09,-3.44019,52,0.262216
1.971,2,1.5,nan,nan,nan,nan,1.46631,0.548033,0.574195,4.1381,5.91858,33,19,step,1.971,1.79069e+09,-3.40635,52,0.262222
1.972,2,1.5,nan,nan,nan,nan,1.52271,0.598648,0.55502,4.13935,5.91858,33,19,step,1.972,1.79069e+09,-3.44019,52,0.262202
1.973,2,1.5,nan,nan,nan,nan,1.52271,0.598648,0.580587,4.13935,5.91858,33,19,step,1.973,1.79069e+09,-3.44019,52,0.262166
1.974,2,1.5,nan,nan,nan,nan,1.5791,0.626573,0.599762,4.1406,5.91858,33,19,step,1.974,1.79069e+09,-3.47402,52,0.262172
1.975,2,1.5,nan,nan,nan,nan,1.5791,0.626573,0.552889,4.1406,5.91858,33,19,step,1.975,1.79069e+09,-3.47402,52,0.262186
1.976,2,1.5,nan,nan,nan,nan,1.43247,0.657989,0.548628,4.14194,5.91858,33,19,step,1.976,1.79069e+09,-3.42891,52,0.262213
1.977,2,1.5,nan,nan,nan,nan,1.43247,0.657989,0.577391,4.14194,5.91858,33,19,step,1.977,1.79069e+09,-3.44019,52,0.262237
1.978,2,1.5,nan,nan,nan,nan,1.36479,0.612611,0.586979,4.14319,5.91858,33,19,step,1.978,1.79069e+09,-3.42891,52,0.262219
1.979,2,1.5,nan,nan,nan,nan,1.36479,0.612611,0.585913,4.14319,5.91858,33,19,step,1.979,1.79069e+09,-3.41763,52,0.26225
1.98,2,1.5,nan,nan,nan,nan,1.48887,0.584685,0.592305,4.14424,5.91858,33,19,step,1.98,1.79069e+09,-3.45146,52,0.26227
1.981,2,1.5,nan,nan,nan,nan,1.48887,0.584685,0.605089,4.14424,5.91858,33,19,step,1.981,1.79069e+09,-3.37251,52,0.262281
1.982,2,1.5,nan,nan,nan,nan,1.48887,0.60912,0.597632,4.14549,5.91858,33,19,step,1.982,1.79069e+09,-3.41763,52,0.262296
1.983,2,1.5,nan,nan,nan,nan,1.48887,0.60912,0.614676,4.14549,5.91858,33,19,step,1.983,1.79069e+09,-3.39507,52,0.262319
1.984,2,1.5,nan,nan,nan,nan,1.51143,0.642281,0.626395,4.14673,5.91858,33,19,step,1.984,1.79069e+09,-3.39507,52,0.262315
1.985,2,1.5,nan,nan,nan,nan,1.51143,0.642281,0.623199,4.14673,5.91858,33,19,step,1.985,1.79069e+09,-3.36123,52,0.262314
1.986,2,1.5,nan,nan,nan,nan,1.54526,0.680678,0.621068,4.14808,5.91858,33,19,step,1.986,1.79069e+09,-3.42891,52,0.262314
1.987,2,1.5,nan,nan,nan,nan,1.54526,0.680678,0.647701,4.14808,5.91858,33,19,step,1.987,1.79069e+09,-3.41763,52,0.262308
1.988,2,1.5,nan,nan,nan,nan,1.51143,0.712094,0.634917,4.14951,5.91858,33,19,step,1.988,1.79069e+09,-3.46274,52,0.262295
1.989,2,1.5,nan,nan,nan,nan,1.51143,0.712094,0.646635,4.14951,5.91858,33,19,step,1.989,1.79069e+09,-3.41763,52,0.262305
1.99,2,1.5,nan,nan,nan,nan,1.44375,0.675442,0.665811,4.15095,5.91858,33,19,step,1.99,1.79069e+09,-3.42891,52,0.262341
1.991,2,1.5,nan,nan,nan,nan,1.44375,0.675442,0.683921,4.15095,5.91858,33,19,step,1.991,1.79069e+09,-3.37251,52,0.262359
1.992,2,1.5,nan,nan,nan,nan,1.43247,0.682424,0.676464,4.15229,5.91858,33,19,step,1.992,1.79069e+09,-3.38379,52,0.26238
1.993,2,1.5,nan,nan,nan,nan,1.43247,0.682424,0.657288,4.15229,5.91858,33,19,step,1.993,1.79069e+09,-3.40635,52,0.262395
1.994,2,1.5,nan,nan,nan,nan,1.46631,0.736529,0.677529,4.15383,5.91858,33,19,step,1.994,1.79069e+09,-3.40635,52,0.262407
1.995,2,1.5,nan,nan,nan,nan,1.46631,0.736529,0.691378,4.15383,5.91858,33,19,step,1.995,1.79069e+09,-3.36123,52,0.262404
1.996,2,1.5,nan,nan,nan,nan,1.52271,0.752237,0.695639,4.15536,5.91858,33,19,step,1.996,1.79069e+09,-3.40635,52,0.262404
1.997,2,1.5,nan,nan,nan,nan,1.52271,0.752237,0.679659,4.15536,5.91858,33,19,step,1.997,1.79069e+09,-3.40635,52,0.262414
1.998,2,1.5,nan,nan,nan,nan,1.50015,0.74002,0.700965,4.1569,5.91858,33,19,step,1.998,1.79069e+09,-3.40635,52,0.262425
1.999,2,1.5,nan,nan,nan,nan,1.50015,0.74002,0.708422,4.1569,5.91858,33,19,step,1.999,1.79069e+09,-3.37251,52,0.262437
2,2,1.5,nan,nan,nan,nan,1.45503,0.68766,0.706292,4.15824,5.91858,33,19,step,2,1.79069e+09,-3.40635,52,0.262465
2.001,2,1.5,nan,nan,nan,nan,1.45503,0.68766,0.716945,4.15824,5.91858,33,19,step,2.001,1.79069e+09,-3.34995,52,0.26247
2.002,2,1.5,nan,nan,nan,nan,1.43247,0.680678,0.716945,4.15948,5.91858,33,19,step,2.002,1.79069e+09,-3.39507,52,0.262494
2.003,2,1.5,nan,nan,nan,nan,1.43247,0.680678,0.73399,4.15948,5.91858,33,19,step,2.003,1.79069e+09,-3.39507,52,0.262522
2.004,2,1.5,nan,nan,nan,nan,1.42119,0.760964,0.743577,4.16102,5.91858,33,19,step,2.004,1.79069e+09,-3.36123,52,0.262529
2.005,2,1.5,nan,nan,nan,nan,1.42119,0.760964,0.746773,4.16102,5.91858,33,19,step,2.005,1.79069e+09,-3.36123,52,0.262525
2.006,2,1.5,nan,nan,nan,nan,1.46631,0.820305,0.73612,4.16265,5.91858,33,19,step,2.006,1.79069e+09,-3.34995,52,0.262509
2.007,2,1.5,nan,nan,nan,nan,1.46631,0.820305,0.767014,4.16265,5.91858,33,19,step,2.007,1.79069e+09,-3.37251,52,0.262521
2.008,2,1.5,nan,nan,nan,nan,1.47759,0.842994,0.763818,4.16437,5.91858,33,19,step,2.008,1.79069e+09,-3.40635,52,0.262531
2.009,2,1.5,nan,nan,nan,nan,1.47759,0.842994,0.757426,4.16437,5.91858,33,19,step,2.009,1.79069e+09,-3.39507,52,0.262548
2.01,2,1.5,nan,nan,nan,nan,1.45503,0.7662,0.773406,4.16591,5.91858,33,19,step,2.01,1.79069e+09,-3.36123,52,0.262547
2.011,2,1.5,nan,nan,nan,nan,1.45503,0.7662,0.779797,4.16591,5.91858,33,19,step,2.011,1.79069e+09,-3.34995,52,0.262545
2.012,2,1.5,nan,nan,nan,nan,1.42119,0.745256,0.761687,4.16744,5.91858,33,19,step,2.012,1.79069e+09,-3.39507,52,0.262556
2.013,2,1.5,nan,nan,nan,nan,1.42119,0.745256,0.777667,4.16744,5.91858,33,19,step,2.013,1.79069e+09,-3.36123,52,0.262576
2.014,2,1.5,nan,nan,nan,nan,1.45503,0.820305,0.792581,4.16898,5.91858,33,19,step,2.014,1.79069e+09,-3.34995,52,0.262568
2.015,2,1.5,nan,nan,nan,nan,1.45503,0.820305,0.780863,4.16898,5.91858,33,19,step,2.015,1.79069e+09,-3.36123,52,0.262573
2.016,2,1.5,nan,nan,nan,nan,1.52271,0.897099,0.785124,4.1708,5.91858,33,19,step,2.016,1.79069e+09,-3.37251,52,0.262577
2.017,2,1.5,nan,nan,nan,nan,1.52271,0.897099,0.811756,4.1708,5.91858,33,19,step,2.017,1.79069e+09,-3.34995,52,0.262586
2.018,2,1.5,nan,nan,nan,nan,1.46631,0.876155,0.802169,4.17252,5.91858,33,19,step,2.018,1.79069e+09,-3.34995,52,0.262614
2.019,2,1.5,nan,nan,nan,nan,1.46631,0.876155,0.819213,4.17252,5.91858,33,19,step,2.019,1.79069e+09,-3.33867,52,0.262608
2.02,2,1.5,nan,nan,nan,nan,1.47759,0.785398,0.802169,4.17415,5.91858,33,19,step,2.02,1.79069e+09,-3.33867,52,0.262617
2.021,2,1.5,nan,nan,nan,nan,1.47759,0.785398,0.837323,4.17415,5.91858,33,19,step,2.021,1.79069e+09,-3.37251,52,0.262619
2.022,2,1.5,nan,nan,nan,nan,1.48887,0.790634,0.831997,4.17578,5.91858,33,19,step,2.022,1.79069e+09,-3.34995,52,0.262636
2.023,2,1.5,nan,nan,nan,nan,1.48887,0.790634,0.829866,4.17578,5.91858,33,19,step,2.023,1.79069e+09,-3.34995,52,0.262663
2.024,2,1.5,nan,nan,nan,nan,1.50015,0.884882,0.834128,4.17751,5.91867,33,19,step,2.024,1.79069e+09,-3.32739,52,0.262673
2.025,2,1.5,nan,nan,nan,nan,1.50015,0.884882,0.845846,4.17751,5.91867,33,19,step,2.025,1.79069e+09,-3.31611,52,0.262672
2.026,2,1.5,nan,nan,nan,nan,1.51143,0.998328,0.846911,4.17943,5.91867,33,19,step,2.026,1.79069e+09,-3.31611,52,0.262648
2.027,2,1.5,nan,nan,nan,nan,1.51143,0.998328,0.845846,4.17943,5.91867,33,19,step,2.027,1.79069e+09,-3.32739,52,0.262634
2.028,2,1.5,nan,nan,nan,nan,1.50015,0.951204,0.856499,4.18134,5.91867,33,19,step,2.028,1.79069e+09,-3.34995,52,0.262657
2.029,2,1.5,nan,nan,nan,nan,1.50015,0.951204,0.875674,4.18134,5.91867,33,19,step,2.029,1.79069e+09,-3.31611,52,0.262669
2.03,2,1.5,nan,nan,nan,nan,1.55654,0.841249,0.863956,4.18307,5.91867,33,19,step,2.03,1.79069e+09,-3.29355,52,0.262676
2.031,2,1.5,nan,nan,nan,nan,1.55654,0.841249,0.879935,4.18307,5.91867,33,19,step,2.031,1.79069e+09,-3.31611,52,0.262671
2.032,2,1.5,nan,nan,nan,nan,1.5791,0.820305,0.877805,4.1848,5.91867,33,19,step,2.032,1.79069e+09,-3.36123,52,0.262699
2.033,2,1.5,nan,nan,nan,nan,1.5791,0.820305,0.89698,4.1848,5.91867,33,19,step,2.033,1.79069e+09,-3.20332,52,0.262728
2.034,2,1.5,nan,nan,nan,nan,1.54526,0.904081,0.900176,4.18652,5.91867,33,19,step,2.034,1.79069e+09,-3.31611,52,0.262727
2.035,2,1.5,nan,nan,nan,nan,1.54526,0.904081,0.900176,4.18652,5.91867,33,19,step,2.035,1.79069e+09,-3.30483,52,0.262724
2.036,2,1.5,nan,nan,nan,nan,1.48887,0.944223,0.892719,4.18844,5.91867,33,19,step,2.036,1.79069e+09,-3.33867,52,0.262708
2.037,2,1.5,nan,nan,nan,nan,1.48887,0.944223,0.912959,4.18844,5.91867,33,19,step,2.037,1.79069e+09,-3.30483,52,0.262728
2.038,2,1.5,nan,nan,nan,nan,1.51143,0.909317,0.917221,4.19026,5.91867,33,19,step,2.038,1.79069e+09,-3.32739,52,0.262735
2.039,2,1.5,nan,nan,nan,nan,1.51143,0.909317,0.912959,4.19026,5.91867,33,19,step,2.039,1.79069e+09,-3.24844,52,0.26272
2.04,2,1.5,nan,nan,nan,nan,1.53398,0.904081,0.922547,4.19208,5.91867,33,19,step,2.04,1.79069e+09,-3.30483,52,0.262721
2.041,2,1.5,nan,nan,nan,nan,1.53398,0.904081,0.93107,4.19208,5.91867,33,19,step,2.041,1.79069e+09,-3.32739,52,0.262721
2.042,2,1.5,nan,nan,nan,nan,1.51143,0.97913,0.952375,4.194,5.91867,33,19,step,2.042,1.79069e+09,-3.30483,52,0.262728
2.043,2,1.5,nan,nan,nan,nan,1.51143,0.97913,0.93107,4.194,5.91867,33,19,step,2.043,1.79069e+09,-3.28228,52,0.262718
2.044,2,1.5,nan,nan,nan,nan,1.43247,1.03323,0.920417,4.19601,5.91867,33,19,step,2.044,1.79069e+09,-3.25972,52,0.262728
2.045,2,1.5,nan,nan,nan,nan,1.43247,1.03323,0.926808,4.19601,5.91867,33,19,step,2.045,1.79069e+09,-3.30483,52,0.262753
2.046,2,1.5,nan,nan,nan,nan,1.46631,0.966912,0.956637,4.19803,5.91867,33,19,step,2.046,1.79069e+09,-3.25972,52,0.262771
2.047,2,1.5,nan,nan,nan,nan,1.46631,0.966912,0.956637,4.19803,5.91867,33,19,step,2.047,1.79069e+09,-3.12437,52,0.262727
2.048,2,1.5,nan,nan,nan,nan,1.54526,0.947714,0.942788,4.19994,5.91867,33,19,step,2.048,1.79069e+09,-3.29355,52,0.262723
2.049,2,1.5,nan,nan,nan,nan,1.54526,0.947714,0.95131,4.19994,5.91877,33,19,step,2.049,1.79069e+09,-3.32739,52,0.26272
2.05,2,1.5,nan,nan,nan,nan,1.46631,1.00007,0.955571,4.20186,5.91877,33,19,step,2.05,1.79069e+09,-3.28228,52,0.262725
2.051,2,1.5,nan,nan,nan,nan,1.46631,1.00007,0.96942,4.20186,5.91877,33,19,step,2.051,1.79069e+09,-3.29355,52,0.262742
2.052,2,1.5,nan,nan,nan,nan,1.39863,1.02102,0.964094,4.20397,5.91877,33,19,step,2.052,1.79069e+09,-3.28228,52,0.262765
2.053,2,1.5,nan,nan,nan,nan,1.39863,1.02102,0.96942,4.20397,5.91877,33,19,step,2.053,1.79069e+09,-3.25972,52,0.262769
2.054,2,1.5,nan,nan,nan,nan,1.42119,1.07687,0.988596,4.20608,5.91877,33,19,step,2.054,1.79069e+09,-3.24844,52,0.262757
2.055,2,1.5,nan,nan,nan,nan,1.42119,1.07687,0.994987,4.20608,5.91877,33,19,step,2.055,1.79069e+09,-3.28228,52,0.262738
2.056,2,1.5,nan,nan,nan,nan,1.51143,1.07338,1.00031,4.20819,5.91877,33,19,step,2.056,1.79069e+09,-3.25972,52,0.262751
2.057,2,1.5,nan,nan,nan,nan,1.51143,1.07338,1.00138,4.20819,5.91877,33,19,step,2.057,1.79069e+09,-3.18076,52,0.262766
2.058,2,1.5,nan,nan,nan,nan,1.45503,1.04545,0.998183,4.2103,5.91877,33,19,step,2.058,1.79069e+09,-3.12437,52,0.262796
2.059,2,1.5,nan,nan,nan,nan,1.45503,1.04545,1.00884,4.2103,5.91877,33,19,step,2.059,1.79069e+09,-3.23716,52,0.262806
2.06,2,1.5,nan,nan,nan,nan,1.44375,0.975639,1.01416,4.21231,5.91877,33,19,step,2.06,1.79069e+09,-3.2146,52,0.262807
2.061,2,1.5,nan,nan,nan,nan,1.44375,0.975639,1.03014,4.21231,5.91877,33,19,step,2.061,1.79069e+09,-3.24844,52,0.262808
2.062,2,1.5,nan,nan,nan,nan,1.48887,1.01753,1.04293,4.21432,5.91877,33,19,step,2.062,1.79069e+09,-3.24844,52,0.262791
2.063,2,1.5,nan,nan,nan,nan,1.48887,1.01753,1.02695,4.21432,5.91886,33,19,step,2.063,1.79069e+09,-3.1582,52,0.262802
2.064,2,1.5,nan,nan,nan,nan,1.48887,1.09432,1.03653,4.21653,5.91886,33,19,step,2.064,1.79069e+09,-3.28228,52,0.262809
2.065,2,1.5,nan,nan,nan,nan,1.48887,1.09432,1.05997,4.21653,5.91886,33,19,step,2.065,1.79069e+09,-3.10181,52,0.262813
2.066,2,1.5,nan,nan,nan,nan,1.45503,1.08036,1.07169,4.21864,5.91886,33,19,step,2.066,1.79069e+09,-3.20332,52,0.262802
2.067,2,1.5,nan,nan,nan,nan,1.45503,1.08036,1.05571,4.21864,5.91886,33,19,step,2.067,1.79069e+09,-3.2146,52,0.262791
2.068,2,1.5,nan,nan,nan,nan,1.46631,1.04545,1.06743,4.22094,5.91886,33,19,step,2.068,1.79069e+09,-3.22588,52,0.262763
2.069,2,1.5,nan,nan,nan,nan,1.46631,1.04545,1.06317,4.22094,5.91886,33,19,step,2.069,1.79069e+09,-3.13564,52,0.262737
2.07,2,1.5,nan,nan,nan,nan,1.55654,1.11701,1.07808,4.22314,5.91886,33,19,step,2.07,1.79069e+09,-3.28228,52,0.262736
2.071,2,1.5,nan,nan,nan,nan,1.55654,1.11701,1.06317,4.22314,5.91886,33,19,step,2.071,1.79069e+09,-3.24844,52,0.262766
2.072,2,1.5,nan,nan,nan,nan,1.44375,1.1589,1.07169,4.22545,5.91886,33,19,step,2.072,1.79069e+09,-3.20332,52,0.262782
2.073,2,1.5,nan,nan,nan,nan,1.44375,1.1589,1.09193,4.22545,5.91886,33,19,step,2.073,1.79069e+09,-3.18076,52,0.262775
2.074,2,1.5,nan,nan,nan,nan,1.44375,1.09258,1.09086,4.22765,5.91886,33,19,step,2.074,1.79069e+09,-3.06797,52,0.262753
2.075,2,1.5,nan,nan,nan,nan,1.44375,1.09258,1.0653,4.22765,5.91886,33,19,step,2.075,1.79069e+09,-3.12437,52,0.262746
2.076,2,1.5,nan,nan,nan,nan,1.55654,1.07687,1.08234,4.22966,5.91886,33,19,step,2.076,1.79069e+09,-3.24844,52,0.262751
2.077,2,1.5,nan,nan,nan,nan,1.55654,1.07687,1.07488,4.22966,5.91896,33,19,step,2.077,1.79069e+09,-3.09053,52,0.26275
2.078,2,1.5,nan,nan,nan,nan,1.50015,1.1781,1.07382,4.23197,5.91896,33,19,step,2.078,1.79069e+09,-3.22588,52,0.262759
2.079,2,1.5,nan,nan,nan,nan,1.50015,1.1781,1.09406,4.23197,5.91896,33,19,step,2.079,1.79069e+09,-3.06797,52,0.262752
2.08,2,1.5,nan,nan,nan,nan,1.45503,1.20777,1.09086,4.23455,5.91896,33,19,step,2.08,1.79069e+09,-3.04541,52,0.262751
2.081,2,1.5,nan,nan,nan,nan,1.45503,1.20777,1.10897,4.23455,5.91896,33,19,step,2.081,1.79069e+09,-3.06797,52,0.262723
2.082,2,1.5,nan,nan,nan,nan,1.55654,1.15366,1.11004,4.23685,5.91896,33,19,step,2.082,1.79069e+09,-3.05669,52,0.262693
2.083,2,1.5,nan,nan,nan,nan,1.55654,1.15366,1.11856,4.23685,5.91896,33,19,step,2.083,1.79069e+09,-3.11309,52,0.262664
2.084,2,1.5,nan,nan,nan,nan,1.55654,1.15192,1.11856,4.23916,5.91896,33,19,step,2.084,1.79069e+09,-3.23716,52,0.262665
2.085,2,1.5,nan,nan,nan,nan,1.55654,1.15192,1.12708,4.23916,5.91896,33,19,step,2.085,1.79069e+09,-3.09053,52,0.262683
2.086,2,1.5,nan,nan,nan,nan,1.45503,1.1589,1.11643,4.24136,5.91896,33,19,step,2.086,1.79069e+09,-3.06797,52,0.262708
2.087,2,1.5,nan,nan,nan,nan,1.45503,1.1589,1.1143,4.24136,5.91896,33,19,step,2.087,1.79069e+09,-3.18076,52,0.262707
2.088,2,1.5,nan,nan,nan,nan,1.47759,1.15366,1.13561,4.24376,5.91896,33,19,step,2.088,1.79069e+09,-3.05669,52,0.26268
2.089,2,1.5,nan,nan,nan,nan,1.47759,1.15366,1.14946,4.24376,5.91906,33,19,step,2.089,1.79069e+09,-3.06797,52,0.262681
2.09,2,1.5,nan,nan,nan,nan,1.48887,1.18857,1.15159,4.24615,5.91906,33,19,step,2.09,1.79069e+09,-3.11309,52,0.262683
2.091,2,1.5,nan,nan,nan,nan,1.48887,1.18857,1.14306,4.24615,5.91906,33,19,step,2.091,1.79069e+09,-3.05669,52,0.262676
2.092,2,1.5,nan,nan,nan,nan,1.44375,1.2514,1.15691,4.24865,5.91906,33,19,step,2.092,1.79069e+09,-3.05669,52,0.262683
2.093,2,1.5,nan,nan,nan,nan,1.44375,1.2514,1.15052,4.24865,5.91906,33,19,step,2.093,1.79069e+09,-3.05669,52,0.262684
2.094,2,1.5,nan,nan,nan,nan,1.48887,1.25489,1.15691,4.25114,5.91906,33,19,step,2.094,1.79069e+09,-3.02285,52,0.262659
2.095,2,1.5,nan,nan,nan,nan,1.48887,1.25489,1.15798,4.25114,5.91906,33,19,step,2.095,1.79069e+09,-3.05669,52,0.262641
2.096,2,1.5,nan,nan,nan,nan,1.61294,1.23744,1.17928,4.25363,5.91915,33,19,step,2.096,1.79069e+09,-3.07925,52,0.262625
2.097,2,1.5,nan,nan,nan,nan,1.61294,1.23744,1.18781,4.25363,5.91915,33,19,step,2.097,1.79069e+09,-3.19204,52,0.262613
2.098,2,1.5,nan,nan,nan,nan,1.53398,1.23918,1.17822,4.25613,5.91915,33,19,step,2.098,1.79069e+09,-3.05669,52,0.262619
2.099,2,1.5,nan,nan,nan,nan,1.53398,1.23918,1.1942,4.25613,5.91915,33,19,step,2.099,1.79069e+09,-3.05669,52,0.262627
2.1,2,-1.5,nan,nan,nan,nan,1.53398,1.25315,1.18461,4.25862,5.91915,33,19,step,2.1,1.79069e+09,-3.02285,52,0.262623
2.101,2,-1.5,nan,nan,nan,nan,1.53398,1.25315,1.19526,4.25862,5.91915,33,19,step,2.101,1.79069e+09,-3.01157,52,0.262624
2.102,2,-1.5,nan,nan,nan,nan,1.60166,1.28805,1.21337,4.26121,5.91915,33,19,step,2.102,1.79069e+09,-3.02285,52,0.262627
2.103,2,-1.5,nan,nan,nan,nan,1.60166,1.28805,1.21977,4.26121,5.91915,33,19,step,2.103,1.79069e+09,-3.03413,52,0.262612
2.104,2,-1.5,nan,nan,nan,nan,0.0451172,1.05941,1.2219,4.26341,5.91915,33,19,step,2.104,1.79069e+09,-3.03413,52,0.262611
2.105,2,-1.5,nan,nan,nan,nan,0.0451172,1.05941,1.22509,4.26341,5.91925,33,19,step,2.105,1.79069e+09,-3.1582,52,0.262614
2.106,2,-1.5,nan,nan,nan,nan,-0.0112793,0.568977,1.20805,4.26475,5.91925,33,19,step,2.106,1.79069e+09,-3.00029,52,0.262608
2.107,2,-1.5,nan,nan,nan,nan,-0.0112793,0.568977,1.2219,4.26475,5.91925,33,19,step,2.107,1.79069e+09,-2.97773,52,0.262598
2.108,2,-1.5,nan,nan,nan,nan,-0.146631,0.542797,1.22722,4.26581,5.91925,33,19,step,2.108,1.79069e+09,-3.01157,52,0.262575
2.109,2,-1.5,nan,nan,nan,nan,-0.146631,0.542797,1.20485,4.26581,5.91925,33,19,step,2.109,1.79069e+09,-2.98901,52,0.262538
2.11,2,-1.5,nan,nan,nan,nan,-0.597803,0.565487,1.19313,4.26696,5.91925,33,19,step,2.11,1.79069e+09,-3.02285,52,0.262482
2.111,2,-1.5,nan,nan,nan,nan,-0.597803,0.565487,1.18994,4.26696,5.91925,33,19,step,2.111,1.79069e+09,-3.02285,52,0.262439
2.112,2,-1.5,nan,nan,nan,nan,-1.17305,0.912807,1.1697,4.26859,5.91925,33,19,step,2.112,1.79069e+09,-2.98901,52,0.26238
2.113,2,-1.5,nan,nan,nan,nan,-1.17305,0.912807,1.15691,4.26859,5.91925,33,19,step,2.113,1.79069e+09,-2.98901,52,0.262349
2.114,2,-1.5,nan,nan,nan,nan,-1.35352,1.37881,1.12069,4.27127,5.91925,33,19,step,2.114,1.79069e+09,-2.97773,52,0.262296
2.115,2,-1.5,nan,nan,nan,nan,-1.35352,1.37881,1.13774,4.27127,5.91925,33,19,step,2.115,1.79069e+09,-2.97773,52,0.262233
2.116,2,-1.5,nan,nan,nan,nan,-1.50015,1.42942,1.12282,4.27415,5.91925,33,19,step,2.116,1.79069e+09,-2.98901,52,0.262172
2.117,2,-1.5,nan,nan,nan,nan,-1.50015,1.42942,1.10897,4.27415,5.91934,33,19,step,2.117,1.79069e+09,-2.97773,52,0.262057
2.118,2,-1.5,nan,nan,nan,nan,-1.38735,1.12748,1.10258,4.27645,5.91934,33,19,step,2.118,1.79069e+09,-3.02285,52,0.261978
2.119,2,-1.5,nan,nan,nan,nan,-1.38735,1.12748,1.0898,4.27645,5.91934,33,19,step,2.119,1.79069e+09,-3.06797,52,0.261893
2.12,2,-1.5,nan,nan,nan,nan,-1.252,0.933751,1.03973,4.27837,5.91934,33,19,step,2.12,1.79069e+09,-3.04541,52,0.261854
2.121,2,-1.5,nan,nan,nan,nan,-1.252,0.933751,1.05464,4.27837,5.91934,33,19,step,2.121,1.79069e+09,-3.14692,52,0.261838
2.122,2,-1.5,nan,nan,nan,nan,-1.48887,1.0088,1.06423,4.28038,5.91934,33,19,step,2.122,1.79069e+09,-3.14692,52,0.261804
2.123,2,-1.5,nan,nan,nan,nan,-1.48887,1.0088,1.03547,4.28038,5.91934,33,19,step,2.123,1.79069e+09,-3.02285,52,0.261728
2.124,2,-1.5,nan,nan,nan,nan,-1.60166,1.0472,1.02908,4.28249,5.91934,33,19,step,2.124,1.79069e+09,-3.02285,52,0.261672
2.125,2,-1.5,nan,nan,nan,nan,-1.60166,1.0472,1.01949,4.28249,5.91944,33,19,step,2.125,1.79069e+09,-3.05669,52,0.261619
2.126,2,-1.5,nan,nan,nan,nan,-1.44375,1.03673,1.01097,4.2845,5.91944,33,19,step,2.126,1.79069e+09,-3.16948,52,0.261582
2.127,2,-1.5,nan,nan,nan,nan,-1.44375,1.03673,1.00244,4.2845,5.91944,33,19,step,2.127,1.79069e+09,-2.98901,52,0.261487
2.128,2,-1.5,nan,nan,nan,nan,-1.47759,1.03847,0.968355,4.28661,5.91944,33,19,step,2.128,1.79069e+09,-3.01157,52,0.261391
2.129,2,-1.5,nan,nan,nan,nan,-1.47759,1.03847,0.930004,4.28661,5.91944,33,19,step,2.129,1.79069e+09,-3.18076,52,0.261333
2.13,2,-1.5,nan,nan,nan,nan,-1.47759,0.993092,0.924678,4.28863,5.91954,33,19,step,2.13,1.79069e+09,-3.04541,52,0.26127
2.131,2,-1.5,nan,nan,nan,nan,-1.47759,0.993092,0.916155,4.28863,5.91954,33,19,step,2.131,1.79069e+09,-3.19204,52,0.261236
2.132,2,-1.5,nan,nan,nan,nan,-1.50015,0.84823,0.928939,4.29035,5.91954,33,19,step,2.132,1.79069e+09,-3.16948,52,0.261188
2.133,2,-1.5,nan,nan,nan,nan,-1.50015,0.84823,0.917221,4.29035,5.91954,33,19,step,2.133,1.79069e+09,-3.12437,52,0.261142
2.134,2,-1.5,nan,nan,nan,nan,-1.46631,0.809833,0.884196,4.29198,5.91954,33,19,step,2.134,1.79069e+09,-3.11309,52,0.261119
2.135,2,-1.5,nan,nan,nan,nan,-1.46631,0.809833,0.870348,4.29198,5.91954,33,19,step,2.135,1.79069e+09,-3.12437,52,0.261082
2.136,2,-1.5,nan,nan,nan,nan,-1.43247,0.909317,0.867152,4.2938,5.91963,33,19,step,2.136,1.79069e+09,-3.01157,52,0.261043
2.137,2,-1.5,nan,nan,nan,nan,-1.43247,0.909317,0.851172,4.2938,5.91963,33,19,step,2.137,1.79069e+09,-3.12437,52,0.260996
2.138,2,-1.5,nan,nan,nan,nan,-1.40991,0.940732,0.837323,4.29572,5.91963,33,19,step,2.138,1.79069e+09,-3.13564,52,0.260941
2.139,2,-1.5,nan,nan,nan,nan,-1.40991,0.940732,0.836258,4.29572,5.91973,33,19,step,2.139,1.79069e+09,-3.06797,52,0.260905
2.14,2,-1.5,nan,nan,nan,nan,-1.39863,0.792379,0.813887,4.29735,5.91973,33,19,step,2.14,1.79069e+09,-3.13564,52,0.260823
2.141,2,-1.5,nan,nan,nan,nan,-1.39863,0.792379,0.804299,4.29735,5.91973,33,19,step,2.141,1.79069e+09,-3.13564,52,0.260774
2.142,2,-1.5,nan,nan,nan,nan,-1.39863,0.710349,0.786189,4.29879,5.91982,33,19,step,2.142,1.79069e+09,-3.00029,52,0.260709
2.143,2,-1.5,nan,nan,nan,nan,-1.39863,0.710349,0.765949,4.29879,5.91982,33,19,step,2.143,1.79069e+09,-2.96646,52,0.26064
2.144,2,-1.5,nan,nan,nan,nan,-1.36479,0.788889,0.777667,4.30032,5.91982,33,19,step,2.144,1.79069e+09,-2.98901,52,0.260599
2.145,2,-1.5,nan,nan,nan,nan,-1.36479,0.788889,0.760622,4.30032,5.91982,33,19,step,2.145,1.79069e+09,-2.97773,52,0.260538
2.146,2,-1.5,nan,nan,nan,nan,-1.35352,0.867429,0.722271,4.30205,5.91982,33,19,step,2.146,1.79069e+09,-3.14692,52,0.260506
2.147,2,-1.5,nan,nan,nan,nan,-1.35352,0.867429,0.716945,4.30205,5.91982,33,19,step,2.147,1.79069e+09,-3.13564,52,0.260444
2.148,2,-1.5,nan,nan,nan,nan,-1.33096,0.76969,0.721206,4.30358,5.91982,33,19,step,2.148,1.79069e+09,-3.11309,52,0.260397
2.149,2,-1.5,nan,nan,nan,nan,-1.33096,0.76969,0.693508,4.30358,5.91982,33,19,step,2.149,1.79069e+09,-3.12437,52,0.260361
2.15,2,-1.5,nan,nan,nan,nan,-1.35352,0.574213,0.667941,4.30483,5.91982,33,19,step,2.15,1.79069e+09,-3.00029,52,0.260311
2.151,2,-1.5,nan,nan,nan,nan,-1.35352,0.574213,0.676464,4.30483,5.91982,33,19,step,2.151,1.79069e+09,-3.16948,52,0.26031
2.152,2,-1.5,nan,nan,nan,nan,-1.40991,0.555015,0.672202,4.30598,5.91982,33,19,step,2.152,1.79069e+09,-3.03413,52,0.260306
2.153,2,-1.5,nan,nan,nan,nan,-1.40991,0.555015,0.665811,4.30598,5.91982,33,19,step,2.153,1.79069e+09,-3.06797,52,0.260256
2.154,2,-1.5,nan,nan,nan,nan,-1.48887,0.684169,0.643439,4.30732,5.91992,33,19,step,2.154,1.79069e+09,-3.07925,52,0.260237
2.155,2,-1.5,nan,nan,nan,nan,-1.48887,0.684169,0.612546,4.30732,5.91992,33,19,step,2.155,1.79069e+09,-3.12437,52,0.260173
2.156,2,-1.5,nan,nan,nan,nan,-1.46631,0.750492,0.621068,4.30876,5.91992,33,19,step,2.156,1.79069e+09,-3.07925,52,0.260068
2.157,2,-1.5,nan,nan,nan,nan,-1.46631,0.750492,0.623199,4.30876,5.91992,33,19,step,2.157,1.79069e+09,-3.10181,52,0.259978
2.158,2,-1.5,nan,nan,nan,nan,-1.43247,0.68766,0.597632,4.3101,5.91992,33,19,step,2.158,1.79069e+09,-3.16948,52,0.259906
2.159,2,-1.5,nan,nan,nan,nan,-1.43247,0.68766,0.551824,4.3101,5.91992,33,19,step,2.159,1.79069e+09,-3.18076,52,0.259873
2.16,2,-1.5,nan,nan,nan,nan,-1.43247,0.546288,0.552889,4.31125,5.91992,33,19,step,2.16,1.79069e+09,-3.14692,52,0.259834
2.161,2,-1.5,nan,nan,nan,nan,-1.43247,0.546288,0.568869,4.31125,5.91992,33,19,step,2.161,1.79069e+09,-3.16948,52,0.259809
2.162,2,-1.5,nan,nan,nan,nan,-1.47759,0.443314,0.534779,4.31221,5.91992,33,19,step,2.162,1.79069e+09,-3.1582,52,0.259808
2.163,2,-1.5,nan,nan,nan,nan,-1.47759,0.443314,0.527322,4.31221,5.91992,33,19,step,2.163,1.79069e+09,-3.14692,52,0.259808
2.164,2,-1.5,nan,nan,nan,nan,-1.51143,0.464258,0.543301,4.31307,5.91992,33,19,step,2.164,1.79069e+09,-3.13564,52,0.259799
2.165,2,-1.5,nan,nan,nan,nan,-1.51143,0.464258,0.514538,4.31307,5.91992,33,19,step,2.165,1.79069e+09,-3.10181,52,0.259746
2.166,2,-1.5,nan,nan,nan,nan,-1.47759,0.518363,0.483645,4.31423,5.91992,33,19,step,2.166,1.79069e+09,-3.11309,52,0.25967
2.167,2,-1.5,nan,nan,nan,nan,-1.47759,0.518363,0.494298,4.31423,5.91992,33,19,step,2.167,1.79069e+09,-3.11309,52,0.259659
2.168,2,-1.5,nan,nan,nan,nan,-1.44375,0.521853,0.458078,4.31528,5.91992,33,19,step,2.168,1.79069e+09,-3.12437,52,0.259603
2.169,2,-1.5,nan,nan,nan,nan,-1.44375,0.521853,0.43038,4.31528,5.92002,33,19,step,2.169,1.79069e+09,-3.05669,52,0.259556
2.17,2,-1.5,nan,nan,nan,nan,-1.39863,0.466003,0.444229,4.31614,5.92002,33,19,step,2.17,1.79069e+09,-3.11309,52,0.259468
2.171,2,-1.5,nan,nan,nan,nan,-1.39863,0.466003,0.429315,4.31614,5.92002,33,19,step,2.171,1.79069e+09,-3.07925,52,0.25937
2.172,2,-1.5,nan,nan,nan,nan,-1.39863,0.427606,0.425053,4.31701,5.92002,33,19,step,2.172,1.79069e+09,-3.1582,52,0.25934
2.173,2,-1.5,nan,nan,nan,nan,-1.39863,0.427606,0.400552,4.31701,5.92002,33,19,step,2.173,1.79069e+09,-3.19204,52,0.259316
2.174,2,-1.5,nan,nan,nan,nan,-1.39863,0.371755,0.373919,4.31777,5.92002,33,19,step,2.174,1.79069e+09,-3.1582,52,0.259329
2.175,2,-1.5,nan,nan,nan,nan,-1.39863,0.371755,0.379246,4.31777,5.92002,33,19,step,2.175,1.79069e+09,-3.11309,52,0.25932
2.176,2,-1.5,nan,nan,nan,nan,-1.42119,0.333358,0.371789,4.31844,5.92002,33,19,step,2.176,1.79069e+09,-3.09053,52,0.259291
2.177,2,-1.5,nan,nan,nan,nan,-1.42119,0.333358,0.343026,4.31844,5.92002,33,19,step,2.177,1.79069e+09,-3.07925,52,0.259253
2.178,2,-1.5,nan,nan,nan,nan,-1.44375,0.287979,0.345156,4.31902,5.92002,33,19,step,2.178,1.79069e+09,-3.11309,52,0.259194
2.179,2,-1.5,nan,nan,nan,nan,-1.44375,0.287979,0.322785,4.31902,5.92002,33,19,step,2.179,1.79069e+09,-3.14692,52,0.25914
2.18,2,-1.5,nan,nan,nan,nan,-1.46631,0.280998,0.299348,4.31959,5.92002,33,19,step,2.18,1.79069e+09,-3.1582,52,0.259105
2.181,2,-1.5,nan,nan,nan,nan,-1.46631,0.280998,0.275912,4.31959,5.92002,33,19,step,2.181,1.79069e+09,-3.12437,52,0.259046
2.182,2,-1.5,nan,nan,nan,nan,-1.47759,0.289725,0.270585,4.32027,5.92002,33,19,step,2.182,1.79069e+09,-3.13564,52,0.259037
2.183,2,-1.5,nan,nan,nan,nan,-1.47759,0.289725,0.260998,4.32027,5.92002,33,19,step,2.183,1.79069e+09,-3.11309,52,0.258987
2.184,2,-1.5,nan,nan,nan,nan,-1.45503,0.293215,0.256737,4.32084,5.92002,33,19,step,2.184,1.79069e+09,-3.10181,52,0.258917
2.185,2,-1.5,nan,nan,nan,nan,-1.45503,0.293215,0.221582,4.32084,5.92002,33,19,step,2.185,1.79069e+09,-3.14692,52,0.258875
2.186,2,-1.5,nan,nan,nan,nan,-1.43247,0.247837,0.225843,4.32132,5.92002,33,19,step,2.186,1.79069e+09,-3.14692,52,0.258821
2.187,2,-1.5,nan,nan,nan,nan,-1.43247,0.247837,0.203472,4.32132,5.92002,33,19,step,2.187,1.79069e+09,-3.1582,52,0.25881
2.188,2,-1.5,nan,nan,nan,nan,-1.37607,0.191986,0.188558,4.3217,5.92002,33,19,step,2.188,1.79069e+09,-3.12437,52,0.258788
2.189,2,-1.5,nan,nan,nan,nan,-1.37607,0.191986,0.189623,4.3217,5.92002,33,19,step,2.189,1.79069e+09,-3.11309,52,0.258746
2.19,2,-1.5,nan,nan,nan,nan,-1.34224,0.171042,0.189623,4.32209,5.92002,33,19,step,2.19,1.79069e+09,-3.03413,52,0.258706
2.191,2,-1.5,nan,nan,nan,nan,-1.34224,0.171042,0.147011,4.32209,5.92002,33,19,step,2.191,1.79069e+09,-3.1582,52,0.258681
2.192,2,-1.5,nan,nan,nan,nan,-1.37607,0.1309,0.128901,4.32237,5.92002,33,19,step,2.192,1.79069e+09,-3.1582,52,0.258646
2.193,2,-1.5,nan,nan,nan,nan,-1.37607,0.1309,0.143815,4.32237,5.92002,33,19,step,2.193,1.79069e+09,-3.10181,52,0.258581
2.194,2,-1.5,nan,nan,nan,nan,-1.40991,0.10821,0.122509,4.32257,5.92002,33,19,step,2.194,1.79069e+09,-3.11309,52,0.258523
2.195,2,-1.5,nan,nan,nan,nan,-1.40991,0.10821,0.102269,4.32257,5.92002,33,19,step,2.195,1.79069e+09,-3.14692,52,0.258523
2.196,2,-1.5,nan,nan,nan,nan,-1.38735,0.0855211,0.0937461,4.32276,5.92002,33,19,step,2.196,1.79069e+09,-3.14692,52,0.25851
2.197,2,-1.5,nan,nan,nan,nan,-1.38735,0.0855211,0.0703096,4.32276,5.92002,33,19,step,2.197,1.79069e+09,-3.10181,52,0.258467
2.198,2,-1.5,nan,nan,nan,nan,-1.39863,0.0610865,0.0521996,4.32285,5.92002,33,19,step,2.198,1.79069e+09,-3.09053,52,0.258392
2.199,2,-1.5,nan,nan,nan,nan,-1.39863,0.0610865,0.0543301,4.32285,5.92002,33,19,step,2.199,1.79069e+09,-3.16948,52,0.258333
2.2,2,-1.5,nan,nan,nan,nan,-1.40991,0.0279253,0.0308936,4.32295,5.92002,33,19,step,2.2,1.79069e+09,-3.16948,52,0.258325
2.201,2,-1.5,nan,nan,nan,nan,-1.40991,0.0279253,0.0276977,4.32295,5.92002,33,19,step,2.201,1.79069e+09,-3.18076,52,0.258312
2.202,2,-1.5,nan,nan,nan,nan,-1.40991,0.015708,0.0149142,4.32295,5.92002,33,19,step,2.202,1.79069e+09,-3.11309,52,0.258295
2.203,2,-1.5,nan,nan,nan,nan,-1.40991,0.015708,-0.00958767,4.32295,5.92002,33,19,step,2.203,1.79069e+09,-3.07925,52,0.258299
2.204,2,-1.5,nan,nan,nan,nan,-1.39863,0,-0.0159795,4.32295,5.92002,33,19,step,2.204,1.79069e+09,-3.09053,52,0.258261
2.205,2,-1.5,nan,nan,nan,nan,-1.39863,0,-0.039416,4.32295,5.92011,33,19,step,2.205,1.79069e+09,-3.07925,52,0.258254
2.206,2,-1.5,nan,nan,nan,nan,-1.39863,-0.00872665,-0.0585913,4.32295,5.92011,33,19,step,2.206,1.79069e+09,-3.14692,52,0.258223
2.207,2,-1.5,nan,nan,nan,nan,-1.39863,-0.00872665,-0.0521996,4.32295,5.92011,33,19,step,2.207,1.79069e+09,-3.07925,52,0.258187
2.208,2,-1.5,nan,nan,nan,nan,-1.42119,-0.0436332,-0.0607219,4.32285,5.92011,33,19,step,2.208,1.79069e+09,-3.14692,52,0.258172
2.209,2,-1.5,nan,nan,nan,nan,-1.42119,-0.0436332,-0.0948114,4.32285,5.92011,33,19,step,2.209,1.79069e+09,-3.12437,52,0.258153
2.21,2,-1.5,nan,nan,nan,nan,-1.40991,-0.0767945,-0.0926808,4.32276,5.92011,33,19,step,2.21,1.79069e+09,-3.13564,52,0.258113
2.211,2,-1.5,nan,nan,nan,nan,-1.40991,-0.0767945,-0.102269,4.32276,5.92011,33,19,step,2.211,1.79069e+09,-3.09053,52,0.258063
2.212,2,-1.5,nan,nan,nan,nan,-1.43247,-0.109956,-0.0926808,4.32247,5.92011,33,19,step,2.212,1.79069e+09,-3.16948,52,0.258025
2.213,2,-1.5,nan,nan,nan,nan,-1.43247,-0.109956,-0.107595,4.32247,5.92011,33,19,step,2.213,1.79069e+09,-3.04541,52,0.258005
2.214,2,-1.5,nan,nan,nan,nan,-1.46631,-0.129154,-0.132097,4.32228,5.92011,33,19,step,2.214,1.79069e+09,-3.18076,52,0.257998
2.215,2,-1.5,nan,nan,nan,nan,-1.46631,-0.129154,-0.134227,4.32228,5.92011,33,19,step,2.215,1.79069e+09,-3.13564,52,0.258007
2.216,2,-1.5,nan,nan,nan,nan,-1.46631,-0.136136,-0.145946,4.32199,5.92011,33,19,step,2.216,1.79069e+09,-3.11309,52,0.258002
2.217,2,-1.5,nan,nan,nan,nan,-1.46631,-0.136136,-0.158729,4.32199,5.92011,33,19,step,2.217,1.79069e+09,-3.11309,52,0.257982
2.218,2,-1.5,nan,nan,nan,nan,-1.47759,-0.179769,-0.158729,4.32161,5.92011,33,19,step,2.218,1.79069e+09,-3.13564,52,0.257955
2.219,2,-1.5,nan,nan,nan,nan,-1.47759,-0.179769,-0.17897,4.32161,5.92011,33,19,step,2.219,1.79069e+09,-3.1582,52,0.257944
2.22,2,-1.5,nan,nan,nan,nan,-1.43247,-0.193732,-0.171513,4.32122,5.92011,33,19,step,2.22,1.79069e+09,-3.16948,52,0.257944
2.221,2,-1.5,nan,nan,nan,nan,-1.43247,-0.193732,-0.19708,4.32122,5.92011,33,19,step,2.221,1.79069e+09,-3.13564,52,0.257911
2.222,2,-1.5,nan,nan,nan,nan,-1.50015,-0.223402,-0.193884,4.32084,5.92011,33,19,step,2.222,1.79069e+09,-3.13564,52,0.257883
2.223,2,-1.5,nan,nan,nan,nan,-1.50015,-0.223402,-0.213059,4.32084,5.92011,33,19,step,2.223,1.79069e+09,-3.14692,52,0.257857
2.224,2,-1.5,nan,nan,nan,nan,-1.51143,-0.242601,-0.230104,4.32036,5.92011,33,19,step,2.224,1.79069e+09,-3.14692,52,0.257825
2.225,2,-1.5,nan,nan,nan,nan,-1.51143,-0.242601,-0.219451,4.32036,5.92011,33,19,step,2.225,1.79069e+09,-3.18076,52,0.257776
2.226,2,-1.5,nan,nan,nan,nan,-1.50015,-0.247837,-0.2333,4.31988,5.92011,33,19,step,2.226,1.79069e+09,-3.1582,52,0.257763
2.227,2,-1.5,nan,nan,nan,nan,-1.50015,-0.247837,-0.276977,4.31988,5.92011,33,19,step,2.227,1.79069e+09,-3.20332,52,0.257749
2.228,2,-1.5,nan,nan,nan,nan,-1.45503,-0.268781,-0.26952,4.31931,5.92011,33,19,step,2.228,1.79069e+09,-3.18076,52,0.257761
2.229,2,-1.5,nan,nan,nan,nan,-1.45503,-0.268781,-0.271651,4.31931,5.92011,33,19,step,2.229,1.79069e+09,-3.1582,52,0.257747
2.23,2,-1.5,nan,nan,nan,nan,-1.42119,-0.29147,-0.281238,4.31873,5.92011,33,19,step,2.23,1.79069e+09,-3.13564,52,0.257727
2.231,2,-1.5,nan,nan,nan,nan,-1.42119,-0.29147,-0.270585,4.31873,5.92011,33,19,step,2.231,1.79069e+09,-3.13564,52,0.257702
2.232,2,-1.5,nan,nan,nan,nan,-1.42119,-0.296706,-0.289761,4.31816,5.92011,33,19,step,2.232,1.79069e+09,-3.16948,52,0.257661
2.233,2,-1.5,nan,nan,nan,nan,-1.42119,-0.296706,-0.297218,4.31816,5.92011,33,19,step,2.233,1.79069e+09,-3.20332,52,0.257646
2.234,2,-1.5,nan,nan,nan,nan,-1.43247,-0.296706,-0.292957,4.31758,5.92011,33,19,step,2.234,1.79069e+09,-3.2146,52,0.257631
2.235,2,-1.5,nan,nan,nan,nan,-1.43247,-0.296706,-0.330242,4.31758,5.92011,33,19,step,2.235,1.79069e+09,-3.16948,52,0.257622
2.236,2,-1.5,nan,nan,nan,nan,-1.43247,-0.308923,-0.317458,4.31691,5.92011,33,19,step,2.236,1.79069e+09,-3.16948,52,0.257634
2.237,2,-1.5,nan,nan,nan,nan,-1.43247,-0.308923,-0.306806,4.31691,5.92011,33,19,step,2.237,1.79069e+09,-3.19204,52,0.257616
2.238,2,-1.5,nan,nan,nan,nan,-1.43247,-0.356047,-0.317458,4.31624,5.92011,33,19,step,2.238,1.79069e+09,-3.12437,52,0.257584
2.239,2,-1.5,nan,nan,nan,nan,-1.43247,-0.356047,-0.345156,4.31624,5.92011,33,19,step,2.239,1.79069e+09,-3.20332,52,0.257552
2.24,2,-1.5,nan,nan,nan,nan,-1.44375,-0.392699,-0.343026,4.31547,5.92011,33,19,step,2.24,1.79069e+09,-3.20332,52,0.257509
2.241,2,-1.5,nan,nan,nan,nan,-1.44375,-0.392699,-0.364332,4.31547,5.92011,33,19,step,2.241,1.79069e+09,-3.22588,52,0.257523
2.242,2,-1.5,nan,nan,nan,nan,-1.50015,-0.411898,-0.35794,4.3147,5.92011,33,19,step,2.242,1.79069e+09,-3.22588,52,0.257519
2.243,2,-1.5,nan,nan,nan,nan,-1.50015,-0.411898,-0.36007,4.3147,5.92011,33,19,step,2.243,1.79069e+09,-3.19204,52,0.257511
2.244,2,-1.5,nan,nan,nan,nan,-1.52271,-0.410152,-0.37605,4.31384,5.92011,33,19,step,2.244,1.79069e+09,-3.16948,52,0.257519
2.245,2,-1.5,nan,nan,nan,nan,-1.52271,-0.410152,-0.397356,4.31384,5.92011,33,19,step,2.245,1.79069e+09,-3.14692,52,0.257499
2.246,2,-1.5,nan,nan,nan,nan,-1.55654,-0.392699,-0.399486,4.31298,5.92011,33,19,step,2.246,1.79069e+09,-3.19204,52,0.257464
2.247,2,-1.5,nan,nan,nan,nan,-1.55654,-0.392699,-0.418662,4.31298,5.92011,33,19,step,2.247,1.79069e+09,-3.18076,52,0.257416
2.248,2,-1.5,nan,nan,nan,nan,-1.53398,-0.411898,-0.406943,4.31221,5.92011,33,19,step,2.248,1.79069e+09,-3.22588,52,0.257413
2.249,2,-1.5,nan,nan,nan,nan,-1.53398,-0.411898,-0.404813,4.31221,5.92011,33,19,step,2.249,1.79069e+09,-3.23716,52,0.257437
2.25,2,-1.5,nan,nan,nan,nan,-1.44375,-0.446804,-0.41227,4.31135,5.92011,33,19,step,2.25,1.79069e+09,-3.18076,52,0.257425
2.251,2,-1.5,nan,nan,nan,nan,-1.44375,-0.446804,-0.415466,4.31135,5.92011,33,19,step,2.251,1.79069e+09,-3.16948,52,0.257413
2.252,2,-1.5,nan,nan,nan,nan,-1.44375,-0.455531,-0.417596,4.31049,5.92011,33,19,step,2.252,1.79069e+09,-3.22588,52,0.257375
2.253,2,-1.5,nan,nan,nan,nan,-1.44375,-0.455531,-0.433576,4.31049,5.92011,33,19,step,2.253,1.79069e+09,-3.23716,52,0.25734
2.254,2,-1.5,nan,nan,nan,nan,-1.42119,-0.439823,-0.438902,4.30953,5.92011,33,19,step,2.254,1.79069e+09,-3.23716,52,0.257329
2.255,2,-1.5,nan,nan,nan,nan,-1.42119,-0.439823,-0.449555,4.30953,5.92011,33,19,step,2.255,1.79069e+09,-3.22588,52,0.257316
2.256,2,-1.5,nan,nan,nan,nan,-1.47759,-0.45204,-0.449555,4.30866,5.92011,33,19,step,2.256,1.79069e+09,-3.22588,52,0.257328
2.257,2,-1.5,nan,nan,nan,nan,-1.47759,-0.45204,-0.451686,4.30866,5.92011,33,19,step,2.257,1.79069e+09,-3.22588,52,0.257314
2.258,2,-1.5,nan,nan,nan,nan,-1.48887,-0.509636,-0.445294,4.30771,5.92011,33,19,step,2.258,1.79069e+09,-3.18076,52,0.257306
2.259,2,-1.5,nan,nan,nan,nan,-1.48887,-0.509636,-0.467665,4.30771,5.92011,33,19,step,2.259,1.79069e+09,-3.22588,52,0.257305
2.26,2,-1.5,nan,nan,nan,nan,-1.54526,-0.572468,-0.470861,4.30646,5.92011,33,19,step,2.26,1.79069e+09,-3.2146,52,0.257281
2.261,2,-1.5,nan,nan,nan,nan,-1.54526,-0.572468,-0.472992,4.30646,5.92011,33,19,step,2.261,1.79069e+09,-3.25972,52,0.257267
2.262,2,-1.5,nan,nan,nan,nan,-1.45503,-0.568977,-0.481514,4.30531,5.92011,33,19,step,2.262,1.79069e+09,-3.25972,52,0.257244
2.263,2,-1.5,nan,nan,nan,nan,-1.45503,-0.568977,-0.497494,4.30531,5.92011,33,19,step,2.263,1.79069e+09,-3.23716,52,0.257242
2.264,2,-1.5,nan,nan,nan,nan,-1.43247,-0.546288,-0.514538,4.30425,5.92011,33,19,step,2.264,1.79069e+09,-3.25972,52,0.257239
2.265,2,-1.5,nan,nan,nan,nan,-1.43247,-0.546288,-0.508147,4.30425,5.92011,33,19,step,2.265,1.79069e+09,-3.19204,52,0.257216
2.266,2,-1.5,nan,nan,nan,nan,-1.48887,-0.507891,-0.512408,4.3033,5.92011,33,19,step,2.266,1.79069e+09,-3.23716,52,0.257197
2.267,2,-1.5,nan,nan,nan,nan,-1.48887,-0.507891,-0.519865,4.3033,5.92011,33,19,step,2.267,1.79069e+09,-3.271,52,0.257163
2.268,2,-1.5,nan,nan,nan,nan,-1.51143,-0.488692,-0.53904,4.30234,5.92011,33,19,step,2.268,1.79069e+09,-3.1582,52,0.257149
2.269,2,-1.5,nan,nan,nan,nan,-1.51143,-0.488692,-0.532648,4.30234,5.92011,33,19,step,2.269,1.79069e+09,-3.25972,52,0.257157
2.27,2,-1.5,nan,nan,nan,nan,-1.50015,-0.493928,-0.529453,4.30128,5.92011,33,19,step,2.27,1.79069e+09,-3.24844,52,0.257167
2.271,2,-1.5,nan,nan,nan,nan,-1.50015,-0.493928,-0.543301,4.30128,5.92011,33,19,step,2.271,1.79069e+09,-3.25972,52,0.257185
2.272,2,-1.5,nan,nan,nan,nan,-1.47759,-0.565487,-0.535844,4.30023,5.92011,33,19,step,2.272,1.79069e+09,-3.23716,52,0.257168
2.273,2,-1.5,nan,nan,nan,nan,-1.47759,-0.565487,-0.549693,4.30023,5.92011,33,19,step,2.273,1.79069e+09,-3.24844,52,0.257157
2.274,2,-1.5,nan,nan,nan,nan,-1.50015,-0.638791,-0.549693,4.29898,5.92011,33,19,step,2.274,1.79069e+09,-3.29355,52,0.257171
2.275,2,-1.5,nan,nan,nan,nan,-1.50015,-0.638791,-0.561411,4.29898,5.92011,33,19,step,2.275,1.79069e+09,-3.29355,52,0.257187
2.276,2,-1.5,nan,nan,nan,nan,-1.53398,-0.682424,-0.572064,4.29764,5.92011,33,19,step,2.276,1.79069e+09,-3.22588,52,0.257176
2.277,2,-1.5,nan,nan,nan,nan,-1.53398,-0.682424,-0.562477,4.29764,5.92011,33,19,step,2.277,1.79069e+09,-3.22588,52,0.257172
2.278,2,-1.5,nan,nan,nan,nan,-1.47759,-0.654498,-0.567803,4.2963,5.92011,33,19,step,2.278,1.79069e+09,-3.25972,52,0.257174
2.279,2,-1.5,nan,nan,nan,nan,-1.47759,-0.654498,-0.579522,4.2963,5.92011,33,19,step,2.279,1.79069e+09,-3.25972,52,0.257157
2.28,2,-1.5,nan,nan,nan,nan,-1.50015,-0.58294,-0.585913,4.29505,5.92011,33,19,step,2.28,1.79069e+09,-3.25972,52,0.257097
2.281,2,-1.5,nan,nan,nan,nan,-1.50015,-0.58294,-0.596566,4.29505,5.92011,33,19,step,2.281,1.79069e+09,-3.29355,52,0.257059
2.282,2,-1.5,nan,nan,nan,nan,-1.51143,-0.544543,-0.606154,4.294,5.92011,33,19,step,2.282,1.79069e+09,-3.31611,52,0.257062
2.283,2,-1.5,nan,nan,nan,nan,-1.51143,-0.544543,-0.610415,4.294,5.92011,33,19,step,2.283,1.79069e+09,-3.25972,52,0.257056
2.284,2,-1.5,nan,nan,nan,nan,-1.46631,-0.584685,-0.612546,4.29285,5.92011,33,19,step,2.284,1.79069e+09,-3.271,52,0.25705
2.285,2,-1.5,nan,nan,nan,nan,-1.46631,-0.584685,-0.625329,4.29285,5.92011,33,19,step,2.285,1.79069e+09,-3.24844,52,0.257032
2.286,2,-1.5,nan,nan,nan,nan,-1.48887,-0.69115,-0.622133,4.2915,5.92011,33,19,step,2.286,1.79069e+09,-3.30483,52,0.257019
2.287,2,-1.5,nan,nan,nan,nan,-1.48887,-0.69115,-0.631721,4.2915,5.92011,33,19,step,2.287,1.79069e+09,-3.29355,52,0.257021
2.288,2,-1.5,nan,nan,nan,nan,-1.46631,-0.738274,-0.625329,4.28997,5.92011,33,19,step,2.288,1.79069e+09,-3.30483,52,0.257013
2.289,2,-1.5,nan,nan,nan,nan,-1.46631,-0.738274,-0.640243,4.28997,5.92011,33,19,step,2.289,1.79069e+09,-3.30483,52,0.257025
2.29,2,-1.5,nan,nan,nan,nan,-1.43247,-0.720821,-0.651962,4.28853,5.92011,33,19,step,2.29,1.79069e+09,-3.30483,52,0.25706
2.291,2,-1.5,nan,nan,nan,nan,-1.43247,-0.720821,-0.649831,4.28853,5.92011,33,19,step,2.291,1.79069e+09,-3.25972,52,0.257059
2.292,2,-1.5,nan,nan,nan,nan,-1.45503,-0.647517,-0.650896,4.28719,5.92011,33,19,step,2.292,1.79069e+09,-3.23716,52,0.257042
2.293,2,-1.5,nan,nan,nan,nan,-1.45503,-0.647517,-0.651962,4.28719,5.92011,33,19,step,2.293,1.79069e+09,-3.271,52,0.257015
2.294,2,-1.5,nan,nan,nan,nan,-1.45503,-0.596903,-0.661549,4.28604,5.92011,33,19,step,2.294,1.79069e+09,-3.31611,52,0.256973
2.295,2,-1.5,nan,nan,nan,nan,-1.45503,-0.596903,-0.669006,4.28604,5.92011,33,19,step,2.295,1.79069e+09,-3.32739,52,0.256969
2.296,2,-1.5,nan,nan,nan,nan,-1.48887,-0.656244,-0.672202,4.2847,5.92002,33,19,step,2.296,1.79069e+09,-3.32739,52,0.256961
2.297,2,-1.5,nan,nan,nan,nan,-1.48887,-0.656244,-0.694574,4.2847,5.92002,33,19,step,2.297,1.79069e+09,-3.30483,52,0.256958
2.298,2,-1.5,nan,nan,nan,nan,-1.46631,-0.767945,-0.672202,4.28326,5.92002,33,19,step,2.298,1.79069e+09,-3.30483,52,0.256961
2.299,2,-1.5,nan,nan,nan,nan,-1.46631,-0.767945,-0.702031,4.28326,5.92002,33,19,step,2.299,1.79069e+09,-3.32739,52,0.256965
2.3,2,-1.5,nan,nan,nan,nan,-1.40991,-0.811578,-0.706292,4.28163,5.92002,33,19,step,2.3,1.79069e+09,-3.33867,52,0.256956
2.301,2,-1.5,nan,nan,nan,nan,-1.40991,-0.811578,-0.704161,4.28163,5.92002,33,19,step,2.301,1.79069e+09,-3.33867,52,0.256923
2.302,2,-1.5,nan,nan,nan,nan,-1.43247,-0.783653,-0.712684,4.28,5.92002,33,19,step,2.302,1.79069e+09,-3.33867,52,0.256924
2.303,2,-1.5,nan,nan,nan,nan,-1.43247,-0.783653,-0.735055,4.28,5.92002,33,19,step,2.303,1.79069e+09,-3.33867,52,0.256937
2.304,2,-1.5,nan,nan,nan,nan,-1.44375,-0.726057,-0.747838,4.27856,5.92002,33,19,step,2.304,1.79069e+09,-3.32739,52,0.256956
2.305,2,-1.5,nan,nan,nan,nan,-1.44375,-0.726057,-0.737185,4.27856,5.92002,33,19,step,2.305,1.79069e+09,-3.29355,52,0.256949
2.306,2,-1.5,nan,nan,nan,nan,-1.51143,-0.708604,-0.73399,4.27712,5.92002,33,19,step,2.306,1.79069e+09,-3.32739,52,0.256862
2.307,2,-1.5,nan,nan,nan,nan,-1.51143,-0.708604,-0.731859,4.27712,5.92002,33,19,step,2.307,1.79069e+09,-3.32739,52,0.256862
2.308,2,-1.5,nan,nan,nan,nan,-1.50015,-0.801106,-0.742512,4.27559,5.92002,33,19,step,2.308,1.79069e+09,-3.40635,52,0.256811
2.309,2,-1.5,nan,nan,nan,nan,-1.50015,-0.801106,-0.744643,4.27559,5.92002,33,19,step,2.309,1.79069e+09,-3.36123,52,0.256801
2.31,2,-1.5,nan,nan,nan,nan,-1.51143,-0.84823,-0.749969,4.27377,5.92002,33,19,step,2.31,1.79069e+09,-3.271,52,0.256817
2.311,2,-1.5,nan,nan,nan,nan,-1.51143,-0.84823,-0.758491,4.27377,5.92002,33,19,step,2.311,1.79069e+09,-3.271,52,0.256813
2.312,2,-1.5,nan,nan,nan,nan,-1.47759,-0.816814,-0.77234,4.27223,5.92002,33,19,step,2.312,1.79069e+09,-3.34995,52,0.256822
2.313,2,-1.5,nan,nan,nan,nan,-1.47759,-0.816814,-0.77234,4.27223,5.92002,33,19,step,2.313,1.79069e+09,-3.39507,52,0.256806
2.314,2,-1.5,nan,nan,nan,nan,-1.51143,-0.755728,-0.784059,4.2707,5.92002,33,19,step,2.314,1.79069e+09,-3.33867,52,0.25679
2.315,2,-1.5,nan,nan,nan,nan,-1.51143,-0.755728,-0.785124,4.2707,5.92002,33,19,step,2.315,1.79069e+09,-3.39507,52,0.256786
2.316,2,-1.5,nan,nan,nan,nan,-1.51143,-0.813323,-0.801103,4.26907,5.92002,33,19,step,2.316,1.79069e+09,-3.38379,52,0.25676
2.317,2,-1.5,nan,nan,nan,nan,-1.51143,-0.813323,-0.791516,4.26907,5.92002,33,19,step,2.317,1.79069e+09,-3.38379,52,0.256758
2.318,2,-1.5,nan,nan,nan,nan,-1.51143,-0.890118,-0.812822,4.26734,5.92002,33,19,step,2.318,1.79069e+09,-3.38379,52,0.256761
2.319,2,-1.5,nan,nan,nan,nan,-1.51143,-0.890118,-0.816017,4.26734,5.92002,33,19,step,2.319,1.79069e+09,-3.38379,52,0.256761
2.32,2,-1.5,nan,nan,nan,nan,-1.45503,-0.907571,-0.807495,4.26552,5.92002,33,19,step,2.32,1.79069e+09,-3.36123,52,0.256767
2.321,2,-1.5,nan,nan,nan,nan,-1.45503,-0.907571,-0.793646,4.26552,5.92002,33,19,step,2.321,1.79069e+09,-3.40635,52,0.256702
2.322,2,-1.5,nan,nan,nan,nan,-1.53398,-0.82205,-0.830932,4.2638,5.92002,33,19,step,2.322,1.79069e+09,-3.38379,52,0.256689
2.323,2,-1.5,nan,nan,nan,nan,-1.53398,-0.82205,-0.84478,4.2638,5.92002,33,19,step,2.323,1.79069e+09,-3.32739,52,0.256666
2.324,2,-1.5,nan,nan,nan,nan,-1.55654,-0.790634,-0.822409,4.26226,5.92002,33,19,step,2.324,1.79069e+09,-3.42891,52,0.256663
2.325,2,-1.5,nan,nan,nan,nan,-1.55654,-0.790634,-0.82667,4.26226,5.92002,33,19,step,2.325,1.79069e+09,-3.41763,52,0.256666
2.326,2,-1.5,nan,nan,nan,nan,-1.55654,-0.881391,-0.843715,4.26054,5.92002,33,19,step,2.326,1.79069e+09,-3.41763,52,0.256659
2.327,2,-1.5,nan,nan,nan,nan,-1.55654,-0.881391,-0.86076,4.26054,5.92002,33,19,step,2.327,1.79069e+09,-3.41763,52,0.256671
2.328,2,-1.5,nan,nan,nan,nan,-1.31968,-0.963422,-0.86076,4.25852,5.92002,33,19,step,2.328,1.79069e+09,-3.30483,52,0.256681
2.329,2,-1.5,nan,nan,nan,nan,-1.31968,-0.963422,-0.841585,4.25852,5.92002,33,19,step,2.329,1.79069e+09,-3.40635,52,0.256704
2.33,2,-1.5,nan,nan,nan,nan,-1.50015,-0.940732,-0.850107,4.2567,5.92002,33,19,step,2.33,1.79069e+09,-3.42891,52,0.256717
2.331,2,-1.5,nan,nan,nan,nan,-1.50015,-0.940732,-0.874609,4.2567,5.92002,33,19,step,2.331,1.79069e+09,-3.28228,52,0.256735
2.332,2,-1.5,nan,nan,nan,nan,-1.52271,-0.858702,-0.875674,4.25498,5.92002,33,19,step,2.332,1.79069e+09,-3.40635,52,0.256731
2.333,2,-1.5,nan,nan,nan,nan,-1.52271,-0.858702,-0.891654,4.25498,5.92002,33,19,step,2.333,1.79069e+09,-3.40635,52,0.256712
2.334,2,-1.5,nan,nan,nan,nan,-1.51143,-0.942478,-0.881001,4.25306,5.92002,33,19,step,2.334,1.79069e+09,-3.32739,52,0.256695
2.335,2,-1.5,nan,nan,nan,nan,-1.51143,-0.942478,-0.861825,4.25306,5.92002,33,19,step,2.335,1.79069e+09,-3.31611,52,0.256673
2.336,2,-1.5,nan,nan,nan,nan,-1.40991,-1.04371,-0.889523,4.25095,5.91992,33,19,step,2.336,1.79069e+09,-3.44019,52,0.256659
2.337,2,-1.5,nan,nan,nan,nan,-1.40991,-1.04371,-0.899111,4.25095,5.91992,33,19,step,2.337,1.79069e+09,-3.46274,52,0.256673
2.338,2,-1.5,nan,nan,nan,nan,-1.51143,-0.987856,-0.899111,4.24894,5.91992,33,19,step,2.338,1.79069e+09,-3.44019,52,0.256688
2.339,2,-1.5,nan,nan,nan,nan,-1.51143,-0.987856,-0.885262,4.24894,5.91992,33,19,step,2.339,1.79069e+09,-3.42891,52,0.256692
2.34,2,-1.5,nan,nan,nan,nan,-1.54526,-0.832522,-0.901241,4.24731,5.91992,33,19,step,2.34,1.79069e+09,-3.42891,52,0.256713
2.341,2,-1.5,nan,nan,nan,nan,-1.54526,-0.832522,-0.914025,4.24731,5.91992,33,19,step,2.341,1.79069e+09,-3.33867,52,0.25672
2.342,2,-1.5,nan,nan,nan,nan,-1.48887,-0.909317,-0.920417,4.24548,5.91992,33,19,step,2.342,1.79069e+09,-3.42891,52,0.256718
2.343,2,-1.5,nan,nan,nan,nan,-1.48887,-0.909317,-0.903372,4.24548,5.91992,33,19,step,2.343,1.79069e+09,-3.31611,52,0.25671
2.344,2,-1.5,nan,nan,nan,nan,-1.35352,-1.07512,-0.925743,4.24337,5.91992,33,19,step,2.344,1.79069e+09,-3.44019,52,0.256705
2.345,2,-1.5,nan,nan,nan,nan,-1.35352,-1.07512,-0.943853,4.24337,5.91992,33,19,step,2.345,1.79069e+09,-3.49658,52,0.256705
2.346,2,-1.5,nan,nan,nan,nan,-1.45503,-1.05418,-0.928939,4.24127,5.91992,33,19,step,2.346,1.79069e+09,-3.47402,52,0.256708
2.347,2,-1.5,nan,nan,nan,nan,-1.45503,-1.05418,-0.941723,4.24127,5.91992,33,19,step,2.347,1.79069e+09,-3.45146,52,0.256704
2.348,2,-1.5,nan,nan,nan,nan,-1.55654,-0.914553,-0.938527,4.23935,5.91992,33,19,step,2.348,1.79069e+09,-3.36123,52,0.256694
2.349,2,-1.5,nan,nan,nan,nan,-1.55654,-0.914553,-0.94918,4.23935,5.91992,33,19,step,2.349,1.79069e+09,-3.36123,52,0.256673
2.35,2,-1.5,nan,nan,nan,nan,-1.44375,-0.935496,-0.972616,4.23753,5.91982,33,19,step,2.35,1.79069e+09,-3.38379,52,0.256666
2.351,2,-1.5,nan,nan,nan,nan,-1.44375,-0.935496,-0.976877,4.23753,5.91982,33,19,step,2.351,1.79069e+09,-3.49658,52,0.256662
2.352,2,-1.5,nan,nan,nan,nan,-1.34224,-1.05592,-0.963028,4.23542,5.91982,33,19,step,2.352,1.79069e+09,-3.34995,52,0.256657
2.353,2,-1.5,nan,nan,nan,nan,-1.34224,-1.05592,-0.964094,4.23542,5.91982,33,19,step,2.353,1.79069e+09,-3.36123,52,0.256655
2.354,2,-1.5,nan,nan,nan,nan,-1.5791,-1.02451,-0.972616,4.2334,5.91982,33,19,step,2.354,1.79069e+09,-3.38379,52,0.256665
2.355,2,-1.5,nan,nan,nan,nan,-1.5791,-1.02451,-0.977943,4.2334,5.91982,33,19,step,2.355,1.79069e+09,-3.41763,52,0.256677
2.356,2,-1.5,nan,nan,nan,nan,-1.64678,-0.921534,-0.9854,4.23149,5.91982,33,19,step,2.356,1.79069e+09,-3.40635,52,0.256683
2.357,2,-1.5,nan,nan,nan,nan,-1.64678,-0.921534,-0.983269,4.23149,5.91982,33,19,step,2.357,1.79069e+09,-3.39507,52,0.256683
2.358,2,-1.5,nan,nan,nan,nan,-1.45503,-1.02625,-1.00671,4.22947,5.91982,33,19,step,2.358,1.79069e+09,-3.36123,52,0.256702
2.359,2,-1.5,nan,nan,nan,nan,-1.45503,-1.02625,-0.989661,4.22947,5.91982,33,19,step,2.359,1.79069e+09,-3.38379,52,0.256704
2.36,2,-1.5,nan,nan,nan,nan,-1.46631,-1.14319,-0.993922,4.22727,5.91982,33,19,step,2.36,1.79069e+09,-3.37251,52,0.256681
2.361,2,-1.5,nan,nan,nan,nan,-1.46631,-1.14319,-1.00351,4.22727,5.91982,33,19,step,2.361,1.79069e+09,-3.40635,52,0.256658
2.362,2,-1.5,nan,nan,nan,nan,-1.53398,-1.09607,-1.0344,4.22497,5.91982,33,19,step,2.362,1.79069e+09,-3.44019,52,0.256659
2.363,2,-1.5,nan,nan,nan,nan,-1.53398,-1.09607,-1.03547,4.22497,5.91982,33,19,step,2.363,1.79069e+09,-3.56426,52,0.256669
2.364,2,-1.5,nan,nan,nan,nan,-1.5791,-1.01578,-1.01629,4.22295,5.91982,33,19,step,2.364,1.79069e+09,-3.39507,52,0.256643
2.365,2,-1.5,nan,nan,nan,nan,-1.5791,-1.01578,-1.02482,4.22295,5.91973,33,19,step,2.365,1.79069e+09,-3.41763,52,0.256647
2.366,2,-1.5,nan,nan,nan,nan,-1.43247,-1.0472,-1.02801,4.22084,5.91973,33,19,step,2.366,1.79069e+09,-3.42891,52,0.256663
2.367,2,-1.5,nan,nan,nan,nan,-1.43247,-1.0472,-1.03973,4.22084,5.91973,33,19,step,2.367,1.79069e+09,-3.39507,52,0.25663
2.368,2,-1.5,nan,nan,nan,nan,-1.40991,-1.06989,-1.04932,4.21873,5.91973,33,19,step,2.368,1.79069e+09,-3.40635,52,0.256618
2.369,2,-1.5,nan,nan,nan,nan,-1.40991,-1.06989,-1.04186,4.21873,5.91973,33,19,step,2.369,1.79069e+09,-3.47402,52,0.256612
2.37,2,-1.5,nan,nan,nan,nan,-1.47759,-1.08385,-1.07275,4.21653,5.91973,33,19,step,2.37,1.79069e+09,-3.44019,52,0.256625
2.371,2,-1.5,nan,nan,nan,nan,-1.47759,-1.08385,-1.06743,4.21653,5.91973,33,19,step,2.371,1.79069e+09,-3.42891,52,0.256639
2.372,2,-1.5,nan,nan,nan,nan,-1.40991,-1.14319,-1.05784,4.21432,5.91973,33,19,step,2.372,1.79069e+09,-3.42891,52,0.256639
2.373,2,-1.5,nan,nan,nan,nan,-1.40991,-1.14319,-1.08021,4.21432,5.91973,33,19,step,2.373,1.79069e+09,-3.44019,52,0.256644
2.374,2,-1.5,nan,nan,nan,nan,-1.37607,-1.15366,-1.0653,4.21202,5.91973,33,19,step,2.374,1.79069e+09,-3.44019,52,0.256657
2.375,2,-1.5,nan,nan,nan,nan,-1.37607,-1.15366,-1.08128,4.21202,5.91973,33,19,step,2.375,1.79069e+09,-3.46274,52,0.25666
2.376,2,-1.5,nan,nan,nan,nan,-1.44375,-1.06465,-1.0898,4.20982,5.91963,33,19,step,2.376,1.79069e+09,-3.45146,52,0.256652
2.377,2,-1.5,nan,nan,nan,nan,-1.44375,-1.06465,-1.07169,4.20982,5.91963,33,19,step,2.377,1.79069e+09,-3.45146,52,0.256668
2.378,2,-1.5,nan,nan,nan,nan,-1.55654,-1.09607,-1.09299,4.20771,5.91963,33,19,step,2.378,1.79069e+09,-3.46274,52,0.256693
2.379,2,-1.5,nan,nan,nan,nan,-1.55654,-1.09607,-1.09193,4.20771,5.91963,33,19,step,2.379,1.79069e+09,-3.42891,52,0.256673
2.38,2,-1.5,nan,nan,nan,nan,-1.35352,-1.18857,-1.07915,4.20531,5.91963,33,19,step,2.38,1.79069e+09,-3.51914,52,0.256649
2.381,2,-1.5,nan,nan,nan,nan,-1.35352,-1.18857,-1.10152,4.20531,5.91963,33,19,step,2.381,1.79069e+09,-3.58682,52,0.256646
2.382,2,-1.5,nan,nan,nan,nan,-1.43247,-1.17461,-1.11004,4.20301,5.91963,33,19,step,2.382,1.79069e+09,-3.58682,52,0.256631
2.383,2,-1.5,nan,nan,nan,nan,-1.43247,-1.17461,-1.10897,4.20301,5.91963,33,19,step,2.383,1.79069e+09,-3.57554,52,0.256652
2.384,2,-1.5,nan,nan,nan,nan,-1.50015,-1.16937,-1.10578,4.20061,5.91954,33,19,step,2.384,1.79069e+09,-3.50786,52,0.25667
2.385,2,-1.5,nan,nan,nan,nan,-1.50015,-1.16937,-1.10684,4.20061,5.91954,33,19,step,2.385,1.79069e+09,-3.5417,52,0.256672
2.386,2,-1.5,nan,nan,nan,nan,-1.39863,-1.27235,-1.13774,4.19812,5.91954,33,19,step,2.386,1.79069e+09,-3.46274,52,0.256681
2.387,2,-1.5,nan,nan,nan,nan,-1.39863,-1.27235,-1.13561,4.19812,5.91954,33,19,step,2.387,1.79069e+09,-3.4853,52,0.256683
2.388,2,-1.5,nan,nan,nan,nan,-1.54526,-1.20428,-1.13667,4.19573,5.91954,33,19,step,2.388,1.79069e+09,-3.60938,52,0.256688
2.389,2,-1.5,nan,nan,nan,nan,-1.54526,-1.20428,-1.13987,4.19573,5.91954,33,19,step,2.389,1.79069e+09,-3.58682,52,0.256689
2.39,2,-1.5,nan,nan,nan,nan,-1.66934,-1.12225,-1.14732,4.19342,5.91954,33,19,step,2.39,1.79069e+09,-3.63193,52,0.256684
2.391,2,-1.5,nan,nan,nan,nan,-1.66934,-1.12225,-1.142,4.19342,5.91944,33,19,step,2.391,1.79069e+09,-3.64321,52,0.256691
2.392,2,-1.5,nan,nan,nan,nan,-1.48887,-1.20602,-1.16224,4.19103,5.91944,33,19,step,2.392,1.79069e+09,-3.4853,52,0.256692
2.393,2,-1.5,nan,nan,nan,nan,-1.48887,-1.20602,-1.15691,4.19103,5.91944,33,19,step,2.393,1.79069e+09,-3.5981,52,0.256708
2.394,2,-1.5,nan,nan,nan,nan,-1.43247,-1.26362,-1.14946,4.18853,5.91944,33,19,step,2.394,1.79069e+09,-3.60938,52,0.256707
2.395,2,-1.5,nan,nan,nan,nan,-1.43247,-1.26362,-1.16117,4.18853,5.91944,33,19,step,2.395,1.79069e+09,-3.60938,52,0.256695
2.396,2,-1.5,nan,nan,nan,nan,-1.65806,-1.17286,-1.18568,4.18614,5.91944,33,19,step,2.396,1.79069e+09,-3.49658,52,0.256702
2.397,2,-1.5,nan,nan,nan,nan,-1.65806,-1.17286,-1.17715,4.18614,5.91944,33,19,step,2.397,1.79069e+09,-3.64321,52,0.256723
2.398,2,-1.5,nan,nan,nan,nan,-1.52271,-1.17635,-1.17609,4.18384,5.91944,33,19,step,2.398,1.79069e+09,-3.64321,52,0.256739
2.399,2,-1.5,nan,nan,nan,nan,-1.52271,-1.17635,-1.18674,4.18384,5.91944,33,19,step,2.399,1.79069e+09,-3.46274,52,0.256772
2.4,2,1.5,nan,nan,nan,nan,-1.46631,-1.23569,-1.20059,4.18134,5.91944,33,19,step,2.4,1.79069e+09,-3.5981,52,0.256773
2.401,2,1.5,nan,nan,nan,nan,-1.46631,-1.23569,-1.1942,4.18134,5.91944,33,19,step,2.401,1.79069e+09,-3.62065,52,0.256778
2.402,2,1.5,nan,nan,nan,nan,-1.56782,-1.17286,-1.1942,4.17895,5.91944,33,19,step,2.402,1.79069e+09,-3.65449,52,0.256786
2.403,2,1.5,nan,nan,nan,nan,-1.56782,-1.17286,-1.19846,4.17895,5.91944,33,19,step,2.403,1.79069e+09,-3.64321,52,0.256787
2.404,2,1.5,nan,nan,nan,nan,-0.0225586,-1.01927,-1.20592,4.17684,5.91934,33,19,step,2.404,1.79069e+09,-3.49658,52,0.256801
2.405,2,1.5,nan,nan,nan,nan,-0.0225586,-1.01927,-1.19633,4.17684,5.91934,33,19,step,2.405,1.79069e+09,-3.64321,52,0.256835
2.406,2,1.5,nan,nan,nan,nan,0.0451172,-0.726057,-1.19739,4.1753,5.91934,33,19,step,2.406,1.79069e+09,-3.64321,52,0.256873
2.407,2,1.5,nan,nan,nan,nan,0.0451172,-0.726057,-1.19207,4.1753,5.91934,33,19,step,2.407,1.79069e+09,-3.62065,52,0.256862
2.408,2,1.5,nan,nan,nan,nan,0.236865,-0.726057,-1.20165,4.17387,5.91934,33,19,step,2.408,1.79069e+09,-3.62065,52,0.256869
2.409,2,1.5,nan,nan,nan,nan,0.236865,-0.726057,-1.20272,4.17387,5.91934,33,19,step,2.409,1.79069e+09,-3.5981,52,0.256899
2.41,2,1.5,nan,nan,nan,nan,0.688037,-0.666716,-1.19526,4.17252,5.91934,33,19,step,2.41,1.79069e+09,-3.50786,52,0.256942
2.411,2,1.5,nan,nan,nan,nan,0.688037,-0.666716,-1.20485,4.17252,5.91925,33,19,step,2.411,1.79069e+09,-3.65449,52,0.256993
2.412,2,1.5,nan,nan,nan,nan,1.06025,-0.731293,-1.18461,4.17109,5.91925,33,19,step,2.412,1.79069e+09,-3.67705,52,0.257059
2.413,2,1.5,nan,nan,nan,nan,1.06025,-0.731293,-1.16117,4.17109,5.91925,33,19,step,2.413,1.79069e+09,-3.60938,52,0.257108
2.414,2,1.5,nan,nan,nan,nan,1.42119,-1.09083,-1.13667,4.16898,5.91925,33,19,step,2.414,1.79069e+09,-3.64321,52,0.257145
2.415,2,1.5,nan,nan,nan,nan,1.42119,-1.09083,-1.12069,4.16898,5.91925,33,19,step,2.415,1.79069e+09,-3.64321,52,0.257219
2.416,2,1.5,nan,nan,nan,nan,1.39863,-1.33692,-1.11324,4.1662,5.91925,33,19,step,2.416,1.79069e+09,-3.65449,52,0.257287
2.417,2,1.5,nan,nan,nan,nan,1.39863,-1.33692,-1.1111,4.1662,5.91925,33,19,step,2.417,1.79069e+09,-3.67705,52,0.257341
2.418,2,1.5,nan,nan,nan,nan,1.61294,-1.30725,-1.08873,4.16361,5.91925,33,19,step,2.418,1.79069e+09,-3.68833,52,0.25745
2.419,2,1.5,nan,nan,nan,nan,1.61294,-1.30725,-1.09726,4.16361,5.91925,33,19,step,2.419,1.79069e+09,-3.66577,52,0.25753
2.42,2,1.5,nan,nan,nan,nan,1.40991,-1.08909,-1.0653,4.16131,5.91925,33,19,step,2.42,1.79069e+09,-3.60938,52,0.257603
2.421,2,1.5,nan,nan,nan,nan,1.40991,-1.08909,-1.03334,4.16131,5.91915,33,19,step,2.421,1.79069e+09,-3.62065,52,0.257641
2.422,2,1.5,nan,nan,nan,nan,1.34224,-0.949459,-1.03973,4.15948,5.91915,33,19,step,2.422,1.79069e+09,-3.63193,52,0.25766
2.423,2,1.5,nan,nan,nan,nan,1.34224,-0.949459,-1.03227,4.15948,5.91915,33,19,step,2.423,1.79069e+09,-3.65449,52,0.257688
2.424,2,1.5,nan,nan,nan,nan,1.47759,-0.947714,-1.02801,4.15747,5.91915,33,19,step,2.424,1.79069e+09,-3.67705,52,0.257722
2.425,2,1.5,nan,nan,nan,nan,1.47759,-0.947714,-1.01203,4.15747,5.91915,33,19,step,2.425,1.79069e+09,-3.66577,52,0.2578
2.426,2,1.5,nan,nan,nan,nan,1.54526,-0.980875,-0.999249,4.15565,5.91906,33,19,step,2.426,1.79069e+09,-3.62065,52,0.257899
2.427,2,1.5,nan,nan,nan,nan,1.54526,-0.980875,-0.990726,4.15565,5.91906,33,19,step,2.427,1.79069e+09,-3.60938,52,0.257967
2.428,2,1.5,nan,nan,nan,nan,1.45503,-0.965167,-0.966224,4.15373,5.91906,33,19,step,2.428,1.79069e+09,-3.5981,52,0.258034
2.429,2,1.5,nan,nan,nan,nan,1.45503,-0.965167,-0.940657,4.15373,5.91906,33,19,step,2.429,1.79069e+09,-3.60938,52,0.258088
2.43,2,1.5,nan,nan,nan,nan,1.47759,-0.97913,-0.938527,4.15181,5.91906,33,19,step,2.43,1.79069e+09,-3.62065,52,0.258148
2.431,2,1.5,nan,nan,nan,nan,1.47759,-0.97913,-0.923612,4.15181,5.91906,33,19,step,2.431,1.79069e+09,-3.63193,52,0.25821
2.432,2,1.5,nan,nan,nan,nan,1.55654,-0.998328,-0.908698,4.1498,5.91906,33,19,step,2.432,1.79069e+09,-3.62065,52,0.25826
2.433,2,1.5,nan,nan,nan,nan,1.55654,-0.998328,-0.87887,4.1498,5.91906,33,19,step,2.433,1.79069e+09,-3.60938,52,0.258302
2.434,2,1.5,nan,nan,nan,nan,1.5791,-0.970403,-0.899111,4.14779,5.91906,33,19,step,2.434,1.79069e+09,-3.62065,52,0.258326
2.435,2,1.5,nan,nan,nan,nan,1.5791,-0.970403,-0.895915,4.14779,5.91906,33,19,step,2.435,1.79069e+09,-3.62065,52,0.258405
2.436,2,1.5,nan,nan,nan,nan,1.42119,-0.876155,-0.856499,4.14606,5.91906,33,19,step,2.436,1.79069e+09,-3.62065,52,0.258475
2.437,2,1.5,nan,nan,nan,nan,1.42119,-0.876155,-0.834128,4.14606,5.91896,33,19,step,2.437,1.79069e+09,-3.62065,52,0.258493
2.438,2,1.5,nan,nan,nan,nan,1.46631,-0.829031,-0.833062,4.14434,5.91896,33,19,step,2.438,1.79069e+09,-3.65449,52,0.258544
2.439,2,1.5,nan,nan,nan,nan,1.46631,-0.829031,-0.833062,4.14434,5.91896,33,19,step,2.439,1.79069e+09,-3.66577,52,0.258609
2.44,2,1.5,nan,nan,nan,nan,1.51143,-0.802851,-0.805364,4.14271,5.91896,33,19,step,2.44,1.79069e+09,-3.60938,52,0.258673
2.441,2,1.5,nan,nan,nan,nan,1.51143,-0.802851,-0.800038,4.14271,5.91896,33,19,step,2.441,1.79069e+09,-3.57554,52,0.258718
2.442,2,1.5,nan,nan,nan,nan,1.45503,-0.79587,-0.803234,4.14117,5.91886,33,19,step,2.442,1.79069e+09,-3.5981,52,0.25873
2.443,2,1.5,nan,nan,nan,nan,1.45503,-0.79587,-0.798973,4.14117,5.91886,33,19,step,2.443,1.79069e+09,-3.62065,52,0.258772
2.444,2,1.5,nan,nan,nan,nan,1.51143,-0.773181,-0.777667,4.13954,5.91886,33,19,step,2.444,1.79069e+09,-3.66577,52,0.258831
2.445,2,1.5,nan,nan,nan,nan,1.51143,-0.773181,-0.760622,4.13954,5.91886,33,19,step,2.445,1.79069e+09,-3.65449,52,0.258862
2.446,2,1.5,nan,nan,nan,nan,1.45503,-0.778417,-0.753165,4.13801,5.91886,33,19,step,2.446,1.79069e+09,-3.64321,52,0.258905
2.447,2,1.5,nan,nan,nan,nan,1.45503,-0.778417,-0.744643,4.13801,5.91886,33,19,step,2.447,1.79069e+09,-3.65449,52,0.258936
2.448,2,1.5,nan,nan,nan,nan,1.44375,-0.774926,-0.716945,4.13648,5.91886,33,19,step,2.448,1.79069e+09,-3.64321,52,0.258972
2.449,2,1.5,nan,nan,nan,nan,1.44375,-0.774926,-0.706292,4.13648,5.91886,33,19,step,2.449,1.79069e+09,-3.62065,52,0.259002
2.45,2,1.5,nan,nan,nan,nan,1.46631,-0.701622,-0.687117,4.13504,5.91886,33,19,step,2.45,1.79069e+09,-3.64321,52,0.259032
2.451,2,1.5,nan,nan,nan,nan,1.46631,-0.701622,-0.693508,4.13504,5.91886,33,19,step,2.451,1.79069e+09,-3.65449,52,0.259057
2.452,2,1.5,nan,nan,nan,nan,1.46631,-0.631809,-0.678594,4.13379,5.91886,33,19,step,2.452,1.79069e+09,-3.60938,52,0.259065
2.453,2,1.5,nan,nan,nan,nan,1.46631,-0.631809,-0.661549,4.13379,5.91886,33,19,step,2.453,1.79069e+09,-3.64321,52,0.259106
2.454,2,1.5,nan,nan,nan,nan,1.42119,-0.568977,-0.647701,4.13264,5.91886,33,19,step,2.454,1.79069e+09,-3.64321,52,0.259156
2.455,2,1.5,nan,nan,nan,nan,1.42119,-0.568977,-0.62746,4.13264,5.91877,33,19,step,2.455,1.79069e+09,-3.63193,52,0.259179
2.456,2,1.5,nan,nan,nan,nan,1.40991,-0.589921,-0.641309,4.13139,5.91877,33,19,step,2.456,1.79069e+09,-3.65449,52,0.259198
2.457,2,1.5,nan,nan,nan,nan,1.40991,-0.589921,-0.632786,4.13139,5.91877,33,19,step,2.457,1.79069e+09,-3.65449,52,0.259217
2.458,2,1.5,nan,nan,nan,nan,1.40991,-0.647517,-0.607219,4.13015,5.91877,33,19,step,2.458,1.79069e+09,-3.67705,52,0.25928
2.459,2,1.5,nan,nan,nan,nan,1.40991,-0.647517,-0.600827,4.13015,5.91877,33,19,step,2.459,1.79069e+09,-3.67705,52,0.259364
2.46,2,1.5,nan,nan,nan,nan,1.38735,-0.616101,-0.577391,4.1289,5.91877,33,19,step,2.46,1.79069e+09,-3.62065,52,0.25942
2.461,2,1.5,nan,nan,nan,nan,1.38735,-0.616101,-0.561411,4.1289,5.91877,33,19,step,2.461,1.79069e+09,-3.57554,52,0.25947
2.462,2,1.5,nan,nan,nan,nan,1.51143,-0.535816,-0.551824,4.12775,5.91877,33,19,step,2.462,1.79069e+09,-3.60938,52,0.259513
2.463,2,1.5,nan,nan,nan,nan,1.51143,-0.535816,-0.533714,4.12775,5.91877,33,19,step,2.463,1.79069e+09,-3.60938,52,0.259506
2.464,2,1.5,nan,nan,nan,nan,1.45503,-0.479966,-0.5188,4.12679,5.91877,33,19,step,2.464,1.79069e+09,-3.62065,52,0.259497
2.465,2,1.5,nan,nan,nan,nan,1.45503,-0.479966,-0.515604,4.12679,5.91877,33,19,step,2.465,1.79069e+09,-3.64321,52,0.259497
2.466,2,1.5,nan,nan,nan,nan,1.45503,-0.450295,-0.492167,4.12593,5.91877,33,19,step,2.466,1.79069e+09,-3.66577,52,0.259532
2.467,2,1.5,nan,nan,nan,nan,1.45503,-0.450295,-0.492167,4.12593,5.91877,33,19,step,2.467,1.79069e+09,-3.64321,52,0.259573
2.468,2,1.5,nan,nan,nan,nan,1.43247,-0.455531,-0.465535,4.12497,5.91877,33,19,step,2.468,1.79069e+09,-3.63193,52,0.259597
2.469,2,1.5,nan,nan,nan,nan,1.43247,-0.455531,-0.455947,4.12497,5.91877,33,19,step,2.469,1.79069e+09,-3.60938,52,0.259639
2.47,2,1.5,nan,nan,nan,nan,1.40991,-0.479966,-0.465535,4.12401,5.91877,33,19,step,2.47,1.79069e+09,-3.64321,52,0.259654
2.471,2,1.5,nan,nan,nan,nan,1.40991,-0.479966,-0.426119,4.12401,5.91877,33,19,step,2.471,1.79069e+09,-3.67705,52,0.259719
2.472,2,1.5,nan,nan,nan,nan,1.38735,-0.490438,-0.419727,4.12305,5.91877,33,19,step,2.472,1.79069e+09,-3.67705,52,0.259796
2.473,2,1.5,nan,nan,nan,nan,1.38735,-0.490438,-0.403748,4.12305,5.91877,33,19,step,2.473,1.79069e+09,-3.65449,52,0.259836
2.474,2,1.5,nan,nan,nan,nan,1.37607,-0.446804,-0.410139,4.12219,5.91877,33,19,step,2.474,1.79069e+09,-3.57554,52,0.259884
2.475,2,1.5,nan,nan,nan,nan,1.37607,-0.446804,-0.395225,4.12219,5.91877,33,19,step,2.475,1.79069e+09,-3.57554,52,0.259916
2.476,2,1.5,nan,nan,nan,nan,1.35352,-0.371755,-0.380311,4.12142,5.91877,33,19,step,2.476,1.79069e+09,-3.65449,52,0.259955
2.477,2,1.5,nan,nan,nan,nan,1.35352,-0.371755,-0.346222,4.12142,5.91877,33,19,step,2.477,1.79069e+09,-3.58682,52,0.259978
2.478,2,1.5,nan,nan,nan,nan,1.39863,-0.315905,-0.344091,4.12075,5.91877,33,19,step,2.478,1.79069e+09,-3.60938,52,0.259985
2.479,2,1.5,nan,nan,nan,nan,1.39863,-0.315905,-0.331307,4.12075,5.91877,33,19,step,2.479,1.79069e+09,-3.62065,52,0.260021
2.48,2,1.5,nan,nan,nan,nan,1.43247,-0.286234,-0.306806,4.12018,5.91877,33,19,step,2.48,1.79069e+09,-3.5981,52,0.260076
2.481,2,1.5,nan,nan,nan,nan,1.43247,-0.286234,-0.295087,4.12018,5.91877,33,19,step,2.481,1.79069e+09,-3.62065,52,0.260107
2.482,2,1.5,nan,nan,nan,nan,1.45503,-0.274017,-0.283369,4.1196,5.91877,33,19,step,2.482,1.79069e+09,-3.5417,52,0.260143
2.483,2,1.5,nan,nan,nan,nan,1.45503,-0.274017,-0.282304,4.1196,5.91877,33,19,step,2.483,1.79069e+09,-3.57554,52,0.260162
2.484,2,1.5,nan,nan,nan,nan,1.46631,-0.256563,-0.272716,4.11903,5.91877,33,19,step,2.484,1.79069e+09,-3.5981,52,0.260197
2.485,2,1.5,nan,nan,nan,nan,1.46631,-0.256563,-0.260998,4.11903,5.91877,33,19,step,2.485,1.79069e+09,-3.60938,52,0.260241
2.486,2,1.5,nan,nan,nan,nan,1.48887,-0.232129,-0.246084,4.11855,5.91877,33,19,step,2.486,1.79069e+09,-3.63193,52,0.260267
2.487,2,1.5,nan,nan,nan,nan,1.48887,-0.232129,-0.221582,4.11855,5.91877,33,19,step,2.487,1.79069e+09,-3.58682,52,0.260345
2.488,2,1.5,nan,nan,nan,nan,1.45503,-0.211185,-0.217321,4.11816,5.91877,33,19,step,2.488,1.79069e+09,-3.55298,52,0.260401
2.489,2,1.5,nan,nan,nan,nan,1.45503,-0.211185,-0.198145,4.11816,5.91877,33,19,step,2.489,1.79069e+09,-3.5417,52,0.260446
2.49,2,1.5,nan,nan,nan,nan,1.46631,-0.190241,-0.184296,4.11778,5.91877,33,19,step,2.49,1.79069e+09,-3.55298,52,0.260485
2.491,2,1.5,nan,nan,nan,nan,1.46631,-0.190241,-0.187492,4.11778,5.91877,33,19,step,2.491,1.79069e+09,-3.58682,52,0.260523
2.492,2,1.5,nan,nan,nan,nan,1.43247,-0.171042,-0.161925,4.1174,5.91877,33,19,step,2.492,1.79069e+09,-3.5981,52,0.260576
2.493,2,1.5,nan,nan,nan,nan,1.43247,-0.171042,-0.132097,4.1174,5.91877,33,19,step,2.493,1.79069e+09,-3.56426,52,0.260584
2.494,2,1.5,nan,nan,nan,nan,1.40991,-0.150098,-0.12464,4.11711,5.91877,33,19,step,2.494,1.79069e+09,-3.5981,52,0.260639
2.495,2,1.5,nan,nan,nan,nan,1.40991,-0.150098,-0.120379,4.11711,5.91877,33,19,step,2.495,1.79069e+09,-3.5981,52,0.2607
2.496,2,1.5,nan,nan,nan,nan,1.42119,-0.123918,-0.111856,4.11682,5.91877,33,19,step,2.496,1.79069e+09,-3.41763,52,0.260708
2.497,2,1.5,nan,nan,nan,nan,1.42119,-0.123918,-0.104399,4.11682,5.91877,33,19,step,2.497,1.79069e+09,-3.5417,52,0.260735
2.498,2,1.5,nan,nan,nan,nan,1.42119,-0.0942478,-0.0958767,4.11663,5.91877,33,19,step,2.498,1.79069e+09,-3.57554,52,0.260749
2.499,2,1.5,nan,nan,nan,nan,1.42119,-0.0942478,-0.0628525,4.11663,5.91877,33,19,step,2.499,1.79069e+09,-3.57554,52,0.260806
2.5,2,1.5,nan,nan,nan,nan,1.42119,-0.0610865,-0.0276977,4.11653,5.91877,33,19,step,2.5,1.79069e+09,-3.57554,52,0.260854
2.501,2,1.5,nan,nan,nan,nan,1.42119,-0.0610865,-0.0372854,4.11653,5.91877,33,19,step,2.501,1.79069e+09,-3.57554,52,0.260878
2.502,2,1.5,nan,nan,nan,nan,1.51143,-0.0279253,-0.0447425,4.11644,5.91877,33,19,step,2.502,1.79069e+09,-3.56426,52,0.260924
2.503,2,1.5,nan,nan,nan,nan,1.51143,-0.0279253,-0.00852238,4.11644,5.91877,33,19,step,2.503,1.79069e+09,-3.55298,52,0.26093
2.504,2,1.5,nan,nan,nan,nan,1.50015,-0.0139626,-0.00639178,4.11644,5.91877,33,19,step,2.504,1.79069e+09,-3.55298,52,0.260946
2.505,2,1.5,nan,nan,nan,nan,1.50015,-0.0139626,0.00639178,4.11644,5.91877,33,19,step,2.505,1.79069e+09,-3.5981,52,0.260976
2.506,2,1.5,nan,nan,nan,nan,1.43247,0,0.0159795,4.11644,5.91877,33,19,step,2.506,1.79069e+09,-3.5981,52,0.260996
2.507,2,1.5,nan,nan,nan,nan,1.43247,0,0.0117183,4.11644,5.91877,33,19,step,2.507,1.79069e+09,-3.56426,52,0.261028
2.508,2,1.5,nan,nan,nan,nan,1.54526,0,0.0511343,4.11644,5.91877,33,19,step,2.508,1.79069e+09,-3.56426,52,0.261041
2.509,2,1.5,nan,nan,nan,nan,1.54526,0,0.0596566,4.11644,5.91877,33,19,step,2.509,1.79069e+09,-3.56426,52,0.261061
2.51,2,1.5,nan,nan,nan,nan,1.45503,0.0261799,0.0639178,4.11644,5.91877,33,19,step,2.51,1.79069e+09,-3.57554,52,0.261094
2.511,2,1.5,nan,nan,nan,nan,1.45503,0.0261799,0.0660484,4.11644,5.91877,33,19,step,2.511,1.79069e+09,-3.55298,52,0.261108
2.512,2,1.5,nan,nan,nan,nan,1.44375,0.0541052,0.0873543,4.11653,5.91877,33,19,step,2.512,1.79069e+09,-3.5981,52,0.261137
2.513,2,1.5,nan,nan,nan,nan,1.44375,0.0541052,0.105464,4.11653,5.91877,33,19,step,2.513,1.79069e+09,-3.56426,52,0.261169
2.514,2,1.5,nan,nan,nan,nan,1.43247,0.0837758,0.0948114,4.11673,5.91877,33,19,step,2.514,1.79069e+09,-3.57554,52,0.261194
2.515,2,1.5,nan,nan,nan,nan,1.43247,0.0837758,0.113987,4.11673,5.91877,33,19,step,2.515,1.79069e+09,-3.55298,52,0.261226
2.516,2,1.5,nan,nan,nan,nan,1.53398,0.111701,0.12464,4.11701,5.91877,33,19,step,2.516,1.79069e+09,-3.5417,52,0.261231
2.517,2,1.5,nan,nan,nan,nan,1.53398,0.111701,0.129966,4.11701,5.91877,33,19,step,2.517,1.79069e+09,-3.5417,52,0.261242
2.518,2,1.5,nan,nan,nan,nan,1.55654,0.122173,0.131032,4.1172,5.91877,33,19,step,2.518,1.79069e+09,-3.57554,52,0.261242
2.519,2,1.5,nan,nan,nan,nan,1.55654,0.122173,0.113987,4.1172,5.91877,33,19,step,2.519,1.79069e+09,-3.5417,52,0.261222
2.52,2,1.5,nan,nan,nan,nan,1.46631,0.146608,0.140619,4.11749,5.91877,33,19,step,2.52,1.79069e+09,-3.53042,52,0.261239
2.521,2,1.5,nan,nan,nan,nan,1.46631,0.146608,0.177905,4.11749,5.91877,33,19,step,2.521,1.79069e+09,-3.56426,52,0.261252
2.522,2,1.5,nan,nan,nan,nan,1.47759,0.181514,0.164056,4.11788,5.91877,33,19,step,2.522,1.79069e+09,-3.5417,52,0.261285
2.523,2,1.5,nan,nan,nan,nan,1.47759,0.181514,0.190688,4.11788,5.91877,33,19,step,2.523,1.79069e+09,-3.5417,52,0.261315
2.524,2,1.5,nan,nan,nan,nan,1.48887,0.198968,0.192819,4.11826,5.91877,33,19,step,2.524,1.79069e+09,-3.53042,52,0.261326
2.525,2,1.5,nan,nan,nan,nan,1.48887,0.198968,0.186427,4.11826,5.91877,33,19,step,2.525,1.79069e+09,-3.5417,52,0.261362
2.526,2,1.5,nan,nan,nan,nan,1.60166,0.211185,0.204537,4.11864,5.91877,33,19,step,2.526,1.79069e+09,-3.5417,52,0.261372
2.527,2,1.5,nan,nan,nan,nan,1.60166,0.211185,0.200276,4.11864,5.91877,33,19,step,2.527,1.79069e+09,-3.5417,52,0.261388
2.528,2,1.5,nan,nan,nan,nan,1.48887,0.211185,0.230104,4.11912,5.91877,33,19,step,2.528,1.79069e+09,-3.55298,52,0.26142
2.529,2,1.5,nan,nan,nan,nan,1.48887,0.211185,0.227974,4.11912,5.91877,33,19,step,2.529,1.79069e+09,-3.53042,52,0.261444
2.53,2,1.5,nan,nan,nan,nan,1.46631,0.216421,0.221582,4.11951,5.91877,33,19,step,2.53,1.79069e+09,-3.53042,52,0.261469
2.531,2,1.5,nan,nan,nan,nan,1.46631,0.216421,0.239692,4.11951,5.91877,33,19,step,2.531,1.79069e+09,-3.49658,52,0.26147
2.532,2,1.5,nan,nan,nan,nan,1.40991,0.225147,0.257802,4.11998,5.91877,33,19,step,2.532,1.79069e+09,-3.50786,52,0.261479
2.533,2,1.5,nan,nan,nan,nan,1.40991,0.225147,0.264194,4.11998,5.91877,33,19,step,2.533,1.79069e+09,-3.53042,52,0.261485
2.534,2,1.5,nan,nan,nan,nan,1.38735,0.247837,0.280173,4.12046,5.91877,33,19,step,2.534,1.79069e+09,-3.55298,52,0.261491
2.535,2,1.5,nan,nan,nan,nan,1.38735,0.247837,0.271651,4.12046,5.91877,33,19,step,2.535,1.79069e+09,-3.53042,52,0.261507
2.536,2,1.5,nan,nan,nan,nan,1.39863,0.287979,0.294022,4.12104,5.91877,33,19,step,2.536,1.79069e+09,-3.50786,52,0.261545
2.537,2,1.5,nan,nan,nan,nan,1.39863,0.287979,0.290826,4.12104,5.91877,33,19,step,2.537,1.79069e+09,-3.50786,52,0.261588
2.538,2,1.5,nan,nan,nan,nan,1.38735,0.329867,0.298283,4.12171,5.91877,33,19,step,2.538,1.79069e+09,-3.45146,52,0.261589
2.539,2,1.5,nan,nan,nan,nan,1.38735,0.329867,0.30361,4.12171,5.91877,33,19,step,2.539,1.79069e+09,-3.4853,52,0.261559
2.54,2,1.5,nan,nan,nan,nan,1.43247,0.352557,0.297218,4.12238,5.91877,33,19,step,2.54,1.79069e+09,-3.55298,52,0.261582
2.541,2,1.5,nan,nan,nan,nan,1.43247,0.352557,0.330242,4.12238,5.91877,33,19,step,2.541,1.79069e+09,-3.55298,52,0.261641
2.542,2,1.5,nan,nan,nan,nan,1.46631,0.350811,0.328111,4.12305,5.91877,33,19,step,2.542,1.79069e+09,-3.50786,52,0.261682
2.543,2,1.5,nan,nan,nan,nan,1.46631,0.350811,0.32385,4.12305,5.91877,33,19,step,2.543,1.79069e+09,-3.4853,52,0.261701
2.544,2,1.5,nan,nan,nan,nan,1.46631,0.34383,0.344091,4.12372,5.91877,33,19,step,2.544,1.79069e+09,-3.4853,52,0.261688
2.545,2,1.5,nan,nan,nan,nan,1.46631,0.34383,0.348352,4.12372,5.91877,33,19,step,2.545,1.79069e+09,-3.50786,52,0.261707
2.546,2,1.5,nan,nan,nan,nan,1.48887,0.357792,0.352613,4.12449,5.91877,33,19,step,2.546,1.79069e+09,-3.55298,52,0.261731
2.547,2,1.5,nan,nan,nan,nan,1.48887,0.357792,0.359005,4.12449,5.91877,33,19,step,2.547,1.79069e+09,-3.51914,52,0.26175
2.548,2,1.5,nan,nan,nan,nan,1.50015,0.397935,0.380311,4.12526,5.91877,33,19,step,2.548,1.79069e+09,-3.4853,52,0.261776
2.549,2,1.5,nan,nan,nan,nan,1.50015,0.397935,0.374985,4.12526,5.91877,33,19,step,2.549,1.79069e+09,-3.49658,52,0.261804
2.55,2,1.5,nan,nan,nan,nan,1.51143,0.445059,0.389899,4.12612,5.91877,33,19,step,2.55,1.79069e+09,-3.4853,52,0.261836
2.551,2,1.5,nan,nan,nan,nan,1.51143,0.445059,0.374985,4.12612,5.91877,33,19,step,2.551,1.79069e+09,-3.47402,52,0.261858
2.552,2,1.5,nan,nan,nan,nan,1.48887,0.445059,0.387768,4.12698,5.91877,33,19,step,2.552,1.79069e+09,-3.45146,52,0.261868
2.553,2,1.5,nan,nan,nan,nan,1.48887,0.445059,0.41227,4.12698,5.91877,33,19,step,2.553,1.79069e+09,-3.49658,52,0.261886
2.554,2,1.5,nan,nan,nan,nan,1.45503,0.397935,0.432511,4.12785,5.91877,33,19,step,2.554,1.79069e+09,-3.4853,52,0.261892
2.555,2,1.5,nan,nan,nan,nan,1.45503,0.397935,0.416531,4.12785,5.91877,33,19,step,2.555,1.79069e+09,-3.4853,52,0.261917
2.556,2,1.5,nan,nan,nan,nan,1.45503,0.380482,0.438902,4.12861,5.91877,33,19,step,2.556,1.79069e+09,-3.46274,52,0.261949
2.557,2,1.5,nan,nan,nan,nan,1.45503,0.380482,0.457012,4.12861,5.91877,33,19,step,2.557,1.79069e+09,-3.47402,52,0.261964
2.558,2,1.5,nan,nan,nan,nan,1.42119,0.436332,0.459143,4.12948,5.91877,33,19,step,2.558,1.79069e+09,-3.42891,52,0.261979
2.559,2,1.5,nan,nan,nan,nan,1.42119,0.436332,0.461274,4.12948,5.91877,33,19,step,2.559,1.79069e+09,-3.45146,52,0.261999
2.56,2,1.5,nan,nan,nan,nan,1.43247,0.490438,0.464469,4.13044,5.91877,33,19,step,2.56,1.79069e+09,-3.4853,52,0.261988
2.561,2,1.5,nan,nan,nan,nan,1.43247,0.490438,0.455947,4.13044,5.91877,33,19,step,2.561,1.79069e+09,-3.49658,52,0.262004
2.562,2,1.5,nan,nan,nan,nan,1.48887,0.5044,0.469796,4.13139,5.91877,33,19,step,2.562,1.79069e+09,-3.4853,52,0.262021
2.563,2,1.5,nan,nan,nan,nan,1.48887,0.5044,0.493232,4.13139,5.91877,33,19,step,2.563,1.79069e+09,-3.44019,52,0.262031
2.564,2,1.5,nan,nan,nan,nan,1.53398,0.497419,0.486841,4.13245,5.91877,33,19,step,2.564,1.79069e+09,-3.44019,52,0.262052
2.565,2,1.5,nan,nan,nan,nan,1.53398,0.497419,0.488971,4.13245,5.91877,33,19,step,2.565,1.79069e+09,-3.42891,52,0.262044
2.566,2,1.5,nan,nan,nan,nan,1.55654,0.525344,0.50069,4.1335,5.91877,33,19,step,2.566,1.79069e+09,-3.47402,52,0.262053
2.567,2,1.5,nan,nan,nan,nan,1.55654,0.525344,0.512408,4.1335,5.91877,33,19,step,2.567,1.79069e+09,-3.39507,52,0.262063
2.568,2,1.5,nan,nan,nan,nan,1.53398,0.558505,0.517734,4.13456,5.91877,33,19,step,2.568,1.79069e+09,-3.4853,52,0.262102
2.569,2,1.5,nan,nan,nan,nan,1.53398,0.558505,0.544367,4.13456,5.91877,33,19,step,2.569,1.79069e+09,-3.44019,52,0.262117
2.57,2,1.5,nan,nan,nan,nan,1.48887,0.518363,0.531583,4.13561,5.91877,33,19,step,2.57,1.79069e+09,-3.30483,52,0.262141
2.571,2,1.5,nan,nan,nan,nan,1.48887,0.518363,0.527322,4.13561,5.91877,33,19,step,2.571,1.79069e+09,-3.45146,52,0.262162
2.572,2,1.5,nan,nan,nan,nan,1.47759,0.472984,0.544367,4.13657,5.91877,33,19,step,2.572,1.79069e+09,-3.32739,52,0.262136
2.573,2,1.5,nan,nan,nan,nan,1.47759,0.472984,0.544367,4.13657,5.91877,33,19,step,2.573,1.79069e+09,-3.46274,52,0.262126
2.574,2,1.5,nan,nan,nan,nan,1.45503,0.534071,0.55715,4.13763,5.91877,33,19,step,2.574,1.79069e+09,-3.36123,52,0.26214
2.575,2,1.5,nan,nan,nan,nan,1.45503,0.534071,0.565673,4.13763,5.91877,33,19,step,2.575,1.79069e+09,-3.46274,52,0.26215
2.576,2,1.5,nan,nan,nan,nan,1.48887,0.593412,0.567803,4.13878,5.91877,33,19,step,2.576,1.79069e+09,-3.34995,52,0.262169
2.577,2,1.5,nan,nan,nan,nan,1.48887,0.593412,0.563542,4.13878,5.91877,33,19,step,2.577,1.79069e+09,-3.44019,52,0.262169
2.578,2,1.5,nan,nan,nan,nan,1.39863,0.631809,0.565673,4.14012,5.91877,33,19,step,2.578,1.79069e+09,-3.39507,52,0.262143
2.579,2,1.5,nan,nan,nan,nan,1.39863,0.631809,0.569934,4.14012,5.91877,33,19,step,2.579,1.79069e+09,-3.30483,52,0.262133
2.58,2,1.5,nan,nan,nan,nan,1.55654,0.659734,0.592305,4.14136,5.91877,33,19,step,2.58,1.79069e+09,-3.36123,52,0.262121
2.581,2,1.5,nan,nan,nan,nan,1.55654,0.659734,0.59337,4.14136,5.91877,33,19,step,2.581,1.79069e+09,-3.33867,52,0.262133
2.582,2,1.5,nan,nan,nan,nan,1.48887,0.652753,0.580587,4.14271,5.91877,33,19,step,2.582,1.79069e+09,-3.49658,52,0.262176
2.583,2,1.5,nan,nan,nan,nan,1.48887,0.652753,0.598697,4.14271,5.91877,33,19,step,2.583,1.79069e+09,-3.29355,52,0.2622
2.584,2,1.5,nan,nan,nan,nan,1.48887,0.602139,0.614676,4.14395,5.91877,33,19,step,2.584,1.79069e+09,-3.28228,52,0.262214
2.585,2,1.5,nan,nan,nan,nan,1.48887,0.602139,0.616807,4.14395,5.91877,33,19,step,2.585,1.79069e+09,-3.30483,52,0.262211
2.586,2,1.5,nan,nan,nan,nan,1.48887,0.596903,0.616807,4.1451,5.91877,33,19,step,2.586,1.79069e+09,-3.44019,52,0.262216
2.587,2,1.5,nan,nan,nan,nan,1.48887,0.596903,0.610415,4.1451,5.91877,33,19,step,2.587,1.79069e+09,-3.42891,52,0.262221
2.588,2,1.5,nan,nan,nan,nan,1.50015,0.640536,0.610415,4.14645,5.91877,33,19,step,2.588,1.79069e+09,-3.44019,52,0.262243
2.589,2,1.5,nan,nan,nan,nan,1.50015,0.640536,0.620003,4.14645,5.91877,33,19,step,2.589,1.79069e+09,-3.32739,52,0.262267
2.59,2,1.5,nan,nan,nan,nan,1.56782,0.673697,0.642374,4.14779,5.91877,33,19,step,2.59,1.79069e+09,-3.28228,52,0.26226
2.591,2,1.5,nan,nan,nan,nan,1.56782,0.673697,0.662615,4.14779,5.91877,33,19,step,2.591,1.79069e+09,-3.28228,52,0.262255
2.592,2,1.5,nan,nan,nan,nan,1.53398,0.722566,0.661549,4.14913,5.91877,33,19,step,2.592,1.79069e+09,-3.41763,52,0.262254
2.593,2,1.5,nan,nan,nan,nan,1.53398,0.722566,0.632786,4.14913,5.91877,33,19,step,2.593,1.79069e+09,-3.44019,52,0.262251
2.594,2,1.5,nan,nan,nan,nan,1.44375,0.696386,0.653027,4.15066,5.91877,33,19,step,2.594,1.79069e+09,-3.30483,52,0.262265
2.595,2,1.5,nan,nan,nan,nan,1.44375,0.696386,0.686051,4.15066,5.91877,33,19,step,2.595,1.79069e+09,-3.28228,52,0.262289
2.596,2,1.5,nan,nan,nan,nan,1.37607,0.689405,0.66368,4.15201,5.91877,33,19,step,2.596,1.79069e+09,-3.271,52,0.262311
2.597,2,1.5,nan,nan,nan,nan,1.37607,0.689405,0.642374,4.15201,5.91877,33,19,step,2.597,1.79069e+09,-3.28228,52,0.262343
2.598,2,1.5,nan,nan,nan,nan,1.45503,0.729548,0.675398,4.15335,5.91877,33,19,step,2.598,1.79069e+09,-3.37251,52,0.262359
2.599,2,1.5,nan,nan,nan,nan,1.45503,0.729548,0.700965,4.15335,5.91877,33,19,step,2.599,1.79069e+09,-3.23716,52,0.262373
2.6,2,1.5,nan,nan,nan,nan,1.51143,0.764454,0.677529,4.15488,5.91877,33,19,step,2.6,1.79069e+09,-3.24844,52,0.262389
2.601,2,1.5,nan,nan,nan,nan,1.51143,0.764454,0.696704,4.15488,5.91877,33,19,step,2.601,1.79069e+09,-3.271,52,0.262386
2.602,2,1.5,nan,nan,nan,nan,1.52271,0.767945,0.714814,4.15651,5.91886,33,19,step,2.602,1.79069e+09,-3.271,52,0.262392
2.603,2,1.5,nan,nan,nan,nan,1.52271,0.767945,0.721206,4.15651,5.91886,33,19,step,2.603,1.79069e+09,-3.28228,52,0.262397
2.604,2,1.5,nan,nan,nan,nan,1.46631,0.71733,0.706292,4.15795,5.91886,33,19,step,2.604,1.79069e+09,-3.271,52,0.262395
2.605,2,1.5,nan,nan,nan,nan,1.46631,0.71733,0.710553,4.15795,5.91886,33,19,step,2.605,1.79069e+09,-3.28228,52,0.262415
2.606,2,1.5,nan,nan,nan,nan,1.43247,0.671952,0.73612,4.15929,5.91886,33,19,step,2.606,1.79069e+09,-3.28228,52,0.262416
2.607,2,1.5,nan,nan,nan,nan,1.43247,0.671952,0.740381,4.15929,5.91886,33,19,step,2.607,1.79069e+09,-3.22588,52,0.262448
2.608,2,1.5,nan,nan,nan,nan,1.48887,0.74351,0.762753,4.16073,5.91886,33,19,step,2.608,1.79069e+09,-3.271,52,0.262469
2.609,2,1.5,nan,nan,nan,nan,1.48887,0.74351,0.760622,4.16073,5.91886,33,19,step,2.609,1.79069e+09,-3.22588,52,0.26249
2.61,2,1.5,nan,nan,nan,nan,1.54526,0.815069,0.745708,4.16236,5.91886,33,19,step,2.61,1.79069e+09,-3.24844,52,0.262511
2.611,2,1.5,nan,nan,nan,nan,1.54526,0.815069,0.742512,4.16236,5.91886,33,19,step,2.611,1.79069e+09,-3.22588,52,0.262519
2.612,2,1.5,nan,nan,nan,nan,1.5791,0.842994,0.737185,4.16409,5.91886,33,19,step,2.612,1.79069e+09,-3.23716,52,0.262535
2.613,2,1.5,nan,nan,nan,nan,1.5791,0.842994,0.755296,4.16409,5.91886,33,19,step,2.613,1.79069e+09,-3.22588,52,0.262531
2.614,2,1.5,nan,nan,nan,nan,1.5791,0.787143,0.745708,4.16562,5.91886,33,19,step,2.614,1.79069e+09,-3.22588,52,0.26252
2.615,2,1.5,nan,nan,nan,nan,1.5791,0.787143,0.77234,4.16562,5.91886,33,19,step,2.615,1.79069e+09,-3.36123,52,0.262535
2.616,2,1.5,nan,nan,nan,nan,1.43247,0.748746,0.78832,4.16706,5.91886,33,19,step,2.616,1.79069e+09,-3.40635,52,0.262555
2.617,2,1.5,nan,nan,nan,nan,1.43247,0.748746,0.764883,4.16706,5.91886,33,19,step,2.617,1.79069e+09,-3.25972,52,0.262588
2.618,2,1.5,nan,nan,nan,nan,1.44375,0.806342,0.771275,4.16869,5.91886,33,19,step,2.618,1.79069e+09,-3.20332,52,0.262588
2.619,2,1.5,nan,nan,nan,nan,1.44375,0.806342,0.797907,4.16869,5.91886,33,19,step,2.619,1.79069e+09,-3.20332,52,0.262575
2.62,2,1.5,nan,nan,nan,nan,1.60166,0.891863,0.795777,4.17051,5.91886,33,19,step,2.62,1.79069e+09,-3.22588,52,0.26258
2.621,2,1.5,nan,nan,nan,nan,1.60166,0.891863,0.796842,4.17051,5.91886,33,19,step,2.621,1.79069e+09,-3.24844,52,0.262567
2.622,2,1.5,nan,nan,nan,nan,1.5791,0.891863,0.825605,4.17233,5.91886,33,19,step,2.622,1.79069e+09,-3.24844,52,0.262565
2.623,2,1.5,nan,nan,nan,nan,1.5791,0.891863,0.822409,4.17233,5.91886,33,19,step,2.623,1.79069e+09,-3.23716,52,0.262577
2.624,2,1.5,nan,nan,nan,nan,1.53398,0.801106,0.821344,4.17396,5.91886,33,19,step,2.624,1.79069e+09,-3.22588,52,0.262614
2.625,2,1.5,nan,nan,nan,nan,1.53398,0.801106,0.829866,4.17396,5.91886,33,19,step,2.625,1.79069e+09,-3.2146,52,0.262632
2.626,2,1.5,nan,nan,nan,nan,1.50015,0.781908,0.821344,4.1755,5.91886,33,19,step,2.626,1.79069e+09,-3.2146,52,0.262644
2.627,2,1.5,nan,nan,nan,nan,1.50015,0.781908,0.82667,4.1755,5.91886,33,19,step,2.627,1.79069e+09,-3.36123,52,0.262648
2.628,2,1.5,nan,nan,nan,nan,1.48887,0.865683,0.845846,4.17722,5.91886,33,19,step,2.628,1.79069e+09,-3.33867,52,0.262649
2.629,2,1.5,nan,nan,nan,nan,1.48887,0.865683,0.86076,4.17722,5.91886,33,19,step,2.629,1.79069e+09,-3.24844,52,0.262659
2.63,2,1.5,nan,nan,nan,nan,1.52271,0.987856,0.846911,4.17904,5.91886,33,19,step,2.63,1.79069e+09,-3.22588,52,0.26266
2.631,2,1.5,nan,nan,nan,nan,1.52271,0.987856,0.846911,4.17904,5.91886,33,19,step,2.631,1.79069e+09,-3.2146,52,0.262664
2.632,2,1.5,nan,nan,nan,nan,1.47759,0.984366,0.850107,4.18106,5.91886,33,19,step,2.632,1.79069e+09,-3.2146,52,0.262675
2.633,2,1.5,nan,nan,nan,nan,1.47759,0.984366,0.862891,4.18106,5.91886,33,19,step,2.633,1.79069e+09,-3.30483,52,0.262667
2.634,2,1.5,nan,nan,nan,nan,1.47759,0.856957,0.884196,4.18288,5.91886,33,19,step,2.634,1.79069e+09,-3.19204,52,0.262649
2.635,2,1.5,nan,nan,nan,nan,1.47759,0.856957,0.889523,4.18288,5.91886,33,19,step,2.635,1.79069e+09,-3.23716,52,0.26266
2.636,2,1.5,nan,nan,nan,nan,1.5791,0.818559,0.862891,4.18441,5.91886,33,19,step,2.636,1.79069e+09,-3.22588,52,0.262667
2.637,2,1.5,nan,nan,nan,nan,1.5791,0.818559,0.887392,4.18441,5.91886,33,19,step,2.637,1.79069e+09,-3.2146,52,0.262691
2.638,2,1.5,nan,nan,nan,nan,1.45503,0.884882,0.911894,4.18623,5.91886,33,19,step,2.638,1.79069e+09,-3.19204,52,0.262718
2.639,2,1.5,nan,nan,nan,nan,1.45503,0.884882,0.906568,4.18623,5.91886,33,19,step,2.639,1.79069e+09,-3.24844,52,0.262738
2.64,2,1.5,nan,nan,nan,nan,1.34224,0.951204,0.901241,4.18815,5.91886,33,19,step,2.64,1.79069e+09,-3.16948,52,0.262732
2.641,2,1.5,nan,nan,nan,nan,1.34224,0.951204,0.890588,4.18815,5.91886,33,19,step,2.641,1.79069e+09,-3.16948,52,0.262704
2.642,2,1.5,nan,nan,nan,nan,1.35352,0.912807,0.912959,4.19007,5.91886,33,19,step,2.642,1.79069e+09,-3.19204,52,0.262695
2.643,2,1.5,nan,nan,nan,nan,1.35352,0.912807,0.93107,4.19007,5.91886,33,19,step,2.643,1.79069e+09,-3.19204,52,0.262692
2.644,2,1.5,nan,nan,nan,nan,1.40991,0.90059,0.920417,4.19189,5.91886,33,19,step,2.644,1.79069e+09,-3.19204,52,0.262689
2.645,2,1.5,nan,nan,nan,nan,1.40991,0.90059,0.909764,4.19189,5.91886,33,19,step,2.645,1.79069e+09,-3.18076,52,0.262688
2.646,2,1.5,nan,nan,nan,nan,1.44375,0.963422,0.925743,4.19371,5.91886,33,19,step,2.646,1.79069e+09,-3.18076,52,0.262693
2.647,2,1.5,nan,nan,nan,nan,1.44375,0.963422,0.911894,4.19371,5.91886,33,19,step,2.647,1.79069e+09,-3.19204,52,0.262702
2.648,2,1.5,nan,nan,nan,nan,1.35352,1.03673,0.910829,4.19582,5.91886,33,19,step,2.648,1.79069e+09,-3.29355,52,0.262709
2.649,2,1.5,nan,nan,nan,nan,1.35352,1.03673,0.96942,4.19582,5.91886,33,19,step,2.649,1.79069e+09,-3.18076,52,0.262704
2.65,2,1.5,nan,nan,nan,nan,1.40991,0.970403,0.954506,4.19774,5.91886,33,19,step,2.65,1.79069e+09,-3.19204,52,0.262708
2.651,2,1.5,nan,nan,nan,nan,1.40991,0.970403,0.952375,4.19774,5.91886,33,19,step,2.651,1.79069e+09,-3.28228,52,0.262729
2.652,2,1.5,nan,nan,nan,nan,1.54526,0.949459,0.943853,4.19966,5.91886,33,19,step,2.652,1.79069e+09,-3.14692,52,0.26274
2.653,2,1.5,nan,nan,nan,nan,1.54526,0.949459,0.954506,4.19966,5.91886,33,19,step,2.653,1.79069e+09,-3.28228,52,0.26274
2.654,2,1.5,nan,nan,nan,nan,1.50015,0.989602,0.96729,4.20167,5.91896,33,19,step,2.654,1.79069e+09,-3.14692,52,0.262727
2.655,2,1.5,nan,nan,nan,nan,1.50015,0.989602,0.973681,4.20167,5.91896,33,19,step,2.655,1.79069e+09,-3.31611,52,0.262735
2.656,2,1.5,nan,nan,nan,nan,1.45503,1.02974,0.970486,4.20368,5.91896,33,19,step,2.656,1.79069e+09,-3.30483,52,0.262755
2.657,2,1.5,nan,nan,nan,nan,1.45503,1.02974,0.959833,4.20368,5.91896,33,19,step,2.657,1.79069e+09,-3.29355,52,0.262755
2.658,2,1.5,nan,nan,nan,nan,1.47759,1.07163,0.979008,4.20589,5.91896,33,19,step,2.658,1.79069e+09,-3.271,52,0.262764
2.659,2,1.5,nan,nan,nan,nan,1.47759,1.07163,0.982204,4.20589,5.91896,33,19,step,2.659,1.79069e+09,-3.13564,52,0.26277
2.66,2,1.5,nan,nan,nan,nan,1.46631,1.08385,1.00244,4.208,5.91896,33,19,step,2.66,1.79069e+09,-3.25972,52,0.262753
2.661,2,1.5,nan,nan,nan,nan,1.46631,1.08385,1.00244,4.208,5.91896,33,19,step,2.661,1.79069e+09,-3.271,52,0.262737
2.662,2,1.5,nan,nan,nan,nan,1.5791,1.05418,1.00351,4.21011,5.91896,33,19,step,2.662,1.79069e+09,-3.29355,52,0.262715
2.663,2,1.5,nan,nan,nan,nan,1.5791,1.05418,1.01416,4.21011,5.91896,33,19,step,2.663,1.79069e+09,-3.29355,52,0.262731
2.664,2,1.5,nan,nan,nan,nan,1.55654,0.975639,1.01416,4.21212,5.91896,33,19,step,2.664,1.79069e+09,-3.18076,52,0.262775
2.665,2,1.5,nan,nan,nan,nan,1.55654,0.975639,1.00777,4.21212,5.91896,33,19,step,2.665,1.79069e+09,-3.24844,52,0.262813
2.666,2,1.5,nan,nan,nan,nan,1.59038,1.0088,0.999249,4.21413,5.91896,33,19,step,2.666,1.79069e+09,-3.18076,52,0.262818
2.667,2,1.5,nan,nan,nan,nan,1.59038,1.0088,1.03653,4.21413,5.91896,33,19,step,2.667,1.79069e+09,-3.23716,52,0.262791
2.668,2,1.5,nan,nan,nan,nan,1.61294,1.09258,1.03227,4.21624,5.91906,33,19,step,2.668,1.79069e+09,-3.23716,52,0.262775
2.669,2,1.5,nan,nan,nan,nan,1.61294,1.09258,1.0099,4.21624,5.91906,33,19,step,2.669,1.79069e+09,-3.14692,52,0.262775
2.67,2,1.5,nan,nan,nan,nan,1.45503,1.08385,1.03121,4.21854,5.91906,33,19,step,2.67,1.79069e+09,-3.24844,52,0.262769
2.671,2,1.5,nan,nan,nan,nan,1.45503,1.08385,1.03334,4.21854,5.91906,33,19,step,2.671,1.79069e+09,-3.23716,52,0.262777
2.672,2,1.5,nan,nan,nan,nan,1.46631,1.04196,1.05038,4.22065,5.91906,33,19,step,2.672,1.79069e+09,-3.25972,52,0.262782
2.673,2,1.5,nan,nan,nan,nan,1.46631,1.04196,1.0621,4.22065,5.91906,33,19,step,2.673,1.79069e+09,-3.19204,52,0.262766
2.674,2,1.5,nan,nan,nan,nan,1.54526,1.11003,1.06317,4.22276,5.91906,33,19,step,2.674,1.79069e+09,-3.10181,52,0.26276
2.675,2,1.5,nan,nan,nan,nan,1.54526,1.11003,1.05997,4.22276,5.91906,33,19,step,2.675,1.79069e+09,-3.24844,52,0.262741
2.676,2,1.5,nan,nan,nan,nan,1.50015,1.16588,1.06636,4.22506,5.91906,33,19,step,2.676,1.79069e+09,-3.12437,52,0.262755
2.677,2,1.5,nan,nan,nan,nan,1.50015,1.16588,1.06743,4.22506,5.91906,33,19,step,2.677,1.79069e+09,-3.23716,52,0.262758
2.678,2,1.5,nan,nan,nan,nan,1.50015,1.10654,1.07169,4.22727,5.91906,33,19,step,2.678,1.79069e+09,-3.2146,52,0.262765
2.679,2,1.5,nan,nan,nan,nan,1.50015,1.10654,1.07062,4.22727,5.91906,33,19,step,2.679,1.79069e+09,-3.2146,52,0.262778
2.68,2,1.5,nan,nan,nan,nan,1.59038,1.07163,1.08873,4.22947,5.91906,33,19,step,2.68,1.79069e+09,-3.19204,52,0.26278
2.681,2,1.5,nan,nan,nan,nan,1.59038,1.07163,1.08234,4.22947,5.91906,33,19,step,2.681,1.79069e+09,-3.07925,52,0.262772
2.682,2,1.5,nan,nan,nan,nan,1.56782,1.16239,1.0866,4.23177,5.91915,33,19,step,2.682,1.79069e+09,-3.22588,52,0.26273
2.683,2,1.5,nan,nan,nan,nan,1.56782,1.16239,1.09513,4.23177,5.91915,33,19,step,2.683,1.79069e+09,-3.24844,52,0.262697
2.684,2,1.5,nan,nan,nan,nan,1.50015,1.20428,1.09939,4.23417,5.91915,33,19,step,2.684,1.79069e+09,-3.271,52,0.262715
2.685,2,1.5,nan,nan,nan,nan,1.50015,1.20428,1.10258,4.23417,5.91915,33,19,step,2.685,1.79069e+09,-3.20332,52,0.262728
2.686,2,1.5,nan,nan,nan,nan,1.59038,1.16064,1.1143,4.23647,5.91915,33,19,step,2.686,1.79069e+09,-3.14692,52,0.262719
2.687,2,1.5,nan,nan,nan,nan,1.59038,1.16064,1.10258,4.23647,5.91915,33,19,step,2.687,1.79069e+09,-3.18076,52,0.262719
2.688,2,1.5,nan,nan,nan,nan,1.59038,1.1397,1.1143,4.23877,5.91915,33,19,step,2.688,1.79069e+09,-3.2146,52,0.26271
2.689,2,1.5,nan,nan,nan,nan,1.59038,1.1397,1.12602,4.23877,5.91915,33,19,step,2.689,1.79069e+09,-3.16948,52,0.262687
2.69,2,1.5,nan,nan,nan,nan,1.48887,1.16588,1.12495,4.24107,5.91915,33,19,step,2.69,1.79069e+09,-3.20332,52,0.262689
2.691,2,1.5,nan,nan,nan,nan,1.48887,1.16588,1.12495,4.24107,5.91915,33,19,step,2.691,1.79069e+09,-3.2146,52,0.262709
2.692,2,1.5,nan,nan,nan,nan,1.47759,1.15541,1.13667,4.24337,5.91915,33,19,step,2.692,1.79069e+09,-3.19204,52,0.262712
2.693,2,1.5,nan,nan,nan,nan,1.47759,1.15541,1.13561,4.24337,5.91925,33,19,step,2.693,1.79069e+09,-3.16948,52,0.262721
2.694,2,1.5,nan,nan,nan,nan,1.52271,1.17984,1.1388,4.24587,5.91925,33,19,step,2.694,1.79069e+09,-3.1582,52,0.262709
2.695,2,1.5,nan,nan,nan,nan,1.52271,1.17984,1.1388,4.24587,5.91925,33,19,step,2.695,1.79069e+09,-3.1582,52,0.262699
2.696,2,1.5,nan,nan,nan,nan,1.39863,1.23569,1.1388,4.24817,5.91925,33,19,step,2.696,1.79069e+09,-3.2146,52,0.262693
2.697,2,1.5,nan,nan,nan,nan,1.39863,1.23569,1.1388,4.24817,5.91925,33,19,step,2.697,1.79069e+09,-3.18076,52,0.262682
2.698,2,1.5,nan,nan,nan,nan,1.40991,1.24442,1.15052,4.25066,5.91925,33,19,step,2.698,1.79069e+09,-3.19204,52,0.262671
2.699,2,1.5,nan,nan,nan,nan,1.40991,1.24442,1.15585,4.25066,5.91925,33,19,step,2.699,1.79069e+09,-3.19204,52,0.262681
2.7,2,-1.5,nan,nan,nan,nan,1.50015,1.23569,1.17715,4.25315,5.91925,33,19,step,2.7,1.79069e+09,-3.16948,52,0.262656
2.701,2,-1.5,nan,nan,nan,nan,1.50015,1.23569,1.18354,4.25315,5.91925,33,19,step,2.701,1.79069e+09,-3.1582,52,0.262649
2.702,2,-1.5,nan,nan,nan,nan,1.38735,1.23395,1.1697,4.25565,5.91925,33,19,step,2.702,1.79069e+09,-3.20332,52,0.262643
2.703,2,-1.5,nan,nan,nan,nan,1.38735,1.23395,1.18248,4.25565,5.91934,33,19,step,2.703,1.79069e+09,-3.18076,52,0.262632
2.704,2,-1.5,nan,nan,nan,nan,-0.101514,1.02974,1.17609,4.25785,5.91934,33,19,step,2.704,1.79069e+09,-3.18076,52,0.262638
2.705,2,-1.5,nan,nan,nan,nan,-0.101514,1.02974,1.18568,4.25785,5.91934,33,19,step,2.705,1.79069e+09,-3.16948,52,0.262653
2.706,2,-1.5,nan,nan,nan,nan,-0.135352,0.624828,1.19952,4.25919,5.91934,33,19,step,2.706,1.79069e+09,-3.16948,52,0.262659
2.707,2,-1.5,nan,nan,nan,nan,-0.135352,0.624828,1.20165,4.25919,5.91934,33,19,step,2.707,1.79069e+09,-3.11309,52,0.262644
2.708,2,-1.5,nan,nan,nan,nan,-0.259424,0.616101,1.20059,4.26044,5.91934,33,19,step,2.708,1.79069e+09,-3.13564,52,0.262613
2.709,2,-1.5,nan,nan,nan,nan,-0.259424,0.616101,1.17928,4.26044,5.91934,33,19,step,2.709,1.79069e+09,-3.1582,52,0.262581
2.71,2,-1.5,nan,nan,nan,nan,-0.631641,0.631809,1.17396,4.26169,5.91934,33,19,step,2.71,1.79069e+09,-3.14692,52,0.262537
2.711,2,-1.5,nan,nan,nan,nan,-0.631641,0.631809,1.17183,4.26169,5.91934,33,19,step,2.711,1.79069e+09,-3.14692,52,0.262472
2.712,2,-1.5,nan,nan,nan,nan,-1.0377,0.802851,1.16224,4.26322,5.91944,33,19,step,2.712,1.79069e+09,-3.1582,52,0.262436
2.713,2,-1.5,nan,nan,nan,nan,-1.0377,0.802851,1.16863,4.26322,5.91944,33,19,step,2.713,1.79069e+09,-3.14692,52,0.262385
2.714,2,-1.5,nan,nan,nan,nan,-1.39863,1.21475,1.12602,4.26552,5.91944,33,19,step,2.714,1.79069e+09,-3.1582,52,0.262324
2.715,2,-1.5,nan,nan,nan,nan,-1.39863,1.21475,1.10684,4.26552,5.91944,33,19,step,2.715,1.79069e+09,-3.14692,52,0.262289
2.716,2,-1.5,nan,nan,nan,nan,-1.48887,1.3247,1.08234,4.26811,5.91944,33,19,step,2.716,1.79069e+09,-3.14692,52,0.262197
2.717,2,-1.5,nan,nan,nan,nan,-1.48887,1.3247,1.08128,4.26811,5.91944,33,19,step,2.717,1.79069e+09,-3.12437,52,0.262153
2.718,2,-1.5,nan,nan,nan,nan,-1.34224,1.13795,1.0898,4.27051,5.91944,33,19,step,2.718,1.79069e+09,-3.16948,52,0.262061
2.719,2,-1.5,nan,nan,nan,nan,-1.34224,1.13795,1.08128,4.27051,5.91944,33,19,step,2.719,1.79069e+09,-3.16948,52,0.262008
2.72,2,-1.5,nan,nan,nan,nan,-1.3084,1.01404,1.03866,4.27252,5.91944,33,19,step,2.72,1.79069e+09,-3.18076,52,0.261956
2.721,2,-1.5,nan,nan,nan,nan,-1.3084,1.01404,1.01736,4.27252,5.91944,33,19,step,2.721,1.79069e+09,-3.1582,52,0.261901
2.722,2,-1.5,nan,nan,nan,nan,-1.40991,0.994838,1.02055,4.27453,5.91944,33,19,step,2.722,1.79069e+09,-3.19204,52,0.261874
2.723,2,-1.5,nan,nan,nan,nan,-1.40991,0.994838,1.02695,4.27453,5.91944,33,19,step,2.723,1.79069e+09,-3.19204,52,0.261814
2.724,2,-1.5,nan,nan,nan,nan,-1.42119,0.97913,1.01097,4.27655,5.91954,33,19,step,2.724,1.79069e+09,-3.18076,52,0.261731
2.725,2,-1.5,nan,nan,nan,nan,-1.42119,0.97913,1.00351,4.27655,5.91954,33,19,step,2.725,1.79069e+09,-3.1582,52,0.26167
2.726,2,-1.5,nan,nan,nan,nan,-1.38735,1.01404,0.979008,4.27856,5.91954,33,19,step,2.726,1.79069e+09,-3.19204,52,0.261583
2.727,2,-1.5,nan,nan,nan,nan,-1.38735,1.01404,0.954506,4.27856,5.91954,33,19,step,2.727,1.79069e+09,-3.1582,52,0.261546
2.728,2,-1.5,nan,nan,nan,nan,-1.40991,1.03673,0.957702,4.28057,5.91954,33,19,step,2.728,1.79069e+09,-3.16948,52,0.261466
2.729,2,-1.5,nan,nan,nan,nan,-1.40991,1.03673,0.9332,4.28057,5.91954,33,19,step,2.729,1.79069e+09,-3.11309,52,0.261366
2.73,2,-1.5,nan,nan,nan,nan,-1.47759,0.919789,0.916155,4.28249,5.91954,33,19,step,2.73,1.79069e+09,-3.19204,52,0.261336
2.731,2,-1.5,nan,nan,nan,nan,-1.47759,0.919789,0.905502,4.28249,5.91954,33,19,step,2.731,1.79069e+09,-3.2146,52,0.261294
2.732,2,-1.5,nan,nan,nan,nan,-1.44375,0.87441,0.898045,4.28422,5.91954,33,19,step,2.732,1.79069e+09,-3.1582,52,0.261242
2.733,2,-1.5,nan,nan,nan,nan,-1.44375,0.87441,0.882066,4.28422,5.91954,33,19,step,2.733,1.79069e+09,-3.1582,52,0.26121
2.734,2,-1.5,nan,nan,nan,nan,-1.42119,0.919789,0.850107,4.28604,5.91954,33,19,step,2.734,1.79069e+09,-3.13564,52,0.261163
2.735,2,-1.5,nan,nan,nan,nan,-1.42119,0.919789,0.854368,4.28604,5.91963,33,19,step,2.735,1.79069e+09,-3.16948,52,0.261148
2.736,2,-1.5,nan,nan,nan,nan,-1.43247,0.902335,0.841585,4.28786,5.91963,33,19,step,2.736,1.79069e+09,-3.16948,52,0.261107
2.737,2,-1.5,nan,nan,nan,nan,-1.43247,0.902335,0.818148,4.28786,5.91963,33,19,step,2.737,1.79069e+09,-3.13564,52,0.261048
2.738,2,-1.5,nan,nan,nan,nan,-1.45503,0.767945,0.829866,4.28949,5.91963,33,19,step,2.738,1.79069e+09,-3.13564,52,0.261012
2.739,2,-1.5,nan,nan,nan,nan,-1.45503,0.767945,0.809626,4.28949,5.91973,33,19,step,2.739,1.79069e+09,-3.1582,52,0.260972
2.74,2,-1.5,nan,nan,nan,nan,-1.52271,0.678933,0.78832,4.29083,5.91973,33,19,step,2.74,1.79069e+09,-3.13564,52,0.260931
2.741,2,-1.5,nan,nan,nan,nan,-1.52271,0.678933,0.77234,4.29083,5.91973,33,19,step,2.741,1.79069e+09,-3.02285,52,0.260879
2.742,2,-1.5,nan,nan,nan,nan,-1.53398,0.755728,0.748904,4.29237,5.91982,33,19,step,2.742,1.79069e+09,-3.1582,52,0.260854
2.743,2,-1.5,nan,nan,nan,nan,-1.53398,0.755728,0.730794,4.29237,5.91982,33,19,step,2.743,1.79069e+09,-3.14692,52,0.260819
2.744,2,-1.5,nan,nan,nan,nan,-1.50015,0.855211,0.759557,4.294,5.91982,33,19,step,2.744,1.79069e+09,-3.07925,52,0.260733
2.745,2,-1.5,nan,nan,nan,nan,-1.50015,0.855211,0.739316,4.294,5.91982,33,19,step,2.745,1.79069e+09,-3.14692,52,0.260669
2.746,2,-1.5,nan,nan,nan,nan,-1.48887,0.801106,0.711618,4.29563,5.91982,33,19,step,2.746,1.79069e+09,-3.14692,52,0.26064
2.747,2,-1.5,nan,nan,nan,nan,-1.48887,0.801106,0.683921,4.29563,5.91982,33,19,step,2.747,1.79069e+09,-3.09053,52,0.26058
2.748,2,-1.5,nan,nan,nan,nan,-1.48887,0.624828,0.672202,4.29697,5.91982,33,19,step,2.748,1.79069e+09,-3.12437,52,0.260561
2.749,2,-1.5,nan,nan,nan,nan,-1.48887,0.624828,0.692443,4.29697,5.91982,33,19,step,2.749,1.79069e+09,-3.16948,52,0.260545
2.75,2,-1.5,nan,nan,nan,nan,-1.59038,0.555015,0.669006,4.29812,5.91982,33,19,step,2.75,1.79069e+09,-3.09053,52,0.260497
2.751,2,-1.5,nan,nan,nan,nan,-1.59038,0.555015,0.649831,4.29812,5.91982,33,19,step,2.751,1.79069e+09,-3.13564,52,0.260492
2.752,2,-1.5,nan,nan,nan,nan,-1.56782,0.651008,0.646635,4.29936,5.91982,33,19,step,2.752,1.79069e+09,-3.11309,52,0.260464
2.753,2,-1.5,nan,nan,nan,nan,-1.56782,0.651008,0.620003,4.29936,5.91982,33,19,step,2.753,1.79069e+09,-3.07925,52,0.260449
2.754,2,-1.5,nan,nan,nan,nan,-1.48887,0.715585,0.602958,4.3008,5.91982,33,19,step,2.754,1.79069e+09,-3.09053,52,0.260378
2.755,2,-1.5,nan,nan,nan,nan,-1.48887,0.715585,0.598697,4.3008,5.91982,33,19,step,2.755,1.79069e+09,-3.07925,52,0.260313
2.756,2,-1.5,nan,nan,nan,nan,-1.47759,0.666716,0.579522,4.30224,5.91982,33,19,step,2.756,1.79069e+09,-3.11309,52,0.26027
2.757,2,-1.5,nan,nan,nan,nan,-1.47759,0.666716,0.57313,4.30224,5.91982,33,19,step,2.757,1.79069e+09,-3.09053,52,0.260178
2.758,2,-1.5,nan,nan,nan,nan,-1.33096,0.532325,0.562477,4.3033,5.91982,33,19,step,2.758,1.79069e+09,-3.13564,52,0.26013
2.759,2,-1.5,nan,nan,nan,nan,-1.33096,0.532325,0.55502,4.3033,5.91982,33,19,step,2.759,1.79069e+09,-3.1582,52,0.260109
2.76,2,-1.5,nan,nan,nan,nan,-1.36479,0.424115,0.53691,4.30425,5.91982,33,19,step,2.76,1.79069e+09,-3.13564,52,0.260098
2.761,2,-1.5,nan,nan,nan,nan,-1.36479,0.424115,0.511343,4.30425,5.91982,33,19,step,2.761,1.79069e+09,-3.11309,52,0.260109
2.762,2,-1.5,nan,nan,nan,nan,-1.60166,0.450295,0.495363,4.30512,5.91982,33,19,step,2.762,1.79069e+09,-3.10181,52,0.260089
2.763,2,-1.5,nan,nan,nan,nan,-1.60166,0.450295,0.5188,4.30512,5.91982,33,19,step,2.763,1.79069e+09,-3.10181,52,0.260049
2.764,2,-1.5,nan,nan,nan,nan,-1.45503,0.511381,0.501755,4.30608,5.91982,33,19,step,2.764,1.79069e+09,-3.10181,52,0.259989
2.765,2,-1.5,nan,nan,nan,nan,-1.45503,0.511381,0.459143,4.30608,5.91982,33,19,step,2.765,1.79069e+09,-3.11309,52,0.259928
2.766,2,-1.5,nan,nan,nan,nan,-1.48887,0.534071,0.462339,4.30713,5.91992,33,19,step,2.766,1.79069e+09,-3.10181,52,0.259915
2.767,2,-1.5,nan,nan,nan,nan,-1.48887,0.534071,0.428249,4.30713,5.91992,33,19,step,2.767,1.79069e+09,-3.09053,52,0.259863
2.768,2,-1.5,nan,nan,nan,nan,-1.42119,0.502655,0.433576,4.30809,5.91992,33,19,step,2.768,1.79069e+09,-3.09053,52,0.259803
2.769,2,-1.5,nan,nan,nan,nan,-1.42119,0.502655,0.418662,4.30809,5.91992,33,19,step,2.769,1.79069e+09,-3.09053,52,0.259758
2.77,2,-1.5,nan,nan,nan,nan,-1.43247,0.45204,0.39629,4.30905,5.91992,33,19,step,2.77,1.79069e+09,-3.12437,52,0.259705
2.771,2,-1.5,nan,nan,nan,nan,-1.43247,0.45204,0.39416,4.30905,5.91992,33,19,step,2.771,1.79069e+09,-3.13564,52,0.25968
2.772,2,-1.5,nan,nan,nan,nan,-1.43247,0.387463,0.385637,4.30981,5.91992,33,19,step,2.772,1.79069e+09,-3.12437,52,0.25966
2.773,2,-1.5,nan,nan,nan,nan,-1.43247,0.387463,0.371789,4.30981,5.91992,33,19,step,2.773,1.79069e+09,-3.11309,52,0.259645
2.774,2,-1.5,nan,nan,nan,nan,-1.44375,0.335103,0.366462,4.31058,5.91992,33,19,step,2.774,1.79069e+09,-3.06797,52,0.259657
2.775,2,-1.5,nan,nan,nan,nan,-1.44375,0.335103,0.354744,4.31058,5.91992,33,19,step,2.775,1.79069e+09,-3.09053,52,0.25963
2.776,2,-1.5,nan,nan,nan,nan,-1.46631,0.305433,0.349417,4.31116,5.91992,33,19,step,2.776,1.79069e+09,-3.06797,52,0.259576
2.777,2,-1.5,nan,nan,nan,nan,-1.46631,0.305433,0.333438,4.31116,5.91992,33,19,step,2.777,1.79069e+09,-3.10181,52,0.259513
2.778,2,-1.5,nan,nan,nan,nan,-1.51143,0.289725,0.306806,4.31173,5.91992,33,19,step,2.778,1.79069e+09,-3.14692,52,0.259484
2.779,2,-1.5,nan,nan,nan,nan,-1.51143,0.289725,0.311067,4.31173,5.91992,33,19,step,2.779,1.79069e+09,-3.13564,52,0.259451
2.78,2,-1.5,nan,nan,nan,nan,-1.52271,0.293215,0.282304,4.31231,5.91992,33,19,step,2.78,1.79069e+09,-3.11309,52,0.259397
2.781,2,-1.5,nan,nan,nan,nan,-1.52271,0.293215,0.266324,4.31231,5.91992,33,19,step,2.781,1.79069e+09,-3.12437,52,0.259381
2.782,2,-1.5,nan,nan,nan,nan,-1.52271,0.286234,0.254606,4.31288,5.91992,33,19,step,2.782,1.79069e+09,-3.07925,52,0.259339
2.783,2,-1.5,nan,nan,nan,nan,-1.52271,0.286234,0.238627,4.31288,5.91992,33,19,step,2.783,1.79069e+09,-3.07925,52,0.259287
2.784,2,-1.5,nan,nan,nan,nan,-1.48887,0.253073,0.248214,4.31346,5.91992,33,19,step,2.784,1.79069e+09,-3.11309,52,0.259235
2.785,2,-1.5,nan,nan,nan,nan,-1.48887,0.253073,0.218386,4.31346,5.91992,33,19,step,2.785,1.79069e+09,-3.13564,52,0.259185
2.786,2,-1.5,nan,nan,nan,nan,-1.45503,0.225147,0.19708,4.31394,5.91992,33,19,step,2.786,1.79069e+09,-3.12437,52,0.25917
2.787,2,-1.5,nan,nan,nan,nan,-1.45503,0.225147,0.196015,4.31394,5.91992,33,19,step,2.787,1.79069e+09,-3.09053,52,0.259127
2.788,2,-1.5,nan,nan,nan,nan,-1.42119,0.193732,0.175774,4.31432,5.91992,33,19,step,2.788,1.79069e+09,-3.13564,52,0.259086
2.789,2,-1.5,nan,nan,nan,nan,-1.42119,0.193732,0.169382,4.31432,5.91992,33,19,step,2.789,1.79069e+09,-3.12437,52,0.259063
2.79,2,-1.5,nan,nan,nan,nan,-1.40991,0.153589,0.152337,4.31461,5.91992,33,19,step,2.79,1.79069e+09,-3.00029,52,0.259003
2.791,2,-1.5,nan,nan,nan,nan,-1.40991,0.153589,0.136358,4.31461,5.91992,33,19,step,2.791,1.79069e+09,-3.12437,52,0.258979
2.792,2,-1.5,nan,nan,nan,nan,-1.40991,0.120428,0.136358,4.3149,5.91992,33,19,step,2.792,1.79069e+09,-3.16948,52,0.258942
2.793,2,-1.5,nan,nan,nan,nan,-1.40991,0.120428,0.148076,4.3149,5.91992,33,19,step,2.793,1.79069e+09,-3.1582,52,0.258909
2.794,2,-1.5,nan,nan,nan,nan,-1.43247,0.0942478,0.104399,4.31509,5.91992,33,19,step,2.794,1.79069e+09,-3.14692,52,0.258909
2.795,2,-1.5,nan,nan,nan,nan,-1.43247,0.0942478,0.0884196,4.31509,5.91992,33,19,step,2.795,1.79069e+09,-3.12437,52,0.258845
2.796,2,-1.5,nan,nan,nan,nan,-1.45503,0.0872665,0.0873543,4.31528,5.91992,33,19,step,2.796,1.79069e+09,-3.06797,52,0.258782
2.797,2,-1.5,nan,nan,nan,nan,-1.45503,0.0872665,0.0777667,4.31528,5.91992,33,19,step,2.797,1.79069e+09,-3.1582,52,0.258758
2.798,2,-1.5,nan,nan,nan,nan,-1.45503,0.0645772,0.0511343,4.31538,5.91992,33,19,step,2.798,1.79069e+09,-3.1582,52,0.258713
2.799,2,-1.5,nan,nan,nan,nan,-1.45503,0.0645772,0.0468731,4.31538,5.91992,33,19,step,2.799,1.79069e+09,-3.13564,52,0.258681
2.8,2,-1.5,nan,nan,nan,nan,-1.44375,0.0383972,0.0340895,4.31547,5.91992,33,19,step,2.8,1.79069e+09,-3.14692,52,0.258647
2.801,2,-1.5,nan,nan,nan,nan,-1.44375,0.0383972,0.0138489,4.31547,5.91992,33,19,step,2.801,1.79069e+09,-3.13564,52,0.258647
2.802,2,-1.5,nan,nan,nan,nan,-1.48887,0,-0.0213059,4.31547,5.91992,33,19,step,2.802,1.79069e+09,-3.16948,52,0.258669
2.803,2,-1.5,nan,nan,nan,nan,-1.48887,0,-0.00213059,4.31547,5.91992,33,19,step,2.803,1.79069e+09,-2.98901,52,0.258645
2.804,2,-1.5,nan,nan,nan,nan,-1.45503,0,-0.00745708,4.31547,5.91992,33,19,step,2.804,1.79069e+09,-3.09053,52,0.258635
2.805,2,-1.5,nan,nan,nan,nan,-1.45503,0,-0.0266324,4.31547,5.91992,33,19,step,2.805,1.79069e+09,-3.07925,52,0.258589
2.806,2,-1.5,nan,nan,nan,nan,-1.45503,-0.00872665,-0.0340895,4.31547,5.91992,33,19,step,2.806,1.79069e+09,-3.13564,52,0.258561
2.807,2,-1.5,nan,nan,nan,nan,-1.45503,-0.00872665,-0.057526,4.31547,5.91992,33,19,step,2.807,1.79069e+09,-3.14692,52,0.25856
2.808,2,-1.5,nan,nan,nan,nan,-1.47759,-0.0401426,-0.0585913,4.31538,5.91992,33,19,step,2.808,1.79069e+09,-2.98901,52,0.258521
2.809,2,-1.5,nan,nan,nan,nan,-1.47759,-0.0401426,-0.0564607,4.31538,5.91992,33,19,step,2.809,1.79069e+09,-3.10181,52,0.258476
2.81,2,-1.5,nan,nan,nan,nan,-1.45503,-0.0628319,-0.0820279,4.31528,5.91992,33,19,step,2.81,1.79069e+09,-3.12437,52,0.258453
2.811,2,-1.5,nan,nan,nan,nan,-1.45503,-0.0628319,-0.104399,4.31528,5.91992,33,19,step,2.811,1.79069e+09,-3.20332,52,0.258432
2.812,2,-1.5,nan,nan,nan,nan,-1.46631,-0.0907571,-0.0916155,4.31509,5.91992,33,19,step,2.812,1.79069e+09,-3.12437,52,0.258405
2.813,2,-1.5,nan,nan,nan,nan,-1.46631,-0.0907571,-0.0916155,4.31509,5.91992,33,19,step,2.813,1.79069e+09,-3.1582,52,0.258389
2.814,2,-1.5,nan,nan,nan,nan,-1.46631,-0.118682,-0.118248,4.3149,5.91992,33,19,step,2.814,1.79069e+09,-3.13564,52,0.258389
2.815,2,-1.5,nan,nan,nan,nan,-1.46631,-0.118682,-0.121444,4.3149,5.91992,33,19,step,2.815,1.79069e+09,-3.14692,52,0.258391
2.816,2,-1.5,nan,nan,nan,nan,-1.47759,-0.144862,-0.135293,4.31461,5.91992,33,19,step,2.816,1.79069e+09,-3.13564,52,0.258398
2.817,2,-1.5,nan,nan,nan,nan,-1.47759,-0.144862,-0.134227,4.31461,5.91992,33,19,step,2.817,1.79069e+09,-3.12437,52,0.258378
2.818,2,-1.5,nan,nan,nan,nan,-1.48887,-0.158825,-0.151272,4.31432,5.91992,33,19,step,2.818,1.79069e+09,-3.12437,52,0.25833
2.819,2,-1.5,nan,nan,nan,nan,-1.48887,-0.158825,-0.176839,4.31432,5.91992,33,19,step,2.819,1.79069e+09,-3.05669,52,0.25829
2.82,2,-1.5,nan,nan,nan,nan,-1.48887,-0.181514,-0.188558,4.31394,5.91992,33,19,step,2.82,1.79069e+09,-3.09053,52,0.258293
2.821,2,-1.5,nan,nan,nan,nan,-1.48887,-0.181514,-0.183231,4.31394,5.91992,33,19,step,2.821,1.79069e+09,-3.18076,52,0.258275
2.822,2,-1.5,nan,nan,nan,nan,-1.52271,-0.18326,-0.182166,4.31355,5.91992,33,19,step,2.822,1.79069e+09,-3.1582,52,0.258257
2.823,2,-1.5,nan,nan,nan,nan,-1.52271,-0.18326,-0.190688,4.31355,5.91992,33,19,step,2.823,1.79069e+09,-3.1582,52,0.258247
2.824,2,-1.5,nan,nan,nan,nan,-1.52271,-0.198968,-0.182166,4.31317,5.91992,33,19,step,2.824,1.79069e+09,-3.1582,52,0.258218
2.825,2,-1.5,nan,nan,nan,nan,-1.52271,-0.198968,-0.17897,4.31317,5.91992,33,19,step,2.825,1.79069e+09,-3.04541,52,0.258165
2.826,2,-1.5,nan,nan,nan,nan,-1.52271,-0.216421,-0.192819,4.31279,5.91992,33,19,step,2.826,1.79069e+09,-3.18076,52,0.258149
2.827,2,-1.5,nan,nan,nan,nan,-1.52271,-0.216421,-0.217321,4.31279,5.91992,33,19,step,2.827,1.79069e+09,-3.23716,52,0.258169
2.828,2,-1.5,nan,nan,nan,nan,-1.51143,-0.246091,-0.237561,4.31231,5.91992,33,19,step,2.828,1.79069e+09,-3.1582,52,0.258157
2.829,2,-1.5,nan,nan,nan,nan,-1.51143,-0.246091,-0.231169,4.31231,5.91992,33,19,step,2.829,1.79069e+09,-3.12437,52,0.25815
2.83,2,-1.5,nan,nan,nan,nan,-1.50015,-0.267035,-0.255671,4.31173,5.91992,33,19,step,2.83,1.79069e+09,-3.1582,52,0.258147
2.831,2,-1.5,nan,nan,nan,nan,-1.50015,-0.267035,-0.236496,4.31173,5.91992,33,19,step,2.831,1.79069e+09,-3.16948,52,0.258098
2.832,2,-1.5,nan,nan,nan,nan,-1.45503,-0.280998,-0.245018,4.31125,5.91992,33,19,step,2.832,1.79069e+09,-3.18076,52,0.258049
2.833,2,-1.5,nan,nan,nan,nan,-1.45503,-0.280998,-0.262063,4.31125,5.91992,33,19,step,2.833,1.79069e+09,-3.2146,52,0.258056
2.834,2,-1.5,nan,nan,nan,nan,-1.43247,-0.261799,-0.265259,4.31068,5.91992,33,19,step,2.834,1.79069e+09,-3.2146,52,0.258064
2.835,2,-1.5,nan,nan,nan,nan,-1.43247,-0.261799,-0.271651,4.31068,5.91992,33,19,step,2.835,1.79069e+09,-3.14692,52,0.25806
2.836,2,-1.5,nan,nan,nan,nan,-1.44375,-0.275762,-0.286565,4.3101,5.91992,33,19,step,2.836,1.79069e+09,-3.1582,52,0.258028
2.837,2,-1.5,nan,nan,nan,nan,-1.44375,-0.275762,-0.289761,4.3101,5.91992,33,19,step,2.837,1.79069e+09,-3.19204,52,0.257983
2.838,2,-1.5,nan,nan,nan,nan,-1.44375,-0.305433,-0.290826,4.30953,5.91992,33,19,step,2.838,1.79069e+09,-3.20332,52,0.257966
2.839,2,-1.5,nan,nan,nan,nan,-1.44375,-0.305433,-0.299348,4.30953,5.91992,33,19,step,2.839,1.79069e+09,-3.2146,52,0.257934
2.84,2,-1.5,nan,nan,nan,nan,-1.46631,-0.333358,-0.302544,4.30895,5.91992,33,19,step,2.84,1.79069e+09,-3.2146,52,0.257942
2.841,2,-1.5,nan,nan,nan,nan,-1.46631,-0.333358,-0.30361,4.30895,5.91992,33,19,step,2.841,1.79069e+09,-3.2146,52,0.257944
2.842,2,-1.5,nan,nan,nan,nan,-1.47759,-0.364774,-0.329177,4.30819,5.91992,33,19,step,2.842,1.79069e+09,-3.20332,52,0.257946
2.843,2,-1.5,nan,nan,nan,nan,-1.47759,-0.364774,-0.354744,4.30819,5.91992,33,19,step,2.843,1.79069e+09,-3.1582,52,0.25794
2.844,2,-1.5,nan,nan,nan,nan,-1.51143,-0.383972,-0.345156,4.30742,5.91992,33,19,step,2.844,1.79069e+09,-3.16948,52,0.25791
2.845,2,-1.5,nan,nan,nan,nan,-1.51143,-0.383972,-0.35794,4.30742,5.91992,33,19,step,2.845,1.79069e+09,-3.2146,52,0.257892
2.846,2,-1.5,nan,nan,nan,nan,-1.56782,-0.397935,-0.349417,4.30656,5.91992,33,19,step,2.846,1.79069e+09,-3.2146,52,0.257869
2.847,2,-1.5,nan,nan,nan,nan,-1.56782,-0.397935,-0.350483,4.30656,5.91992,33,19,step,2.847,1.79069e+09,-3.22588,52,0.257838
2.848,2,-1.5,nan,nan,nan,nan,-1.5791,-0.394444,-0.365397,4.30579,5.91992,33,19,step,2.848,1.79069e+09,-3.2146,52,0.257825
2.849,2,-1.5,nan,nan,nan,nan,-1.5791,-0.394444,-0.385637,4.30579,5.91992,33,19,step,2.849,1.79069e+09,-3.22588,52,0.257821
2.85,2,-1.5,nan,nan,nan,nan,-1.55654,-0.397935,-0.366462,4.30502,5.91992,33,19,step,2.85,1.79069e+09,-3.2146,52,0.257817
2.851,2,-1.5,nan,nan,nan,nan,-1.55654,-0.397935,-0.377115,4.30502,5.91992,33,19,step,2.851,1.79069e+09,-3.18076,52,0.257799
2.852,2,-1.5,nan,nan,nan,nan,-1.50015,-0.415388,-0.381376,4.30425,5.91992,33,19,step,2.852,1.79069e+09,-3.09053,52,0.257749
2.853,2,-1.5,nan,nan,nan,nan,-1.50015,-0.415388,-0.383507,4.30425,5.91992,33,19,step,2.853,1.79069e+09,-3.2146,52,0.257725
2.854,2,-1.5,nan,nan,nan,nan,-1.50015,-0.411898,-0.389899,4.30339,5.91992,33,19,step,2.854,1.79069e+09,-3.271,52,0.257728
2.855,2,-1.5,nan,nan,nan,nan,-1.50015,-0.411898,-0.410139,4.30339,5.91992,33,19,step,2.855,1.79069e+09,-3.12437,52,0.257738
2.856,2,-1.5,nan,nan,nan,nan,-1.47759,-0.403171,-0.420792,4.30253,5.91992,33,19,step,2.856,1.79069e+09,-3.18076,52,0.257725
2.857,2,-1.5,nan,nan,nan,nan,-1.47759,-0.403171,-0.431445,4.30253,5.91992,33,19,step,2.857,1.79069e+09,-3.2146,52,0.257702
2.858,2,-1.5,nan,nan,nan,nan,-1.48887,-0.39619,-0.422923,4.30176,5.91992,33,19,step,2.858,1.79069e+09,-3.2146,52,0.25769
2.859,2,-1.5,nan,nan,nan,nan,-1.48887,-0.39619,-0.432511,4.30176,5.91992,33,19,step,2.859,1.79069e+09,-3.2146,52,0.257672
2.86,2,-1.5,nan,nan,nan,nan,-1.47759,-0.438078,-0.444229,4.3009,5.91992,33,19,step,2.86,1.79069e+09,-3.22588,52,0.257639
2.861,2,-1.5,nan,nan,nan,nan,-1.47759,-0.438078,-0.418662,4.3009,5.91992,33,19,step,2.861,1.79069e+09,-3.13564,52,0.257608
2.862,2,-1.5,nan,nan,nan,nan,-1.48887,-0.495674,-0.447425,4.29994,5.91992,33,19,step,2.862,1.79069e+09,-3.28228,52,0.257629
2.863,2,-1.5,nan,nan,nan,nan,-1.48887,-0.495674,-0.463404,4.29994,5.91992,33,19,step,2.863,1.79069e+09,-3.23716,52,0.257636
2.864,2,-1.5,nan,nan,nan,nan,-1.39863,-0.534071,-0.460208,4.29879,5.91992,33,19,step,2.864,1.79069e+09,-3.07925,52,0.257628
2.865,2,-1.5,nan,nan,nan,nan,-1.39863,-0.534071,-0.427184,4.29879,5.91992,33,19,step,2.865,1.79069e+09,-3.11309,52,0.257601
2.866,2,-1.5,nan,nan,nan,nan,-1.55654,-0.549779,-0.459143,4.29783,5.91992,33,19,step,2.866,1.79069e+09,-3.23716,52,0.257583
2.867,2,-1.5,nan,nan,nan,nan,-1.55654,-0.549779,-0.483645,4.29783,5.91992,33,19,step,2.867,1.79069e+09,-3.25972,52,0.257572
2.868,2,-1.5,nan,nan,nan,nan,-1.48887,-0.528835,-0.490037,4.29678,5.91992,33,19,step,2.868,1.79069e+09,-3.13564,52,0.257569
2.869,2,-1.5,nan,nan,nan,nan,-1.48887,-0.528835,-0.483645,4.29678,5.91992,33,19,step,2.869,1.79069e+09,-3.23716,52,0.257571
2.87,2,-1.5,nan,nan,nan,nan,-1.47759,-0.506145,-0.492167,4.29572,5.91992,33,19,step,2.87,1.79069e+09,-3.11309,52,0.257564
2.871,2,-1.5,nan,nan,nan,nan,-1.47759,-0.506145,-0.506016,4.29572,5.91992,33,19,step,2.871,1.79069e+09,-3.2146,52,0.257557
2.872,2,-1.5,nan,nan,nan,nan,-1.48887,-0.486947,-0.50069,4.29476,5.91992,33,19,step,2.872,1.79069e+09,-3.24844,52,0.25756
2.873,2,-1.5,nan,nan,nan,nan,-1.48887,-0.486947,-0.498559,4.29476,5.91992,33,19,step,2.873,1.79069e+09,-3.23716,52,0.257551
2.874,2,-1.5,nan,nan,nan,nan,-1.45503,-0.499164,-0.534779,4.29371,5.91992,33,19,step,2.874,1.79069e+09,-3.13564,52,0.257527
2.875,2,-1.5,nan,nan,nan,nan,-1.45503,-0.499164,-0.530518,4.29371,5.91992,33,19,step,2.875,1.79069e+09,-3.16948,52,0.257514
2.876,2,-1.5,nan,nan,nan,nan,-1.46631,-0.555015,-0.532648,4.29256,5.91992,33,19,step,2.876,1.79069e+09,-3.1582,52,0.257532
2.877,2,-1.5,nan,nan,nan,nan,-1.46631,-0.555015,-0.543301,4.29256,5.91992,33,19,step,2.877,1.79069e+09,-3.12437,52,0.25754
2.878,2,-1.5,nan,nan,nan,nan,-1.48887,-0.621337,-0.547563,4.29141,5.91992,33,19,step,2.878,1.79069e+09,-3.11309,52,0.257518
2.879,2,-1.5,nan,nan,nan,nan,-1.48887,-0.621337,-0.547563,4.29141,5.91992,33,19,step,2.879,1.79069e+09,-3.13564,52,0.257488
2.88,2,-1.5,nan,nan,nan,nan,-1.48887,-0.631809,-0.566738,4.29006,5.91992,33,19,step,2.88,1.79069e+09,-3.28228,52,0.257471
2.881,2,-1.5,nan,nan,nan,nan,-1.48887,-0.631809,-0.544367,4.29006,5.91992,33,19,step,2.881,1.79069e+09,-3.14692,52,0.257473
2.882,2,-1.5,nan,nan,nan,nan,-1.46631,-0.612611,-0.565673,4.28882,5.91992,33,19,step,2.882,1.79069e+09,-3.1582,52,0.257485
2.883,2,-1.5,nan,nan,nan,nan,-1.46631,-0.612611,-0.582717,4.28882,5.91992,33,19,step,2.883,1.79069e+09,-3.13564,52,0.257495
2.884,2,-1.5,nan,nan,nan,nan,-1.47759,-0.570723,-0.588044,4.28767,5.91992,33,19,step,2.884,1.79069e+09,-3.12437,52,0.257462
2.885,2,-1.5,nan,nan,nan,nan,-1.47759,-0.570723,-0.582717,4.28767,5.91992,33,19,step,2.885,1.79069e+09,-3.13564,52,0.257447
2.886,2,-1.5,nan,nan,nan,nan,-1.51143,-0.544543,-0.579522,4.28661,5.91992,33,19,step,2.886,1.79069e+09,-3.16948,52,0.257449
2.887,2,-1.5,nan,nan,nan,nan,-1.51143,-0.544543,-0.594436,4.28661,5.91992,33,19,step,2.887,1.79069e+09,-3.13564,52,0.25742
2.888,2,-1.5,nan,nan,nan,nan,-1.46631,-0.570723,-0.598697,4.28556,5.91992,33,19,step,2.888,1.79069e+09,-3.1582,52,0.257403
2.889,2,-1.5,nan,nan,nan,nan,-1.46631,-0.570723,-0.604023,4.28556,5.91992,33,19,step,2.889,1.79069e+09,-3.18076,52,0.257416
2.89,2,-1.5,nan,nan,nan,nan,-1.45503,-0.656244,-0.625329,4.28431,5.91992,33,19,step,2.89,1.79069e+09,-3.18076,52,0.25743
2.891,2,-1.5,nan,nan,nan,nan,-1.45503,-0.656244,-0.602958,4.28431,5.91992,33,19,step,2.891,1.79069e+09,-3.13564,52,0.257446
2.892,2,-1.5,nan,nan,nan,nan,-1.56782,-0.720821,-0.600827,4.28278,5.91992,33,19,step,2.892,1.79069e+09,-3.1582,52,0.257423
2.893,2,-1.5,nan,nan,nan,nan,-1.56782,-0.720821,-0.633852,4.28278,5.91992,33,19,step,2.893,1.79069e+09,-3.18076,52,0.257411
2.894,2,-1.5,nan,nan,nan,nan,-1.52271,-0.720821,-0.637048,4.28134,5.91992,33,19,step,2.894,1.79069e+09,-3.2146,52,0.257406
2.895,2,-1.5,nan,nan,nan,nan,-1.52271,-0.720821,-0.638113,4.28134,5.91992,33,19,step,2.895,1.79069e+09,-3.20332,52,0.257386
2.896,2,-1.5,nan,nan,nan,nan,-1.44375,-0.678933,-0.660484,4.28,5.91992,33,19,step,2.896,1.79069e+09,-3.20332,52,0.257387
2.897,2,-1.5,nan,nan,nan,nan,-1.44375,-0.678933,-0.625329,4.28,5.91992,33,19,step,2.897,1.79069e+09,-3.31611,52,0.257393
2.898,2,-1.5,nan,nan,nan,nan,-1.47759,-0.638791,-0.642374,4.27866,5.91992,33,19,step,2.898,1.79069e+09,-3.18076,52,0.257374
2.899,2,-1.5,nan,nan,nan,nan,-1.47759,-0.638791,-0.678594,4.27866,5.91992,33,19,step,2.899,1.79069e+09,-3.1582,52,0.257351
2.9,2,-1.5,nan,nan,nan,nan,-1.59038,-0.647517,-0.672202,4.27731,5.91992,33,19,step,2.9,1.79069e+09,-3.19204,52,0.257314
2.901,2,-1.5,nan,nan,nan,nan,-1.59038,-0.647517,-0.675398,4.27731,5.91992,33,19,step,2.901,1.79069e+09,-3.22588,52,0.257304
2.902,2,-1.5,nan,nan,nan,nan,-1.59038,-0.74351,-0.667941,4.27588,5.91992,33,19,step,2.902,1.79069e+09,-3.23716,52,0.257281
2.903,2,-1.5,nan,nan,nan,nan,-1.59038,-0.74351,-0.671137,4.27588,5.91992,33,19,step,2.903,1.79069e+09,-3.22588,52,0.257261
2.904,2,-1.5,nan,nan,nan,nan,-1.56782,-0.785398,-0.694574,4.27434,5.91992,33,19,step,2.904,1.79069e+09,-3.23716,52,0.257275
2.905,2,-1.5,nan,nan,nan,nan,-1.56782,-0.785398,-0.706292,4.27434,5.91992,33,19,step,2.905,1.79069e+09,-3.23716,52,0.257273
2.906,2,-1.5,nan,nan,nan,nan,-1.45503,-0.757473,-0.696704,4.27281,5.91992,33,19,step,2.906,1.79069e+09,-3.2146,52,0.257273
2.907,2,-1.5,nan,nan,nan,nan,-1.45503,-0.757473,-0.723337,4.27281,5.91992,33,19,step,2.907,1.79069e+09,-3.2146,52,0.257277
2.908,2,-1.5,nan,nan,nan,nan,-1.54526,-0.706858,-0.697769,4.27137,5.91992,33,19,step,2.908,1.79069e+09,-3.22588,52,0.257266
2.909,2,-1.5,nan,nan,nan,nan,-1.54526,-0.706858,-0.693508,4.27137,5.91992,33,19,step,2.909,1.79069e+09,-3.2146,52,0.257255
2.91,2,-1.5,nan,nan,nan,nan,-1.52271,-0.71733,-0.716945,4.26993,5.91992,33,19,step,2.91,1.79069e+09,-3.22588,52,0.257225
2.911,2,-1.5,nan,nan,nan,nan,-1.52271,-0.71733,-0.751034,4.26993,5.91992,33,19,step,2.911,1.79069e+09,-3.22588,52,0.257228
2.912,2,-1.5,nan,nan,nan,nan,-1.52271,-0.808087,-0.756361,4.2684,5.91992,33,19,step,2.912,1.79069e+09,-3.22588,52,0.257193
2.913,2,-1.5,nan,nan,nan,nan,-1.52271,-0.808087,-0.747838,4.2684,5.91992,33,19,step,2.913,1.79069e+09,-3.22588,52,0.257157
2.914,2,-1.5,nan,nan,nan,nan,-1.51143,-0.836013,-0.719075,4.26677,5.91992,33,19,step,2.914,1.79069e+09,-3.25972,52,0.257137
2.915,2,-1.5,nan,nan,nan,nan,-1.51143,-0.836013,-0.731859,4.26677,5.91992,33,19,step,2.915,1.79069e+09,-3.29355,52,0.257129
2.916,2,-1.5,nan,nan,nan,nan,-1.47759,-0.801106,-0.77234,4.26504,5.91992,33,19,step,2.916,1.79069e+09,-3.25972,52,0.257132
2.917,2,-1.5,nan,nan,nan,nan,-1.47759,-0.801106,-0.782993,4.26504,5.91992,33,19,step,2.917,1.79069e+09,-3.38379,52,0.257132
2.918,2,-1.5,nan,nan,nan,nan,-1.54526,-0.734784,-0.768079,4.2636,5.91992,33,19,step,2.918,1.79069e+09,-3.22588,52,0.257112
2.919,2,-1.5,nan,nan,nan,nan,-1.54526,-0.734784,-0.779797,4.2636,5.91992,33,19,step,2.919,1.79069e+09,-3.271,52,0.257117
2.92,2,-1.5,nan,nan,nan,nan,-1.45503,-0.760964,-0.776601,4.26207,5.91992,33,19,step,2.92,1.79069e+09,-3.271,52,0.257106
2.921,2,-1.5,nan,nan,nan,nan,-1.45503,-0.760964,-0.796842,4.26207,5.91992,33,19,step,2.921,1.79069e+09,-3.25972,52,0.257093
2.922,2,-1.5,nan,nan,nan,nan,-1.43247,-0.865683,-0.804299,4.26034,5.91992,33,19,step,2.922,1.79069e+09,-3.28228,52,0.257089
2.923,2,-1.5,nan,nan,nan,nan,-1.43247,-0.865683,-0.793646,4.26034,5.91992,33,19,step,2.923,1.79069e+09,-3.37251,52,0.25709
2.924,2,-1.5,nan,nan,nan,nan,-1.34224,-0.911062,-0.795777,4.25852,5.91992,33,19,step,2.924,1.79069e+09,-3.41763,52,0.257124
2.925,2,-1.5,nan,nan,nan,nan,-1.34224,-0.911062,-0.803234,4.25852,5.91992,33,19,step,2.925,1.79069e+09,-3.25972,52,0.257094
2.926,2,-1.5,nan,nan,nan,nan,-1.37607,-0.855211,-0.807495,4.2568,5.91992,33,19,step,2.926,1.79069e+09,-3.23716,52,0.257073
2.927,2,-1.5,nan,nan,nan,nan,-1.37607,-0.855211,-0.817083,4.2568,5.91992,33,19,step,2.927,1.79069e+09,-3.30483,52,0.257081
2.928,2,-1.5,nan,nan,nan,nan,-1.55654,-0.783653,-0.809626,4.25526,5.91992,33,19,step,2.928,1.79069e+09,-3.28228,52,0.257054
2.929,2,-1.5,nan,nan,nan,nan,-1.55654,-0.783653,-0.805364,4.25526,5.91992,33,19,step,2.929,1.79069e+09,-3.41763,52,0.257048
2.93,2,-1.5,nan,nan,nan,nan,-1.43247,-0.876155,-0.831997,4.25344,5.91992,33,19,step,2.93,1.79069e+09,-3.30483,52,0.257043
2.931,2,-1.5,nan,nan,nan,nan,-1.43247,-0.876155,-0.843715,4.25344,5.91992,33,19,step,2.931,1.79069e+09,-3.28228,52,0.257046
2.932,2,-1.5,nan,nan,nan,nan,-1.40991,-0.986111,-0.84478,4.25162,5.91992,33,19,step,2.932,1.79069e+09,-3.271,52,0.257067
2.933,2,-1.5,nan,nan,nan,nan,-1.40991,-0.986111,-0.835193,4.25162,5.91992,33,19,step,2.933,1.79069e+09,-3.28228,52,0.257077
2.934,2,-1.5,nan,nan,nan,nan,-1.48887,-0.968658,-0.846911,4.24961,5.91992,33,19,step,2.934,1.79069e+09,-3.40635,52,0.257082
2.935,2,-1.5,nan,nan,nan,nan,-1.48887,-0.968658,-0.855433,4.24961,5.91992,33,19,step,2.935,1.79069e+09,-3.30483,52,0.257092
2.936,2,-1.5,nan,nan,nan,nan,-1.48887,-0.804597,-0.859695,4.24798,5.91992,33,19,step,2.936,1.79069e+09,-3.29355,52,0.257095
2.937,2,-1.5,nan,nan,nan,nan,-1.48887,-0.804597,-0.854368,4.24798,5.91992,33,19,step,2.937,1.79069e+09,-3.42891,52,0.257111
2.938,2,-1.5,nan,nan,nan,nan,-1.54526,-0.815069,-0.861825,4.24635,5.91992,33,19,step,2.938,1.79069e+09,-3.44019,52,0.257099
2.939,2,-1.5,nan,nan,nan,nan,-1.54526,-0.815069,-0.872478,4.24635,5.91992,33,19,step,2.939,1.79069e+09,-3.37251,52,0.257073
2.94,2,-1.5,nan,nan,nan,nan,-1.40991,-0.97913,-0.868217,4.24443,5.91992,33,19,step,2.94,1.79069e+09,-3.41763,52,0.257043
2.941,2,-1.5,nan,nan,nan,nan,-1.40991,-0.97913,-0.87887,4.24443,5.91992,33,19,step,2.941,1.79069e+09,-3.44019,52,0.257018
2.942,2,-1.5,nan,nan,nan,nan,-1.39863,-1.03847,-0.874609,4.24242,5.91992,33,19,step,2.942,1.79069e+09,-3.51914,52,0.257037
2.943,2,-1.5,nan,nan,nan,nan,-1.39863,-1.03847,-0.87887,4.24242,5.91992,33,19,step,2.943,1.79069e+09,-3.49658,52,0.257048
2.944,2,-1.5,nan,nan,nan,nan,-1.59038,-0.902335,-0.904437,4.2405,5.91982,33,19,step,2.944,1.79069e+09,-3.34995,52,0.257065
2.945,2,-1.5,nan,nan,nan,nan,-1.59038,-0.902335,-0.891654,4.2405,5.91982,33,19,step,2.945,1.79069e+09,-3.45146,52,0.257092
2.946,2,-1.5,nan,nan,nan,nan,-1.52271,-0.842994,-0.890588,4.23887,5.91982,33,19,step,2.946,1.79069e+09,-3.40635,52,0.257084
2.947,2,-1.5,nan,nan,nan,nan,-1.52271,-0.842994,-0.918286,4.23887,5.91982,33,19,step,2.947,1.79069e+09,-3.41763,52,0.257064
2.948,2,-1.5,nan,nan,nan,nan,-1.38735,-0.958186,-0.93107,4.23695,5.91982,33,19,step,2.948,1.79069e+09,-3.46274,52,0.257037
2.949,2,-1.5,nan,nan,nan,nan,-1.38735,-0.958186,-0.918286,4.23695,5.91982,33,19,step,2.949,1.79069e+09,-3.36123,52,0.257004
2.95,2,-1.5,nan,nan,nan,nan,-1.48887,-1.03498,-0.922547,4.23494,5.91982,33,19,step,2.95,1.79069e+09,-3.49658,52,0.256991
2.951,2,-1.5,nan,nan,nan,nan,-1.48887,-1.03498,-0.927874,4.23494,5.91982,33,19,step,2.951,1.79069e+09,-3.49658,52,0.257009
2.952,2,-1.5,nan,nan,nan,nan,-1.62422,-0.93026,-0.940657,4.23302,5.91982,33,19,step,2.952,1.79069e+09,-3.47402,52,0.257024
2.953,2,-1.5,nan,nan,nan,nan,-1.62422,-0.93026,-0.938527,4.23302,5.91982,33,19,step,2.953,1.79069e+09,-3.45146,52,0.257018
2.954,2,-1.5,nan,nan,nan,nan,-1.64678,-0.862193,-0.923612,4.23129,5.91982,33,19,step,2.954,1.79069e+09,-3.50786,52,0.257009
2.955,2,-1.5,nan,nan,nan,nan,-1.64678,-0.862193,-0.950245,4.23129,5.91982,33,19,step,2.955,1.79069e+09,-3.49658,52,0.257014
2.956,2,-1.5,nan,nan,nan,nan,-1.40991,-1.0088,-0.959833,4.22928,5.91982,33,19,step,2.956,1.79069e+09,-3.50786,52,0.256995
2.957,2,-1.5,nan,nan,nan,nan,-1.40991,-1.0088,-0.961963,4.22928,5.91982,33,19,step,2.957,1.79069e+09,-3.50786,52,0.256993
2.958,2,-1.5,nan,nan,nan,nan,-1.46631,-1.11701,-0.96729,4.22708,5.91982,33,19,step,2.958,1.79069e+09,-3.51914,52,0.257022
2.959,2,-1.5,nan,nan,nan,nan,-1.46631,-1.11701,-0.950245,4.22708,5.91982,33,19,step,2.959,1.79069e+09,-3.50786,52,0.257033
2.96,2,-1.5,nan,nan,nan,nan,-1.52271,-1.04196,-0.965159,4.22497,5.91982,33,19,step,2.96,1.79069e+09,-3.47402,52,0.257016
2.961,2,-1.5,nan,nan,nan,nan,-1.52271,-1.04196,-0.971551,4.22497,5.91982,33,19,step,2.961,1.79069e+09,-3.50786,52,0.256998
2.962,2,-1.5,nan,nan,nan,nan,-1.59038,-0.95644,-0.989661,4.22305,5.91982,33,19,step,2.962,1.79069e+09,-3.5417,52,0.257
2.963,2,-1.5,nan,nan,nan,nan,-1.59038,-0.95644,-0.9854,4.22305,5.91973,33,19,step,2.963,1.79069e+09,-3.53042,52,0.257004
2.964,2,-1.5,nan,nan,nan,nan,-1.42119,-1.00705,-0.984334,4.22094,5.91973,33,19,step,2.964,1.79069e+09,-3.50786,52,0.256989
2.965,2,-1.5,nan,nan,nan,nan,-1.42119,-1.00705,-0.998183,4.22094,5.91973,33,19,step,2.965,1.79069e+09,-3.49658,52,0.256983
2.966,2,-1.5,nan,nan,nan,nan,-1.47759,-1.04022,-0.986465,4.21902,5.91973,33,19,step,2.966,1.79069e+09,-3.50786,52,0.256963
2.967,2,-1.5,nan,nan,nan,nan,-1.47759,-1.04022,-0.999249,4.21902,5.91973,33,19,step,2.967,1.79069e+09,-3.55298,52,0.256951
2.968,2,-1.5,nan,nan,nan,nan,-1.56782,-1.03847,-1.0131,4.21691,5.91973,33,19,step,2.968,1.79069e+09,-3.5417,52,0.256949
2.969,2,-1.5,nan,nan,nan,nan,-1.56782,-1.03847,-1.01523,4.21691,5.91973,33,19,step,2.969,1.79069e+09,-3.53042,52,0.256948
2.97,2,-1.5,nan,nan,nan,nan,-1.55654,-1.08734,-1.02588,4.2148,5.91973,33,19,step,2.97,1.79069e+09,-3.56426,52,0.256966
2.971,2,-1.5,nan,nan,nan,nan,-1.55654,-1.08734,-1.02588,4.2148,5.91973,33,19,step,2.971,1.79069e+09,-3.55298,52,0.256986
2.972,2,-1.5,nan,nan,nan,nan,-1.50015,-1.12225,-1.01523,4.2125,5.91963,33,19,step,2.972,1.79069e+09,-3.51914,52,0.256994
2.973,2,-1.5,nan,nan,nan,nan,-1.50015,-1.12225,-1.04825,4.2125,5.91963,33,19,step,2.973,1.79069e+09,-3.51914,52,0.257
2.974,2,-1.5,nan,nan,nan,nan,-1.55654,-1.03673,-1.05891,4.21039,5.91963,33,19,step,2.974,1.79069e+09,-3.5417,52,0.257004
2.975,2,-1.5,nan,nan,nan,nan,-1.55654,-1.03673,-1.0376,4.21039,5.91963,33,19,step,2.975,1.79069e+09,-3.5417,52,0.257017
2.976,2,-1.5,nan,nan,nan,nan,-1.61294,-1.02451,-1.0376,4.20838,5.91963,33,19,step,2.976,1.79069e+09,-3.5417,52,0.256998
2.977,2,-1.5,nan,nan,nan,nan,-1.61294,-1.02451,-1.05891,4.20838,5.91963,33,19,step,2.977,1.79069e+09,-3.55298,52,0.256975
2.978,2,-1.5,nan,nan,nan,nan,-1.44375,-1.10654,-1.06423,4.20618,5.91963,33,19,step,2.978,1.79069e+09,-3.57554,52,0.256988
2.979,2,-1.5,nan,nan,nan,nan,-1.44375,-1.10654,-1.05251,4.20618,5.91963,33,19,step,2.979,1.79069e+09,-3.57554,52,0.25699
2.98,2,-1.5,nan,nan,nan,nan,-1.46631,-1.16064,-1.0408,4.20387,5.91963,33,19,step,2.98,1.79069e+09,-3.56426,52,0.256987
2.981,2,-1.5,nan,nan,nan,nan,-1.46631,-1.16064,-1.07595,4.20387,5.91963,33,19,step,2.981,1.79069e+09,-3.55298,52,0.257004
2.982,2,-1.5,nan,nan,nan,nan,-1.51143,-1.10654,-1.08234,4.20157,5.91963,33,19,step,2.982,1.79069e+09,-3.58682,52,0.257012
2.983,2,-1.5,nan,nan,nan,nan,-1.51143,-1.10654,-1.07488,4.20157,5.91963,33,19,step,2.983,1.79069e+09,-3.55298,52,0.257002
2.984,2,-1.5,nan,nan,nan,nan,-1.38735,-1.19555,-1.09832,4.19927,5.91963,33,19,step,2.984,1.79069e+09,-3.56426,52,0.257008
2.985,2,-1.5,nan,nan,nan,nan,-1.38735,-1.19555,-1.08128,4.19927,5.91954,33,19,step,2.985,1.79069e+09,-3.58682,52,0.257015
2.986,2,-1.5,nan,nan,nan,nan,-1.48887,-1.21475,-1.08767,4.19678,5.91954,33,19,step,2.986,1.79069e+09,-3.5417,52,0.257043
2.987,2,-1.5,nan,nan,nan,nan,-1.48887,-1.21475,-1.10365,4.19678,5.91954,33,19,step,2.987,1.79069e+09,-3.55298,52,0.257045
2.988,2,-1.5,nan,nan,nan,nan,-1.51143,-1.08036,-1.11537,4.19457,5.91954,33,19,step,2.988,1.79069e+09,-3.55298,52,0.25705
2.989,2,-1.5,nan,nan,nan,nan,-1.51143,-1.08036,-1.1111,4.19457,5.91954,33,19,step,2.989,1.79069e+09,-3.57554,52,0.257035
2.99,2,-1.5,nan,nan,nan,nan,-1.42119,-1.09607,-1.09086,4.19247,5.91954,33,19,step,2.99,1.79069e+09,-3.5981,52,0.256998
2.991,2,-1.5,nan,nan,nan,nan,-1.42119,-1.09607,-1.09406,4.19247,5.91954,33,19,step,2.991,1.79069e+09,-3.5981,52,0.257012
2.992,2,-1.5,nan,nan,nan,nan,-1.34224,-1.22871,-1.10791,4.18997,5.91954,33,19,step,2.992,1.79069e+09,-3.58682,52,0.257013
2.993,2,-1.5,nan,nan,nan,nan,-1.34224,-1.22871,-1.12069,4.18997,5.91944,33,19,step,2.993,1.79069e+09,-3.5417,52,0.257006
2.994,2,-1.5,nan,nan,nan,nan,-1.43247,-1.20079,-1.15052,4.18758,5.91944,33,19,step,2.994,1.79069e+09,-3.5981,52,0.256993
2.995,2,-1.5,nan,nan,nan,nan,-1.43247,-1.20079,-1.13667,4.18758,5.91944,33,19,step,2.995,1.79069e+09,-3.63193,52,0.256989
2.996,2,-1.5,nan,nan,nan,nan,-1.53398,-1.11352,-1.12602,4.18537,5.91944,33,19,step,2.996,1.79069e+09,-3.62065,52,0.257013
2.997,2,-1.5,nan,nan,nan,nan,-1.53398,-1.11352,-1.14732,4.18537,5.91944,33,19,step,2.997,1.79069e+09,-3.62065,52,0.257026
2.998,2,-1.5,nan,nan,nan,nan,-1.40991,-1.1589,-1.15265,4.18307,5.91944,33,19,step,2.998,1.79069e+09,-3.60938,52,0.257053
2.999,2,-1.5,nan,nan,nan,nan,-1.40991,-1.1589,-1.15265,4.18307,5.91944,33,19,step,2.999,1.79069e+09,-3.5981,52,0.257059
