elapsed_s,phase,excitation_torque,ff_torque,reference_angle,reference_velocity,reference_acceleration,measured_torque,measured_velocity,measured_velocity_imu,measured_angle,pitch_angle,temperature,condition_id,condition_type,condition_elapsed_s,wallclock_s,pitch_torque,pitch_temperature,pitch_world_angle
0,4,0,nan,nan,nan,nan,-0.451172,-0.0383972,0.00213059,1.61116,6.18213,32,27,rc,0,1.79069e+09,-3.50786,43,-0.00328503
0.001,4,0,nan,nan,nan,nan,-0.609082,0,0.0213059,1.61106,6.18213,32,27,rc,0.001,1.79069e+09,-3.53042,43,-0.00327848
0.002,4,0,nan,nan,nan,nan,-0.609082,0,0.0127836,1.61106,6.18213,32,27,rc,0.002,1.79069e+09,-3.32739,43,-0.00327924
0.003,4,0,nan,nan,nan,nan,-0.518848,0,-0.00319589,1.61106,6.18213,32,27,rc,0.003,1.79069e+09,-3.51914,43,-0.00327782
0.004,4,0,nan,nan,nan,nan,-0.518848,0,0.00639178,1.61106,6.18213,32,27,rc,0.004,1.79069e+09,-3.49658,43,-0.00328304
0.005,4,0,nan,nan,nan,nan,-0.518848,0,0.0127836,1.61106,6.18213,32,27,rc,0.005,1.79069e+09,-3.49658,43,-0.00328647
0.006,4,0,nan,nan,nan,nan,-0.518848,0,0.00958767,1.61106,6.18213,32,27,rc,0.006,1.79069e+09,-3.47402,43,-0.00328109
0.007,4,0,nan,nan,nan,nan,-0.496289,0,-0.00745708,1.61106,6.18213,32,27,rc,0.007,1.79069e+09,-3.4853,43,-0.00328611
0.008,4,0,nan,nan,nan,nan,-0.496289,0,1.30461e-19,1.61106,6.18213,32,27,rc,0.008,1.79069e+09,-3.4853,43,-0.00329231
0.009,4,0,nan,nan,nan,nan,-0.518848,-0.00174533,-0.0010653,1.61106,6.18213,32,27,rc,0.009,1.79069e+09,-3.50786,43,-0.00327197
0.01,4,0,nan,nan,nan,nan,-0.518848,-0.00174533,0.00426119,1.61106,6.18213,32,27,rc,0.01,1.79069e+09,-3.34995,43,-0.00327383
0.011,4,0,nan,nan,nan,nan,-0.428613,0,0.0213059,1.61106,6.18213,32,27,rc,0.011,1.79069e+09,-3.46274,43,-0.00328263
0.012,4,0,nan,nan,nan,nan,-0.428613,0,0.0159795,1.61106,6.18213,32,27,rc,0.012,1.79069e+09,-3.53042,43,-0.00328896
0.013,4,0,nan,nan,nan,nan,-0.451172,0.00872665,-0.00852238,1.61106,6.18213,32,27,rc,0.013,1.79069e+09,-3.37251,43,-0.00329429
0.014,4,0,nan,nan,nan,nan,-0.451172,0.00872665,-0.0138489,1.61106,6.18213,32,27,rc,0.014,1.79069e+09,-3.50786,43,-0.00328076
0.015,4,0,nan,nan,nan,nan,-0.541406,0,-0.00319589,1.61106,6.18213,32,27,rc,0.015,1.79069e+09,-3.51914,43,-0.0032732
0.016,4,0,nan,nan,nan,nan,-0.541406,0,-0.00426119,1.61106,6.18213,32,27,rc,0.016,1.79069e+09,-3.34995,43,-0.00326246
0.017,4,0,nan,nan,nan,nan,-0.360938,-0.0139626,0.01811,1.61106,6.18213,32,27,rc,0.017,1.79069e+09,-3.50786,43,-0.00325816
0.018,4,0,nan,nan,nan,nan,-0.360938,-0.0139626,0.00532648,1.61106,6.18213,32,27,rc,0.018,1.79069e+09,-3.4853,43,-0.00326187
0.019,4,0,nan,nan,nan,nan,-0.394775,0.0541052,-0.00532648,1.61116,6.18213,32,27,rc,0.019,1.79069e+09,-3.50786,43,-0.00327279
0.02,4,0,nan,nan,nan,nan,-0.394775,0.0541052,0.00745708,1.61116,6.18213,32,27,rc,0.02,1.79069e+09,-3.36123,43,-0.00328741
0.021,4,0,nan,nan,nan,nan,-0.451172,0.00698132,0.0138489,1.61116,6.18213,32,27,rc,0.021,1.79069e+09,-3.36123,43,-0.00327836
0.022,4,0,nan,nan,nan,nan,-0.451172,0.00698132,0.0149142,1.61116,6.18213,32,27,rc,0.022,1.79069e+09,-3.46274,43,-0.00328345
0.023,4,0,nan,nan,nan,nan,-0.597803,-0.0541052,-0.0170448,1.61106,6.18213,32,27,rc,0.023,1.79069e+09,-3.34995,43,-0.0032729
0.024,4,0,nan,nan,nan,nan,-0.597803,-0.0541052,-0.010653,1.61106,6.18213,32,27,rc,0.024,1.79069e+09,-3.37251,43,-0.00326151
0.025,4,0,nan,nan,nan,nan,-0.688037,-0.020944,0.0138489,1.61106,6.18213,32,27,rc,0.025,1.79069e+09,-3.36123,43,-0.00328244
0.026,4,0,nan,nan,nan,nan,-0.688037,-0.020944,0.00426119,1.61106,6.18213,32,27,rc,0.026,1.79069e+09,-3.36123,43,-0.00329604
0.027,4,0,nan,nan,nan,nan,-0.507568,0,-0.010653,1.61097,6.18213,32,27,rc,0.027,1.79069e+09,-3.40635,43,-0.00329121
0.028,4,0,nan,nan,nan,nan,-0.507568,0,-0.0149142,1.61097,6.18213,32,27,rc,0.028,1.79069e+09,-3.49658,43,-0.00327603
0.029,4,0,nan,nan,nan,nan,-0.47373,0.0488692,-0.00745708,1.61106,6.18213,32,27,rc,0.029,1.79069e+09,-3.33867,43,-0.00325011
0.03,4,0,nan,nan,nan,nan,-0.47373,0.0488692,1.43507e-18,1.61106,6.18213,32,27,rc,0.03,1.79069e+09,-3.32739,43,-0.00326518
0.031,4,0,nan,nan,nan,nan,-0.428613,0,-0.00745708,1.61106,6.18213,32,27,rc,0.031,1.79069e+09,-3.37251,43,-0.00327664
0.032,4,0,nan,nan,nan,nan,-0.428613,0,0.0255671,1.61106,6.18213,32,27,rc,0.032,1.79069e+09,-3.53042,43,-0.00328054
0.033,4,0,nan,nan,nan,nan,-0.518848,0,0.00319589,1.61106,6.18213,32,27,rc,0.033,1.79069e+09,-3.37251,43,-0.00329521
0.034,4,0,nan,nan,nan,nan,-0.518848,0,-0.00213059,1.61106,6.18213,32,27,rc,0.034,1.79069e+09,-3.51914,43,-0.00328565
0.035,4,0,nan,nan,nan,nan,-0.721875,-0.0261799,-0.00958767,1.61106,6.18213,32,27,rc,0.035,1.79069e+09,-3.39507,43,-0.00326284
0.036,4,0,nan,nan,nan,nan,-0.721875,-0.0261799,-0.0266324,1.61106,6.18213,32,27,rc,0.036,1.79069e+09,-3.32739,43,-0.00326426
0.037,4,0,nan,nan,nan,nan,-0.563965,-0.0471239,0.0149142,1.61097,6.18213,32,27,rc,0.037,1.79069e+09,-3.34995,43,-0.00325781
0.038,4,0,nan,nan,nan,nan,-0.563965,-0.0471239,0.0255671,1.61097,6.18213,32,27,rc,0.038,1.79069e+09,-3.37251,43,-0.00324065
0.039,4,0,nan,nan,nan,nan,-0.372217,0.0506145,-0.00639178,1.61106,6.18213,32,27,rc,0.039,1.79069e+09,-3.34995,43,-0.00325115
0.04,4,0,nan,nan,nan,nan,-0.372217,0.0506145,-0.0127836,1.61106,6.18213,32,27,rc,0.04,1.79069e+09,-3.36123,43,-0.00326154
0.041,4,0,nan,nan,nan,nan,-0.710596,0.0558505,-0.00213059,1.61116,6.18213,32,27,rc,0.041,1.79069e+09,-3.37251,43,-0.00325778
0.042,4,0,nan,nan,nan,nan,-0.710596,0.0558505,0.0245018,1.61116,6.18213,32,27,rc,0.042,1.79069e+09,-3.36123,43,-0.00325822
0.043,4,0,nan,nan,nan,nan,-0.439893,-0.0698132,0.00639178,1.61106,6.18213,32,27,rc,0.043,1.79069e+09,-3.34995,43,-0.00325561
0.044,4,0,nan,nan,nan,nan,-0.439893,-0.0698132,0.00639178,1.61106,6.18213,32,27,rc,0.044,1.79069e+09,-3.33867,43,-0.00326209
0.045,4,0,nan,nan,nan,nan,-0.721875,-0.0296706,0.0234365,1.61097,6.18213,32,27,rc,0.045,1.79069e+09,-3.49658,43,-0.00326377
0.046,4,0,nan,nan,nan,nan,-0.721875,-0.0296706,0.00639178,1.61097,6.18213,32,27,rc,0.046,1.79069e+09,-3.5417,43,-0.00327419
0.047,4,0,nan,nan,nan,nan,-0.631641,-0.0174533,0.010653,1.61097,6.18213,32,27,rc,0.047,1.79069e+09,-3.36123,43,-0.00327283
0.048,4,0,nan,nan,nan,nan,-0.631641,-0.0174533,-0.00745708,1.61097,6.18213,32,27,rc,0.048,1.79069e+09,-3.37251,43,-0.00324501
0.049,4,0,nan,nan,nan,nan,-0.654199,0,-0.00532648,1.61097,6.18213,32,27,rc,0.049,1.79069e+09,-3.53042,43,-0.00323303
0.05,4,0,nan,nan,nan,nan,-0.654199,0,-0.0191753,1.61097,6.18213,32,27,rc,0.05,1.79069e+09,-3.32739,43,-0.00321739
0.051,4,0,nan,nan,nan,nan,-0.383496,0.0244346,-0.0138489,1.61097,6.18213,32,27,rc,0.051,1.79069e+09,-3.34995,43,-0.0032269
0.052,4,0,nan,nan,nan,nan,-0.383496,0.0244346,0.0191753,1.61097,6.18213,32,27,rc,0.052,1.79069e+09,-3.34995,43,-0.00326736
0.053,4,0,nan,nan,nan,nan,-0.293262,0.0191986,-0.0010653,1.61106,6.18213,32,27,rc,0.053,1.79069e+09,-3.36123,43,-0.00328543
0.054,4,0,nan,nan,nan,nan,-0.293262,0.0191986,3.91384e-19,1.61106,6.18213,32,27,rc,0.054,1.79069e+09,-3.39507,43,-0.00329289
0.055,4,0,nan,nan,nan,nan,-0.64292,0.010472,0.010653,1.61106,6.18213,32,27,rc,0.055,1.79069e+09,-3.36123,43,-0.00328571
0.056,4,0,nan,nan,nan,nan,-0.64292,0.010472,-0.0010653,1.61106,6.18213,32,27,rc,0.056,1.79069e+09,-3.36123,43,-0.0032695
0.057,4,0,nan,nan,nan,nan,-0.428613,-0.0628319,-0.0010653,1.61097,6.18213,32,27,rc,0.057,1.79069e+09,-3.5417,43,-0.00326321
0.058,4,0,nan,nan,nan,nan,-0.428613,-0.0628319,0.0149142,1.61097,6.18213,32,27,rc,0.058,1.79069e+09,-3.34995,43,-0.00327005
0.059,4,0,nan,nan,nan,nan,-0.417334,-0.00349066,0.0170448,1.61097,6.18213,32,27,rc,0.059,1.79069e+09,-3.36123,43,-0.00328473
0.06,4,0,nan,nan,nan,nan,-0.417334,-0.00349066,0.010653,1.61097,6.18213,32,27,rc,0.06,1.79069e+09,-3.5417,43,-0.0032655
0.061,4,0,nan,nan,nan,nan,-0.541406,0.0244346,-0.00532648,1.61097,6.18213,32,27,rc,0.061,1.79069e+09,-3.51914,43,-0.00325785
0.062,4,0,nan,nan,nan,nan,-0.541406,0.0244346,-0.0159795,1.61097,6.18213,32,27,rc,0.062,1.79069e+09,-3.49658,43,-0.00325047
0.063,4,0,nan,nan,nan,nan,-0.530127,-0.00174533,-0.0276977,1.61097,6.18213,32,27,rc,0.063,1.79069e+09,-3.34995,43,-0.00323245
0.064,4,0,nan,nan,nan,nan,-0.530127,-0.00174533,-0.00852238,1.61097,6.18213,32,27,rc,0.064,1.79069e+09,-3.31611,43,-0.0032409
0.065,4,0,nan,nan,nan,nan,-0.462451,0,0.00958767,1.61097,6.18213,32,27,rc,0.065,1.79069e+09,-3.47402,43,-0.00326111
0.066,4,0,nan,nan,nan,nan,-0.462451,0,0.00532648,1.61097,6.18213,32,27,rc,0.066,1.79069e+09,-3.47402,43,-0.00329223
0.067,4,0,nan,nan,nan,nan,-0.451172,0.0523599,5.87076e-19,1.61106,6.18213,32,27,rc,0.067,1.79069e+09,-3.5417,43,-0.00330705
0.068,4,0,nan,nan,nan,nan,-0.451172,0.0523599,0.00532648,1.61106,6.18213,32,27,rc,0.068,1.79069e+09,-3.57554,43,-0.00329419
0.069,4,0,nan,nan,nan,nan,-0.530127,0,-0.0138489,1.61106,6.18213,32,27,rc,0.069,1.79069e+09,-3.50786,43,-0.00327304
0.07,4,0,nan,nan,nan,nan,-0.530127,0,-0.010653,1.61106,6.18213,32,27,rc,0.07,1.79069e+09,-3.4853,43,-0.00325809
0.071,4,0,nan,nan,nan,nan,-0.563965,-0.0523599,-0.00639178,1.61097,6.18213,32,27,rc,0.071,1.79069e+09,-3.36123,43,-0.00325148
0.072,4,0,nan,nan,nan,nan,-0.563965,-0.0523599,0.0245018,1.61097,6.18213,32,27,rc,0.072,1.79069e+09,-3.36123,43,-0.00327251
0.073,4,0,nan,nan,nan,nan,-0.518848,-0.0122173,0.010653,1.61097,6.18213,32,27,rc,0.073,1.79069e+09,-3.37251,43,-0.00330018
0.074,4,0,nan,nan,nan,nan,-0.518848,-0.0122173,0.00213059,1.61097,6.18213,32,27,rc,0.074,1.79069e+09,-3.51914,43,-0.00329591
0.075,4,0,nan,nan,nan,nan,-0.755713,0.0174533,0.0010653,1.61097,6.18213,32,27,rc,0.075,1.79069e+09,-3.55298,43,-0.00327363
0.076,4,0,nan,nan,nan,nan,-0.755713,0.0174533,0.0170448,1.61097,6.18213,32,27,rc,0.076,1.79069e+09,-3.47402,43,-0.00327098
0.077,4,0,nan,nan,nan,nan,-0.597803,-0.00872665,-0.00426119,1.61097,6.18213,32,27,rc,0.077,1.79069e+09,-3.32739,43,-0.0032746
0.078,4,0,nan,nan,nan,nan,-0.597803,-0.00872665,0.00426119,1.61097,6.18213,32,27,rc,0.078,1.79069e+09,-3.34995,43,-0.00328859
0.079,4,0,nan,nan,nan,nan,-0.586523,0,-0.00745708,1.61097,6.18213,32,27,rc,0.079,1.79069e+09,-3.36123,43,-0.00329257
0.08,4,0,nan,nan,nan,nan,-0.586523,0,-0.0127836,1.61097,6.18213,32,27,rc,0.08,1.79069e+09,-3.38379,43,-0.00329239
0.081,4,0,nan,nan,nan,nan,-0.64292,0,0.00745708,1.61097,6.18213,32,27,rc,0.081,1.79069e+09,-3.36123,43,-0.00330197
0.082,4,0,nan,nan,nan,nan,-0.64292,0,-0.00426119,1.61097,6.18213,32,27,rc,0.082,1.79069e+09,-3.37251,43,-0.00328718
0.083,4,0,nan,nan,nan,nan,-0.372217,0,-0.00532648,1.61097,6.18213,32,27,rc,0.083,1.79069e+09,-3.37251,43,-0.00327839
0.084,4,0,nan,nan,nan,nan,-0.372217,0,0.0010653,1.61097,6.18213,32,27,rc,0.084,1.79069e+09,-3.49658,43,-0.00326872
0.085,4,0,nan,nan,nan,nan,-0.47373,0.0366519,0.0223712,1.61097,6.18213,32,27,rc,0.085,1.79069e+09,-3.50786,43,-0.00328591
0.086,4,0,nan,nan,nan,nan,-0.47373,0.0366519,-0.0191753,1.61097,6.18213,32,27,rc,0.086,1.79069e+09,-3.37251,43,-0.00329063
0.087,4,0,nan,nan,nan,nan,-0.47373,0,-0.010653,1.61106,6.18213,32,27,rc,0.087,1.79069e+09,-3.57554,43,-0.0032767
0.088,4,0,nan,nan,nan,nan,-0.47373,0,0.00639178,1.61106,6.18213,32,27,rc,0.088,1.79069e+09,-3.36123,43,-0.00328176
0.089,4,0,nan,nan,nan,nan,-0.383496,-0.015708,0.00852238,1.61097,6.18213,32,27,rc,0.089,1.79069e+09,-3.45146,43,-0.00327062
0.09,4,0,nan,nan,nan,nan,-0.383496,-0.015708,-0.010653,1.61097,6.18213,32,27,rc,0.09,1.79069e+09,-3.36123,43,-0.00324945
0.091,4,0,nan,nan,nan,nan,-0.586523,0,-0.0010653,1.61097,6.18213,32,27,rc,0.091,1.79069e+09,-3.47402,43,-0.00326025
0.092,4,0,nan,nan,nan,nan,-0.586523,0,-0.0127836,1.61097,6.18213,32,27,rc,0.092,1.79069e+09,-3.49658,43,-0.0032737
0.093,4,0,nan,nan,nan,nan,-0.462451,0,-0.0149142,1.61097,6.18213,32,27,rc,0.093,1.79069e+09,-3.55298,43,-0.00328512
0.094,4,0,nan,nan,nan,nan,-0.462451,0,0.0010653,1.61097,6.18213,32,27,rc,0.094,1.79069e+09,-3.37251,43,-0.00330181
0.095,4,0,nan,nan,nan,nan,-0.428613,0,0.0117183,1.61097,6.18213,32,27,rc,0.095,1.79069e+09,-3.50786,43,-0.00330673
0.096,4,0,nan,nan,nan,nan,-0.428613,0,-0.0149142,1.61097,6.18213,32,27,rc,0.096,1.79069e+09,-3.5417,43,-0.00328168
0.097,4,0,nan,nan,nan,nan,-0.507568,0.015708,0.00426119,1.61106,6.18213,32,27,rc,0.097,1.79069e+09,-3.50786,43,-0.00325549
0.098,4,0,nan,nan,nan,nan,-0.507568,0.015708,0.00852238,1.61106,6.18213,32,27,rc,0.098,1.79069e+09,-3.47402,43,-0.00328225
0.099,4,0,nan,nan,nan,nan,-0.394775,0,-0.00426119,1.61106,6.18213,32,27,rc,0.099,1.79069e+09,-3.50786,43,-0.00327845
0.1,4,0,nan,nan,nan,nan,-0.394775,0,0.010653,1.61106,6.18213,32,27,rc,0.1,1.79069e+09,-3.55298,43,-0.00327737
0.101,4,0,nan,nan,nan,nan,-0.541406,0,0.0159795,1.61106,6.18213,32,27,rc,0.101,1.79069e+09,-3.49658,43,-0.00329099
0.102,4,0,nan,nan,nan,nan,-0.541406,0,-0.00426119,1.61106,6.18213,32,27,rc,0.102,1.79069e+09,-3.49658,43,-0.00330136
0.103,4,0,nan,nan,nan,nan,-0.620361,-0.0349066,0.00426119,1.61097,6.18213,32,27,rc,0.103,1.79069e+09,-3.5417,43,-0.00328026
0.104,4,0,nan,nan,nan,nan,-0.620361,-0.0349066,0.0138489,1.61097,6.18213,32,27,rc,0.104,1.79069e+09,-3.49658,43,-0.00327173
0.105,4,0,nan,nan,nan,nan,-0.541406,-0.010472,0.0213059,1.61097,6.18213,32,27,rc,0.105,1.79069e+09,-3.49658,43,-0.00327182
0.106,4,0,nan,nan,nan,nan,-0.541406,-0.010472,-0.0159795,1.61097,6.18213,32,27,rc,0.106,1.79069e+09,-3.53042,43,-0.00327211
0.107,4,0,nan,nan,nan,nan,-0.688037,0.00872665,0.00319589,1.61097,6.18213,32,27,rc,0.107,1.79069e+09,-3.50786,43,-0.00328556
0.108,4,0,nan,nan,nan,nan,-0.688037,0.00872665,-0.00852238,1.61097,6.18213,32,27,rc,0.108,1.79069e+09,-3.51914,43,-0.00328333
0.109,4,0,nan,nan,nan,nan,-0.439893,0,0.00745708,1.61097,6.18213,32,27,rc,0.109,1.79069e+09,-3.5417,43,-0.00326685
0.11,4,0,nan,nan,nan,nan,-0.439893,0,0.00213059,1.61097,6.18213,32,27,rc,0.11,1.79069e+09,-3.50786,43,-0.00327318
0.111,4,0,nan,nan,nan,nan,-0.451172,0.0331613,-0.0010653,1.61097,6.18213,32,27,rc,0.111,1.79069e+09,-3.47402,43,-0.00328967
0.112,4,0,nan,nan,nan,nan,-0.451172,0.0331613,0.0245018,1.61097,6.18213,32,27,rc,0.112,1.79069e+09,-3.53042,43,-0.00327099
0.113,4,0,nan,nan,nan,nan,-0.541406,0,0.0010653,1.61106,6.18213,32,27,rc,0.113,1.79069e+09,-3.53042,43,-0.00327491
0.114,4,0,nan,nan,nan,nan,-0.541406,0,-0.00319589,1.61106,6.18213,32,27,rc,0.114,1.79069e+09,-3.50786,43,-0.00329695
0.115,4,0,nan,nan,nan,nan,-0.733154,-0.0436332,0.0266324,1.61097,6.18213,32,27,rc,0.115,1.79069e+09,-3.53042,43,-0.00328042
0.116,4,0,nan,nan,nan,nan,-0.733154,-0.0436332,0.00745708,1.61097,6.18213,32,27,rc,0.116,1.79069e+09,-3.5417,43,-0.0032681
0.117,4,0,nan,nan,nan,nan,-0.563965,-0.0366519,-0.0362201,1.61087,6.18213,32,27,rc,0.117,1.79069e+09,-3.47402,43,-0.0032707
0.118,4,0,nan,nan,nan,nan,-0.563965,-0.0366519,-0.0372854,1.61087,6.18213,32,27,rc,0.118,1.79069e+09,-3.5417,43,-0.00326348
0.119,4,0,nan,nan,nan,nan,-0.64292,0.0244346,-0.010653,1.61087,6.18213,32,27,rc,0.119,1.79069e+09,-3.50786,43,-0.00327281
0.12,4,0,nan,nan,nan,nan,-0.64292,0.0244346,0.010653,1.61087,6.18213,32,27,rc,0.12,1.79069e+09,-3.51914,43,-0.00329334
0.121,4,0,nan,nan,nan,nan,-0.304541,0.0471239,-0.010653,1.61097,6.18213,32,27,rc,0.121,1.79069e+09,-3.53042,43,-0.00331029
0.122,4,0,nan,nan,nan,nan,-0.304541,0.0471239,0.00426119,1.61097,6.18213,32,27,rc,0.122,1.79069e+09,-3.51914,43,-0.00332378
0.123,4,0,nan,nan,nan,nan,-0.597803,0.0383972,-0.0138489,1.61106,6.18213,32,27,rc,0.123,1.79069e+09,-3.5417,43,-0.00333017
0.124,4,0,nan,nan,nan,nan,-0.597803,0.0383972,-0.00745708,1.61106,6.18213,32,27,rc,0.124,1.79069e+09,-3.4853,43,-0.00331151
0.125,4,0,nan,nan,nan,nan,-0.507568,-0.0488692,0.00852238,1.61106,6.18213,32,27,rc,0.125,1.79069e+09,-3.53042,43,-0.00329156
0.126,4,0,nan,nan,nan,nan,-0.507568,-0.0488692,0.00319589,1.61106,6.18213,32,27,rc,0.126,1.79069e+09,-3.47402,43,-0.00328873
0.127,4,0,nan,nan,nan,nan,-0.507568,-0.0436332,0.00745708,1.61087,6.18213,32,27,rc,0.127,1.79069e+09,-3.51914,43,-0.00329175
0.128,4,0,nan,nan,nan,nan,-0.507568,-0.0436332,5.21845e-19,1.61087,6.18213,32,27,rc,0.128,1.79069e+09,-3.50786,43,-0.00330483
0.129,4,0,nan,nan,nan,nan,-0.586523,0,-0.010653,1.61087,6.18213,32,27,rc,0.129,1.79069e+09,-3.53042,43,-0.00330138
0.13,4,0,nan,nan,nan,nan,-0.586523,0,0.00852238,1.61087,6.18213,32,27,rc,0.13,1.79069e+09,-3.51914,43,-0.00327379
0.131,4,0,nan,nan,nan,nan,-0.518848,0.0122173,0.00213059,1.61097,6.18213,32,27,rc,0.131,1.79069e+09,-3.47402,43,-0.00326373
0.132,4,0,nan,nan,nan,nan,-0.518848,0.0122173,-0.00213059,1.61097,6.18213,32,27,rc,0.132,1.79069e+09,-3.46274,43,-0.00328678
0.133,4,0,nan,nan,nan,nan,-0.64292,0.00174533,-0.0127836,1.61097,6.18213,32,27,rc,0.133,1.79069e+09,-3.53042,43,-0.00329809
0.134,4,0,nan,nan,nan,nan,-0.64292,0.00174533,0.00852238,1.61097,6.18213,32,27,rc,0.134,1.79069e+09,-3.55298,43,-0.00329381
0.135,4,0,nan,nan,nan,nan,-0.507568,-0.020944,0.010653,1.61087,6.18213,32,27,rc,0.135,1.79069e+09,-3.51914,43,-0.00329569
0.136,4,0,nan,nan,nan,nan,-0.507568,-0.020944,0.0149142,1.61087,6.18213,32,27,rc,0.136,1.79069e+09,-3.53042,43,-0.00327013
0.137,4,0,nan,nan,nan,nan,-0.620361,0,0.0010653,1.61087,6.18213,32,27,rc,0.137,1.79069e+09,-3.49658,43,-0.00325749
0.138,4,0,nan,nan,nan,nan,-0.620361,0,-0.0117183,1.61087,6.18213,32,27,rc,0.138,1.79069e+09,-3.47402,43,-0.00325123
0.139,4,0,nan,nan,nan,nan,-0.676758,0,0.00958767,1.61087,6.18213,32,27,rc,0.139,1.79069e+09,-3.47402,43,-0.00325377
0.14,4,0,nan,nan,nan,nan,-0.676758,0,0.00532648,1.61087,6.18213,32,27,rc,0.14,1.79069e+09,-3.47402,43,-0.00326454
0.141,4,0,nan,nan,nan,nan,-0.48501,-0.010472,0.00426119,1.61087,6.18213,32,27,rc,0.141,1.79069e+09,-3.51914,43,-0.00327536
0.142,4,0,nan,nan,nan,nan,-0.48501,-0.010472,0.00639178,1.61087,6.18213,32,27,rc,0.142,1.79069e+09,-3.5417,43,-0.00327921
0.143,4,0,nan,nan,nan,nan,-0.597803,0.0279253,-0.00852238,1.61097,6.18213,32,27,rc,0.143,1.79069e+09,-3.53042,43,-0.00327331
0.144,4,0,nan,nan,nan,nan,-0.597803,0.0279253,-0.0159795,1.61097,6.18213,32,27,rc,0.144,1.79069e+09,-3.53042,43,-0.00325357
0.145,4,0,nan,nan,nan,nan,-0.563965,0,-0.00213059,1.61097,6.18213,32,27,rc,0.145,1.79069e+09,-3.50786,43,-0.00323226
0.146,4,0,nan,nan,nan,nan,-0.563965,0,-0.010653,1.61097,6.18213,32,27,rc,0.146,1.79069e+09,-3.49658,43,-0.00324714
0.147,4,0,nan,nan,nan,nan,-0.417334,-0.00872665,-0.0159795,1.61087,6.18213,32,27,rc,0.147,1.79069e+09,-3.49658,43,-0.00326982
0.148,4,0,nan,nan,nan,nan,-0.417334,-0.00872665,0.0117183,1.61087,6.18213,32,27,rc,0.148,1.79069e+09,-3.55298,43,-0.00327118
0.149,4,0,nan,nan,nan,nan,-0.3271,0.0366519,0.0138489,1.61097,6.18213,32,27,rc,0.149,1.79069e+09,-3.51914,43,-0.00326999
0.15,4,0,nan,nan,nan,nan,-0.3271,0.0366519,0.0191753,1.61097,6.18213,32,27,rc,0.15,1.79069e+09,-3.50786,43,-0.00328087
0.151,4,0,nan,nan,nan,nan,-0.609082,0.00872665,-0.010653,1.61097,6.18213,32,27,rc,0.151,1.79069e+09,-3.50786,43,-0.00328047
0.152,4,0,nan,nan,nan,nan,-0.609082,0.00872665,-0.00958767,1.61097,6.18213,32,27,rc,0.152,1.79069e+09,-3.51914,43,-0.00325579
0.153,4,0,nan,nan,nan,nan,-0.665479,-0.0680678,0.00532648,1.61087,6.18213,32,27,rc,0.153,1.79069e+09,-3.53042,43,-0.00322881
0.154,4,0,nan,nan,nan,nan,-0.665479,-0.0680678,0.0202406,1.61087,6.18213,32,27,rc,0.154,1.79069e+09,-3.49658,43,-0.00325734
0.155,4,0,nan,nan,nan,nan,-0.383496,-0.020944,0.0170448,1.61078,6.18213,32,27,rc,0.155,1.79069e+09,-3.49658,43,-0.00327374
0.156,4,0,nan,nan,nan,nan,-0.383496,-0.020944,0.0170448,1.61078,6.18213,32,27,rc,0.156,1.79069e+09,-3.56426,43,-0.00326428
0.157,4,0,nan,nan,nan,nan,-0.721875,0.0523599,0.00745708,1.61087,6.18213,32,27,rc,0.157,1.79069e+09,-3.47402,43,-0.00325141
0.158,4,0,nan,nan,nan,nan,-0.721875,0.0523599,-0.00532648,1.61087,6.18213,32,27,rc,0.158,1.79069e+09,-3.50786,43,-0.00324161
0.159,4,0,nan,nan,nan,nan,-0.688037,0,-0.00639178,1.61087,6.18213,32,27,rc,0.159,1.79069e+09,-3.49658,43,-0.0032438
0.16,4,0,nan,nan,nan,nan,-0.688037,0,0.00213059,1.61087,6.18213,32,27,rc,0.16,1.79069e+09,-3.47402,43,-0.00327035
0.161,4,0,nan,nan,nan,nan,-0.541406,-0.0226893,-0.00852238,1.61078,6.18213,32,27,rc,0.161,1.79069e+09,-3.51914,43,-0.00326673
0.162,4,0,nan,nan,nan,nan,-0.541406,-0.0226893,-0.00426119,1.61078,6.18213,32,27,rc,0.162,1.79069e+09,-3.53042,43,-0.00326381
0.163,4,0,nan,nan,nan,nan,-0.597803,0.0314159,0.0117183,1.61087,6.18213,32,27,rc,0.163,1.79069e+09,-3.49658,43,-0.00325657
0.164,4,0,nan,nan,nan,nan,-0.597803,0.0314159,-0.01811,1.61087,6.18213,32,27,rc,0.164,1.79069e+09,-3.47402,43,-0.00324932
0.165,4,0,nan,nan,nan,nan,-0.518848,0.010472,-0.010653,1.61087,6.18213,32,27,rc,0.165,1.79069e+09,-3.49658,43,-0.0032453
0.166,4,0,nan,nan,nan,nan,-0.518848,0.010472,-0.0159795,1.61087,6.18213,32,27,rc,0.166,1.79069e+09,-3.50786,43,-0.00324691
0.167,4,0,nan,nan,nan,nan,-0.372217,0,-0.0138489,1.61087,6.18213,32,27,rc,0.167,1.79069e+09,-3.49658,43,-0.00326142
0.168,4,0,nan,nan,nan,nan,-0.372217,0,0.0234365,1.61087,6.18213,32,27,rc,0.168,1.79069e+09,-3.5417,43,-0.00327305
0.169,4,0,nan,nan,nan,nan,-0.372217,0.020944,0.00958767,1.61097,6.18213,32,27,rc,0.169,1.79069e+09,-3.50786,43,-0.00327137
0.17,4,0,nan,nan,nan,nan,-0.372217,0.020944,0.0010653,1.61097,6.18213,32,27,rc,0.17,1.79069e+09,-3.53042,43,-0.00327069
0.171,4,0,nan,nan,nan,nan,-0.688037,0.00872665,-0.0234365,1.61097,6.18213,32,27,rc,0.171,1.79069e+09,-3.50786,43,-0.00322871
0.172,4,0,nan,nan,nan,nan,-0.688037,0.00872665,-0.01811,1.61097,6.18213,32,27,rc,0.172,1.79069e+09,-3.49658,43,-0.00321906
0.173,4,0,nan,nan,nan,nan,-0.417334,-0.0750492,0.0191753,1.61078,6.18213,32,27,rc,0.173,1.79069e+09,-3.47402,43,-0.00321405
0.174,4,0,nan,nan,nan,nan,-0.417334,-0.0750492,0.00639178,1.61078,6.18213,32,27,rc,0.174,1.79069e+09,-3.47402,43,-0.00322734
0.175,4,0,nan,nan,nan,nan,-0.304541,0,0.0138489,1.61078,6.18213,32,27,rc,0.175,1.79069e+09,-3.51914,43,-0.0032523
0.176,4,0,nan,nan,nan,nan,-0.304541,0,0.00745708,1.61078,6.18213,32,27,rc,0.176,1.79069e+09,-3.45146,43,-0.00326049
0.177,4,0,nan,nan,nan,nan,-0.575244,0.0628319,-0.00852238,1.61097,6.18213,32,27,rc,0.177,1.79069e+09,-3.51914,43,-0.00326189
0.178,4,0,nan,nan,nan,nan,-0.575244,0.0628319,-0.00213059,1.61097,6.18213,32,27,rc,0.178,1.79069e+09,-3.4853,43,-0.00323148
0.179,4,0,nan,nan,nan,nan,-0.586523,0,0.0010653,1.61097,6.18213,32,27,rc,0.179,1.79069e+09,-3.45146,43,-0.0032304
0.18,4,0,nan,nan,nan,nan,-0.586523,0,-0.00319589,1.61097,6.18213,32,27,rc,0.18,1.79069e+09,-3.4853,43,-0.00323826
0.181,4,0,nan,nan,nan,nan,-0.47373,-0.0506145,0.00958767,1.61087,6.18213,32,27,rc,0.181,1.79069e+09,-3.50786,43,-0.00324583
0.182,4,0,nan,nan,nan,nan,-0.47373,-0.0506145,0.0117183,1.61087,6.18213,32,27,rc,0.182,1.79069e+09,-3.51914,43,-0.0032528
0.183,4,0,nan,nan,nan,nan,-0.530127,0,0.00426119,1.61087,6.18213,32,27,rc,0.183,1.79069e+09,-3.50786,43,-0.00323144
0.184,4,0,nan,nan,nan,nan,-0.530127,0,-0.00958767,1.61087,6.18213,32,27,rc,0.184,1.79069e+09,-3.53042,43,-0.00322085
0.185,4,0,nan,nan,nan,nan,-0.631641,0.0191986,-0.010653,1.61087,6.18213,32,27,rc,0.185,1.79069e+09,-3.46274,43,-0.00322626
0.186,4,0,nan,nan,nan,nan,-0.631641,0.0191986,0.00532648,1.61087,6.18213,32,27,rc,0.186,1.79069e+09,-3.4853,43,-0.00322737
0.187,4,0,nan,nan,nan,nan,-0.451172,0,-0.00745708,1.61087,6.18213,32,27,rc,0.187,1.79069e+09,-3.49658,43,-0.00323801
0.188,4,0,nan,nan,nan,nan,-0.451172,0,0.00213059,1.61087,6.18213,32,27,rc,0.188,1.79069e+09,-3.53042,43,-0.0032589
0.189,4,0,nan,nan,nan,nan,-0.575244,0,0.00958767,1.61087,6.18213,32,27,rc,0.189,1.79069e+09,-3.53042,43,-0.00327095
0.19,4,0,nan,nan,nan,nan,-0.575244,0,0.00532648,1.61087,6.18213,32,27,rc,0.19,1.79069e+09,-3.50786,43,-0.00326654
0.191,4,0,nan,nan,nan,nan,-0.586523,0,-0.00852238,1.61087,6.18213,32,27,rc,0.191,1.79069e+09,-3.5417,43,-0.00325472
0.192,4,0,nan,nan,nan,nan,-0.586523,0,-0.00319589,1.61087,6.18213,32,27,rc,0.192,1.79069e+09,-3.4853,43,-0.00324618
0.193,4,0,nan,nan,nan,nan,-0.586523,0,0.0117183,1.61087,6.18213,32,27,rc,0.193,1.79069e+09,-3.49658,43,-0.00326026
0.194,4,0,nan,nan,nan,nan,-0.586523,0,0.0010653,1.61087,6.18213,32,27,rc,0.194,1.79069e+09,-3.49658,43,-0.00325499
0.195,4,0,nan,nan,nan,nan,-0.541406,0,0.00958767,1.61087,6.18213,32,27,rc,0.195,1.79069e+09,-3.51914,43,-0.00324709
0.196,4,0,nan,nan,nan,nan,-0.541406,0,-0.00958767,1.61087,6.18213,32,27,rc,0.196,1.79069e+09,-3.49658,43,-0.00326709
0.197,4,0,nan,nan,nan,nan,-0.507568,0,0.00213059,1.61087,6.18213,32,27,rc,0.197,1.79069e+09,-3.47402,43,-0.00328528
0.198,4,0,nan,nan,nan,nan,-0.507568,0,0.00639178,1.61087,6.18213,32,27,rc,0.198,1.79069e+09,-3.5417,43,-0.00326475
0.199,4,0,nan,nan,nan,nan,-0.439893,0,-0.00852238,1.61087,6.18213,32,27,rc,0.199,1.79069e+09,-3.53042,43,-0.00323825
0.2,4,0,nan,nan,nan,nan,-0.439893,0,0.0223712,1.61087,6.18213,32,27,rc,0.2,1.79069e+09,-3.45146,43,-0.00324537
0.201,4,0,nan,nan,nan,nan,-0.563965,0,0.0276977,1.61087,6.18213,32,27,rc,0.201,1.79069e+09,-3.49658,43,-0.00324904
0.202,4,0,nan,nan,nan,nan,-0.563965,0,0.00319589,1.61087,6.18213,32,27,rc,0.202,1.79069e+09,-3.53042,43,-0.00323304
0.203,4,0,nan,nan,nan,nan,-0.688037,-0.0174533,-0.010653,1.61087,6.18213,32,27,rc,0.203,1.79069e+09,-3.50786,43,-0.00321982
0.204,4,0,nan,nan,nan,nan,-0.688037,-0.0174533,0.010653,1.61087,6.18213,32,27,rc,0.204,1.79069e+09,-3.47402,43,-0.00322638
0.205,4,0,nan,nan,nan,nan,-0.609082,-0.0279253,0.00639178,1.61078,6.18213,32,27,rc,0.205,1.79069e+09,-3.47402,43,-0.00322344
0.206,4,0,nan,nan,nan,nan,-0.609082,-0.0279253,-0.0223712,1.61078,6.18213,32,27,rc,0.206,1.79069e+09,-3.49658,43,-0.00322449
0.207,4,0,nan,nan,nan,nan,-0.688037,0,0.00319589,1.61078,6.18213,32,27,rc,0.207,1.79069e+09,-3.49658,43,-0.00322716
0.208,4,0,nan,nan,nan,nan,-0.688037,0,0.0117183,1.61078,6.18213,32,27,rc,0.208,1.79069e+09,-3.49658,43,-0.00324558
0.209,4,0,nan,nan,nan,nan,-0.383496,0.0349066,0.0138489,1.61078,6.18213,32,27,rc,0.209,1.79069e+09,-3.50786,43,-0.00327818
0.21,4,0,nan,nan,nan,nan,-0.383496,0.0349066,-0.01811,1.61078,6.18213,32,27,rc,0.21,1.79069e+09,-3.51914,43,-0.00327544
0.211,4,0,nan,nan,nan,nan,-0.586523,0.0296706,-0.0213059,1.61087,6.18213,32,27,rc,0.211,1.79069e+09,-3.5417,43,-0.00327058
0.212,4,0,nan,nan,nan,nan,-0.586523,0.0296706,-0.0170448,1.61087,6.18213,32,27,rc,0.212,1.79069e+09,-3.4853,43,-0.0032622
0.213,4,0,nan,nan,nan,nan,-0.372217,-0.0261799,-0.00319589,1.61087,6.18213,32,27,rc,0.213,1.79069e+09,-3.53042,43,-0.00321759
0.214,4,0,nan,nan,nan,nan,-0.372217,-0.0261799,-0.00639178,1.61087,6.18213,32,27,rc,0.214,1.79069e+09,-3.51914,43,-0.00322158
0.215,4,0,nan,nan,nan,nan,-0.383496,0,0.00852238,1.61087,6.18213,32,27,rc,0.215,1.79069e+09,-3.49658,43,-0.00323632
0.216,4,0,nan,nan,nan,nan,-0.383496,0,0.00852238,1.61087,6.18213,32,27,rc,0.216,1.79069e+09,-3.5417,43,-0.00323762
0.217,4,0,nan,nan,nan,nan,-0.439893,0.0244346,-0.00532648,1.61087,6.18213,32,27,rc,0.217,1.79069e+09,-3.51914,43,-0.00323494
0.218,4,0,nan,nan,nan,nan,-0.439893,0.0244346,-0.0266324,1.61087,6.18213,32,27,rc,0.218,1.79069e+09,-3.4853,43,-0.0032439
0.219,4,0,nan,nan,nan,nan,-0.518848,0,-0.0159795,1.61087,6.18213,32,27,rc,0.219,1.79069e+09,-3.49658,43,-0.00324115
0.22,4,0,nan,nan,nan,nan,-0.518848,0,0.00319589,1.61087,6.18213,32,27,rc,0.22,1.79069e+09,-3.4853,43,-0.00323485
0.221,4,0,nan,nan,nan,nan,-0.338379,-0.0296706,0.00958767,1.61087,6.18213,32,27,rc,0.221,1.79069e+09,-3.50786,43,-0.00323293
0.222,4,0,nan,nan,nan,nan,-0.338379,-0.0296706,0.00745708,1.61087,6.18213,32,27,rc,0.222,1.79069e+09,-3.53042,43,-0.00324301
0.223,4,0,nan,nan,nan,nan,-0.47373,0.0314159,0.0245018,1.61087,6.18213,32,27,rc,0.223,1.79069e+09,-3.50786,43,-0.00325031
0.224,4,0,nan,nan,nan,nan,-0.47373,0.0314159,0.0117183,1.61087,6.18213,32,27,rc,0.224,1.79069e+09,-3.51914,43,-0.00326972
0.225,4,0,nan,nan,nan,nan,-0.507568,0,-0.0010653,1.61087,6.18213,32,27,rc,0.225,1.79069e+09,-3.51914,43,-0.00325002
0.226,4,0,nan,nan,nan,nan,-0.507568,0,-0.00319589,1.61087,6.18213,32,27,rc,0.226,1.79069e+09,-3.53042,43,-0.003236
0.227,4,0,nan,nan,nan,nan,-0.609082,-0.0488692,0.00426119,1.61078,6.18213,32,27,rc,0.227,1.79069e+09,-3.47402,43,-0.00325266
0.228,4,0,nan,nan,nan,nan,-0.609082,-0.0488692,-0.00639178,1.61078,6.18213,32,27,rc,0.228,1.79069e+09,-3.49658,43,-0.00324583
0.229,4,0,nan,nan,nan,nan,-0.507568,-0.00349066,-0.00958767,1.61078,6.18213,32,27,rc,0.229,1.79069e+09,-3.51914,43,-0.00322087
0.23,4,0,nan,nan,nan,nan,-0.507568,-0.00349066,0.0170448,1.61078,6.18213,32,27,rc,0.23,1.79069e+09,-3.47402,43,-0.00324303
0.231,4,0,nan,nan,nan,nan,-0.507568,0.0349066,0.00319589,1.61087,6.18213,32,27,rc,0.231,1.79069e+09,-3.47402,43,-0.00327408
0.232,4,0,nan,nan,nan,nan,-0.507568,0.0349066,-1.56553e-18,1.61087,6.18213,32,27,rc,0.232,1.79069e+09,-3.53042,43,-0.00326317
0.233,4,0,nan,nan,nan,nan,-0.665479,0,0.0170448,1.61087,6.18213,32,27,rc,0.233,1.79069e+09,-3.50786,43,-0.00324438
0.234,4,0,nan,nan,nan,nan,-0.665479,0,0.00319589,1.61087,6.18213,32,27,rc,0.234,1.79069e+09,-3.46274,43,-0.00325697
0.235,4,0,nan,nan,nan,nan,-0.552686,-0.0523599,0.00532648,1.61078,6.18213,32,27,rc,0.235,1.79069e+09,-3.47402,43,-0.00329454
0.236,4,0,nan,nan,nan,nan,-0.552686,-0.0523599,-0.0010653,1.61078,6.18213,32,27,rc,0.236,1.79069e+09,-3.50786,43,-0.00330822
0.237,4,0,nan,nan,nan,nan,-0.597803,0,-9.78459e-19,1.61078,6.18213,32,27,rc,0.237,1.79069e+09,-3.5417,43,-0.00329626
0.238,4,0,nan,nan,nan,nan,-0.597803,0,-0.00426119,1.61078,6.18213,32,27,rc,0.238,1.79069e+09,-3.51914,43,-0.0032683
0.239,4,0,nan,nan,nan,nan,-0.575244,0.0261799,0.010653,1.61078,6.18213,32,27,rc,0.239,1.79069e+09,-3.49658,43,-0.00323316
0.24,4,0,nan,nan,nan,nan,-0.575244,0.0261799,0.00639178,1.61078,6.18213,32,27,rc,0.24,1.79069e+09,-3.45146,43,-0.00323255
0.241,4,0,nan,nan,nan,nan,-0.406055,0.00872665,-0.0138489,1.61087,6.18213,32,27,rc,0.241,1.79069e+09,-3.46274,43,-0.00325601
0.242,4,0,nan,nan,nan,nan,-0.406055,0.00872665,0.00426119,1.61087,6.18213,32,27,rc,0.242,1.79069e+09,-3.4853,43,-0.00327539
0.243,4,0,nan,nan,nan,nan,-0.563965,0.00523599,-0.00426119,1.61087,6.18213,32,27,rc,0.243,1.79069e+09,-3.53042,43,-0.0032673
0.244,4,0,nan,nan,nan,nan,-0.563965,0.00523599,-0.00319589,1.61087,6.18223,32,27,rc,0.244,1.79069e+09,-3.50786,43,-0.00326334
0.245,4,0,nan,nan,nan,nan,-0.586523,-0.0244346,-0.0010653,1.61078,6.18223,32,27,rc,0.245,1.79069e+09,-3.46274,43,-0.00327609
0.246,4,0,nan,nan,nan,nan,-0.586523,-0.0244346,-0.00639178,1.61078,6.18213,32,27,rc,0.246,1.79069e+09,-3.47402,43,-0.00328231
0.247,4,0,nan,nan,nan,nan,-0.530127,0,0.0010653,1.61078,6.18213,32,27,rc,0.247,1.79069e+09,-3.50786,43,-0.00327298
0.248,4,0,nan,nan,nan,nan,-0.530127,0,0.00745708,1.61078,6.18213,32,27,rc,0.248,1.79069e+09,-3.49658,43,-0.00323847
0.249,4,0,nan,nan,nan,nan,-0.383496,0.020944,0.0170448,1.61087,6.18213,32,27,rc,0.249,1.79069e+09,-3.51914,43,-0.00323791
0.25,4,0,nan,nan,nan,nan,-0.383496,0.020944,-0.0138489,1.61087,6.18213,32,27,rc,0.25,1.79069e+09,-3.44019,43,-0.00325707
0.251,4,0,nan,nan,nan,nan,-0.563965,0.0139626,-0.00958767,1.61087,6.18213,32,27,rc,0.251,1.79069e+09,-3.53042,43,-0.00325458
0.252,4,0,nan,nan,nan,nan,-0.563965,0.0139626,-0.0117183,1.61087,6.18213,32,27,rc,0.252,1.79069e+09,-3.4853,43,-0.00326703
0.253,4,0,nan,nan,nan,nan,-0.428613,-0.0244346,-0.0276977,1.61078,6.18213,32,27,rc,0.253,1.79069e+09,-3.46274,43,-0.00324411
0.254,4,0,nan,nan,nan,nan,-0.428613,-0.0244346,-0.0213059,1.61078,6.18213,32,27,rc,0.254,1.79069e+09,-3.4853,43,-0.00323712
0.255,4,0,nan,nan,nan,nan,-0.3271,0.0122173,0.00532648,1.61087,6.18213,32,27,rc,0.255,1.79069e+09,-3.46274,43,-0.0032448
0.256,4,0,nan,nan,nan,nan,-0.3271,0.0122173,0.0117183,1.61087,6.18213,32,27,rc,0.256,1.79069e+09,-3.47402,43,-0.0032512
0.257,4,0,nan,nan,nan,nan,-0.338379,0.0261799,0.0255671,1.61087,6.18213,32,27,rc,0.257,1.79069e+09,-3.51914,43,-0.00325972
0.258,4,0,nan,nan,nan,nan,-0.338379,0.0261799,0.00426119,1.61087,6.18213,32,27,rc,0.258,1.79069e+09,-3.51914,43,-0.00325368
0.259,4,0,nan,nan,nan,nan,-0.530127,0.00698132,-0.00213059,1.61097,6.18213,32,27,rc,0.259,1.79069e+09,-3.49658,43,-0.003258
0.26,4,0,nan,nan,nan,nan,-0.530127,0.00698132,0.010653,1.61097,6.18213,32,27,rc,0.26,1.79069e+09,-3.49658,43,-0.00324387
0.261,4,0,nan,nan,nan,nan,-0.507568,-0.0750492,0.00532648,1.61078,6.18213,32,27,rc,0.261,1.79069e+09,-3.49658,43,-0.00323142
0.262,4,0,nan,nan,nan,nan,-0.507568,-0.0750492,-0.0127836,1.61078,6.18213,32,27,rc,0.262,1.79069e+09,-3.47402,43,-0.00323451
0.263,4,0,nan,nan,nan,nan,-0.631641,-0.015708,0.00532648,1.61078,6.18213,32,27,rc,0.263,1.79069e+09,-3.47402,43,-0.00323063
0.264,4,0,nan,nan,nan,nan,-0.631641,-0.015708,0.0213059,1.61078,6.18213,32,27,rc,0.264,1.79069e+09,-3.4853,43,-0.00324057
0.265,4,0,nan,nan,nan,nan,-0.451172,0,0.00958767,1.61078,6.18213,32,27,rc,0.265,1.79069e+09,-3.4853,43,-0.00323893
0.266,4,0,nan,nan,nan,nan,-0.451172,0,0.0159795,1.61078,6.18213,32,27,rc,0.266,1.79069e+09,-3.49658,43,-0.00324306
0.267,4,0,nan,nan,nan,nan,-0.721875,0.0191986,0.00852238,1.61087,6.18213,32,27,rc,0.267,1.79069e+09,-3.53042,43,-0.00324136
0.268,4,0,nan,nan,nan,nan,-0.721875,0.0191986,-9.78459e-19,1.61087,6.18213,32,27,rc,0.268,1.79069e+09,-3.46274,43,-0.00322784
0.269,4,0,nan,nan,nan,nan,-0.552686,-0.0506145,0.00426119,1.61078,6.18213,32,27,rc,0.269,1.79069e+09,-3.34995,43,-0.00324705
0.27,4,0,nan,nan,nan,nan,-0.552686,-0.0506145,0.00532648,1.61078,6.18213,32,27,rc,0.27,1.79069e+09,-3.47402,43,-0.00326657
0.271,4,0,nan,nan,nan,nan,-0.496289,-0.0174533,0.00426119,1.61068,6.18213,32,27,rc,0.271,1.79069e+09,-3.5417,43,-0.00326142
0.272,4,0,nan,nan,nan,nan,-0.496289,-0.0174533,0.00319589,1.61068,6.18213,32,27,rc,0.272,1.79069e+09,-3.51914,43,-0.00325299
0.273,4,0,nan,nan,nan,nan,-0.518848,0.0366519,0.0149142,1.61078,6.18213,32,27,rc,0.273,1.79069e+09,-3.50786,43,-0.0032534
0.274,4,0,nan,nan,nan,nan,-0.518848,0.0366519,0.00958767,1.61078,6.18213,32,27,rc,0.274,1.79069e+09,-3.47402,43,-0.0032523
0.275,4,0,nan,nan,nan,nan,-0.47373,0.00872665,-0.0149142,1.61078,6.18213,32,27,rc,0.275,1.79069e+09,-3.33867,43,-0.00326133
0.276,4,0,nan,nan,nan,nan,-0.47373,0.00872665,-0.0223712,1.61078,6.18213,32,27,rc,0.276,1.79069e+09,-3.34995,43,-0.0032767
0.277,4,0,nan,nan,nan,nan,-0.530127,0,0.010653,1.61078,6.18213,32,27,rc,0.277,1.79069e+09,-3.50786,43,-0.00329437
0.278,4,0,nan,nan,nan,nan,-0.530127,0,0.0010653,1.61078,6.18213,32,27,rc,0.278,1.79069e+09,-3.50786,43,-0.00330605
0.279,4,0,nan,nan,nan,nan,-0.383496,-0.010472,-0.00958767,1.61078,6.18213,32,27,rc,0.279,1.79069e+09,-3.50786,43,-0.0032915
0.28,4,0,nan,nan,nan,nan,-0.383496,-0.010472,-0.00639178,1.61078,6.18213,32,27,rc,0.28,1.79069e+09,-3.36123,43,-0.00326467
0.281,4,0,nan,nan,nan,nan,-0.428613,0.0436332,-0.00532648,1.61078,6.18213,32,27,rc,0.281,1.79069e+09,-3.46274,43,-0.00325373
0.282,4,0,nan,nan,nan,nan,-0.428613,0.0436332,0.00745708,1.61078,6.18213,32,27,rc,0.282,1.79069e+09,-3.45146,43,-0.00328392
0.283,4,0,nan,nan,nan,nan,-0.338379,0,0.00319589,1.61087,6.18213,32,27,rc,0.283,1.79069e+09,-3.49658,43,-0.00331846
0.284,4,0,nan,nan,nan,nan,-0.338379,0,-0.01811,1.61087,6.18213,32,27,rc,0.284,1.79069e+09,-3.53042,43,-0.00331985
0.285,4,0,nan,nan,nan,nan,-0.530127,-0.0139626,0.00958767,1.61078,6.18213,32,27,rc,0.285,1.79069e+09,-3.55298,43,-0.00329729
0.286,4,0,nan,nan,nan,nan,-0.530127,-0.0139626,0.00213059,1.61078,6.18213,32,27,rc,0.286,1.79069e+09,-3.49658,43,-0.00327906
0.287,4,0,nan,nan,nan,nan,-0.304541,-0.0174533,-0.0234365,1.61078,6.18213,32,27,rc,0.287,1.79069e+09,-3.46274,43,-0.00326566
0.288,4,0,nan,nan,nan,nan,-0.304541,-0.0174533,-0.00319589,1.61078,6.18213,32,27,rc,0.288,1.79069e+09,-3.46274,43,-0.00325703
0.289,4,0,nan,nan,nan,nan,-0.496289,0.0279253,0.0117183,1.61078,6.18213,32,27,rc,0.289,1.79069e+09,-3.47402,43,-0.00326592
0.29,4,0,nan,nan,nan,nan,-0.496289,0.0279253,0.0159795,1.61078,6.18213,32,27,rc,0.29,1.79069e+09,-3.47402,43,-0.00327798
0.291,4,0,nan,nan,nan,nan,-0.372217,0,0.00852238,1.61078,6.18213,32,27,rc,0.291,1.79069e+09,-3.49658,43,-0.00328995
0.292,4,0,nan,nan,nan,nan,-0.372217,0,-0.00532648,1.61078,6.18213,32,27,rc,0.292,1.79069e+09,-3.47402,43,-0.00328538
0.293,4,0,nan,nan,nan,nan,-0.631641,-0.020944,-0.0117183,1.61078,6.18213,32,27,rc,0.293,1.79069e+09,-3.4853,43,-0.0032908
0.294,4,0,nan,nan,nan,nan,-0.631641,-0.020944,-0.0117183,1.61078,6.18213,32,27,rc,0.294,1.79069e+09,-3.47402,43,-0.00328942
0.295,4,0,nan,nan,nan,nan,-0.530127,-0.0191986,-0.01811,1.61068,6.18213,32,27,rc,0.295,1.79069e+09,-3.50786,43,-0.00326254
0.296,4,0,nan,nan,nan,nan,-0.530127,-0.0191986,-0.00852238,1.61068,6.18213,32,27,rc,0.296,1.79069e+09,-3.47402,43,-0.00325101
0.297,4,0,nan,nan,nan,nan,-0.349658,0.0226893,0.0191753,1.61078,6.18213,32,27,rc,0.297,1.79069e+09,-3.45146,43,-0.00326604
0.298,4,0,nan,nan,nan,nan,-0.349658,0.0226893,0.0191753,1.61078,6.18213,32,27,rc,0.298,1.79069e+09,-3.34995,43,-0.00328344
0.299,4,0,nan,nan,nan,nan,-0.304541,0.0349066,-0.00319589,1.61087,6.18213,32,27,rc,0.299,1.79069e+09,-3.50786,43,-0.00328528
0.3,4,0,nan,nan,nan,nan,-0.304541,0.0349066,-0.00319589,1.61087,6.18213,32,27,rc,0.3,1.79069e+09,-3.50786,43,-0.00328387
0.301,4,0,nan,nan,nan,nan,-0.541406,0,0.0010653,1.61087,6.18213,32,27,rc,0.301,1.79069e+09,-3.32739,43,-0.00329051
0.302,4,0,nan,nan,nan,nan,-0.541406,0,-0.010653,1.61087,6.18213,32,27,rc,0.302,1.79069e+09,-3.4853,43,-0.00329667
0.303,4,0,nan,nan,nan,nan,-0.406055,-0.0663225,0.00852238,1.61068,6.18213,32,27,rc,0.303,1.79069e+09,-3.50786,43,-0.00329556
0.304,4,0,nan,nan,nan,nan,-0.406055,-0.0663225,0.00319589,1.61068,6.18213,32,27,rc,0.304,1.79069e+09,-3.36123,43,-0.00328544
0.305,4,0,nan,nan,nan,nan,-0.372217,0,0.0127836,1.61068,6.18213,32,27,rc,0.305,1.79069e+09,-3.34995,43,-0.00326521
0.306,4,0,nan,nan,nan,nan,-0.372217,0,0.0234365,1.61068,6.18213,32,27,rc,0.306,1.79069e+09,-3.49658,43,-0.00325613
0.307,4,0,nan,nan,nan,nan,-0.451172,0.0471239,-0.00426119,1.61078,6.18213,32,27,rc,0.307,1.79069e+09,-3.47402,43,-0.00325173
0.308,4,0,nan,nan,nan,nan,-0.451172,0.0471239,-0.0159795,1.61078,6.18213,32,27,rc,0.308,1.79069e+09,-3.47402,43,-0.00325651
0.309,4,0,nan,nan,nan,nan,-0.586523,-0.00349066,-0.00639178,1.61078,6.18213,32,27,rc,0.309,1.79069e+09,-3.49658,43,-0.00326439
0.31,4,0,nan,nan,nan,nan,-0.586523,-0.00349066,0.010653,1.61078,6.18213,32,27,rc,0.31,1.79069e+09,-3.50786,43,-0.00327033
0.311,4,0,nan,nan,nan,nan,-0.349658,-0.0558505,-0.00745708,1.61068,6.18213,32,27,rc,0.311,1.79069e+09,-3.50786,43,-0.00328098
0.312,4,0,nan,nan,nan,nan,-0.349658,-0.0558505,0.0117183,1.61068,6.18213,32,27,rc,0.312,1.79069e+09,-3.49658,43,-0.00328306
0.313,4,0,nan,nan,nan,nan,-0.518848,0.0331613,-0.01811,1.61078,6.18213,32,27,rc,0.313,1.79069e+09,-3.49658,43,-0.00328576
0.314,4,0,nan,nan,nan,nan,-0.518848,0.0331613,-0.00426119,1.61078,6.18213,32,27,rc,0.314,1.79069e+09,-3.46274,43,-0.00328353
0.315,4,0,nan,nan,nan,nan,-0.688037,0,0.00852238,1.61078,6.18213,32,27,rc,0.315,1.79069e+09,-3.36123,43,-0.00326307
0.316,4,0,nan,nan,nan,nan,-0.688037,0,-0.00426119,1.61078,6.18213,32,27,rc,0.316,1.79069e+09,-3.36123,43,-0.00326723
0.317,4,0,nan,nan,nan,nan,-0.417334,-0.010472,0.00426119,1.61078,6.18213,32,27,rc,0.317,1.79069e+09,-3.49658,43,-0.00329398
0.318,4,0,nan,nan,nan,nan,-0.417334,-0.010472,0.0159795,1.61078,6.18213,32,27,rc,0.318,1.79069e+09,-3.37251,43,-0.00330588
0.319,4,0,nan,nan,nan,nan,-0.417334,0,0.00532648,1.61068,6.18213,32,27,rc,0.319,1.79069e+09,-3.39507,43,-0.00329902
0.32,4,0,nan,nan,nan,nan,-0.417334,0,-0.00745708,1.61068,6.18213,32,27,rc,0.32,1.79069e+09,-3.36123,43,-0.00328641
0.321,4,0,nan,nan,nan,nan,-0.541406,0,-0.00745708,1.61078,6.18213,32,27,rc,0.321,1.79069e+09,-3.34995,43,-0.00327397
0.322,4,0,nan,nan,nan,nan,-0.541406,0,-0.00958767,1.61078,6.18213,32,27,rc,0.322,1.79069e+09,-3.34995,43,-0.00327268
0.323,4,0,nan,nan,nan,nan,-0.496289,-0.0139626,-0.028763,1.61078,6.18213,32,27,rc,0.323,1.79069e+09,-3.49658,43,-0.00328276
0.324,4,0,nan,nan,nan,nan,-0.496289,-0.0139626,0.00426119,1.61078,6.18213,32,27,rc,0.324,1.79069e+09,-3.34995,43,-0.00330203
0.325,4,0,nan,nan,nan,nan,-0.439893,0,0.00639178,1.61078,6.18213,32,27,rc,0.325,1.79069e+09,-3.37251,43,-0.00330959
0.326,4,0,nan,nan,nan,nan,-0.439893,0,-0.0010653,1.61078,6.18213,32,27,rc,0.326,1.79069e+09,-3.37251,43,-0.00330848
0.327,4,0,nan,nan,nan,nan,-0.575244,0.0174533,0.00532648,1.61078,6.18213,32,27,rc,0.327,1.79069e+09,-3.50786,43,-0.00329195
0.328,4,0,nan,nan,nan,nan,-0.575244,0.0174533,-0.00532648,1.61078,6.18213,32,27,rc,0.328,1.79069e+09,-3.34995,43,-0.00327996
0.329,4,0,nan,nan,nan,nan,-0.541406,0,0.0010653,1.61078,6.18213,32,27,rc,0.329,1.79069e+09,-3.34995,43,-0.00326714
0.33,4,0,nan,nan,nan,nan,-0.541406,0,-0.00426119,1.61078,6.18213,32,27,rc,0.33,1.79069e+09,-3.34995,43,-0.00327891
0.331,4,0,nan,nan,nan,nan,-0.530127,-0.0139626,0.00319589,1.61078,6.18213,32,27,rc,0.331,1.79069e+09,-3.36123,43,-0.00328387
0.332,4,0,nan,nan,nan,nan,-0.530127,-0.0139626,0.00639178,1.61078,6.18213,32,27,rc,0.332,1.79069e+09,-3.39507,43,-0.00329548
0.333,4,0,nan,nan,nan,nan,-0.518848,0,0.00852238,1.61078,6.18213,32,27,rc,0.333,1.79069e+09,-3.38379,43,-0.00330145
0.334,4,0,nan,nan,nan,nan,-0.518848,0,0.00532648,1.61078,6.18213,32,27,rc,0.334,1.79069e+09,-3.37251,43,-0.00328499
0.335,4,0,nan,nan,nan,nan,-0.462451,0,0.010653,1.61078,6.18213,32,27,rc,0.335,1.79069e+09,-3.36123,43,-0.00327069
0.336,4,0,nan,nan,nan,nan,-0.462451,0,-0.00426119,1.61078,6.18213,32,27,rc,0.336,1.79069e+09,-3.31611,43,-0.00326529
0.337,4,0,nan,nan,nan,nan,-0.47373,-0.00872665,0.00213059,1.61078,6.18213,32,27,rc,0.337,1.79069e+09,-3.34995,43,-0.00327201
0.338,4,0,nan,nan,nan,nan,-0.47373,-0.00872665,-0.00319589,1.61078,6.18213,32,27,rc,0.338,1.79069e+09,-3.36123,43,-0.00326406
0.339,4,0,nan,nan,nan,nan,-0.552686,0,-0.00958767,1.61068,6.18213,32,27,rc,0.339,1.79069e+09,-3.39507,43,-0.00326622
0.34,4,0,nan,nan,nan,nan,-0.552686,0,-0.0127836,1.61068,6.18213,32,27,rc,0.34,1.79069e+09,-3.34995,43,-0.00327061
0.341,4,0,nan,nan,nan,nan,-0.417334,0.00349066,-0.00745708,1.61078,6.18213,32,27,rc,0.341,1.79069e+09,-3.36123,43,-0.00325915
0.342,4,0,nan,nan,nan,nan,-0.417334,0.00349066,-0.00852238,1.61078,6.18213,32,27,rc,0.342,1.79069e+09,-3.34995,43,-0.00323511
0.343,4,0,nan,nan,nan,nan,-0.462451,0.00523599,0.0117183,1.61078,6.18213,32,27,rc,0.343,1.79069e+09,-3.33867,43,-0.00323447
0.344,4,0,nan,nan,nan,nan,-0.462451,0.00523599,0.0117183,1.61078,6.18213,32,27,rc,0.344,1.79069e+09,-3.32739,43,-0.00324656
0.345,4,0,nan,nan,nan,nan,-0.462451,0,0.00958767,1.61078,6.18213,32,27,rc,0.345,1.79069e+09,-3.36123,43,-0.00326882
0.346,4,0,nan,nan,nan,nan,-0.462451,0,0.0117183,1.61078,6.18213,32,27,rc,0.346,1.79069e+09,-3.37251,43,-0.00328909
0.347,4,0,nan,nan,nan,nan,-0.451172,0,0.00426119,1.61078,6.18213,32,27,rc,0.347,1.79069e+09,-3.37251,43,-0.00329435
0.348,4,0,nan,nan,nan,nan,-0.451172,0,0.0010653,1.61078,6.18213,32,27,rc,0.348,1.79069e+09,-3.37251,43,-0.00328591
0.349,4,0,nan,nan,nan,nan,-0.665479,-0.0453786,0.0149142,1.61068,6.18213,32,27,rc,0.349,1.79069e+09,-3.37251,43,-0.00326206
0.35,4,0,nan,nan,nan,nan,-0.665479,-0.0453786,6.52306e-19,1.61068,6.18213,32,27,rc,0.35,1.79069e+09,-3.34995,43,-0.00325475
0.351,4,0,nan,nan,nan,nan,-0.496289,-0.00872665,0.0266324,1.61068,6.18213,32,27,rc,0.351,1.79069e+09,-3.34995,43,-0.00327597
0.352,4,0,nan,nan,nan,nan,-0.496289,-0.00872665,-0.0010653,1.61068,6.18213,32,27,rc,0.352,1.79069e+09,-3.36123,43,-0.00328784
0.353,4,0,nan,nan,nan,nan,-0.563965,0.0366519,-0.00745708,1.61068,6.18213,32,27,rc,0.353,1.79069e+09,-3.38379,43,-0.00329395
0.354,4,0,nan,nan,nan,nan,-0.563965,0.0366519,0.0149142,1.61068,6.18213,32,27,rc,0.354,1.79069e+09,-3.36123,43,-0.00329359
0.355,4,0,nan,nan,nan,nan,-0.518848,0.0174533,-0.00426119,1.61078,6.18213,32,27,rc,0.355,1.79069e+09,-3.36123,43,-0.00327552
0.356,4,0,nan,nan,nan,nan,-0.518848,0.0174533,-0.0298283,1.61078,6.18213,32,27,rc,0.356,1.79069e+09,-3.32739,43,-0.00328458
0.357,4,0,nan,nan,nan,nan,-0.676758,0,0.0010653,1.61078,6.18213,32,27,rc,0.357,1.79069e+09,-3.47402,43,-0.00327615
0.358,4,0,nan,nan,nan,nan,-0.676758,0,0.0127836,1.61078,6.18213,32,27,rc,0.358,1.79069e+09,-3.36123,43,-0.00329831
0.359,4,0,nan,nan,nan,nan,-0.383496,-0.00349066,0.0010653,1.61068,6.18213,32,27,rc,0.359,1.79069e+09,-3.34995,43,-0.00330324
0.36,4,0,nan,nan,nan,nan,-0.383496,-0.00349066,0.00213059,1.61068,6.18213,32,27,rc,0.36,1.79069e+09,-3.39507,43,-0.00329194
0.361,4,0,nan,nan,nan,nan,-0.631641,0.0488692,-0.0170448,1.61078,6.18213,32,27,rc,0.361,1.79069e+09,-3.49658,43,-0.0032787
0.362,4,0,nan,nan,nan,nan,-0.631641,0.0488692,0.00426119,1.61078,6.18213,32,27,rc,0.362,1.79069e+09,-3.32739,43,-0.00327597
0.363,4,0,nan,nan,nan,nan,-0.552686,-0.00523599,0.00532648,1.61078,6.18213,32,27,rc,0.363,1.79069e+09,-3.32739,43,-0.00326432
0.364,4,0,nan,nan,nan,nan,-0.552686,-0.00523599,-0.00639178,1.61078,6.18213,32,27,rc,0.364,1.79069e+09,-3.36123,43,-0.0032717
0.365,4,0,nan,nan,nan,nan,-0.620361,-0.0331613,-0.0170448,1.61068,6.18213,32,27,rc,0.365,1.79069e+09,-3.34995,43,-0.00329316
0.366,4,0,nan,nan,nan,nan,-0.620361,-0.0331613,0.00426119,1.61068,6.18213,32,27,rc,0.366,1.79069e+09,-3.39507,43,-0.00330611
0.367,4,0,nan,nan,nan,nan,-0.518848,0,0.0223712,1.61068,6.18213,32,27,rc,0.367,1.79069e+09,-3.57554,43,-0.00327763
0.368,4,0,nan,nan,nan,nan,-0.518848,0,0.00213059,1.61068,6.18213,32,27,rc,0.368,1.79069e+09,-3.36123,43,-0.00326722
0.369,4,0,nan,nan,nan,nan,-0.586523,0.0261799,-0.00958767,1.61078,6.18213,32,27,rc,0.369,1.79069e+09,-3.46274,43,-0.00327599
0.37,4,0,nan,nan,nan,nan,-0.586523,0.0261799,-0.010653,1.61078,6.18213,32,27,rc,0.37,1.79069e+09,-3.36123,43,-0.00328739
0.371,4,0,nan,nan,nan,nan,-0.575244,0,-0.00958767,1.61078,6.18213,32,27,rc,0.371,1.79069e+09,-3.36123,43,-0.00330246
0.372,4,0,nan,nan,nan,nan,-0.575244,0,-0.0213059,1.61078,6.18213,32,27,rc,0.372,1.79069e+09,-3.39507,43,-0.00331606
0.373,4,0,nan,nan,nan,nan,-0.507568,-0.00872665,0.0149142,1.61068,6.18213,32,27,rc,0.373,1.79069e+09,-3.40635,43,-0.00331099
0.374,4,0,nan,nan,nan,nan,-0.507568,-0.00872665,0.0223712,1.61068,6.18213,32,27,rc,0.374,1.79069e+09,-3.39507,43,-0.00330141
0.375,4,0,nan,nan,nan,nan,-0.372217,0.0226893,-0.0223712,1.61078,6.18213,32,27,rc,0.375,1.79069e+09,-3.36123,43,-0.00327985
0.376,4,0,nan,nan,nan,nan,-0.372217,0.0226893,-0.0266324,1.61078,6.18213,32,27,rc,0.376,1.79069e+09,-3.36123,43,-0.00325646
0.377,4,0,nan,nan,nan,nan,-0.676758,0.00872665,0.010653,1.61078,6.18213,32,27,rc,0.377,1.79069e+09,-3.34995,43,-0.00324827
0.378,4,0,nan,nan,nan,nan,-0.676758,0.00872665,0.00319589,1.61078,6.18213,32,27,rc,0.378,1.79069e+09,-3.32739,43,-0.00326095
0.379,4,0,nan,nan,nan,nan,-0.383496,-0.0506145,-0.0138489,1.61068,6.18213,32,27,rc,0.379,1.79069e+09,-3.49658,43,-0.00326172
0.38,4,0,nan,nan,nan,nan,-0.383496,-0.0506145,0.0202406,1.61068,6.18213,32,27,rc,0.38,1.79069e+09,-3.53042,43,-0.00326674
0.381,4,0,nan,nan,nan,nan,-0.552686,0,0.0255671,1.61068,6.18213,32,27,rc,0.381,1.79069e+09,-3.36123,43,-0.00324533
0.382,4,0,nan,nan,nan,nan,-0.552686,0,0.00852238,1.61068,6.18213,32,27,rc,0.382,1.79069e+09,-3.36123,43,-0.00324541
0.383,4,0,nan,nan,nan,nan,-0.676758,0.00698132,0.0319589,1.61078,6.18213,32,27,rc,0.383,1.79069e+09,-3.49658,43,-0.00324864
0.384,4,0,nan,nan,nan,nan,-0.676758,0.00698132,6.52306e-19,1.61078,6.18213,32,27,rc,0.384,1.79069e+09,-3.53042,43,-0.00325383
0.385,4,0,nan,nan,nan,nan,-0.64292,-0.0506145,0.00213059,1.61068,6.18213,32,27,rc,0.385,1.79069e+09,-3.53042,43,-0.00325684
0.386,4,0,nan,nan,nan,nan,-0.64292,-0.0506145,0.0159795,1.61068,6.18213,32,27,rc,0.386,1.79069e+09,-3.38379,43,-0.00325492
0.387,4,0,nan,nan,nan,nan,-0.609082,-0.00349066,0.00532648,1.61068,6.18213,32,27,rc,0.387,1.79069e+09,-3.5417,43,-0.00325656
0.388,4,0,nan,nan,nan,nan,-0.609082,-0.00349066,-0.00426119,1.61068,6.18213,32,27,rc,0.388,1.79069e+09,-3.53042,43,-0.00325344
0.389,4,0,nan,nan,nan,nan,-0.710596,0.0226893,-0.00319589,1.61068,6.18213,32,27,rc,0.389,1.79069e+09,-3.51914,43,-0.00325045
0.39,4,0,nan,nan,nan,nan,-0.710596,0.0226893,-0.00213059,1.61068,6.18213,32,27,rc,0.39,1.79069e+09,-3.47402,43,-0.0032312
0.391,4,0,nan,nan,nan,nan,-0.597803,0,-0.00426119,1.61068,6.18213,32,27,rc,0.391,1.79069e+09,-3.32739,43,-0.00321986
0.392,4,0,nan,nan,nan,nan,-0.597803,0,1.5003e-18,1.61068,6.18213,32,27,rc,0.392,1.79069e+09,-3.44019,43,-0.00323879
0.393,4,0,nan,nan,nan,nan,-0.575244,0,0.00532648,1.61068,6.18213,32,27,rc,0.393,1.79069e+09,-3.46274,43,-0.00326693
0.394,4,0,nan,nan,nan,nan,-0.575244,0,-0.0117183,1.61068,6.18213,32,27,rc,0.394,1.79069e+09,-3.5417,43,-0.00326153
0.395,4,0,nan,nan,nan,nan,-0.575244,0.00698132,-0.00639178,1.61068,6.18213,32,27,rc,0.395,1.79069e+09,-3.5417,43,-0.00325518
0.396,4,0,nan,nan,nan,nan,-0.575244,0.00698132,-0.00532648,1.61068,6.18213,32,27,rc,0.396,1.79069e+09,-3.47402,43,-0.00324706
0.397,4,0,nan,nan,nan,nan,-0.47373,0,-0.0170448,1.61068,6.18213,32,27,rc,0.397,1.79069e+09,-3.53042,43,-0.00323748
0.398,4,0,nan,nan,nan,nan,-0.47373,0,-0.0117183,1.61068,6.18213,32,27,rc,0.398,1.79069e+09,-3.49658,43,-0.0032445
0.399,4,0,nan,nan,nan,nan,-0.507568,0.015708,0.0149142,1.61068,6.18213,32,27,rc,0.399,1.79069e+09,-3.50786,43,-0.00327281
0.4,4,0,nan,nan,nan,nan,-0.507568,0.015708,0.0010653,1.61068,6.18213,32,27,rc,0.4,1.79069e+09,-3.55298,43,-0.00326608
0.401,4,0,nan,nan,nan,nan,-0.428613,0,0.00958767,1.61068,6.18213,32,27,rc,0.401,1.79069e+09,-3.56426,43,-0.00325019
0.402,4,0,nan,nan,nan,nan,-0.428613,0,-0.0138489,1.61068,6.18213,32,27,rc,0.402,1.79069e+09,-3.50786,43,-0.00324964
0.403,4,0,nan,nan,nan,nan,-0.541406,0,-0.00426119,1.61068,6.18213,32,27,rc,0.403,1.79069e+09,-3.50786,43,-0.00325483
0.404,4,0,nan,nan,nan,nan,-0.541406,0,0.0117183,1.61068,6.18213,32,27,rc,0.404,1.79069e+09,-3.47402,43,-0.0032439
0.405,4,0,nan,nan,nan,nan,-0.47373,0,0.00426119,1.61068,6.18213,32,27,rc,0.405,1.79069e+09,-3.51914,43,-0.00322993
0.406,4,0,nan,nan,nan,nan,-0.47373,0,0.0276977,1.61068,6.18213,32,27,rc,0.406,1.79069e+09,-3.51914,43,-0.00322325
0.407,4,0,nan,nan,nan,nan,-0.48501,0,0.0330242,1.61068,6.18213,32,27,rc,0.407,1.79069e+09,-3.4853,43,-0.00323361
0.408,4,0,nan,nan,nan,nan,-0.48501,0,0.00852238,1.61068,6.18213,32,27,rc,0.408,1.79069e+09,-3.50786,43,-0.00323816
0.409,4,0,nan,nan,nan,nan,-0.733154,-0.0349066,-0.0266324,1.61068,6.18213,32,27,rc,0.409,1.79069e+09,-3.53042,43,-0.00321148
0.41,4,0,nan,nan,nan,nan,-0.733154,-0.0349066,-0.0191753,1.61068,6.18213,32,27,rc,0.41,1.79069e+09,-3.49658,43,-0.00321353
0.411,4,0,nan,nan,nan,nan,-0.665479,-0.0453786,-0.00319589,1.61058,6.18213,32,27,rc,0.411,1.79069e+09,-3.49658,43,-0.0032114
0.412,4,0,nan,nan,nan,nan,-0.665479,-0.0453786,0.0149142,1.61058,6.18213,32,27,rc,0.412,1.79069e+09,-3.51914,43,-0.00320772
0.413,4,0,nan,nan,nan,nan,-0.48501,0.0139626,0.0010653,1.61058,6.18213,32,27,rc,0.413,1.79069e+09,-3.49658,43,-0.00322025
0.414,4,0,nan,nan,nan,nan,-0.48501,0.0139626,0.010653,1.61058,6.18213,32,27,rc,0.414,1.79069e+09,-3.50786,43,-0.00323878
0.415,4,0,nan,nan,nan,nan,-0.654199,0.0628319,0.0170448,1.61068,6.18213,32,27,rc,0.415,1.79069e+09,-3.53042,43,-0.00324095
0.416,4,0,nan,nan,nan,nan,-0.654199,0.0628319,-0.00532648,1.61068,6.18213,32,27,rc,0.416,1.79069e+09,-3.47402,43,-0.00323576
0.417,4,0,nan,nan,nan,nan,-0.631641,-0.0436332,-0.028763,1.61068,6.18213,32,27,rc,0.417,1.79069e+09,-3.50786,43,-0.00322517
0.418,4,0,nan,nan,nan,nan,-0.631641,-0.0436332,0.00426119,1.61068,6.18213,32,27,rc,0.418,1.79069e+09,-3.53042,43,-0.00321938
0.419,4,0,nan,nan,nan,nan,-0.541406,-0.0418879,0.0127836,1.61058,6.18213,32,27,rc,0.419,1.79069e+09,-3.53042,43,-0.00323144
0.42,4,0,nan,nan,nan,nan,-0.541406,-0.0418879,-0.00213059,1.61058,6.18213,32,27,rc,0.42,1.79069e+09,-3.49658,43,-0.00323049
0.421,4,0,nan,nan,nan,nan,-0.64292,0.015708,0.0191753,1.61058,6.18213,32,27,rc,0.421,1.79069e+09,-3.55298,43,-0.00320974
0.422,4,0,nan,nan,nan,nan,-0.64292,0.015708,0.00745708,1.61058,6.18213,32,27,rc,0.422,1.79069e+09,-3.53042,43,-0.0032283
0.423,4,0,nan,nan,nan,nan,-0.541406,0.0174533,-0.00745708,1.61068,6.18213,32,27,rc,0.423,1.79069e+09,-3.4853,43,-0.00323909
0.424,4,0,nan,nan,nan,nan,-0.541406,0.0174533,-0.0266324,1.61068,6.18213,32,27,rc,0.424,1.79069e+09,-3.55298,43,-0.00320962
0.425,4,0,nan,nan,nan,nan,-0.597803,0,-0.00958767,1.61068,6.18213,32,27,rc,0.425,1.79069e+09,-3.49658,43,-0.0032201
0.426,4,0,nan,nan,nan,nan,-0.597803,0,-0.010653,1.61068,6.18213,32,27,rc,0.426,1.79069e+09,-3.47402,43,-0.00322146
0.427,4,0,nan,nan,nan,nan,-0.383496,-0.0174533,7.82767e-19,1.61058,6.18213,32,27,rc,0.427,1.79069e+09,-3.51914,43,-0.00322895
0.428,4,0,nan,nan,nan,nan,-0.383496,-0.0174533,0.0170448,1.61058,6.18213,32,27,rc,0.428,1.79069e+09,-3.50786,43,-0.00323645
0.429,4,0,nan,nan,nan,nan,-0.428613,0.0645772,0.00319589,1.61068,6.18213,32,27,rc,0.429,1.79069e+09,-3.55298,43,-0.00323027
0.43,4,0,nan,nan,nan,nan,-0.428613,0.0645772,-0.0202406,1.61068,6.18213,32,27,rc,0.43,1.79069e+09,-3.50786,43,-0.00321151
0.431,4,0,nan,nan,nan,nan,-0.64292,0.00872665,-0.0298283,1.61068,6.18213,32,27,rc,0.431,1.79069e+09,-3.50786,43,-0.00322903
0.432,4,0,nan,nan,nan,nan,-0.64292,0.00872665,-0.0010653,1.61068,6.18213,32,27,rc,0.432,1.79069e+09,-3.49658,43,-0.00325052
0.433,4,0,nan,nan,nan,nan,-0.394775,-0.0593412,0.00319589,1.61058,6.18213,32,27,rc,0.433,1.79069e+09,-3.55298,43,-0.00326788
0.434,4,0,nan,nan,nan,nan,-0.394775,-0.0593412,-0.00319589,1.61058,6.18213,32,27,rc,0.434,1.79069e+09,-3.55298,43,-0.00325754
0.435,4,0,nan,nan,nan,nan,-0.530127,0,-0.0127836,1.61058,6.18213,32,27,rc,0.435,1.79069e+09,-3.55298,43,-0.00326304
0.436,4,0,nan,nan,nan,nan,-0.530127,0,-0.0351548,1.61058,6.18213,32,27,rc,0.436,1.79069e+09,-3.49658,43,-0.00326226
0.437,4,0,nan,nan,nan,nan,-0.48501,0.0174533,0.00958767,1.61068,6.18213,32,27,rc,0.437,1.79069e+09,-3.53042,43,-0.00324687
0.438,4,0,nan,nan,nan,nan,-0.48501,0.0174533,-1.10892e-18,1.61068,6.18213,32,27,rc,0.438,1.79069e+09,-3.50786,43,-0.00322625
0.439,4,0,nan,nan,nan,nan,-0.293262,0.020944,-0.0149142,1.61068,6.18213,32,27,rc,0.439,1.79069e+09,-3.49658,43,-0.00322708
0.44,4,0,nan,nan,nan,nan,-0.293262,0.020944,0.00852238,1.61068,6.18213,32,27,rc,0.44,1.79069e+09,-3.50786,43,-0.00324098
0.441,4,0,nan,nan,nan,nan,-0.338379,0.0314159,0.0191753,1.61078,6.18213,32,27,rc,0.441,1.79069e+09,-3.5417,43,-0.00325171
0.442,4,0,nan,nan,nan,nan,-0.338379,0.0314159,-0.0149142,1.61078,6.18213,32,27,rc,0.442,1.79069e+09,-3.53042,43,-0.0032618
0.443,4,0,nan,nan,nan,nan,-0.530127,-0.00872665,0.00213059,1.61068,6.18213,32,27,rc,0.443,1.79069e+09,-3.49658,43,-0.00324317
0.444,4,0,nan,nan,nan,nan,-0.530127,-0.00872665,0.00319589,1.61068,6.18213,32,27,rc,0.444,1.79069e+09,-3.49658,43,-0.00324107
0.445,4,0,nan,nan,nan,nan,-0.394775,-0.0488692,0.0138489,1.61058,6.18213,32,27,rc,0.445,1.79069e+09,-3.46274,43,-0.00324689
0.446,4,0,nan,nan,nan,nan,-0.394775,-0.0488692,0.0255671,1.61058,6.18213,32,27,rc,0.446,1.79069e+09,-3.53042,43,-0.003244
0.447,4,0,nan,nan,nan,nan,-0.541406,0,0.0117183,1.61058,6.18213,32,27,rc,0.447,1.79069e+09,-3.51914,43,-0.00325742
0.448,4,0,nan,nan,nan,nan,-0.541406,0,0.00852238,1.61058,6.18213,32,27,rc,0.448,1.79069e+09,-3.5417,43,-0.0032705
0.449,4,0,nan,nan,nan,nan,-0.733154,0.00872665,0.0213059,1.61068,6.18213,32,27,rc,0.449,1.79069e+09,-3.53042,43,-0.00327068
0.45,4,0,nan,nan,nan,nan,-0.733154,0.00872665,-0.00532648,1.61068,6.18213,32,27,rc,0.45,1.79069e+09,-3.51914,43,-0.00325971
0.451,4,0,nan,nan,nan,nan,-0.654199,-0.0541052,0.00426119,1.61058,6.18213,32,27,rc,0.451,1.79069e+09,-3.50786,43,-0.00325157
0.452,4,0,nan,nan,nan,nan,-0.654199,-0.0541052,-0.00639178,1.61058,6.18213,32,27,rc,0.452,1.79069e+09,-3.47402,43,-0.0032685
0.453,4,0,nan,nan,nan,nan,-0.597803,0,5.21845e-19,1.61049,6.18213,32,27,rc,0.453,1.79069e+09,-3.49658,43,-0.00327348
0.454,4,0,nan,nan,nan,nan,-0.597803,0,0.0010653,1.61049,6.18213,32,27,rc,0.454,1.79069e+09,-3.55298,43,-0.00327439
0.455,4,0,nan,nan,nan,nan,-0.518848,0.0488692,0.00852238,1.61068,6.18213,32,27,rc,0.455,1.79069e+09,-3.51914,43,-0.00327143
0.456,4,0,nan,nan,nan,nan,-0.518848,0.0488692,-0.0010653,1.61068,6.18213,32,27,rc,0.456,1.79069e+09,-3.53042,43,-0.00328242
0.457,4,0,nan,nan,nan,nan,-0.541406,0.010472,-0.0138489,1.61068,6.18213,32,27,rc,0.457,1.79069e+09,-3.49658,43,-0.00327584
0.458,4,0,nan,nan,nan,nan,-0.541406,0.010472,-0.0191753,1.61068,6.18213,32,27,rc,0.458,1.79069e+09,-3.50786,43,-0.00326779
0.459,4,0,nan,nan,nan,nan,-0.541406,-0.0296706,6.52306e-19,1.61068,6.18213,32,27,rc,0.459,1.79069e+09,-3.50786,43,-0.00326239
0.46,4,0,nan,nan,nan,nan,-0.541406,-0.0296706,-0.00426119,1.61068,6.18213,32,27,rc,0.46,1.79069e+09,-3.49658,43,-0.0032626
0.461,4,0,nan,nan,nan,nan,-0.406055,-0.00872665,0.00213059,1.61058,6.18213,32,27,rc,0.461,1.79069e+09,-3.53042,43,-0.00325866
0.462,4,0,nan,nan,nan,nan,-0.406055,-0.00872665,0.0159795,1.61058,6.18213,32,27,rc,0.462,1.79069e+09,-3.50786,43,-0.00326262
0.463,4,0,nan,nan,nan,nan,-0.451172,0.0453786,0.010653,1.61068,6.18213,32,27,rc,0.463,1.79069e+09,-3.50786,43,-0.00325315
0.464,4,0,nan,nan,nan,nan,-0.451172,0.0453786,-0.010653,1.61068,6.18213,32,27,rc,0.464,1.79069e+09,-3.50786,43,-0.00324901
0.465,4,0,nan,nan,nan,nan,-0.631641,0,0.00213059,1.61068,6.18213,32,27,rc,0.465,1.79069e+09,-3.50786,43,-0.0032497
0.466,4,0,nan,nan,nan,nan,-0.631641,0,0.00958767,1.61068,6.18213,32,27,rc,0.466,1.79069e+09,-3.50786,43,-0.00325625
0.467,4,0,nan,nan,nan,nan,-0.47373,-0.0506145,0.0330242,1.61058,6.18213,32,27,rc,0.467,1.79069e+09,-3.49658,43,-0.00327028
0.468,4,0,nan,nan,nan,nan,-0.47373,-0.0506145,0.0223712,1.61058,6.18213,32,27,rc,0.468,1.79069e+09,-3.49658,43,-0.00326878
0.469,4,0,nan,nan,nan,nan,-0.665479,0,0.00426119,1.61058,6.18213,32,27,rc,0.469,1.79069e+09,-3.49658,43,-0.00326264
0.47,4,0,nan,nan,nan,nan,-0.665479,0,-0.00745708,1.61058,6.18213,32,27,rc,0.47,1.79069e+09,-3.47402,43,-0.00325009
0.471,4,0,nan,nan,nan,nan,-0.744434,0,0.0010653,1.61058,6.18213,32,27,rc,0.471,1.79069e+09,-3.50786,43,-0.00325244
0.472,4,0,nan,nan,nan,nan,-0.744434,0,-0.00319589,1.61058,6.18213,32,27,rc,0.472,1.79069e+09,-3.50786,43,-0.00325433
0.473,4,0,nan,nan,nan,nan,-0.563965,-0.0261799,-0.00852238,1.61049,6.18213,32,27,rc,0.473,1.79069e+09,-3.50786,43,-0.00326012
0.474,4,0,nan,nan,nan,nan,-0.563965,-0.0261799,0.00958767,1.61049,6.18213,32,27,rc,0.474,1.79069e+09,-3.49658,43,-0.00326114
0.475,4,0,nan,nan,nan,nan,-0.552686,0.0279253,0.0149142,1.61058,6.18213,32,27,rc,0.475,1.79069e+09,-3.49658,43,-0.00326398
0.476,4,0,nan,nan,nan,nan,-0.552686,0.0279253,-0.00319589,1.61058,6.18213,32,27,rc,0.476,1.79069e+09,-3.49658,43,-0.00327131
0.477,4,0,nan,nan,nan,nan,-0.609082,0.00872665,-0.0117183,1.61058,6.18213,32,27,rc,0.477,1.79069e+09,-3.51914,43,-0.00327207
0.478,4,0,nan,nan,nan,nan,-0.609082,0.00872665,0.0149142,1.61058,6.18213,32,27,rc,0.478,1.79069e+09,-3.50786,43,-0.00326771
0.479,4,0,nan,nan,nan,nan,-0.530127,-0.0244346,0.0159795,1.61058,6.18213,32,27,rc,0.479,1.79069e+09,-3.50786,43,-0.00325012
0.48,4,0,nan,nan,nan,nan,-0.530127,-0.0244346,-0.00319589,1.61058,6.18213,32,27,rc,0.48,1.79069e+09,-3.49658,43,-0.00324634
0.481,4,0,nan,nan,nan,nan,-0.699316,-0.015708,1.23938e-18,1.61058,6.18213,32,27,rc,0.481,1.79069e+09,-3.47402,43,-0.00326788
0.482,4,0,nan,nan,nan,nan,-0.699316,-0.015708,0.0149142,1.61058,6.18213,32,27,rc,0.482,1.79069e+09,-3.51914,43,-0.00326815
0.483,4,0,nan,nan,nan,nan,-0.575244,-0.00872665,0.00532648,1.61049,6.18213,32,27,rc,0.483,1.79069e+09,-3.53042,43,-0.00327026
0.484,4,0,nan,nan,nan,nan,-0.575244,-0.00872665,-6.52306e-20,1.61049,6.18213,32,27,rc,0.484,1.79069e+09,-3.47402,43,-0.00328372
0.485,4,0,nan,nan,nan,nan,-0.710596,0,-0.0138489,1.61049,6.18213,32,27,rc,0.485,1.79069e+09,-3.50786,43,-0.00328366
0.486,4,0,nan,nan,nan,nan,-0.710596,0,-0.0234365,1.61049,6.18213,32,27,rc,0.486,1.79069e+09,-3.50786,43,-0.00327011
0.487,4,0,nan,nan,nan,nan,-0.597803,0,0.00852238,1.61049,6.18213,32,27,rc,0.487,1.79069e+09,-3.50786,43,-0.00325307
0.488,4,0,nan,nan,nan,nan,-0.597803,0,0.0245018,1.61049,6.18213,32,27,rc,0.488,1.79069e+09,-3.46274,43,-0.00327869
0.489,4,0,nan,nan,nan,nan,-0.439893,0,0.00319589,1.61058,6.18213,32,27,rc,0.489,1.79069e+09,-3.47402,43,-0.00329671
0.49,4,0,nan,nan,nan,nan,-0.439893,0,-0.00213059,1.61058,6.18213,32,27,rc,0.49,1.79069e+09,-3.56426,43,-0.00330043
0.491,4,0,nan,nan,nan,nan,-0.721875,0.0244346,-0.028763,1.61058,6.18213,32,27,rc,0.491,1.79069e+09,-3.53042,43,-0.00329508
0.492,4,0,nan,nan,nan,nan,-0.721875,0.0244346,-0.00958767,1.61058,6.18213,32,27,rc,0.492,1.79069e+09,-3.49658,43,-0.00327876
0.493,4,0,nan,nan,nan,nan,-0.428613,-0.0767945,0.010653,1.61049,6.18213,32,27,rc,0.493,1.79069e+09,-3.47402,43,-0.00327581
0.494,4,0,nan,nan,nan,nan,-0.428613,-0.0767945,0.00319589,1.61049,6.18213,32,27,rc,0.494,1.79069e+09,-3.47402,43,-0.00328226
0.495,4,0,nan,nan,nan,nan,-0.394775,0,-0.0117183,1.61049,6.18213,32,27,rc,0.495,1.79069e+09,-3.36123,43,-0.00329587
0.496,4,0,nan,nan,nan,nan,-0.394775,0,0.0149142,1.61049,6.18213,32,27,rc,0.496,1.79069e+09,-3.5417,43,-0.0033017
0.497,4,0,nan,nan,nan,nan,-0.552686,0.0471239,-0.00745708,1.61058,6.18213,32,27,rc,0.497,1.79069e+09,-3.51914,43,-0.00329761
0.498,4,0,nan,nan,nan,nan,-0.552686,0.0471239,-0.00745708,1.61058,6.18213,32,27,rc,0.498,1.79069e+09,-3.50786,43,-0.0032853
0.499,4,0,nan,nan,nan,nan,-0.676758,0,0.00319589,1.61058,6.18213,32,27,rc,0.499,1.79069e+09,-3.49658,43,-0.00326709
0.5,4,0,nan,nan,nan,nan,-0.676758,0,0.00426119,1.61058,6.18213,32,27,rc,0.5,1.79069e+09,-3.47402,43,-0.00328115
0.501,4,0,nan,nan,nan,nan,-0.530127,-0.0366519,-0.010653,1.61049,6.18213,32,27,rc,0.501,1.79069e+09,-3.44019,43,-0.00330365
0.502,4,0,nan,nan,nan,nan,-0.530127,-0.0366519,-0.00213059,1.61049,6.18213,32,27,rc,0.502,1.79069e+09,-3.5417,43,-0.00331547
0.503,4,0,nan,nan,nan,nan,-0.597803,0,-0.00958767,1.61049,6.18213,32,27,rc,0.503,1.79069e+09,-3.53042,43,-0.00329579
0.504,4,0,nan,nan,nan,nan,-0.597803,0,-0.0149142,1.61049,6.18213,32,27,rc,0.504,1.79069e+09,-3.51914,43,-0.00328047
0.505,4,0,nan,nan,nan,nan,-0.530127,0.0174533,-0.00213059,1.61049,6.18213,32,27,rc,0.505,1.79069e+09,-3.47402,43,-0.00328024
0.506,4,0,nan,nan,nan,nan,-0.530127,0.0174533,-0.00319589,1.61049,6.18213,32,27,rc,0.506,1.79069e+09,-3.4853,43,-0.0032873
0.507,4,0,nan,nan,nan,nan,-0.406055,0,-0.0159795,1.61049,6.18213,32,27,rc,0.507,1.79069e+09,-3.34995,43,-0.00328066
0.508,4,0,nan,nan,nan,nan,-0.406055,0,0.0213059,1.61049,6.18213,32,27,rc,0.508,1.79069e+09,-3.51914,43,-0.00328636
0.509,4,0,nan,nan,nan,nan,-0.541406,0.0174533,0.0362201,1.61058,6.18213,32,27,rc,0.509,1.79069e+09,-3.4853,43,-0.00330658
0.51,4,0,nan,nan,nan,nan,-0.541406,0.0174533,0.0255671,1.61058,6.18213,32,27,rc,0.51,1.79069e+09,-3.50786,43,-0.0033329
0.511,4,0,nan,nan,nan,nan,-0.688037,-0.00349066,0.00319589,1.61049,6.18213,32,27,rc,0.511,1.79069e+09,-3.51914,43,-0.00332078
0.512,4,0,nan,nan,nan,nan,-0.688037,-0.00349066,-0.00639178,1.61049,6.18213,32,27,rc,0.512,1.79069e+09,-3.5417,43,-0.0033178
0.513,4,0,nan,nan,nan,nan,-0.744434,-0.0645772,-0.0202406,1.61039,6.18213,32,27,rc,0.513,1.79069e+09,-3.49658,43,-0.00331256
0.514,4,0,nan,nan,nan,nan,-0.744434,-0.0645772,-0.0191753,1.61039,6.18213,32,27,rc,0.514,1.79069e+09,-3.50786,43,-0.00332815
0.515,4,0,nan,nan,nan,nan,-0.575244,-0.0174533,0.00426119,1.6103,6.18213,32,27,rc,0.515,1.79069e+09,-3.49658,43,-0.00333461
0.516,4,0,nan,nan,nan,nan,-0.575244,-0.0174533,0.0351548,1.6103,6.18213,32,27,rc,0.516,1.79069e+09,-3.55298,43,-0.00332932
0.517,4,0,nan,nan,nan,nan,-0.47373,0.0855211,0.0127836,1.61049,6.18213,32,27,rc,0.517,1.79069e+09,-3.53042,43,-0.00334883
0.518,4,0,nan,nan,nan,nan,-0.47373,0.0855211,0.00213059,1.61049,6.18213,32,27,rc,0.518,1.79069e+09,-3.50786,43,-0.00334153
0.519,4,0,nan,nan,nan,nan,-0.789551,0.0296706,-0.00852238,1.61058,6.18213,32,27,rc,0.519,1.79069e+09,-3.51914,43,-0.00333347
0.52,4,0,nan,nan,nan,nan,-0.789551,0.0296706,-0.0202406,1.61058,6.18213,32,27,rc,0.52,1.79069e+09,-3.47402,43,-0.00332194
0.521,4,0,nan,nan,nan,nan,-0.620361,-0.109956,0.00532648,1.61039,6.18213,32,27,rc,0.521,1.79069e+09,-3.49658,43,-0.00333379
0.522,4,0,nan,nan,nan,nan,-0.620361,-0.109956,0.00639178,1.61039,6.18213,32,27,rc,0.522,1.79069e+09,-3.47402,43,-0.00334697
0.523,4,0,nan,nan,nan,nan,-0.451172,-0.010472,3.91384e-19,1.6103,6.18213,32,27,rc,0.523,1.79069e+09,-3.53042,43,-0.00335909
0.524,4,0,nan,nan,nan,nan,-0.451172,-0.010472,-0.00532648,1.6103,6.18213,32,27,rc,0.524,1.79069e+09,-3.53042,43,-0.00333284
0.525,4,0,nan,nan,nan,nan,-0.620361,0.0837758,0.00852238,1.61049,6.18213,32,27,rc,0.525,1.79069e+09,-3.47402,43,-0.00331846
0.526,4,0,nan,nan,nan,nan,-0.620361,0.0837758,-0.00319589,1.61049,6.18213,32,27,rc,0.526,1.79069e+09,-3.49658,43,-0.00330737
0.527,4,0,nan,nan,nan,nan,-0.47373,0,-0.00852238,1.61049,6.18213,32,27,rc,0.527,1.79069e+09,-3.45146,43,-0.00331335
0.528,4,0,nan,nan,nan,nan,-0.47373,0,-0.010653,1.61049,6.18213,32,27,rc,0.528,1.79069e+09,-3.50786,43,-0.0033094
0.529,4,0,nan,nan,nan,nan,-0.518848,-0.0401426,-0.00532648,1.61049,6.18213,32,27,rc,0.529,1.79069e+09,-3.51914,43,-0.00329096
0.53,4,0,nan,nan,nan,nan,-0.518848,-0.0401426,0.00213059,1.61049,6.18213,32,27,rc,0.53,1.79069e+09,-3.49658,43,-0.00330114
0.531,4,0,nan,nan,nan,nan,-0.451172,-0.00174533,-0.0010653,1.61039,6.18213,32,27,rc,0.531,1.79069e+09,-3.49658,43,-0.00330976
0.532,4,0,nan,nan,nan,nan,-0.451172,-0.00174533,-0.00213059,1.61039,6.18213,32,27,rc,0.532,1.79069e+09,-3.53042,43,-0.00330138
0.533,4,0,nan,nan,nan,nan,-0.563965,0.020944,-0.00532648,1.61049,6.18213,32,27,rc,0.533,1.79069e+09,-3.47402,43,-0.00329521
0.534,4,0,nan,nan,nan,nan,-0.563965,0.020944,-0.0010653,1.61049,6.18213,32,27,rc,0.534,1.79069e+09,-3.50786,43,-0.00328702
0.535,4,0,nan,nan,nan,nan,-0.563965,0,-0.00532648,1.61049,6.18213,32,27,rc,0.535,1.79069e+09,-3.49658,43,-0.00329027
0.536,4,0,nan,nan,nan,nan,-0.563965,0,0.01811,1.61049,6.18213,32,27,rc,0.536,1.79069e+09,-3.4853,43,-0.00330085
0.537,4,0,nan,nan,nan,nan,-0.428613,-0.00872665,-0.0138489,1.61039,6.18213,32,27,rc,0.537,1.79069e+09,-3.49658,43,-0.00330094
0.538,4,0,nan,nan,nan,nan,-0.428613,-0.00872665,-0.0245018,1.61039,6.18213,32,27,rc,0.538,1.79069e+09,-3.50786,43,-0.00327694
0.539,4,0,nan,nan,nan,nan,-0.676758,-0.0122173,-0.0117183,1.61039,6.18213,32,27,rc,0.539,1.79069e+09,-3.49658,43,-0.00327134
0.54,4,0,nan,nan,nan,nan,-0.676758,-0.0122173,-0.00958767,1.61039,6.18213,32,27,rc,0.54,1.79069e+09,-3.46274,43,-0.00327267
0.541,4,0,nan,nan,nan,nan,-0.406055,-0.00174533,0.00426119,1.61039,6.18213,32,27,rc,0.541,1.79069e+09,-3.49658,43,-0.00328273
0.542,4,0,nan,nan,nan,nan,-0.406055,-0.00174533,0.0330242,1.61039,6.18213,32,27,rc,0.542,1.79069e+09,-3.50786,43,-0.00330987
0.543,4,0,nan,nan,nan,nan,-0.462451,0.0558505,-0.00958767,1.61049,6.18213,32,27,rc,0.543,1.79069e+09,-3.53042,43,-0.00332008
0.544,4,0,nan,nan,nan,nan,-0.462451,0.0558505,-0.00213059,1.61049,6.18213,32,27,rc,0.544,1.79069e+09,-3.53042,43,-0.00332062
0.545,4,0,nan,nan,nan,nan,-0.789551,0.00174533,0.00213059,1.61049,6.18213,32,27,rc,0.545,1.79069e+09,-3.4853,43,-0.00334428
0.546,4,0,nan,nan,nan,nan,-0.789551,0.00174533,-0.0159795,1.61049,6.18213,32,27,rc,0.546,1.79069e+09,-3.4853,43,-0.00332314
0.547,4,0,nan,nan,nan,nan,-0.563965,-0.101229,-0.00639178,1.6103,6.18213,32,27,rc,0.547,1.79069e+09,-3.55298,43,-0.00330376
0.548,4,0,nan,nan,nan,nan,-0.563965,-0.101229,0.0159795,1.6103,6.18213,32,27,rc,0.548,1.79069e+09,-3.49658,43,-0.00329496
0.549,4,0,nan,nan,nan,nan,-0.360938,0.00349066,9.78459e-19,1.6103,6.18213,32,27,rc,0.549,1.79069e+09,-3.4853,43,-0.00331128
0.55,4,0,nan,nan,nan,nan,-0.360938,0.00349066,-0.0117183,1.6103,6.18213,32,27,rc,0.55,1.79069e+09,-3.51914,43,-0.00329656
0.551,4,0,nan,nan,nan,nan,-0.676758,0.0680678,0.0127836,1.61039,6.18213,32,27,rc,0.551,1.79069e+09,-3.50786,43,-0.00326842
0.552,4,0,nan,nan,nan,nan,-0.676758,0.0680678,0.010653,1.61039,6.18213,32,27,rc,0.552,1.79069e+09,-3.46274,43,-0.00329493
0.553,4,0,nan,nan,nan,nan,-0.47373,0,-0.00532648,1.61039,6.18213,32,27,rc,0.553,1.79069e+09,-3.47402,43,-0.00330469
0.554,4,0,nan,nan,nan,nan,-0.47373,0,-0.00319589,1.61039,6.18213,32,27,rc,0.554,1.79069e+09,-3.51914,43,-0.00331112
0.555,4,0,nan,nan,nan,nan,-0.609082,-0.020944,-0.00426119,1.61039,6.18213,32,27,rc,0.555,1.79069e+09,-3.49658,43,-0.00331695
0.556,4,0,nan,nan,nan,nan,-0.609082,-0.020944,-0.00745708,1.61039,6.18213,32,27,rc,0.556,1.79069e+09,-3.50786,43,-0.00330688
0.557,4,0,nan,nan,nan,nan,-0.541406,-0.015708,-0.00745708,1.6103,6.18213,32,27,rc,0.557,1.79069e+09,-3.49658,43,-0.00331088
0.558,4,0,nan,nan,nan,nan,-0.541406,-0.015708,-0.00532648,1.6103,6.18213,32,27,rc,0.558,1.79069e+09,-3.49658,43,-0.00331716
0.559,4,0,nan,nan,nan,nan,-0.496289,0.00349066,0.0010653,1.61039,6.18213,32,27,rc,0.559,1.79069e+09,-3.50786,43,-0.00331391
0.56,4,0,nan,nan,nan,nan,-0.496289,0.00349066,-0.0213059,1.61039,6.18213,32,27,rc,0.56,1.79069e+09,-3.4853,43,-0.00328664
0.561,4,0,nan,nan,nan,nan,-0.507568,0.0191986,-0.0159795,1.61039,6.18213,32,27,rc,0.561,1.79069e+09,-3.49658,43,-0.00328838
0.562,4,0,nan,nan,nan,nan,-0.507568,0.0191986,0.0117183,1.61039,6.18213,32,27,rc,0.562,1.79069e+09,-3.44019,43,-0.00332934
0.563,4,0,nan,nan,nan,nan,-0.338379,0,0.0234365,1.61039,6.18213,32,27,rc,0.563,1.79069e+09,-3.50786,43,-0.00334518
0.564,4,0,nan,nan,nan,nan,-0.338379,0,0.010653,1.61039,6.18213,32,27,rc,0.564,1.79069e+09,-3.55298,43,-0.00334858
0.565,4,0,nan,nan,nan,nan,-0.451172,0,-0.00852238,1.61039,6.18213,32,27,rc,0.565,1.79069e+09,-3.49658,43,-0.00334429
0.566,4,0,nan,nan,nan,nan,-0.451172,0,-0.0213059,1.61039,6.18213,32,27,rc,0.566,1.79069e+09,-3.50786,43,-0.00331943
0.567,4,0,nan,nan,nan,nan,-0.597803,-0.0453786,-0.0010653,1.6103,6.18213,32,27,rc,0.567,1.79069e+09,-3.4853,43,-0.00330313
0.568,4,0,nan,nan,nan,nan,-0.597803,-0.0453786,0.00213059,1.6103,6.18213,32,27,rc,0.568,1.79069e+09,-3.47402,43,-0.00330419
0.569,4,0,nan,nan,nan,nan,-0.428613,-0.00349066,0.00426119,1.6103,6.18213,32,27,rc,0.569,1.79069e+09,-3.46274,43,-0.00330718
0.57,4,0,nan,nan,nan,nan,-0.428613,-0.00349066,-0.00319589,1.6103,6.18213,32,27,rc,0.57,1.79069e+09,-3.51914,43,-0.00331693
0.571,4,0,nan,nan,nan,nan,-0.541406,0.0593412,-0.00639178,1.61039,6.18213,32,27,rc,0.571,1.79069e+09,-3.53042,43,-0.00332472
0.572,4,0,nan,nan,nan,nan,-0.541406,0.0593412,0.0138489,1.61039,6.18213,32,27,rc,0.572,1.79069e+09,-3.53042,43,-0.00330562
0.573,4,0,nan,nan,nan,nan,-0.383496,0,-0.00958767,1.61039,6.18213,32,27,rc,0.573,1.79069e+09,-3.47402,43,-0.00331616
0.574,4,0,nan,nan,nan,nan,-0.383496,0,-0.0159795,1.61039,6.18213,32,27,rc,0.574,1.79069e+09,-3.45146,43,-0.00331804
0.575,4,0,nan,nan,nan,nan,-0.620361,-0.0383972,0.0138489,1.61039,6.18213,32,27,rc,0.575,1.79069e+09,-3.46274,43,-0.00330283
0.576,4,0,nan,nan,nan,nan,-0.620361,-0.0383972,0.00852238,1.61039,6.18213,32,27,rc,0.576,1.79069e+09,-3.49658,43,-0.0033066
0.577,4,0,nan,nan,nan,nan,-0.451172,-0.0244346,0.0191753,1.6103,6.18213,32,27,rc,0.577,1.79069e+09,-3.4853,43,-0.00332396
0.578,4,0,nan,nan,nan,nan,-0.451172,-0.0244346,0.0149142,1.6103,6.18213,32,27,rc,0.578,1.79069e+09,-3.51914,43,-0.00332901
0.579,4,0,nan,nan,nan,nan,-0.609082,0.0453786,0.00852238,1.61039,6.18213,32,27,rc,0.579,1.79069e+09,-3.49658,43,-0.00332249
0.58,4,0,nan,nan,nan,nan,-0.609082,0.0453786,-0.0170448,1.61039,6.18213,32,27,rc,0.58,1.79069e+09,-3.49658,43,-0.0033064
0.581,4,0,nan,nan,nan,nan,-0.676758,0,-0.0159795,1.61039,6.18213,32,27,rc,0.581,1.79069e+09,-3.4853,43,-0.00331481
0.582,4,0,nan,nan,nan,nan,-0.676758,0,0.00639178,1.61039,6.18213,32,27,rc,0.582,1.79069e+09,-3.4853,43,-0.00333275
0.583,4,0,nan,nan,nan,nan,-0.507568,-0.0314159,0.0159795,1.6103,6.18213,32,27,rc,0.583,1.79069e+09,-3.4853,43,-0.00333183
0.584,4,0,nan,nan,nan,nan,-0.507568,-0.0314159,0.00213059,1.6103,6.18213,32,27,rc,0.584,1.79069e+09,-3.51914,43,-0.00333399
0.585,4,0,nan,nan,nan,nan,-0.462451,0.0401426,-1.04369e-18,1.61039,6.18213,32,27,rc,0.585,1.79069e+09,-3.49658,43,-0.00331056
0.586,4,0,nan,nan,nan,nan,-0.462451,0.0401426,0.0202406,1.61039,6.18213,32,27,rc,0.586,1.79069e+09,-3.50786,43,-0.00330194
0.587,4,0,nan,nan,nan,nan,-0.428613,0,0.0245018,1.61039,6.18213,32,27,rc,0.587,1.79069e+09,-3.4853,43,-0.00329919
0.588,4,0,nan,nan,nan,nan,-0.428613,0,0.00639178,1.61039,6.18213,32,27,rc,0.588,1.79069e+09,-3.49658,43,-0.00329946
0.589,4,0,nan,nan,nan,nan,-0.597803,-0.0349066,-0.00426119,1.6103,6.18213,32,27,rc,0.589,1.79069e+09,-3.51914,43,-0.00330217
0.59,4,0,nan,nan,nan,nan,-0.597803,-0.0349066,0.0213059,1.6103,6.18213,32,27,rc,0.59,1.79069e+09,-3.36123,43,-0.00332879
0.591,4,0,nan,nan,nan,nan,-0.541406,-0.0296706,0.0159795,1.6102,6.18213,32,27,rc,0.591,1.79069e+09,-3.49658,43,-0.00333488
0.592,4,0,nan,nan,nan,nan,-0.541406,-0.0296706,-0.0149142,1.6102,6.18213,32,27,rc,0.592,1.79069e+09,-3.49658,43,-0.00332346
0.593,4,0,nan,nan,nan,nan,-0.676758,0,-0.0266324,1.6102,6.18213,32,27,rc,0.593,1.79069e+09,-3.50786,43,-0.00330329
0.594,4,0,nan,nan,nan,nan,-0.676758,0,-0.00958767,1.6102,6.18213,32,27,rc,0.594,1.79069e+09,-3.47402,43,-0.00329387
0.595,4,0,nan,nan,nan,nan,-0.383496,0,0.00319589,1.6102,6.18213,32,27,rc,0.595,1.79069e+09,-3.46274,43,-0.00329816
0.596,4,0,nan,nan,nan,nan,-0.383496,0,1.23938e-18,1.6102,6.18213,32,27,rc,0.596,1.79069e+09,-3.49658,43,-0.00331591
0.597,4,0,nan,nan,nan,nan,-0.383496,0.0558505,0.00426119,1.61039,6.18213,32,27,rc,0.597,1.79069e+09,-3.50786,43,-0.00333778
0.598,4,0,nan,nan,nan,nan,-0.383496,0.0558505,0.00852238,1.61039,6.18213,32,27,rc,0.598,1.79069e+09,-3.39507,43,-0.00334812
0.599,4,0,nan,nan,nan,nan,-0.406055,0,0.00639178,1.61039,6.18213,32,27,rc,0.599,1.79069e+09,-3.51914,43,-0.0033411
0.6,4,0,nan,nan,nan,nan,-0.406055,0,-0.0159795,1.61039,6.18213,32,27,rc,0.6,1.79069e+09,-3.4853,43,-0.00332163
0.601,4,0,nan,nan,nan,nan,-0.462451,-0.0366519,-0.0149142,1.6103,6.18213,32,27,rc,0.601,1.79069e+09,-3.34995,43,-0.00331283
0.602,4,0,nan,nan,nan,nan,-0.462451,-0.0366519,0.00639178,1.6103,6.18213,32,27,rc,0.602,1.79069e+09,-3.50786,43,-0.00332778
0.603,4,0,nan,nan,nan,nan,-0.31582,-0.0226893,0.0223712,1.6102,6.18213,32,27,rc,0.603,1.79069e+09,-3.36123,43,-0.00332247
0.604,4,0,nan,nan,nan,nan,-0.31582,-0.0226893,0.00319589,1.6102,6.18213,32,27,rc,0.604,1.79069e+09,-3.51914,43,-0.00332256
0.605,4,0,nan,nan,nan,nan,-0.462451,0.0488692,0.0149142,1.6103,6.18213,32,27,rc,0.605,1.79069e+09,-3.4853,43,-0.00332609
0.606,4,0,nan,nan,nan,nan,-0.462451,0.0488692,0.010653,1.6103,6.18213,32,27,rc,0.606,1.79069e+09,-3.51914,43,-0.00331775
0.607,4,0,nan,nan,nan,nan,-0.439893,0,-0.00319589,1.6103,6.18213,32,27,rc,0.607,1.79069e+09,-3.34995,43,-0.00331302
0.608,4,0,nan,nan,nan,nan,-0.439893,0,-0.00213059,1.6103,6.18213,32,27,rc,0.608,1.79069e+09,-3.31611,43,-0.00331053
0.609,4,0,nan,nan,nan,nan,-0.518848,-0.0366519,0.00745708,1.6103,6.18213,32,27,rc,0.609,1.79069e+09,-3.34995,43,-0.00330592
0.61,4,0,nan,nan,nan,nan,-0.518848,-0.0366519,9.78459e-19,1.6103,6.18213,32,27,rc,0.61,1.79069e+09,-3.34995,43,-0.00331729
0.611,4,0,nan,nan,nan,nan,-0.47373,-0.0122173,-0.00319589,1.6102,6.18213,32,27,rc,0.611,1.79069e+09,-3.34995,43,-0.00333824
0.612,4,0,nan,nan,nan,nan,-0.47373,-0.0122173,0.00639178,1.6102,6.18213,32,27,rc,0.612,1.79069e+09,-3.39507,43,-0.00333589
0.613,4,0,nan,nan,nan,nan,-0.439893,0.0139626,-0.00426119,1.6102,6.18213,32,27,rc,0.613,1.79069e+09,-3.37251,43,-0.00332484
0.614,4,0,nan,nan,nan,nan,-0.439893,0.0139626,-0.0127836,1.6102,6.18213,32,27,rc,0.614,1.79069e+09,-3.36123,43,-0.00331399
0.615,4,0,nan,nan,nan,nan,-0.462451,0.00349066,-0.010653,1.6103,6.18213,32,27,rc,0.615,1.79069e+09,-3.34995,43,-0.00330178
0.616,4,0,nan,nan,nan,nan,-0.462451,0.00349066,-0.00745708,1.6103,6.18213,32,27,rc,0.616,1.79069e+09,-3.34995,43,-0.0032983
0.617,4,0,nan,nan,nan,nan,-0.349658,-0.00872665,0.00745708,1.6103,6.18213,32,27,rc,0.617,1.79069e+09,-3.34995,43,-0.00331164
0.618,4,0,nan,nan,nan,nan,-0.349658,-0.00872665,-0.00745708,1.6103,6.18213,32,27,rc,0.618,1.79069e+09,-3.36123,43,-0.00330821
0.619,4,0,nan,nan,nan,nan,-0.372217,0.00698132,-0.010653,1.6103,6.18213,32,27,rc,0.619,1.79069e+09,-3.36123,43,-0.00330668
0.62,4,0,nan,nan,nan,nan,-0.372217,0.00698132,-0.00745708,1.6103,6.18213,32,27,rc,0.62,1.79069e+09,-3.32739,43,-0.00331267
0.621,4,0,nan,nan,nan,nan,-0.462451,0.00698132,-4.56614e-19,1.6103,6.18213,32,27,rc,0.621,1.79069e+09,-3.36123,43,-0.00330615
0.622,4,0,nan,nan,nan,nan,-0.462451,0.00698132,-0.0010653,1.6103,6.18213,32,27,rc,0.622,1.79069e+09,-3.36123,43,-0.00331411
0.623,4,0,nan,nan,nan,nan,-0.47373,0,0.0159795,1.6103,6.18213,32,27,rc,0.623,1.79069e+09,-3.36123,43,-0.00332659
0.624,4,0,nan,nan,nan,nan,-0.47373,0,0.00852238,1.6103,6.18213,32,27,rc,0.624,1.79069e+09,-3.40635,43,-0.00331586
0.625,4,0,nan,nan,nan,nan,-0.541406,-0.00174533,-0.00319589,1.6103,6.18213,32,27,rc,0.625,1.79069e+09,-3.39507,43,-0.00331537
0.626,4,0,nan,nan,nan,nan,-0.541406,-0.00174533,0.010653,1.6103,6.18213,32,27,rc,0.626,1.79069e+09,-3.36123,43,-0.00331566
0.627,4,0,nan,nan,nan,nan,-0.620361,-0.00872665,0.00426119,1.6103,6.18213,32,27,rc,0.627,1.79069e+09,-3.37251,43,-0.00329387
0.628,4,0,nan,nan,nan,nan,-0.620361,-0.00872665,0.00745708,1.6103,6.18213,32,27,rc,0.628,1.79069e+09,-3.36123,43,-0.00328103
0.629,4,0,nan,nan,nan,nan,-0.688037,-0.0139626,-0.0159795,1.6102,6.18213,32,27,rc,0.629,1.79069e+09,-3.33867,43,-0.00329306
0.63,4,0,nan,nan,nan,nan,-0.688037,-0.0139626,0.00426119,1.6102,6.18213,32,27,rc,0.63,1.79069e+09,-3.34995,43,-0.00331238
0.631,4,0,nan,nan,nan,nan,-0.530127,0,0.00852238,1.6102,6.18213,32,27,rc,0.631,1.79069e+09,-3.40635,43,-0.00331124
0.632,4,0,nan,nan,nan,nan,-0.530127,0,-0.00958767,1.6102,6.18213,32,27,rc,0.632,1.79069e+09,-3.37251,43,-0.00331903
0.633,4,0,nan,nan,nan,nan,-0.507568,0,-0.0010653,1.6102,6.18213,32,27,rc,0.633,1.79069e+09,-3.34995,43,-0.00331442
0.634,4,0,nan,nan,nan,nan,-0.507568,0,0.0138489,1.6102,6.18213,32,27,rc,0.634,1.79069e+09,-3.34995,43,-0.00333386
0.635,4,0,nan,nan,nan,nan,-0.383496,0,-0.00213059,1.6102,6.18213,32,27,rc,0.635,1.79069e+09,-3.34995,43,-0.00332267
0.636,4,0,nan,nan,nan,nan,-0.383496,0,-0.00958767,1.6102,6.18213,32,27,rc,0.636,1.79069e+09,-3.39507,43,-0.00329593
0.637,4,0,nan,nan,nan,nan,-0.676758,0.00523599,-0.00426119,1.6103,6.18213,32,27,rc,0.637,1.79069e+09,-3.34995,43,-0.0033167
0.638,4,0,nan,nan,nan,nan,-0.676758,0.00523599,0.00213059,1.6103,6.18213,32,27,rc,0.638,1.79069e+09,-3.34995,43,-0.00334832
0.639,4,0,nan,nan,nan,nan,-0.530127,-0.00872665,0.00319589,1.6102,6.18213,32,27,rc,0.639,1.79069e+09,-3.40635,43,-0.00336112
0.64,4,0,nan,nan,nan,nan,-0.530127,-0.00872665,-0.00319589,1.6102,6.18213,32,27,rc,0.64,1.79069e+09,-3.39507,43,-0.00335948
0.641,4,0,nan,nan,nan,nan,-0.428613,0,0.00745708,1.6102,6.18213,32,27,rc,0.641,1.79069e+09,-3.36123,43,-0.00334241
0.642,4,0,nan,nan,nan,nan,-0.428613,0,-0.0159795,1.6102,6.18213,32,27,rc,0.642,1.79069e+09,-3.36123,43,-0.00331347
0.643,4,0,nan,nan,nan,nan,-0.541406,0.00349066,-0.00426119,1.6103,6.18213,32,27,rc,0.643,1.79069e+09,-3.34995,43,-0.00331718
0.644,4,0,nan,nan,nan,nan,-0.541406,0.00349066,0.0266324,1.6103,6.18213,32,27,rc,0.644,1.79069e+09,-3.34995,43,-0.00331642
0.645,4,0,nan,nan,nan,nan,-0.31582,0,0.0191753,1.6103,6.18213,32,27,rc,0.645,1.79069e+09,-3.37251,43,-0.00333301
0.646,4,0,nan,nan,nan,nan,-0.31582,0,0.00639178,1.6103,6.18213,32,27,rc,0.646,1.79069e+09,-3.53042,43,-0.00333874
0.647,4,0,nan,nan,nan,nan,-0.744434,0.00698132,-0.00426119,1.6103,6.18213,32,27,rc,0.647,1.79069e+09,-3.39507,43,-0.00331878
0.648,4,0,nan,nan,nan,nan,-0.744434,0.00698132,-0.0213059,1.6103,6.18213,32,27,rc,0.648,1.79069e+09,-3.34995,43,-0.00332176
0.649,4,0,nan,nan,nan,nan,-0.530127,-0.0593412,-0.0170448,1.6102,6.18213,32,27,rc,0.649,1.79069e+09,-3.31611,43,-0.00330925
0.65,4,0,nan,nan,nan,nan,-0.530127,-0.0593412,-0.00745708,1.6102,6.18213,32,27,rc,0.65,1.79069e+09,-3.37251,43,-0.00329303
0.651,4,0,nan,nan,nan,nan,-0.48501,0,-0.00852238,1.6102,6.18213,32,27,rc,0.651,1.79069e+09,-3.32739,43,-0.00330865
0.652,4,0,nan,nan,nan,nan,-0.48501,0,-0.01811,1.6102,6.18213,32,27,rc,0.652,1.79069e+09,-3.34995,43,-0.00333131
0.653,4,0,nan,nan,nan,nan,-0.518848,0.0750492,-0.0117183,1.6103,6.18213,32,27,rc,0.653,1.79069e+09,-3.56426,43,-0.00333592
0.654,4,0,nan,nan,nan,nan,-0.518848,0.0750492,-0.00426119,1.6103,6.18213,32,27,rc,0.654,1.79069e+09,-3.37251,43,-0.00334313
0.655,4,0,nan,nan,nan,nan,-0.259424,0,0.0127836,1.61039,6.18213,32,27,rc,0.655,1.79069e+09,-3.36123,43,-0.00334057
0.656,4,0,nan,nan,nan,nan,-0.259424,0,-0.0191753,1.61039,6.18213,32,27,rc,0.656,1.79069e+09,-3.36123,43,-0.00333991
0.657,4,0,nan,nan,nan,nan,-0.338379,0,-0.0159795,1.6103,6.18213,32,27,rc,0.657,1.79069e+09,-3.49658,43,-0.00333035
0.658,4,0,nan,nan,nan,nan,-0.338379,0,0.0255671,1.6103,6.18213,32,27,rc,0.658,1.79069e+09,-3.37251,43,-0.00333464
0.659,4,0,nan,nan,nan,nan,-0.270703,-0.0244346,0.0127836,1.6103,6.18213,32,27,rc,0.659,1.79069e+09,-3.37251,43,-0.00333419
0.66,4,0,nan,nan,nan,nan,-0.270703,-0.0244346,-0.00319589,1.6103,6.18213,32,27,rc,0.66,1.79069e+09,-3.39507,43,-0.00332357
0.661,4,0,nan,nan,nan,nan,-0.541406,0,-0.00213059,1.6103,6.18213,32,27,rc,0.661,1.79069e+09,-3.36123,43,-0.00332831
0.662,4,0,nan,nan,nan,nan,-0.541406,0,-0.010653,1.6103,6.18213,32,27,rc,0.662,1.79069e+09,-3.49658,43,-0.00332377
0.663,4,0,nan,nan,nan,nan,-0.406055,-0.0366519,0.00426119,1.6102,6.18213,32,27,rc,0.663,1.79069e+09,-3.46274,43,-0.00331764
0.664,4,0,nan,nan,nan,nan,-0.406055,-0.0366519,0.00213059,1.6102,6.18213,32,27,rc,0.664,1.79069e+09,-3.34995,43,-0.0033365
0.665,4,0,nan,nan,nan,nan,-0.496289,0,0.0170448,1.6102,6.18213,32,27,rc,0.665,1.79069e+09,-3.34995,43,-0.00336141
0.666,4,0,nan,nan,nan,nan,-0.496289,0,-0.00532648,1.6102,6.18213,32,27,rc,0.666,1.79069e+09,-3.55298,43,-0.00335551
0.667,4,0,nan,nan,nan,nan,-0.575244,0.0331613,-0.00319589,1.6103,6.18213,32,27,rc,0.667,1.79069e+09,-3.56426,43,-0.0033426
0.668,4,0,nan,nan,nan,nan,-0.575244,0.0331613,-0.00852238,1.6103,6.18213,32,27,rc,0.668,1.79069e+09,-3.53042,43,-0.00334084
0.669,4,0,nan,nan,nan,nan,-0.496289,0,0.00852238,1.6103,6.18213,32,27,rc,0.669,1.79069e+09,-3.50786,43,-0.00332999
0.67,4,0,nan,nan,nan,nan,-0.496289,0,-0.0170448,1.6103,6.18213,32,27,rc,0.67,1.79069e+09,-3.53042,43,-0.00332874
0.671,4,0,nan,nan,nan,nan,-0.496289,-0.0122173,3.26153e-19,1.6103,6.18213,32,27,rc,0.671,1.79069e+09,-3.50786,43,-0.00333023
0.672,4,0,nan,nan,nan,nan,-0.496289,-0.0122173,0.0202406,1.6103,6.18213,32,27,rc,0.672,1.79069e+09,-3.37251,43,-0.00333973
0.673,4,0,nan,nan,nan,nan,-0.428613,0,0.0223712,1.6103,6.18213,32,27,rc,0.673,1.79069e+09,-3.51914,43,-0.00334657
0.674,4,0,nan,nan,nan,nan,-0.428613,0,0.00745708,1.6103,6.18213,32,27,rc,0.674,1.79069e+09,-3.55298,43,-0.00333447
0.675,4,0,nan,nan,nan,nan,-0.654199,0.00872665,-0.00958767,1.6103,6.18213,32,27,rc,0.675,1.79069e+09,-3.49658,43,-0.00334089
0.676,4,0,nan,nan,nan,nan,-0.654199,0.00872665,-0.0138489,1.6103,6.18213,32,27,rc,0.676,1.79069e+09,-3.47402,43,-0.00334113
0.677,4,0,nan,nan,nan,nan,-0.64292,-0.0663225,-0.00958767,1.6102,6.18213,32,27,rc,0.677,1.79069e+09,-3.37251,43,-0.00333981
0.678,4,0,nan,nan,nan,nan,-0.64292,-0.0663225,0.00213059,1.6102,6.18213,32,27,rc,0.678,1.79069e+09,-3.51914,43,-0.00334529
0.679,4,0,nan,nan,nan,nan,-0.530127,-0.00872665,0.0159795,1.6102,6.18213,32,27,rc,0.679,1.79069e+09,-3.55298,43,-0.00335649
0.68,4,0,nan,nan,nan,nan,-0.530127,-0.00872665,0.00852238,1.6102,6.18213,32,27,rc,0.68,1.79069e+09,-3.53042,43,-0.00335768
0.681,4,0,nan,nan,nan,nan,-0.609082,0.0593412,-0.00639178,1.6103,6.18213,32,27,rc,0.681,1.79069e+09,-3.55298,43,-0.00334878
0.682,4,0,nan,nan,nan,nan,-0.609082,0.0593412,-0.00532648,1.6103,6.18213,32,27,rc,0.682,1.79069e+09,-3.46274,43,-0.00334923
0.683,4,0,nan,nan,nan,nan,-0.462451,0,0.010653,1.6103,6.18213,32,27,rc,0.683,1.79069e+09,-3.4853,43,-0.00333166
0.684,4,0,nan,nan,nan,nan,-0.462451,0,0.00213059,1.6103,6.18213,32,27,rc,0.684,1.79069e+09,-3.49658,43,-0.00334382
0.685,4,0,nan,nan,nan,nan,-0.541406,-0.0436332,-0.0276977,1.6102,6.18213,32,27,rc,0.685,1.79069e+09,-3.46274,43,-0.0033673
0.686,4,0,nan,nan,nan,nan,-0.541406,-0.0436332,-3.91384e-19,1.6102,6.18213,32,27,rc,0.686,1.79069e+09,-3.5417,43,-0.00336977
0.687,4,0,nan,nan,nan,nan,-0.609082,-0.00174533,0.00213059,1.6102,6.18213,32,27,rc,0.687,1.79069e+09,-3.53042,43,-0.00335276
0.688,4,0,nan,nan,nan,nan,-0.609082,-0.00174533,-0.00852238,1.6102,6.18213,32,27,rc,0.688,1.79069e+09,-3.50786,43,-0.00333727
0.689,4,0,nan,nan,nan,nan,-0.575244,0.0174533,-0.0159795,1.6102,6.18213,32,27,rc,0.689,1.79069e+09,-3.49658,43,-0.00332211
0.69,4,0,nan,nan,nan,nan,-0.575244,0.0174533,7.82767e-19,1.6102,6.18213,32,27,rc,0.69,1.79069e+09,-3.53042,43,-0.00332319
0.691,4,0,nan,nan,nan,nan,-0.47373,0,-0.00639178,1.6102,6.18213,32,27,rc,0.691,1.79069e+09,-3.50786,43,-0.00335094
0.692,4,0,nan,nan,nan,nan,-0.47373,0,-0.0138489,1.6102,6.18213,32,27,rc,0.692,1.79069e+09,-3.5417,43,-0.00334849
0.693,4,0,nan,nan,nan,nan,-0.552686,0,0.00745708,1.6102,6.18213,32,27,rc,0.693,1.79069e+09,-3.53042,43,-0.00336974
0.694,4,0,nan,nan,nan,nan,-0.552686,0,-0.00639178,1.6102,6.18213,32,27,rc,0.694,1.79069e+09,-3.50786,43,-0.00336912
0.695,4,0,nan,nan,nan,nan,-0.462451,0,-0.0127836,1.6102,6.18213,32,27,rc,0.695,1.79069e+09,-3.55298,43,-0.00335723
0.696,4,0,nan,nan,nan,nan,-0.462451,0,-3.26153e-19,1.6102,6.18213,32,27,rc,0.696,1.79069e+09,-3.53042,43,-0.00335336
0.697,4,0,nan,nan,nan,nan,-0.496289,0.0226893,0.00532648,1.6103,6.18213,32,27,rc,0.697,1.79069e+09,-3.53042,43,-0.00335061
0.698,4,0,nan,nan,nan,nan,-0.496289,0.0226893,0.00319589,1.6103,6.18213,32,27,rc,0.698,1.79069e+09,-3.53042,43,-0.00336113
0.699,4,0,nan,nan,nan,nan,-0.530127,0,0.00213059,1.6103,6.18213,32,27,rc,0.699,1.79069e+09,-3.53042,43,-0.00336522
0.7,4,0,nan,nan,nan,nan,-0.530127,0,0.0010653,1.6103,6.18213,32,27,rc,0.7,1.79069e+09,-3.5417,43,-0.00336848
0.701,4,0,nan,nan,nan,nan,-0.597803,-0.00872665,-9.13229e-19,1.6102,6.18213,32,27,rc,0.701,1.79069e+09,-3.5417,43,-0.003358
0.702,4,0,nan,nan,nan,nan,-0.597803,-0.00872665,0.00426119,1.6102,6.18213,32,27,rc,0.702,1.79069e+09,-3.51914,43,-0.00333984
0.703,4,0,nan,nan,nan,nan,-0.563965,-0.015708,-0.00532648,1.6102,6.18213,32,27,rc,0.703,1.79069e+09,-3.51914,43,-0.00333604
0.704,4,0,nan,nan,nan,nan,-0.563965,-0.015708,-0.00958767,1.6102,6.18213,32,27,rc,0.704,1.79069e+09,-3.49658,43,-0.00334722
0.705,4,0,nan,nan,nan,nan,-0.631641,0,-0.00213059,1.6102,6.18213,32,27,rc,0.705,1.79069e+09,-3.51914,43,-0.00336086
0.706,4,0,nan,nan,nan,nan,-0.631641,0,-0.0010653,1.6102,6.18213,32,27,rc,0.706,1.79069e+09,-3.55298,43,-0.00337503
0.707,4,0,nan,nan,nan,nan,-0.530127,0,0.00639178,1.6102,6.18213,32,27,rc,0.707,1.79069e+09,-3.5417,43,-0.00338096
0.708,4,0,nan,nan,nan,nan,-0.530127,0,0.0170448,1.6102,6.18213,32,27,rc,0.708,1.79069e+09,-3.5417,43,-0.00336698
0.709,4,0,nan,nan,nan,nan,-0.552686,0.0174533,-4.56614e-19,1.6102,6.18213,32,27,rc,0.709,1.79069e+09,-3.53042,43,-0.00335701
0.71,4,0,nan,nan,nan,nan,-0.552686,0.0174533,-0.0223712,1.6102,6.18213,32,27,rc,0.71,1.79069e+09,-3.50786,43,-0.00335167
0.711,4,0,nan,nan,nan,nan,-0.699316,0,-0.00958767,1.6102,6.18213,32,27,rc,0.711,1.79069e+09,-3.51914,43,-0.00332478
0.712,4,0,nan,nan,nan,nan,-0.699316,0,0.0159795,1.6102,6.18213,32,27,rc,0.712,1.79069e+09,-3.50786,43,-0.00332758
0.713,4,0,nan,nan,nan,nan,-0.428613,-0.010472,0.0234365,1.6102,6.18213,32,27,rc,0.713,1.79069e+09,-3.49658,43,-0.0033498
0.714,4,0,nan,nan,nan,nan,-0.428613,-0.010472,0.00319589,1.6102,6.18213,32,27,rc,0.714,1.79069e+09,-3.53042,43,-0.00335602
0.715,4,0,nan,nan,nan,nan,-0.665479,0.0436332,-0.0117183,1.6102,6.18213,32,27,rc,0.715,1.79069e+09,-3.47402,43,-0.00335365
0.716,4,0,nan,nan,nan,nan,-0.665479,0.0436332,-0.00852238,1.6102,6.18213,32,27,rc,0.716,1.79069e+09,-3.46274,43,-0.00334015
0.717,4,0,nan,nan,nan,nan,-0.439893,-0.00523599,-0.0010653,1.6102,6.18213,32,27,rc,0.717,1.79069e+09,-3.49658,43,-0.0033258
0.718,4,0,nan,nan,nan,nan,-0.439893,-0.00523599,0.0138489,1.6102,6.18213,32,27,rc,0.718,1.79069e+09,-3.49658,43,-0.00333597
0.719,4,0,nan,nan,nan,nan,-0.496289,-0.0174533,0.0138489,1.6102,6.18213,32,27,rc,0.719,1.79069e+09,-3.50786,43,-0.00334562
0.72,4,0,nan,nan,nan,nan,-0.496289,-0.0174533,0.00958767,1.6102,6.18213,32,27,rc,0.72,1.79069e+09,-3.55298,43,-0.00335292
0.721,4,0,nan,nan,nan,nan,-0.64292,0.00872665,-0.0010653,1.6102,6.18213,32,27,rc,0.721,1.79069e+09,-3.5417,43,-0.00335941
0.722,4,0,nan,nan,nan,nan,-0.64292,0.00872665,-0.010653,1.6102,6.18213,32,27,rc,0.722,1.79069e+09,-3.53042,43,-0.0033386
0.723,4,0,nan,nan,nan,nan,-0.64292,0,-0.00958767,1.6102,6.18213,32,27,rc,0.723,1.79069e+09,-3.53042,43,-0.00335407
0.724,4,0,nan,nan,nan,nan,-0.64292,0,-0.0159795,1.6102,6.18213,32,27,rc,0.724,1.79069e+09,-3.50786,43,-0.00334885
0.725,4,0,nan,nan,nan,nan,-0.530127,-0.0139626,-0.00426119,1.6102,6.18213,32,27,rc,0.725,1.79069e+09,-3.53042,43,-0.00334576
0.726,4,0,nan,nan,nan,nan,-0.530127,-0.0139626,0.010653,1.6102,6.18213,32,27,rc,0.726,1.79069e+09,-3.53042,43,-0.00335926
0.727,4,0,nan,nan,nan,nan,-0.428613,0.0506145,0.0127836,1.6102,6.18213,32,27,rc,0.727,1.79069e+09,-3.53042,43,-0.00336801
0.728,4,0,nan,nan,nan,nan,-0.428613,0.0506145,0.0170448,1.6102,6.18213,32,27,rc,0.728,1.79069e+09,-3.5417,43,-0.00336475
0.729,4,0,nan,nan,nan,nan,-0.609082,0.00349066,-0.00319589,1.6103,6.18213,32,27,rc,0.729,1.79069e+09,-3.51914,43,-0.00335521
0.73,4,0,nan,nan,nan,nan,-0.609082,0.00349066,-0.00745708,1.6103,6.18213,32,27,rc,0.73,1.79069e+09,-3.49658,43,-0.00336019
0.731,4,0,nan,nan,nan,nan,-0.676758,-0.0698132,0.00426119,1.6102,6.18213,32,27,rc,0.731,1.79069e+09,-3.42891,43,-0.00335398
0.732,4,0,nan,nan,nan,nan,-0.676758,-0.0698132,0.00745708,1.6102,6.18213,32,27,rc,0.732,1.79069e+09,-3.49658,43,-0.00334704
0.733,4,0,nan,nan,nan,nan,-0.541406,-0.0226893,0.0117183,1.6101,6.18213,32,27,rc,0.733,1.79069e+09,-3.53042,43,-0.00335815
0.734,4,0,nan,nan,nan,nan,-0.541406,-0.0226893,0.00426119,1.6101,6.18213,32,27,rc,0.734,1.79069e+09,-3.49658,43,-0.0033669
0.735,4,0,nan,nan,nan,nan,-0.654199,0.0383972,-0.00852238,1.6102,6.18213,32,27,rc,0.735,1.79069e+09,-3.5417,43,-0.00335475
0.736,4,0,nan,nan,nan,nan,-0.654199,0.0383972,-0.00426119,1.6102,6.18213,32,27,rc,0.736,1.79069e+09,-3.51914,43,-0.00335953
0.737,4,0,nan,nan,nan,nan,-0.609082,0.0139626,-0.00213059,1.6102,6.18213,32,27,rc,0.737,1.79069e+09,-3.47402,43,-0.00336209
0.738,4,0,nan,nan,nan,nan,-0.609082,0.0139626,0.00958767,1.6102,6.18213,32,27,rc,0.738,1.79069e+09,-3.5417,43,-0.00335944
0.739,4,0,nan,nan,nan,nan,-0.518848,-0.00872665,0.00958767,1.6102,6.18213,32,27,rc,0.739,1.79069e+09,-3.5417,43,-0.00337295
0.74,4,0,nan,nan,nan,nan,-0.518848,-0.00872665,-0.00958767,1.6102,6.18213,32,27,rc,0.74,1.79069e+09,-3.53042,43,-0.00338608
0.741,4,0,nan,nan,nan,nan,-0.64292,-0.00872665,0.00319589,1.6102,6.18213,32,27,rc,0.741,1.79069e+09,-3.53042,43,-0.00337849
0.742,4,0,nan,nan,nan,nan,-0.64292,-0.00872665,0.00532648,1.6102,6.18213,32,27,rc,0.742,1.79069e+09,-3.53042,43,-0.00337103
0.743,4,0,nan,nan,nan,nan,-0.496289,0,0.00319589,1.6102,6.18213,32,27,rc,0.743,1.79069e+09,-3.49658,43,-0.0033494
0.744,4,0,nan,nan,nan,nan,-0.496289,0,-0.0191753,1.6102,6.18213,32,27,rc,0.744,1.79069e+09,-3.4853,43,-0.00332352
0.745,4,0,nan,nan,nan,nan,-0.47373,0.00698132,0.00639178,1.6102,6.18213,32,27,rc,0.745,1.79069e+09,-3.47402,43,-0.00332946
0.746,4,0,nan,nan,nan,nan,-0.47373,0.00698132,0.0255671,1.6102,6.18213,32,27,rc,0.746,1.79069e+09,-3.46274,43,-0.00334296
0.747,4,0,nan,nan,nan,nan,-0.293262,0,-0.0010653,1.6102,6.18213,32,27,rc,0.747,1.79069e+09,-3.5417,43,-0.00336432
0.748,4,0,nan,nan,nan,nan,-0.293262,0,0.00639178,1.6102,6.18213,32,27,rc,0.748,1.79069e+09,-3.53042,43,-0.00337761
0.749,4,0,nan,nan,nan,nan,-0.563965,0,0.00213059,1.6102,6.18213,32,27,rc,0.749,1.79069e+09,-3.53042,43,-0.00337196
0.75,4,0,nan,nan,nan,nan,-0.563965,0,-0.0170448,1.6102,6.18213,32,27,rc,0.75,1.79069e+09,-3.51914,43,-0.0033525
0.751,4,0,nan,nan,nan,nan,-0.507568,-0.0471239,0.00745708,1.6101,6.18213,32,27,rc,0.751,1.79069e+09,-3.53042,43,-0.00333223
0.752,4,0,nan,nan,nan,nan,-0.507568,-0.0471239,0.00639178,1.6101,6.18213,32,27,rc,0.752,1.79069e+09,-3.46274,43,-0.00334775
0.753,4,0,nan,nan,nan,nan,-0.451172,0,0.0127836,1.6101,6.18213,32,27,rc,0.753,1.79069e+09,-3.50786,43,-0.00335226
0.754,4,0,nan,nan,nan,nan,-0.451172,0,0.00319589,1.6101,6.18213,32,27,rc,0.754,1.79069e+09,-3.55298,43,-0.0033582
0.755,4,0,nan,nan,nan,nan,-0.609082,0.0558505,0.00852238,1.6102,6.18213,32,27,rc,0.755,1.79069e+09,-3.51914,43,-0.00335368
0.756,4,0,nan,nan,nan,nan,-0.609082,0.0558505,1.30461e-19,1.6102,6.18213,32,27,rc,0.756,1.79069e+09,-3.47402,43,-0.00336508
0.757,4,0,nan,nan,nan,nan,-0.552686,-0.00349066,-0.00852238,1.6102,6.18213,32,27,rc,0.757,1.79069e+09,-3.4853,43,-0.00335363
0.758,4,0,nan,nan,nan,nan,-0.552686,-0.00349066,-0.00213059,1.6102,6.18213,32,27,rc,0.758,1.79069e+09,-3.51914,43,-0.00335057
0.759,4,0,nan,nan,nan,nan,-0.563965,-0.0331613,0.00532648,1.6101,6.18213,32,27,rc,0.759,1.79069e+09,-3.50786,43,-0.00335621
0.76,4,0,nan,nan,nan,nan,-0.563965,-0.0331613,0.0149142,1.6101,6.18213,32,27,rc,0.76,1.79069e+09,-3.53042,43,-0.00337311
0.761,4,0,nan,nan,nan,nan,-0.552686,0,0.0191753,1.6101,6.18213,32,27,rc,0.761,1.79069e+09,-3.55298,43,-0.00336996
0.762,4,0,nan,nan,nan,nan,-0.552686,0,3.26153e-19,1.6101,6.18213,32,27,rc,0.762,1.79069e+09,-3.5417,43,-0.00336992
0.763,4,0,nan,nan,nan,nan,-0.64292,0.00872665,-0.0138489,1.6101,6.18213,32,27,rc,0.763,1.79069e+09,-3.5417,43,-0.00336104
0.764,4,0,nan,nan,nan,nan,-0.64292,0.00872665,-0.0202406,1.6101,6.18213,32,27,rc,0.764,1.79069e+09,-3.49658,43,-0.00332885
0.765,4,0,nan,nan,nan,nan,-0.586523,0,-0.0149142,1.6101,6.18213,32,27,rc,0.765,1.79069e+09,-3.49658,43,-0.00333685
0.766,4,0,nan,nan,nan,nan,-0.586523,0,0.01811,1.6101,6.18213,32,27,rc,0.766,1.79069e+09,-3.47402,43,-0.00335678
0.767,4,0,nan,nan,nan,nan,-0.417334,0,0.0213059,1.6101,6.18213,32,27,rc,0.767,1.79069e+09,-3.51914,43,-0.00336695
0.768,4,0,nan,nan,nan,nan,-0.417334,0,0.0159795,1.6101,6.18213,32,27,rc,0.768,1.79069e+09,-3.50786,43,-0.00337133
0.769,4,0,nan,nan,nan,nan,-0.665479,0.0226893,0.0191753,1.6102,6.18213,32,27,rc,0.769,1.79069e+09,-3.51914,43,-0.0033738
0.77,4,0,nan,nan,nan,nan,-0.665479,0.0226893,-0.00426119,1.6102,6.18213,32,27,rc,0.77,1.79069e+09,-3.51914,43,-0.0033587
0.771,4,0,nan,nan,nan,nan,-0.699316,-0.0436332,-0.0170448,1.6101,6.18213,32,27,rc,0.771,1.79069e+09,-3.49658,43,-0.00335023
0.772,4,0,nan,nan,nan,nan,-0.699316,-0.0436332,-0.00426119,1.6101,6.18213,32,27,rc,0.772,1.79069e+09,-3.50786,43,-0.00334087
0.773,4,0,nan,nan,nan,nan,-0.575244,-0.0279253,0.00319589,1.61001,6.18213,32,27,rc,0.773,1.79069e+09,-3.4853,43,-0.00335075
0.774,4,0,nan,nan,nan,nan,-0.575244,-0.0279253,0.00639178,1.61001,6.18213,32,27,rc,0.774,1.79069e+09,-3.51914,43,-0.00336384
0.775,4,0,nan,nan,nan,nan,-0.47373,0.0506145,0.00852238,1.6101,6.18213,32,27,rc,0.775,1.79069e+09,-3.39507,43,-0.00337036
0.776,4,0,nan,nan,nan,nan,-0.47373,0.0506145,0.00745708,1.6101,6.18213,32,27,rc,0.776,1.79069e+09,-3.51914,43,-0.00336253
0.777,4,0,nan,nan,nan,nan,-0.597803,0.0191986,-0.0149142,1.6102,6.18213,32,27,rc,0.777,1.79069e+09,-3.50786,43,-0.00334391
0.778,4,0,nan,nan,nan,nan,-0.597803,0.0191986,6.52306e-20,1.6102,6.18213,32,27,rc,0.778,1.79069e+09,-3.49658,43,-0.00333613
0.779,4,0,nan,nan,nan,nan,-0.620361,-0.0244346,-0.00213059,1.6101,6.18213,32,27,rc,0.779,1.79069e+09,-3.47402,43,-0.00333983
0.78,4,0,nan,nan,nan,nan,-0.620361,-0.0244346,1.30461e-18,1.6101,6.18213,32,27,rc,0.78,1.79069e+09,-3.51914,43,-0.00334567
0.781,4,0,nan,nan,nan,nan,-0.586523,-0.0174533,0.00319589,1.6101,6.18213,32,27,rc,0.781,1.79069e+09,-3.50786,43,-0.00336736
0.782,4,0,nan,nan,nan,nan,-0.586523,-0.0174533,0.0117183,1.6101,6.18213,32,27,rc,0.782,1.79069e+09,-3.51914,43,-0.00338211
0.783,4,0,nan,nan,nan,nan,-0.563965,0.00174533,-2.47876e-18,1.6101,6.18213,32,27,rc,0.783,1.79069e+09,-3.53042,43,-0.00334823
0.784,4,0,nan,nan,nan,nan,-0.563965,0.00174533,0.00745708,1.6101,6.18213,32,27,rc,0.784,1.79069e+09,-3.51914,43,-0.00333123
0.785,4,0,nan,nan,nan,nan,-0.530127,0.00872665,0.0138489,1.6101,6.18213,32,27,rc,0.785,1.79069e+09,-3.47402,43,-0.00334408
0.786,4,0,nan,nan,nan,nan,-0.530127,0.00872665,0.0234365,1.6101,6.18213,32,27,rc,0.786,1.79069e+09,-3.53042,43,-0.00335262
0.787,4,0,nan,nan,nan,nan,-0.631641,-0.0174533,-0.00639178,1.6101,6.18213,32,27,rc,0.787,1.79069e+09,-3.53042,43,-0.00334918
0.788,4,0,nan,nan,nan,nan,-0.631641,-0.0174533,-0.0213059,1.6101,6.18213,32,27,rc,0.788,1.79069e+09,-3.5417,43,-0.00336038
0.789,4,0,nan,nan,nan,nan,-0.80083,-0.0279253,-0.0266324,1.61001,6.18213,32,27,rc,0.789,1.79069e+09,-3.49658,43,-0.00336554
0.79,4,0,nan,nan,nan,nan,-0.80083,-0.0279253,0.00532648,1.61001,6.18213,32,27,rc,0.79,1.79069e+09,-3.53042,43,-0.00335511
0.791,4,0,nan,nan,nan,nan,-0.462451,-0.00349066,-0.0010653,1.61001,6.18213,32,27,rc,0.791,1.79069e+09,-3.50786,43,-0.00334626
0.792,4,0,nan,nan,nan,nan,-0.462451,-0.00349066,-0.0149142,1.61001,6.18213,32,27,rc,0.792,1.79069e+09,-3.49658,43,-0.00335813
0.793,4,0,nan,nan,nan,nan,-0.620361,0.0593412,0.00426119,1.6101,6.18213,32,27,rc,0.793,1.79069e+09,-3.49658,43,-0.00336868
0.794,4,0,nan,nan,nan,nan,-0.620361,0.0593412,0.010653,1.6101,6.18213,32,27,rc,0.794,1.79069e+09,-3.53042,43,-0.00337382
0.795,4,0,nan,nan,nan,nan,-0.428613,0,-0.010653,1.6101,6.18213,32,27,rc,0.795,1.79069e+09,-3.38379,43,-0.0033925
0.796,4,0,nan,nan,nan,nan,-0.428613,0,-3.26153e-19,1.6101,6.18213,32,27,rc,0.796,1.79069e+09,-3.51914,43,-0.00339903
0.797,4,0,nan,nan,nan,nan,-0.620361,-0.010472,-0.0127836,1.6101,6.18213,32,27,rc,0.797,1.79069e+09,-3.5417,43,-0.00338664
0.798,4,0,nan,nan,nan,nan,-0.620361,-0.010472,-0.0127836,1.6101,6.18213,32,27,rc,0.798,1.79069e+09,-3.5417,43,-0.00335979
0.799,4,0,nan,nan,nan,nan,-0.575244,-0.0331613,-0.0266324,1.61001,6.18213,32,27,rc,0.799,1.79069e+09,-3.50786,43,-0.0033414
0.8,4,0,nan,nan,nan,nan,-0.575244,-0.0331613,-0.010653,1.61001,6.18213,32,27,rc,0.8,1.79069e+09,-3.47402,43,-0.00333639
0.801,4,0,nan,nan,nan,nan,-0.496289,0.00349066,0.0319589,1.61001,6.18213,32,27,rc,0.801,1.79069e+09,-3.50786,43,-0.00333716
0.802,4,0,nan,nan,nan,nan,-0.496289,0.00349066,0.0127836,1.61001,6.18213,32,27,rc,0.802,1.79069e+09,-3.51914,43,-0.00337171
0.803,4,0,nan,nan,nan,nan,-0.451172,0.0331613,0.0010653,1.6101,6.18213,32,27,rc,0.803,1.79069e+09,-3.49658,43,-0.00338735
0.804,4,0,nan,nan,nan,nan,-0.451172,0.0331613,-0.00852238,1.6101,6.18213,32,27,rc,0.804,1.79069e+09,-3.51914,43,-0.00338496
0.805,4,0,nan,nan,nan,nan,-0.609082,0,-0.0191753,1.6101,6.18213,32,27,rc,0.805,1.79069e+09,-3.51914,43,-0.00338592
0.806,4,0,nan,nan,nan,nan,-0.609082,0,-0.0138489,1.6101,6.18213,32,27,rc,0.806,1.79069e+09,-3.49658,43,-0.00339012
0.807,4,0,nan,nan,nan,nan,-0.349658,-0.0628319,-0.00745708,1.61001,6.18213,32,27,rc,0.807,1.79069e+09,-3.51914,43,-0.00338091
0.808,4,0,nan,nan,nan,nan,-0.349658,-0.0628319,0.0308936,1.61001,6.18213,32,27,rc,0.808,1.79069e+09,-3.53042,43,-0.00338396
0.809,4,0,nan,nan,nan,nan,-0.462451,0,0.00958767,1.61001,6.18213,32,27,rc,0.809,1.79069e+09,-3.50786,43,-0.00340027
0.81,4,0,nan,nan,nan,nan,-0.462451,0,0.00745708,1.61001,6.18213,32,27,rc,0.81,1.79069e+09,-3.55298,43,-0.00339597
0.811,4,0,nan,nan,nan,nan,-0.654199,0.0122173,0.00745708,1.6101,6.18213,32,27,rc,0.811,1.79069e+09,-3.50786,43,-0.00338929
0.812,4,0,nan,nan,nan,nan,-0.654199,0.0122173,-0.00958767,1.6101,6.18213,32,27,rc,0.812,1.79069e+09,-3.47402,43,-0.00338869
0.813,4,0,nan,nan,nan,nan,-0.518848,-0.0802851,0.00426119,1.61001,6.18213,32,27,rc,0.813,1.79069e+09,-3.4853,43,-0.00340383
0.814,4,0,nan,nan,nan,nan,-0.518848,-0.0802851,-0.00426119,1.61001,6.18213,32,27,rc,0.814,1.79069e+09,-3.49658,43,-0.00342075
0.815,4,0,nan,nan,nan,nan,-0.530127,-0.010472,-0.00639178,1.60991,6.18213,32,27,rc,0.815,1.79069e+09,-3.50786,43,-0.00342445
0.816,4,0,nan,nan,nan,nan,-0.530127,-0.010472,-0.00745708,1.60991,6.18213,32,27,rc,0.816,1.79069e+09,-3.53042,43,-0.00343325
0.817,4,0,nan,nan,nan,nan,-0.372217,0.0750492,-0.010653,1.6101,6.18213,32,27,rc,0.817,1.79069e+09,-3.53042,43,-0.00343861
0.818,4,0,nan,nan,nan,nan,-0.372217,0.0750492,-0.00958767,1.6101,6.18213,32,27,rc,0.818,1.79069e+09,-3.53042,43,-0.00341903
0.819,4,0,nan,nan,nan,nan,-0.47373,0.00349066,-0.010653,1.6101,6.18213,32,27,rc,0.819,1.79069e+09,-3.50786,43,-0.00340615
0.82,4,0,nan,nan,nan,nan,-0.47373,0.00349066,-0.00852238,1.6101,6.18213,32,27,rc,0.82,1.79069e+09,-3.49658,43,-0.00342139
0.821,4,0,nan,nan,nan,nan,-0.338379,0,-0.0117183,1.6101,6.18213,32,27,rc,0.821,1.79069e+09,-3.4853,43,-0.00343755
0.822,4,0,nan,nan,nan,nan,-0.338379,0,-0.00213059,1.6101,6.18213,32,27,rc,0.822,1.79069e+09,-3.50786,43,-0.00344823
0.823,4,0,nan,nan,nan,nan,-0.451172,-0.0174533,0.00213059,1.6101,6.18213,32,27,rc,0.823,1.79069e+09,-3.53042,43,-0.00343819
0.824,4,0,nan,nan,nan,nan,-0.451172,-0.0174533,0.00852238,1.6101,6.18213,32,27,rc,0.824,1.79069e+09,-3.55298,43,-0.00342921
0.825,4,0,nan,nan,nan,nan,-0.496289,0,-0.0266324,1.6101,6.18213,32,27,rc,0.825,1.79069e+09,-3.47402,43,-0.00342069
0.826,4,0,nan,nan,nan,nan,-0.496289,0,0.010653,1.6101,6.18213,32,27,rc,0.826,1.79069e+09,-3.36123,43,-0.00341078
0.827,4,0,nan,nan,nan,nan,-0.575244,0,0.0340895,1.6101,6.18213,32,27,rc,0.827,1.79069e+09,-3.51914,43,-0.00340451
0.828,4,0,nan,nan,nan,nan,-0.575244,0,0.00958767,1.6101,6.18213,32,27,rc,0.828,1.79069e+09,-3.51914,43,-0.00339422
0.829,4,0,nan,nan,nan,nan,-0.620361,-0.0349066,0.00639178,1.61001,6.18213,32,27,rc,0.829,1.79069e+09,-3.51914,43,-0.00339408
0.83,4,0,nan,nan,nan,nan,-0.620361,-0.0349066,0.0127836,1.61001,6.18213,32,27,rc,0.83,1.79069e+09,-3.53042,43,-0.00338766
0.831,4,0,nan,nan,nan,nan,-0.654199,-0.0174533,0.0010653,1.61001,6.18213,32,27,rc,0.831,1.79069e+09,-3.49658,43,-0.00338378
0.832,4,0,nan,nan,nan,nan,-0.654199,-0.0174533,-0.00532648,1.61001,6.18213,32,27,rc,0.832,1.79069e+09,-3.50786,43,-0.00338446
0.833,4,0,nan,nan,nan,nan,-0.688037,0,-0.0127836,1.61001,6.18213,32,27,rc,0.833,1.79069e+09,-3.50786,43,-0.00338423
0.834,4,0,nan,nan,nan,nan,-0.688037,0,-0.0010653,1.61001,6.18213,32,27,rc,0.834,1.79069e+09,-3.51914,43,-0.00338884
0.835,4,0,nan,nan,nan,nan,-0.439893,0,0.010653,1.61001,6.18213,32,27,rc,0.835,1.79069e+09,-3.49658,43,-0.00340823
0.836,4,0,nan,nan,nan,nan,-0.439893,0,0.0159795,1.61001,6.18213,32,27,rc,0.836,1.79069e+09,-3.53042,43,-0.0034263
0.837,4,0,nan,nan,nan,nan,-0.575244,0.0261799,0.00745708,1.61001,6.18213,32,27,rc,0.837,1.79069e+09,-3.53042,43,-0.00344169
0.838,4,0,nan,nan,nan,nan,-0.575244,0.0261799,-0.010653,1.61001,6.18213,32,27,rc,0.838,1.79069e+09,-3.50786,43,-0.0034403
0.839,4,0,nan,nan,nan,nan,-0.575244,0,-0.0010653,1.61001,6.18213,32,27,rc,0.839,1.79069e+09,-3.53042,43,-0.00341961
0.84,4,0,nan,nan,nan,nan,-0.575244,0,0.00532648,1.61001,6.18213,32,27,rc,0.84,1.79069e+09,-3.51914,43,-0.00340482
0.841,4,0,nan,nan,nan,nan,-0.372217,-0.0174533,0.0191753,1.61001,6.18213,32,27,rc,0.841,1.79069e+09,-3.49658,43,-0.00339762
0.842,4,0,nan,nan,nan,nan,-0.372217,-0.0174533,0.00213059,1.61001,6.18213,32,27,rc,0.842,1.79069e+09,-3.49658,43,-0.0033975
0.843,4,0,nan,nan,nan,nan,-0.620361,0.00872665,-0.0138489,1.61001,6.18213,32,27,rc,0.843,1.79069e+09,-3.50786,43,-0.00341368
0.844,4,0,nan,nan,nan,nan,-0.620361,0.00872665,0.0010653,1.61001,6.18213,32,27,rc,0.844,1.79069e+09,-3.50786,43,-0.00343516
0.845,4,0,nan,nan,nan,nan,-0.586523,0,0.0127836,1.61001,6.18213,32,27,rc,0.845,1.79069e+09,-3.50786,43,-0.00343323
0.846,4,0,nan,nan,nan,nan,-0.586523,0,0.0213059,1.61001,6.18213,32,27,rc,0.846,1.79069e+09,-3.4853,43,-0.00343416
0.847,4,0,nan,nan,nan,nan,-0.462451,0,0.00958767,1.61001,6.18213,32,27,rc,0.847,1.79069e+09,-3.49658,43,-0.00344135
0.848,4,0,nan,nan,nan,nan,-0.462451,0,-0.00852238,1.61001,6.18213,32,27,rc,0.848,1.79069e+09,-3.49658,43,-0.00344267
0.849,4,0,nan,nan,nan,nan,-0.733154,-0.00698132,0.00426119,1.61001,6.18213,32,27,rc,0.849,1.79069e+09,-3.51914,43,-0.00344567
0.85,4,0,nan,nan,nan,nan,-0.733154,-0.00698132,0.0127836,1.61001,6.18213,32,27,rc,0.85,1.79069e+09,-3.49658,43,-0.00346015
0.851,4,0,nan,nan,nan,nan,-0.530127,-0.00872665,-0.0010653,1.60991,6.18213,32,27,rc,0.851,1.79069e+09,-3.53042,43,-0.00345342
0.852,4,0,nan,nan,nan,nan,-0.530127,-0.00872665,-0.0202406,1.60991,6.18213,32,27,rc,0.852,1.79069e+09,-3.5417,43,-0.00343194
0.853,4,0,nan,nan,nan,nan,-0.665479,0.0139626,-0.00213059,1.61001,6.18213,32,27,rc,0.853,1.79069e+09,-3.49658,43,-0.00342506
0.854,4,0,nan,nan,nan,nan,-0.665479,0.0139626,0.00852238,1.61001,6.18213,32,27,rc,0.854,1.79069e+09,-3.4853,43,-0.00342128
0.855,4,0,nan,nan,nan,nan,-0.428613,0,0.00213059,1.61001,6.18213,32,27,rc,0.855,1.79069e+09,-3.49658,43,-0.00342731
0.856,4,0,nan,nan,nan,nan,-0.428613,0,-0.00745708,1.61001,6.18213,32,27,rc,0.856,1.79069e+09,-3.4853,43,-0.00344723
0.857,4,0,nan,nan,nan,nan,-0.597803,0.0174533,0.00319589,1.61001,6.18213,32,27,rc,0.857,1.79069e+09,-3.49658,43,-0.00346675
0.858,4,0,nan,nan,nan,nan,-0.597803,0.0174533,-0.00958767,1.61001,6.18213,32,27,rc,0.858,1.79069e+09,-3.53042,43,-0.00347652
0.859,4,0,nan,nan,nan,nan,-0.507568,-0.00872665,-1.76123e-18,1.61001,6.18213,32,27,rc,0.859,1.79069e+09,-3.5417,43,-0.00345547
0.86,4,0,nan,nan,nan,nan,-0.507568,-0.00872665,0.0149142,1.61001,6.18213,32,27,rc,0.86,1.79069e+09,-3.5417,43,-0.00343385
0.861,4,0,nan,nan,nan,nan,-0.496289,0,0.0191753,1.61001,6.18213,32,27,rc,0.861,1.79069e+09,-3.49658,43,-0.00343055
0.862,4,0,nan,nan,nan,nan,-0.496289,0,0.0149142,1.61001,6.18213,32,27,rc,0.862,1.79069e+09,-3.4853,43,-0.00343978
0.863,4,0,nan,nan,nan,nan,-0.665479,0,0.0127836,1.61001,6.18213,32,27,rc,0.863,1.79069e+09,-3.53042,43,-0.00344237
0.864,4,0,nan,nan,nan,nan,-0.665479,0,-0.00213059,1.61001,6.18213,32,27,rc,0.864,1.79069e+09,-3.5417,43,-0.00344281
0.865,4,0,nan,nan,nan,nan,-0.688037,-0.0418879,-0.00426119,1.60991,6.18213,32,27,rc,0.865,1.79069e+09,-3.51914,43,-0.00343436
0.866,4,0,nan,nan,nan,nan,-0.688037,-0.0418879,0.00319589,1.60991,6.18213,32,27,rc,0.866,1.79069e+09,-3.53042,43,-0.00344131
0.867,4,0,nan,nan,nan,nan,-0.586523,-0.0139626,-0.0213059,1.60991,6.18213,32,27,rc,0.867,1.79069e+09,-3.34995,43,-0.00343423
0.868,4,0,nan,nan,nan,nan,-0.586523,-0.0139626,-0.0127836,1.60991,6.18213,32,27,rc,0.868,1.79069e+09,-3.49658,43,-0.00342841
0.869,4,0,nan,nan,nan,nan,-0.530127,0.0279253,0.0117183,1.60991,6.18213,32,27,rc,0.869,1.79069e+09,-3.34995,43,-0.00343624
0.87,4,0,nan,nan,nan,nan,-0.530127,0.0279253,0.0010653,1.60991,6.18213,32,27,rc,0.87,1.79069e+09,-3.50786,43,-0.00344423
0.871,4,0,nan,nan,nan,nan,-0.48501,0.0174533,0.0010653,1.61001,6.18213,32,27,rc,0.871,1.79069e+09,-3.51914,43,-0.00347817
0.872,4,0,nan,nan,nan,nan,-0.48501,0.0174533,-0.00532648,1.61001,6.18213,32,27,rc,0.872,1.79069e+09,-3.50786,43,-0.00348052
0.873,4,0,nan,nan,nan,nan,-0.541406,0.015708,-0.0117183,1.61001,6.18213,32,27,rc,0.873,1.79069e+09,-3.55298,43,-0.00346238
0.874,4,0,nan,nan,nan,nan,-0.541406,0.015708,-0.00745708,1.61001,6.18213,32,27,rc,0.874,1.79069e+09,-3.37251,43,-0.00344221
0.875,4,0,nan,nan,nan,nan,-0.496289,-0.00872665,0.0149142,1.61001,6.18213,32,27,rc,0.875,1.79069e+09,-3.49658,43,-0.00343634
0.876,4,0,nan,nan,nan,nan,-0.496289,-0.00872665,0.0159795,1.61001,6.18213,32,27,rc,0.876,1.79069e+09,-3.4853,43,-0.00343416
0.877,4,0,nan,nan,nan,nan,-0.360938,0,-0.0117183,1.61001,6.18213,32,27,rc,0.877,1.79069e+09,-3.51914,43,-0.00342779
0.878,4,0,nan,nan,nan,nan,-0.360938,0,-0.0234365,1.61001,6.18213,32,27,rc,0.878,1.79069e+09,-3.50786,43,-0.00343662
0.879,4,0,nan,nan,nan,nan,-0.563965,0,-0.010653,1.61001,6.18213,32,27,rc,0.879,1.79069e+09,-3.34995,43,-0.00344442
0.88,4,0,nan,nan,nan,nan,-0.563965,0,-0.00852238,1.61001,6.18213,32,27,rc,0.88,1.79069e+09,-3.38379,43,-0.0034476
0.881,4,0,nan,nan,nan,nan,-0.293262,-0.00872665,-8.47998e-19,1.60991,6.18213,32,27,rc,0.881,1.79069e+09,-3.50786,43,-0.00343543
0.882,4,0,nan,nan,nan,nan,-0.293262,-0.00872665,-0.00319589,1.60991,6.18213,32,27,rc,0.882,1.79069e+09,-3.51914,43,-0.00342454
0.883,4,0,nan,nan,nan,nan,-0.349658,0.0261799,0.0127836,1.61001,6.18213,32,27,rc,0.883,1.79069e+09,-3.4853,43,-0.00344432
0.884,4,0,nan,nan,nan,nan,-0.349658,0.0261799,0.00532648,1.61001,6.18213,32,27,rc,0.884,1.79069e+09,-3.37251,43,-0.00347011
0.885,4,0,nan,nan,nan,nan,-0.372217,0.0122173,-0.00639178,1.61001,6.18213,32,27,rc,0.885,1.79069e+09,-3.40635,43,-0.00347667
0.886,4,0,nan,nan,nan,nan,-0.372217,0.0122173,-0.00213059,1.61001,6.18213,32,27,rc,0.886,1.79069e+09,-3.40635,43,-0.00346335
0.887,4,0,nan,nan,nan,nan,-0.417334,-0.0331613,0.00426119,1.61001,6.18213,32,27,rc,0.887,1.79069e+09,-3.50786,43,-0.00345336
0.888,4,0,nan,nan,nan,nan,-0.417334,-0.0331613,0.00745708,1.61001,6.18213,32,27,rc,0.888,1.79069e+09,-3.34995,43,-0.00346034
0.889,4,0,nan,nan,nan,nan,-0.541406,-0.0191986,-0.00958767,1.60991,6.18213,32,27,rc,0.889,1.79069e+09,-3.34995,43,-0.00345712
0.89,4,0,nan,nan,nan,nan,-0.541406,-0.0191986,-0.00319589,1.60991,6.18213,32,27,rc,0.89,1.79069e+09,-3.39507,43,-0.00346207
0.891,4,0,nan,nan,nan,nan,-0.609082,0,-0.010653,1.60991,6.18213,32,27,rc,0.891,1.79069e+09,-3.39507,43,-0.00347063
0.892,4,0,nan,nan,nan,nan,-0.609082,0,0.00426119,1.60991,6.18213,32,27,rc,0.892,1.79069e+09,-3.39507,43,-0.00347691
0.893,4,0,nan,nan,nan,nan,-0.530127,0.00349066,-0.00639178,1.60991,6.18213,32,27,rc,0.893,1.79069e+09,-3.37251,43,-0.00346919
0.894,4,0,nan,nan,nan,nan,-0.530127,0.00349066,-0.00745708,1.60991,6.18213,32,27,rc,0.894,1.79069e+09,-3.50786,43,-0.00346519
0.895,4,0,nan,nan,nan,nan,-0.586523,0,0.00532648,1.60991,6.18213,32,27,rc,0.895,1.79069e+09,-3.34995,43,-0.0034591
0.896,4,0,nan,nan,nan,nan,-0.586523,0,0.00639178,1.60991,6.18213,32,27,rc,0.896,1.79069e+09,-3.34995,43,-0.00346345
0.897,4,0,nan,nan,nan,nan,-0.530127,0,0.010653,1.60991,6.18213,32,27,rc,0.897,1.79069e+09,-3.50786,43,-0.00347395
0.898,4,0,nan,nan,nan,nan,-0.530127,0,0.00319589,1.60991,6.18213,32,27,rc,0.898,1.79069e+09,-3.5417,43,-0.00349825
0.899,4,0,nan,nan,nan,nan,-0.631641,0,-0.00319589,1.60991,6.18213,32,27,rc,0.899,1.79069e+09,-3.39507,43,-0.00349307
0.9,4,0,nan,nan,nan,nan,-0.631641,0,-0.00426119,1.60991,6.18213,32,27,rc,0.9,1.79069e+09,-3.40635,43,-0.0034771
0.901,4,0,nan,nan,nan,nan,-0.48501,0,-0.0010653,1.60991,6.18213,32,27,rc,0.901,1.79069e+09,-3.37251,43,-0.00345737
0.902,4,0,nan,nan,nan,nan,-0.48501,0,-0.0117183,1.60991,6.18213,32,27,rc,0.902,1.79069e+09,-3.47402,43,-0.00346443
0.903,4,0,nan,nan,nan,nan,-0.439893,0,0.0117183,1.60991,6.18213,32,27,rc,0.903,1.79069e+09,-3.37251,43,-0.00346914
0.904,4,0,nan,nan,nan,nan,-0.439893,0,-0.0117183,1.60991,6.18213,32,27,rc,0.904,1.79069e+09,-3.40635,43,-0.00350414
0.905,4,0,nan,nan,nan,nan,-0.349658,0.00523599,-0.00958767,1.60991,6.18213,32,27,rc,0.905,1.79069e+09,-3.39507,43,-0.00352784
0.906,4,0,nan,nan,nan,nan,-0.349658,0.00523599,-0.00639178,1.60991,6.18213,32,27,rc,0.906,1.79069e+09,-3.44019,43,-0.00352131
0.907,4,0,nan,nan,nan,nan,-0.48501,0.0226893,-0.0127836,1.61001,6.18213,32,27,rc,0.907,1.79069e+09,-3.40635,43,-0.00349344
0.908,4,0,nan,nan,nan,nan,-0.48501,0.0226893,-0.0010653,1.61001,6.18213,32,27,rc,0.908,1.79069e+09,-3.36123,43,-0.00349152
0.909,4,0,nan,nan,nan,nan,-0.349658,0,0.0010653,1.61001,6.18213,32,27,rc,0.909,1.79069e+09,-3.36123,43,-0.00351138
0.91,4,0,nan,nan,nan,nan,-0.349658,0,-0.00958767,1.61001,6.18213,32,27,rc,0.91,1.79069e+09,-3.40635,43,-0.0035025
0.911,4,0,nan,nan,nan,nan,-0.383496,0,0.010653,1.61001,6.18213,32,27,rc,0.911,1.79069e+09,-3.39507,43,-0.00349681
0.912,4,0,nan,nan,nan,nan,-0.383496,0,0.0159795,1.61001,6.18213,32,27,rc,0.912,1.79069e+09,-3.50786,43,-0.00350543
0.913,4,0,nan,nan,nan,nan,-0.349658,-0.00872665,-0.00958767,1.61001,6.18213,32,27,rc,0.913,1.79069e+09,-3.37251,43,-0.00349378
0.914,4,0,nan,nan,nan,nan,-0.349658,-0.00872665,-0.00639178,1.61001,6.18213,32,27,rc,0.914,1.79069e+09,-3.36123,43,-0.00346828
0.915,4,0,nan,nan,nan,nan,-0.654199,0,0.00426119,1.61001,6.18213,32,27,rc,0.915,1.79069e+09,-3.53042,43,-0.00344912
0.916,4,0,nan,nan,nan,nan,-0.654199,0,0.00639178,1.61001,6.18213,32,27,rc,0.916,1.79069e+09,-3.32739,43,-0.00346516
0.917,4,0,nan,nan,nan,nan,-0.496289,-0.0174533,0.0138489,1.60991,6.18213,32,27,rc,0.917,1.79069e+09,-3.50786,43,-0.00349719
0.918,4,0,nan,nan,nan,nan,-0.496289,-0.0174533,0.010653,1.60991,6.18213,32,27,rc,0.918,1.79069e+09,-3.40635,43,-0.00349812
0.919,4,0,nan,nan,nan,nan,-0.597803,0,0.00639178,1.60991,6.18213,32,27,rc,0.919,1.79069e+09,-3.40635,43,-0.00348436
0.92,4,0,nan,nan,nan,nan,-0.597803,0,-0.00958767,1.60991,6.18213,32,27,rc,0.92,1.79069e+09,-3.34995,43,-0.00348677
0.921,4,0,nan,nan,nan,nan,-0.665479,0,0.00213059,1.60991,6.18213,32,27,rc,0.921,1.79069e+09,-3.37251,43,-0.00347482
0.922,4,0,nan,nan,nan,nan,-0.665479,0,-0.0138489,1.60991,6.18213,32,27,rc,0.922,1.79069e+09,-3.37251,43,-0.0034613
0.923,4,0,nan,nan,nan,nan,-0.541406,-0.00872665,-0.00319589,1.60991,6.18213,32,27,rc,0.923,1.79069e+09,-3.37251,43,-0.00345765
0.924,4,0,nan,nan,nan,nan,-0.541406,-0.00872665,0.0149142,1.60991,6.18213,32,27,rc,0.924,1.79069e+09,-3.36123,43,-0.00346471
0.925,4,0,nan,nan,nan,nan,-0.48501,0.0226893,0.00532648,1.61001,6.18213,32,27,rc,0.925,1.79069e+09,-3.38379,43,-0.00347892
0.926,4,0,nan,nan,nan,nan,-0.48501,0.0226893,-0.00213059,1.61001,6.18213,32,27,rc,0.926,1.79069e+09,-3.38379,43,-0.00346742
0.927,4,0,nan,nan,nan,nan,-0.518848,0.0122173,-0.00319589,1.61001,6.18213,32,27,rc,0.927,1.79069e+09,-3.37251,43,-0.00345413
0.928,4,0,nan,nan,nan,nan,-0.518848,0.0122173,-0.00745708,1.61001,6.18213,32,27,rc,0.928,1.79069e+09,-3.33867,43,-0.00344852
0.929,4,0,nan,nan,nan,nan,-0.530127,-0.0541052,0.01811,1.60991,6.18213,32,27,rc,0.929,1.79069e+09,-3.34995,43,-0.00345356
0.93,4,0,nan,nan,nan,nan,-0.530127,-0.0541052,0.0127836,1.60991,6.18213,32,27,rc,0.93,1.79069e+09,-3.36123,43,-0.00345332
0.931,4,0,nan,nan,nan,nan,-0.530127,-0.00349066,-0.00852238,1.60991,6.18213,32,27,rc,0.931,1.79069e+09,-3.36123,43,-0.00346151
0.932,4,0,nan,nan,nan,nan,-0.530127,-0.00349066,0.00426119,1.60991,6.18213,32,27,rc,0.932,1.79069e+09,-3.39507,43,-0.00346893
0.933,4,0,nan,nan,nan,nan,-0.541406,0.0331613,0.00426119,1.61001,6.18213,32,27,rc,0.933,1.79069e+09,-3.39507,43,-0.00347621
0.934,4,0,nan,nan,nan,nan,-0.541406,0.0331613,-0.00639178,1.61001,6.18213,32,27,rc,0.934,1.79069e+09,-3.39507,43,-0.00346775
0.935,4,0,nan,nan,nan,nan,-0.48501,-0.00349066,-0.00213059,1.60991,6.18213,32,27,rc,0.935,1.79069e+09,-3.39507,43,-0.00345387
0.936,4,0,nan,nan,nan,nan,-0.48501,-0.00349066,0.0117183,1.60991,6.18213,32,27,rc,0.936,1.79069e+09,-3.36123,43,-0.00345079
0.937,4,0,nan,nan,nan,nan,-0.439893,0,0.00532648,1.60991,6.18213,32,27,rc,0.937,1.79069e+09,-3.34995,43,-0.00344926
0.938,4,0,nan,nan,nan,nan,-0.439893,0,-0.00852238,1.60991,6.18213,32,27,rc,0.938,1.79069e+09,-3.39507,43,-0.0034421
0.939,4,0,nan,nan,nan,nan,-0.541406,0,-0.0117183,1.60991,6.18213,32,27,rc,0.939,1.79069e+09,-3.37251,43,-0.00344996
0.94,4,0,nan,nan,nan,nan,-0.541406,0,-0.00319589,1.60991,6.18213,32,27,rc,0.94,1.79069e+09,-3.36123,43,-0.00346437
0.941,4,0,nan,nan,nan,nan,-0.372217,0,0.00319589,1.60991,6.18213,32,27,rc,0.941,1.79069e+09,-3.37251,43,-0.00346896
0.942,4,0,nan,nan,nan,nan,-0.372217,0,-0.0170448,1.60991,6.18213,32,27,rc,0.942,1.79069e+09,-3.37251,43,-0.00346037
0.943,4,0,nan,nan,nan,nan,-0.575244,0,-0.00319589,1.60991,6.18213,32,27,rc,0.943,1.79069e+09,-3.37251,43,-0.0034546
0.944,4,0,nan,nan,nan,nan,-0.575244,0,0.0127836,1.60991,6.18213,32,27,rc,0.944,1.79069e+09,-3.34995,43,-0.00347012
0.945,4,0,nan,nan,nan,nan,-0.304541,0,0.0127836,1.60991,6.18213,32,27,rc,0.945,1.79069e+09,-3.39507,43,-0.00347129
0.946,4,0,nan,nan,nan,nan,-0.304541,0,0.0149142,1.60991,6.18213,32,27,rc,0.946,1.79069e+09,-3.57554,43,-0.00347521
0.947,4,0,nan,nan,nan,nan,-0.631641,0.00872665,-0.0117183,1.61001,6.18213,32,27,rc,0.947,1.79069e+09,-3.51914,43,-0.00348348
0.948,4,0,nan,nan,nan,nan,-0.631641,0.00872665,-0.00213059,1.61001,6.18213,32,27,rc,0.948,1.79069e+09,-3.53042,43,-0.00344477
0.949,4,0,nan,nan,nan,nan,-0.688037,-0.0418879,0.00745708,1.60991,6.18213,32,27,rc,0.949,1.79069e+09,-3.5417,43,-0.003432
0.95,4,0,nan,nan,nan,nan,-0.688037,-0.0418879,-0.0010653,1.60991,6.18213,32,27,rc,0.95,1.79069e+09,-3.31611,43,-0.00343794
0.951,4,0,nan,nan,nan,nan,-0.586523,-0.00872665,0.0117183,1.60991,6.18213,32,27,rc,0.951,1.79069e+09,-3.51914,43,-0.00346469
0.952,4,0,nan,nan,nan,nan,-0.586523,-0.00872665,0.00532648,1.60991,6.18213,32,27,rc,0.952,1.79069e+09,-3.51914,43,-0.00349788
0.953,4,0,nan,nan,nan,nan,-0.597803,0.0244346,-0.00426119,1.60991,6.18213,32,27,rc,0.953,1.79069e+09,-3.40635,43,-0.0035133
0.954,4,0,nan,nan,nan,nan,-0.597803,0.0244346,-0.00213059,1.60991,6.18213,32,27,rc,0.954,1.79069e+09,-3.50786,43,-0.00351495
0.955,4,0,nan,nan,nan,nan,-0.496289,0.00872665,-0.0138489,1.60991,6.18213,32,27,rc,0.955,1.79069e+09,-3.37251,43,-0.00350215
0.956,4,0,nan,nan,nan,nan,-0.496289,0.00872665,-0.0223712,1.60991,6.18213,32,27,rc,0.956,1.79069e+09,-3.36123,43,-0.00347304
0.957,4,0,nan,nan,nan,nan,-0.575244,-0.00523599,0.00426119,1.60991,6.18213,32,27,rc,0.957,1.79069e+09,-3.53042,43,-0.00347142
0.958,4,0,nan,nan,nan,nan,-0.575244,-0.00523599,-0.00426119,1.60991,6.18213,32,27,rc,0.958,1.79069e+09,-3.34995,43,-0.00348462
0.959,4,0,nan,nan,nan,nan,-0.293262,-0.00698132,0.0117183,1.60991,6.18213,32,27,rc,0.959,1.79069e+09,-3.39507,43,-0.00348903
0.96,4,0,nan,nan,nan,nan,-0.293262,-0.00698132,0.0138489,1.60991,6.18213,32,27,rc,0.96,1.79069e+09,-3.39507,43,-0.00348149
0.961,4,0,nan,nan,nan,nan,-0.530127,0.0471239,0.00426119,1.61001,6.18213,32,27,rc,0.961,1.79069e+09,-3.49658,43,-0.00347551
0.962,4,0,nan,nan,nan,nan,-0.530127,0.0471239,-0.00958767,1.61001,6.18213,32,27,rc,0.962,1.79069e+09,-3.50786,43,-0.00347979
0.963,4,0,nan,nan,nan,nan,-0.507568,0,0.00319589,1.61001,6.18213,32,27,rc,0.963,1.79069e+09,-3.34995,43,-0.00348768
0.964,4,0,nan,nan,nan,nan,-0.507568,0,-7.17537e-19,1.61001,6.18213,32,27,rc,0.964,1.79069e+09,-3.50786,43,-0.0034741
0.965,4,0,nan,nan,nan,nan,-0.349658,-0.0471239,0.00319589,1.60991,6.18213,32,27,rc,0.965,1.79069e+09,-3.39507,43,-0.00348092
0.966,4,0,nan,nan,nan,nan,-0.349658,-0.0471239,0.00639178,1.60991,6.18213,32,27,rc,0.966,1.79069e+09,-3.38379,43,-0.00350041
0.967,4,0,nan,nan,nan,nan,-0.597803,0,-0.00319589,1.60991,6.18213,32,27,rc,0.967,1.79069e+09,-3.57554,43,-0.00349156
0.968,4,0,nan,nan,nan,nan,-0.597803,0,-0.00958767,1.60991,6.18213,32,27,rc,0.968,1.79069e+09,-3.39507,43,-0.00346043
0.969,4,0,nan,nan,nan,nan,-0.631641,0.00698132,-0.0010653,1.60991,6.18213,32,27,rc,0.969,1.79069e+09,-3.50786,43,-0.00343817
0.97,4,0,nan,nan,nan,nan,-0.631641,0.00698132,0.00852238,1.60991,6.18213,32,27,rc,0.97,1.79069e+09,-3.32739,43,-0.00344928
0.971,4,0,nan,nan,nan,nan,-0.507568,0,0.00745708,1.60991,6.18213,32,27,rc,0.971,1.79069e+09,-3.34995,43,-0.00348154
0.972,4,0,nan,nan,nan,nan,-0.507568,0,-0.00213059,1.60991,6.18213,32,27,rc,0.972,1.79069e+09,-3.5417,43,-0.00350272
0.973,4,0,nan,nan,nan,nan,-0.620361,0,0.010653,1.60991,6.18213,32,27,rc,0.973,1.79069e+09,-3.40635,43,-0.00350385
0.974,4,0,nan,nan,nan,nan,-0.620361,0,0.00958767,1.60991,6.18213,32,27,rc,0.974,1.79069e+09,-3.39507,43,-0.00348247
0.975,4,0,nan,nan,nan,nan,-0.563965,0,0.00532648,1.60991,6.18213,32,27,rc,0.975,1.79069e+09,-3.37251,43,-0.00346051
0.976,4,0,nan,nan,nan,nan,-0.563965,0,0.00319589,1.60991,6.18213,32,27,rc,0.976,1.79069e+09,-3.34995,43,-0.0034535
0.977,4,0,nan,nan,nan,nan,-0.654199,0,0.0213059,1.60991,6.18213,32,27,rc,0.977,1.79069e+09,-3.53042,43,-0.003456
0.978,4,0,nan,nan,nan,nan,-0.654199,0,0.0127836,1.60991,6.18213,32,27,rc,0.978,1.79069e+09,-3.38379,43,-0.00346688
0.979,4,0,nan,nan,nan,nan,-0.620361,-0.00523599,0.00745708,1.60991,6.18213,32,27,rc,0.979,1.79069e+09,-3.50786,43,-0.00348477
0.98,4,0,nan,nan,nan,nan,-0.620361,-0.00523599,-0.0010653,1.60991,6.18213,32,27,rc,0.98,1.79069e+09,-3.56426,43,-0.0034989
0.981,4,0,nan,nan,nan,nan,-0.575244,0,-1.5003e-18,1.60991,6.18213,32,27,rc,0.981,1.79069e+09,-3.40635,43,-0.00349227
0.982,4,0,nan,nan,nan,nan,-0.575244,0,-0.0138489,1.60991,6.18213,32,27,rc,0.982,1.79069e+09,-3.53042,43,-0.00346296
0.983,4,0,nan,nan,nan,nan,-0.48501,-0.010472,-0.0149142,1.60991,6.18213,32,27,rc,0.983,1.79069e+09,-3.49658,43,-0.00345905
0.984,4,0,nan,nan,nan,nan,-0.48501,-0.010472,0.0127836,1.60991,6.18213,32,27,rc,0.984,1.79069e+09,-3.49658,43,-0.00346563
0.985,4,0,nan,nan,nan,nan,-0.496289,0,0.0191753,1.60991,6.18213,32,27,rc,0.985,1.79069e+09,-3.53042,43,-0.00347892
0.986,4,0,nan,nan,nan,nan,-0.496289,0,0.00745708,1.60991,6.18213,32,27,rc,0.986,1.79069e+09,-3.55298,43,-0.0034912
0.987,4,0,nan,nan,nan,nan,-0.654199,0.00872665,0.00213059,1.60991,6.18213,32,27,rc,0.987,1.79069e+09,-3.55298,43,-0.00349367
0.988,4,0,nan,nan,nan,nan,-0.654199,0.00872665,0.0138489,1.60991,6.18213,32,27,rc,0.988,1.79069e+09,-3.55298,43,-0.00347028
0.989,4,0,nan,nan,nan,nan,-0.631641,-0.0296706,-0.00319589,1.60991,6.18213,32,27,rc,0.989,1.79069e+09,-3.50786,43,-0.00345407
0.99,4,0,nan,nan,nan,nan,-0.631641,-0.0296706,-0.0245018,1.60991,6.18213,32,27,rc,0.99,1.79069e+09,-3.47402,43,-0.00343733
0.991,4,0,nan,nan,nan,nan,-0.755713,-0.0279253,-0.0159795,1.60982,6.18213,32,27,rc,0.991,1.79069e+09,-3.36123,43,-0.00343687
0.992,4,0,nan,nan,nan,nan,-0.755713,-0.0279253,0.00639178,1.60982,6.18213,32,27,rc,0.992,1.79069e+09,-3.53042,43,-0.00347853
0.993,4,0,nan,nan,nan,nan,-0.48501,0.00174533,0.0149142,1.60982,6.18213,32,27,rc,0.993,1.79069e+09,-3.5417,43,-0.00348227
0.994,4,0,nan,nan,nan,nan,-0.48501,0.00174533,0.0159795,1.60982,6.18213,32,27,rc,0.994,1.79069e+09,-3.51914,43,-0.00346433
0.995,4,0,nan,nan,nan,nan,-0.620361,0.0488692,0.00213059,1.61001,6.18213,32,27,rc,0.995,1.79069e+09,-3.55298,43,-0.00346419
0.996,4,0,nan,nan,nan,nan,-0.620361,0.0488692,-0.00426119,1.61001,6.18213,32,27,rc,0.996,1.79069e+09,-3.50786,43,-0.0034709
0.997,4,0,nan,nan,nan,nan,-0.552686,-0.0279253,-0.0010653,1.60991,6.18213,32,27,rc,0.997,1.79069e+09,-3.53042,43,-0.00346476
0.998,4,0,nan,nan,nan,nan,-0.552686,-0.0279253,0.0245018,1.60991,6.18213,32,27,rc,0.998,1.79069e+09,-3.53042,43,-0.0034591
0.999,4,0,nan,nan,nan,nan,-0.451172,-0.0628319,0.00639178,1.60982,6.18213,32,27,rc,0.999,1.79069e+09,-3.5417,43,-0.00344463
1,4,0,nan,nan,nan,nan,-0.451172,-0.0628319,0.00745708,1.60982,6.18213,32,27,rc,1,1.79069e+09,-3.5417,43,-0.00344914
1.001,4,0,nan,nan,nan,nan,-0.688037,0,0.00745708,1.60982,6.18213,32,27,rc,1.001,1.79069e+09,-3.53042,43,-0.00345
1.002,4,0,nan,nan,nan,nan,-0.688037,0,0.00532648,1.60982,6.18213,32,27,rc,1.002,1.79069e+09,-3.51914,43,-0.00345395
1.003,4,0,nan,nan,nan,nan,-0.665479,0,0.00532648,1.60982,6.18213,32,27,rc,1.003,1.79069e+09,-3.53042,43,-0.00345952
1.004,4,0,nan,nan,nan,nan,-0.665479,0,-0.00213059,1.60982,6.18213,32,27,rc,1.004,1.79069e+09,-3.51914,43,-0.00346052
1.005,4,0,nan,nan,nan,nan,-0.64292,0,-0.0010653,1.60982,6.18213,32,27,rc,1.005,1.79069e+09,-3.53042,43,-0.0034691
1.006,4,0,nan,nan,nan,nan,-0.64292,0,-0.00958767,1.60982,6.18213,32,27,rc,1.006,1.79069e+09,-3.53042,43,-0.00347035
1.007,4,0,nan,nan,nan,nan,-0.597803,0.0174533,0.0138489,1.60982,6.18213,32,27,rc,1.007,1.79069e+09,-3.55298,43,-0.00347962
1.008,4,0,nan,nan,nan,nan,-0.597803,0.0174533,0.00639178,1.60982,6.18213,32,27,rc,1.008,1.79069e+09,-3.53042,43,-0.00346935
1.009,4,0,nan,nan,nan,nan,-0.530127,0.0139626,-0.0202406,1.60982,6.18213,32,27,rc,1.009,1.79069e+09,-3.5417,43,-0.00346439
1.01,4,0,nan,nan,nan,nan,-0.530127,0.0139626,-0.01811,1.60982,6.18213,32,27,rc,1.01,1.79069e+09,-3.50786,43,-0.0034477
1.011,4,0,nan,nan,nan,nan,-0.586523,0.0122173,-9.13229e-19,1.60991,6.18213,32,27,rc,1.011,1.79069e+09,-3.50786,43,-0.00343768
1.012,4,0,nan,nan,nan,nan,-0.586523,0.0122173,0.0159795,1.60991,6.18213,32,27,rc,1.012,1.79069e+09,-3.49658,43,-0.00345155
1.013,4,0,nan,nan,nan,nan,-0.462451,-0.00872665,0.00958767,1.60982,6.18213,32,27,rc,1.013,1.79069e+09,-3.49658,43,-0.0034632
1.014,4,0,nan,nan,nan,nan,-0.462451,-0.00872665,-0.00213059,1.60982,6.18213,32,27,rc,1.014,1.79069e+09,-3.51914,43,-0.00346256
1.015,4,0,nan,nan,nan,nan,-0.710596,0,-0.0010653,1.60982,6.18213,32,27,rc,1.015,1.79069e+09,-3.53042,43,-0.00344288
1.016,4,0,nan,nan,nan,nan,-0.710596,0,0.0138489,1.60982,6.18213,32,27,rc,1.016,1.79069e+09,-3.49658,43,-0.0034313
1.017,4,0,nan,nan,nan,nan,-0.563965,-0.0366519,-0.0117183,1.60982,6.18213,32,27,rc,1.017,1.79069e+09,-3.49658,43,-0.00342566
1.018,4,0,nan,nan,nan,nan,-0.563965,-0.0366519,2.67446e-18,1.60982,6.18213,32,27,rc,1.018,1.79069e+09,-3.50786,43,-0.0034572
1.019,4,0,nan,nan,nan,nan,-0.699316,0,0.0138489,1.60982,6.18213,32,27,rc,1.019,1.79069e+09,-3.55298,43,-0.00346467
1.02,4,0,nan,nan,nan,nan,-0.699316,0,0.00852238,1.60982,6.18213,32,27,rc,1.02,1.79069e+09,-3.57554,43,-0.00345248
1.021,4,0,nan,nan,nan,nan,-0.620361,0,0.00852238,1.60982,6.18213,32,27,rc,1.021,1.79069e+09,-3.53042,43,-0.00345466
1.022,4,0,nan,nan,nan,nan,-0.620361,0,-0.0010653,1.60982,6.18213,32,27,rc,1.022,1.79069e+09,-3.50786,43,-0.00345144
1.023,4,0,nan,nan,nan,nan,-0.665479,0,-0.00426119,1.60982,6.18213,32,27,rc,1.023,1.79069e+09,-3.51914,43,-0.00344761
1.024,4,0,nan,nan,nan,nan,-0.665479,0,-0.0010653,1.60982,6.18213,32,27,rc,1.024,1.79069e+09,-3.5417,43,-0.00343511
1.025,4,0,nan,nan,nan,nan,-0.631641,0,0.00532648,1.60982,6.18213,32,27,rc,1.025,1.79069e+09,-3.53042,43,-0.00345109
1.026,4,0,nan,nan,nan,nan,-0.631641,0,0.010653,1.60982,6.18213,32,27,rc,1.026,1.79069e+09,-3.50786,43,-0.00346659
1.027,4,0,nan,nan,nan,nan,-0.597803,0,0.00213059,1.60982,6.18213,32,27,rc,1.027,1.79069e+09,-3.56426,43,-0.00346152
1.028,4,0,nan,nan,nan,nan,-0.597803,0,0.00319589,1.60982,6.18213,32,27,rc,1.028,1.79069e+09,-3.5417,43,-0.00344393
1.029,4,0,nan,nan,nan,nan,-0.688037,0,0.010653,1.60982,6.18213,32,27,rc,1.029,1.79069e+09,-3.49658,43,-0.0034534
1.03,4,0,nan,nan,nan,nan,-0.688037,0,-0.0127836,1.60982,6.18213,32,27,rc,1.03,1.79069e+09,-3.53042,43,-0.00345065
1.031,4,0,nan,nan,nan,nan,-0.631641,-0.015708,-0.0170448,1.60982,6.18213,32,27,rc,1.031,1.79069e+09,-3.55298,43,-0.00344443
1.032,4,0,nan,nan,nan,nan,-0.631641,-0.015708,0.00213059,1.60982,6.18213,32,27,rc,1.032,1.79069e+09,-3.51914,43,-0.00346175
1.033,4,0,nan,nan,nan,nan,-0.518848,0,0.00319589,1.60982,6.18213,32,27,rc,1.033,1.79069e+09,-3.55298,43,-0.0034688
1.034,4,0,nan,nan,nan,nan,-0.518848,0,0.00532648,1.60982,6.18213,32,27,rc,1.034,1.79069e+09,-3.50786,43,-0.00347292
1.035,4,0,nan,nan,nan,nan,-0.586523,0.0366519,0.028763,1.60982,6.18213,32,27,rc,1.035,1.79069e+09,-3.51914,43,-0.00347239
1.036,4,0,nan,nan,nan,nan,-0.586523,0.0366519,0.0010653,1.60982,6.18213,32,27,rc,1.036,1.79069e+09,-3.53042,43,-0.00347532
1.037,4,0,nan,nan,nan,nan,-0.631641,0,-0.0213059,1.60982,6.18213,32,27,rc,1.037,1.79069e+09,-3.53042,43,-0.0034791
1.038,4,0,nan,nan,nan,nan,-0.631641,0,0.00745708,1.60982,6.18213,32,27,rc,1.038,1.79069e+09,-3.53042,43,-0.00346489
1.039,4,0,nan,nan,nan,nan,-0.597803,-0.0226893,0.0138489,1.60972,6.18213,32,27,rc,1.039,1.79069e+09,-3.53042,43,-0.00346629
1.04,4,0,nan,nan,nan,nan,-0.597803,-0.0226893,0.00426119,1.60972,6.18213,32,27,rc,1.04,1.79069e+09,-3.46274,43,-0.00348473
1.041,4,0,nan,nan,nan,nan,-0.665479,0,0.00852238,1.60972,6.18213,32,27,rc,1.041,1.79069e+09,-3.5417,43,-0.00348542
1.042,4,0,nan,nan,nan,nan,-0.665479,0,-0.00852238,1.60972,6.18213,32,27,rc,1.042,1.79069e+09,-3.5417,43,-0.00345727
1.043,4,0,nan,nan,nan,nan,-0.64292,0,-0.0276977,1.60972,6.18213,32,27,rc,1.043,1.79069e+09,-3.4853,43,-0.0034538
1.044,4,0,nan,nan,nan,nan,-0.64292,0,-0.01811,1.60972,6.18213,32,27,rc,1.044,1.79069e+09,-3.50786,43,-0.00344386
1.045,4,0,nan,nan,nan,nan,-0.541406,0,0.0159795,1.60972,6.18213,32,27,rc,1.045,1.79069e+09,-3.47402,43,-0.00344001
1.046,4,0,nan,nan,nan,nan,-0.541406,0,0.00319589,1.60972,6.18213,32,27,rc,1.046,1.79069e+09,-3.49658,43,-0.00345589
1.047,4,0,nan,nan,nan,nan,-0.428613,0.0349066,0.00213059,1.60982,6.18213,32,27,rc,1.047,1.79069e+09,-3.53042,43,-0.00347917
1.048,4,0,nan,nan,nan,nan,-0.428613,0.0349066,0.00639178,1.60982,6.18213,32,27,rc,1.048,1.79069e+09,-3.53042,43,-0.00346886
1.049,4,0,nan,nan,nan,nan,-0.563965,0.020944,-0.0010653,1.60991,6.18213,32,27,rc,1.049,1.79069e+09,-3.51914,43,-0.00347419
1.05,4,0,nan,nan,nan,nan,-0.563965,0.020944,-0.00745708,1.60991,6.18213,32,27,rc,1.05,1.79069e+09,-3.4853,43,-0.0034669
1.051,4,0,nan,nan,nan,nan,-0.586523,-0.0453786,0.0138489,1.60982,6.18213,32,27,rc,1.051,1.79069e+09,-3.5417,43,-0.00345255
1.052,4,0,nan,nan,nan,nan,-0.586523,-0.0453786,0.0149142,1.60982,6.18213,32,27,rc,1.052,1.79069e+09,-3.45146,43,-0.00346208
1.053,4,0,nan,nan,nan,nan,-0.541406,-0.0139626,0.0127836,1.60972,6.18213,32,27,rc,1.053,1.79069e+09,-3.50786,43,-0.00346998
1.054,4,0,nan,nan,nan,nan,-0.541406,-0.0139626,0.0266324,1.60972,6.18213,32,27,rc,1.054,1.79069e+09,-3.47402,43,-0.00345608
1.055,4,0,nan,nan,nan,nan,-0.699316,0,-0.00426119,1.60972,6.18213,32,27,rc,1.055,1.79069e+09,-3.53042,43,-0.0034699
1.056,4,0,nan,nan,nan,nan,-0.699316,0,-0.00745708,1.60972,6.18213,32,27,rc,1.056,1.79069e+09,-3.49658,43,-0.00347179
1.057,4,0,nan,nan,nan,nan,-0.812109,0,-0.0170448,1.60972,6.18213,32,27,rc,1.057,1.79069e+09,-3.53042,43,-0.00347577
1.058,4,0,nan,nan,nan,nan,-0.812109,0,-0.00213059,1.60972,6.18213,32,27,rc,1.058,1.79069e+09,-3.50786,43,-0.00346191
1.059,4,0,nan,nan,nan,nan,-0.597803,-0.0331613,0.010653,1.60972,6.18213,32,27,rc,1.059,1.79069e+09,-3.51914,43,-0.00346815
1.06,4,0,nan,nan,nan,nan,-0.597803,-0.0331613,0.00639178,1.60972,6.18213,32,27,rc,1.06,1.79069e+09,-3.50786,43,-0.00347754
1.061,4,0,nan,nan,nan,nan,-0.575244,0.0453786,0.0010653,1.60972,6.18213,32,27,rc,1.061,1.79069e+09,-3.53042,43,-0.00349492
1.062,4,0,nan,nan,nan,nan,-0.575244,0.0453786,-0.00213059,1.60972,6.18213,32,27,rc,1.062,1.79069e+09,-3.55298,43,-0.0035049
1.063,4,0,nan,nan,nan,nan,-0.631641,0.015708,-0.00745708,1.60982,6.18213,32,27,rc,1.063,1.79069e+09,-3.5417,43,-0.00349475
1.064,4,0,nan,nan,nan,nan,-0.631641,0.015708,0.00426119,1.60982,6.18213,32,27,rc,1.064,1.79069e+09,-3.49658,43,-0.00348955
1.065,4,0,nan,nan,nan,nan,-0.575244,-0.0174533,0.00213059,1.60972,6.18213,32,27,rc,1.065,1.79069e+09,-3.49658,43,-0.00347687
1.066,4,0,nan,nan,nan,nan,-0.575244,-0.0174533,0.00426119,1.60972,6.18213,32,27,rc,1.066,1.79069e+09,-3.4853,43,-0.00348882
1.067,4,0,nan,nan,nan,nan,-0.64292,0,-0.00213059,1.60972,6.18213,32,27,rc,1.067,1.79069e+09,-3.53042,43,-0.0034887
1.068,4,0,nan,nan,nan,nan,-0.64292,0,0.00213059,1.60972,6.18213,32,27,rc,1.068,1.79069e+09,-3.5417,43,-0.00349717
1.069,4,0,nan,nan,nan,nan,-0.631641,0,0.010653,1.60972,6.18213,32,27,rc,1.069,1.79069e+09,-3.49658,43,-0.0034876
1.07,4,0,nan,nan,nan,nan,-0.631641,0,-0.00958767,1.60972,6.18213,32,27,rc,1.07,1.79069e+09,-3.55298,43,-0.00348911
1.071,4,0,nan,nan,nan,nan,-0.631641,0,-0.0223712,1.60972,6.18213,32,27,rc,1.071,1.79069e+09,-3.49658,43,-0.00350182
1.072,4,0,nan,nan,nan,nan,-0.631641,0,-0.00958767,1.60972,6.18213,32,27,rc,1.072,1.79069e+09,-3.5417,43,-0.00348337
1.073,4,0,nan,nan,nan,nan,-0.406055,0,0.0149142,1.60972,6.18213,32,27,rc,1.073,1.79069e+09,-3.53042,43,-0.00347959
1.074,4,0,nan,nan,nan,nan,-0.406055,0,-0.00213059,1.60972,6.18213,32,27,rc,1.074,1.79069e+09,-3.51914,43,-0.00348322
1.075,4,0,nan,nan,nan,nan,-0.394775,0,-0.00639178,1.60972,6.18213,32,27,rc,1.075,1.79069e+09,-3.45146,43,-0.00351038
1.076,4,0,nan,nan,nan,nan,-0.394775,0,0.00426119,1.60972,6.18213,32,27,rc,1.076,1.79069e+09,-3.55298,43,-0.00349813
1.077,4,0,nan,nan,nan,nan,-0.541406,0,-0.0010653,1.60972,6.18213,32,27,rc,1.077,1.79069e+09,-3.56426,43,-0.00346385
1.078,4,0,nan,nan,nan,nan,-0.541406,0,0.0010653,1.60972,6.18213,32,27,rc,1.078,1.79069e+09,-3.49658,43,-0.00344318
1.079,4,0,nan,nan,nan,nan,-0.586523,0,0.00958767,1.60972,6.18213,32,27,rc,1.079,1.79069e+09,-3.46274,43,-0.00345983
1.08,4,0,nan,nan,nan,nan,-0.586523,0,0.00958767,1.60972,6.18213,32,27,rc,1.08,1.79069e+09,-3.50786,43,-0.00347983
1.081,4,0,nan,nan,nan,nan,-0.586523,-0.020944,0.00319589,1.60972,6.18213,32,27,rc,1.081,1.79069e+09,-3.56426,43,-0.00349101
1.082,4,0,nan,nan,nan,nan,-0.586523,-0.020944,0.00426119,1.60972,6.18213,32,27,rc,1.082,1.79069e+09,-3.56426,43,-0.00348059
1.083,4,0,nan,nan,nan,nan,-0.665479,0,0.00639178,1.60972,6.18213,32,27,rc,1.083,1.79069e+09,-3.53042,43,-0.00346242
1.084,4,0,nan,nan,nan,nan,-0.665479,0,-6.52306e-19,1.60972,6.18213,32,27,rc,1.084,1.79069e+09,-3.4853,43,-0.00344769
1.085,4,0,nan,nan,nan,nan,-0.665479,0,0.00426119,1.60972,6.18213,32,27,rc,1.085,1.79069e+09,-3.47402,43,-0.00345944
1.086,4,0,nan,nan,nan,nan,-0.665479,0,0.00319589,1.60972,6.18213,32,27,rc,1.086,1.79069e+09,-3.53042,43,-0.00348067
1.087,4,0,nan,nan,nan,nan,-0.631641,0,0.00319589,1.60972,6.18213,32,27,rc,1.087,1.79069e+09,-3.53042,43,-0.00347917
1.088,4,0,nan,nan,nan,nan,-0.631641,0,0.00639178,1.60972,6.18213,32,27,rc,1.088,1.79069e+09,-3.53042,43,-0.00348158
1.089,4,0,nan,nan,nan,nan,-0.654199,0,-0.0159795,1.60972,6.18213,32,27,rc,1.089,1.79069e+09,-3.51914,43,-0.0034785
1.09,4,0,nan,nan,nan,nan,-0.654199,0,-0.00745708,1.60972,6.18213,32,27,rc,1.09,1.79069e+09,-3.53042,43,-0.00349003
1.091,4,0,nan,nan,nan,nan,-0.541406,0,-0.01811,1.60972,6.18213,32,27,rc,1.091,1.79069e+09,-3.51914,43,-0.00349043
1.092,4,0,nan,nan,nan,nan,-0.541406,0,0.0117183,1.60972,6.18213,32,27,rc,1.092,1.79069e+09,-3.53042,43,-0.00348575
1.093,4,0,nan,nan,nan,nan,-0.451172,0,0.0351548,1.60972,6.18213,32,27,rc,1.093,1.79069e+09,-3.53042,43,-0.00349024
1.094,4,0,nan,nan,nan,nan,-0.451172,0,0.0223712,1.60972,6.18213,32,27,rc,1.094,1.79069e+09,-3.51914,43,-0.00350389
1.095,4,0,nan,nan,nan,nan,-0.665479,0,0.00426119,1.60972,6.18213,32,27,rc,1.095,1.79069e+09,-3.56426,43,-0.00349298
1.096,4,0,nan,nan,nan,nan,-0.665479,0,-0.0223712,1.60972,6.18213,32,27,rc,1.096,1.79069e+09,-3.5417,43,-0.00350986
1.097,4,0,nan,nan,nan,nan,-0.665479,-0.0296706,-0.01811,1.60963,6.18213,32,27,rc,1.097,1.79069e+09,-3.51914,43,-0.00349856
1.098,4,0,nan,nan,nan,nan,-0.665479,-0.0296706,-0.00745708,1.60963,6.18213,32,27,rc,1.098,1.79069e+09,-3.46274,43,-0.00347201
1.099,4,0,nan,nan,nan,nan,-0.462451,-0.0139626,-0.00213059,1.60963,6.18213,32,27,rc,1.099,1.79069e+09,-3.46274,43,-0.00347515
1.1,4,0,nan,nan,nan,nan,-0.462451,-0.0139626,-0.00213059,1.60963,6.18213,32,27,rc,1.1,1.79069e+09,-3.4853,43,-0.00349116
1.101,4,0,nan,nan,nan,nan,-0.575244,0.0785398,0.00532648,1.60972,6.18213,32,27,rc,1.101,1.79069e+09,-3.55298,43,-0.0034954
1.102,4,0,nan,nan,nan,nan,-0.575244,0.0785398,-0.00532648,1.60972,6.18213,32,27,rc,1.102,1.79069e+09,-3.55298,43,-0.00350062
1.103,4,0,nan,nan,nan,nan,-0.552686,0.0139626,-0.00958767,1.60972,6.18213,32,27,rc,1.103,1.79069e+09,-3.51914,43,-0.00351316
1.104,4,0,nan,nan,nan,nan,-0.552686,0.0139626,-0.010653,1.60972,6.18213,32,27,rc,1.104,1.79069e+09,-3.50786,43,-0.00351221
1.105,4,0,nan,nan,nan,nan,-0.518848,-0.0226893,-0.0010653,1.60972,6.18213,32,27,rc,1.105,1.79069e+09,-3.51914,43,-0.00349604
1.106,4,0,nan,nan,nan,nan,-0.518848,-0.0226893,0.00745708,1.60972,6.18213,32,27,rc,1.106,1.79069e+09,-3.49658,43,-0.00348578
1.107,4,0,nan,nan,nan,nan,-0.462451,-0.0174533,-0.028763,1.60972,6.18213,32,27,rc,1.107,1.79069e+09,-3.50786,43,-0.00346986
1.108,4,0,nan,nan,nan,nan,-0.462451,-0.0174533,-0.00639178,1.60972,6.18213,32,27,rc,1.108,1.79069e+09,-3.51914,43,-0.00346602
1.109,4,0,nan,nan,nan,nan,-0.620361,0,0.00426119,1.60972,6.18213,32,27,rc,1.109,1.79069e+09,-3.4853,43,-0.00348347
1.11,4,0,nan,nan,nan,nan,-0.620361,0,-0.00532648,1.60972,6.18213,32,27,rc,1.11,1.79069e+09,-3.53042,43,-0.00348278
1.111,4,0,nan,nan,nan,nan,-0.530127,0,-0.010653,1.60972,6.18213,32,27,rc,1.111,1.79069e+09,-3.53042,43,-0.00347218
1.112,4,0,nan,nan,nan,nan,-0.530127,0,0.0010653,1.60972,6.18213,32,27,rc,1.112,1.79069e+09,-3.51914,43,-0.0034645
1.113,4,0,nan,nan,nan,nan,-0.518848,0,0.00532648,1.60972,6.18213,32,27,rc,1.113,1.79069e+09,-3.49658,43,-0.00347586
1.114,4,0,nan,nan,nan,nan,-0.518848,0,-0.00532648,1.60972,6.18213,32,27,rc,1.114,1.79069e+09,-3.51914,43,-0.00348362
1.115,4,0,nan,nan,nan,nan,-0.439893,0,-0.00745708,1.60972,6.18213,32,27,rc,1.115,1.79069e+09,-3.53042,43,-0.00349421
1.116,4,0,nan,nan,nan,nan,-0.439893,0,-0.00319589,1.60972,6.18213,32,27,rc,1.116,1.79069e+09,-3.55298,43,-0.00351792
1.117,4,0,nan,nan,nan,nan,-0.417334,0,0.0149142,1.60972,6.18213,32,27,rc,1.117,1.79069e+09,-3.53042,43,-0.00352469
1.118,4,0,nan,nan,nan,nan,-0.417334,0,-0.00213059,1.60972,6.18213,32,27,rc,1.118,1.79069e+09,-3.57554,43,-0.00348643
1.119,4,0,nan,nan,nan,nan,-0.451172,0,-8.47998e-19,1.60972,6.18213,32,27,rc,1.119,1.79069e+09,-3.51914,43,-0.00346074
1.12,4,0,nan,nan,nan,nan,-0.451172,0,0.00745708,1.60972,6.18213,32,27,rc,1.12,1.79069e+09,-3.40635,43,-0.00347585
1.121,4,0,nan,nan,nan,nan,-0.541406,0,0.0010653,1.60972,6.18213,32,27,rc,1.121,1.79069e+09,-3.50786,43,-0.0034967
1.122,4,0,nan,nan,nan,nan,-0.541406,0,0.00213059,1.60972,6.18213,32,27,rc,1.122,1.79069e+09,-3.51914,43,-0.00349755
1.123,4,0,nan,nan,nan,nan,-0.631641,0,-0.00852238,1.60972,6.18213,32,27,rc,1.123,1.79069e+09,-3.53042,43,-0.00350854
1.124,4,0,nan,nan,nan,nan,-0.631641,0,0.0010653,1.60972,6.18213,32,27,rc,1.124,1.79069e+09,-3.53042,43,-0.00351387
1.125,4,0,nan,nan,nan,nan,-0.631641,-0.00872665,-0.00426119,1.60963,6.18213,32,27,rc,1.125,1.79069e+09,-3.51914,43,-0.00348889
1.126,4,0,nan,nan,nan,nan,-0.631641,-0.00872665,-0.0149142,1.60963,6.18213,32,27,rc,1.126,1.79069e+09,-3.51914,43,-0.00346465
1.127,4,0,nan,nan,nan,nan,-0.620361,0,-0.0170448,1.60963,6.18213,32,27,rc,1.127,1.79069e+09,-3.47402,43,-0.00347868
1.128,4,0,nan,nan,nan,nan,-0.620361,0,0.0170448,1.60963,6.18213,32,27,rc,1.128,1.79069e+09,-3.53042,43,-0.00349914
1.129,4,0,nan,nan,nan,nan,-0.31582,0.00349066,-0.00532648,1.60972,6.18213,32,27,rc,1.129,1.79069e+09,-3.5417,43,-0.00351347
1.13,4,0,nan,nan,nan,nan,-0.31582,0.00349066,-2.21784e-18,1.60972,6.18213,32,27,rc,1.13,1.79069e+09,-3.5417,43,-0.00348534
1.131,4,0,nan,nan,nan,nan,-0.676758,0.015708,-7.17537e-19,1.60972,6.18213,32,27,rc,1.131,1.79069e+09,-3.53042,43,-0.00347062
1.132,4,0,nan,nan,nan,nan,-0.676758,0.015708,-0.00958767,1.60972,6.18213,32,27,rc,1.132,1.79069e+09,-3.46274,43,-0.0034706
1.133,4,0,nan,nan,nan,nan,-0.48501,-0.0453786,-0.00532648,1.60963,6.18213,32,27,rc,1.133,1.79069e+09,-3.50786,43,-0.00347142
1.134,4,0,nan,nan,nan,nan,-0.48501,-0.0453786,0.00852238,1.60963,6.18213,32,27,rc,1.134,1.79069e+09,-3.51914,43,-0.00346721
1.135,4,0,nan,nan,nan,nan,-0.530127,0,-0.00426119,1.60963,6.18213,32,27,rc,1.135,1.79069e+09,-3.4853,43,-0.00347674
1.136,4,0,nan,nan,nan,nan,-0.530127,0,0.00532648,1.60963,6.18213,32,27,rc,1.136,1.79069e+09,-3.4853,43,-0.00348795
1.137,4,0,nan,nan,nan,nan,-0.541406,0.0366519,0.0149142,1.60972,6.18213,32,27,rc,1.137,1.79069e+09,-3.53042,43,-0.0034992
1.138,4,0,nan,nan,nan,nan,-0.541406,0.0366519,-0.00745708,1.60972,6.18213,32,27,rc,1.138,1.79069e+09,-3.53042,43,-0.00349488
1.139,4,0,nan,nan,nan,nan,-0.631641,-0.00523599,-0.0010653,1.60972,6.18213,32,27,rc,1.139,1.79069e+09,-3.49658,43,-0.00347383
1.14,4,0,nan,nan,nan,nan,-0.631641,-0.00523599,0.00745708,1.60972,6.18213,32,27,rc,1.14,1.79069e+09,-3.50786,43,-0.0034752
1.141,4,0,nan,nan,nan,nan,-0.552686,-0.00174533,-0.0010653,1.60963,6.18213,32,27,rc,1.141,1.79069e+09,-3.4853,43,-0.00346517
1.142,4,0,nan,nan,nan,nan,-0.552686,-0.00174533,-0.00319589,1.60963,6.18213,32,27,rc,1.142,1.79069e+09,-3.50786,43,-0.00347652
1.143,4,0,nan,nan,nan,nan,-0.541406,0,-0.00532648,1.60963,6.18213,32,27,rc,1.143,1.79069e+09,-3.4853,43,-0.00348457
1.144,4,0,nan,nan,nan,nan,-0.541406,0,0.00213059,1.60963,6.18213,32,27,rc,1.144,1.79069e+09,-3.51914,43,-0.0035128
1.145,4,0,nan,nan,nan,nan,-0.462451,0,-0.00532648,1.60963,6.18213,32,27,rc,1.145,1.79069e+09,-3.51914,43,-0.00350096
1.146,4,0,nan,nan,nan,nan,-0.462451,0,-0.00958767,1.60963,6.18213,32,27,rc,1.146,1.79069e+09,-3.51914,43,-0.00349065
1.147,4,0,nan,nan,nan,nan,-0.609082,0,0.0127836,1.60963,6.18213,32,27,rc,1.147,1.79069e+09,-3.50786,43,-0.00349529
1.148,4,0,nan,nan,nan,nan,-0.609082,0,0.00958767,1.60963,6.18213,32,27,rc,1.148,1.79069e+09,-3.50786,43,-0.00350916
1.149,4,0,nan,nan,nan,nan,-0.394775,0,0.010653,1.60963,6.18213,32,27,rc,1.149,1.79069e+09,-3.51914,43,-0.00352326
1.15,4,0,nan,nan,nan,nan,-0.394775,0,-0.00426119,1.60963,6.18213,32,27,rc,1.15,1.79069e+09,-3.5417,43,-0.00351652
1.151,4,0,nan,nan,nan,nan,-0.631641,0.00872665,0.00319589,1.60963,6.18213,32,27,rc,1.151,1.79069e+09,-3.51914,43,-0.00349442
1.152,4,0,nan,nan,nan,nan,-0.631641,0.00872665,-0.00639178,1.60963,6.18213,32,27,rc,1.152,1.79069e+09,-3.51914,43,-0.00348698
1.153,4,0,nan,nan,nan,nan,-0.575244,-0.00523599,-0.00745708,1.60963,6.18213,32,27,rc,1.153,1.79069e+09,-3.4853,43,-0.00348515
1.154,4,0,nan,nan,nan,nan,-0.575244,-0.00523599,0.00319589,1.60963,6.18213,32,27,rc,1.154,1.79069e+09,-3.49658,43,-0.00348608
1.155,4,0,nan,nan,nan,nan,-0.530127,0,0.01811,1.60963,6.18213,32,27,rc,1.155,1.79069e+09,-3.4853,43,-0.00351646
1.156,4,0,nan,nan,nan,nan,-0.530127,0,0.0010653,1.60963,6.18213,32,27,rc,1.156,1.79069e+09,-3.53042,43,-0.00353423
1.157,4,0,nan,nan,nan,nan,-0.48501,0.00349066,-0.0127836,1.60963,6.18213,32,27,rc,1.157,1.79069e+09,-3.37251,43,-0.00352521
1.158,4,0,nan,nan,nan,nan,-0.48501,0.00349066,0.00532648,1.60963,6.18213,32,27,rc,1.158,1.79069e+09,-3.49658,43,-0.00350745
1.159,4,0,nan,nan,nan,nan,-0.462451,0,0.0138489,1.60963,6.18213,32,27,rc,1.159,1.79069e+09,-3.50786,43,-0.00352009
1.16,4,0,nan,nan,nan,nan,-0.462451,0,-0.00745708,1.60963,6.18213,32,27,rc,1.16,1.79069e+09,-3.4853,43,-0.00350747
1.161,4,0,nan,nan,nan,nan,-0.631641,-0.00174533,-0.0202406,1.60963,6.18213,32,27,rc,1.161,1.79069e+09,-3.5417,43,-0.00349596
1.162,4,0,nan,nan,nan,nan,-0.631641,-0.00174533,0.0372854,1.60963,6.18213,32,27,rc,1.162,1.79069e+09,-3.50786,43,-0.00349035
1.163,4,0,nan,nan,nan,nan,-0.541406,0,0.0298283,1.60963,6.18213,32,27,rc,1.163,1.79069e+09,-3.53042,43,-0.00350181
1.164,4,0,nan,nan,nan,nan,-0.541406,0,-0.00958767,1.60963,6.18213,32,27,rc,1.164,1.79069e+09,-3.47402,43,-0.00352087
1.165,4,0,nan,nan,nan,nan,-0.891064,0,-0.0170448,1.60963,6.18213,32,27,rc,1.165,1.79069e+09,-3.51914,43,-0.00350737
1.166,4,0,nan,nan,nan,nan,-0.891064,0,-0.0213059,1.60963,6.18213,32,27,rc,1.166,1.79069e+09,-3.51914,43,-0.00349205
1.167,4,0,nan,nan,nan,nan,-0.597803,-0.0558505,0.010653,1.60953,6.18213,32,27,rc,1.167,1.79069e+09,-3.34995,43,-0.00347698
1.168,4,0,nan,nan,nan,nan,-0.597803,-0.0558505,0.00852238,1.60953,6.18213,32,27,rc,1.168,1.79069e+09,-3.47402,43,-0.00347387
1.169,4,0,nan,nan,nan,nan,-0.360938,0.0663225,-0.0117183,1.60963,6.18213,32,27,rc,1.169,1.79069e+09,-3.49658,43,-0.00348149
1.17,4,0,nan,nan,nan,nan,-0.360938,0.0663225,0.00532648,1.60963,6.18213,32,27,rc,1.17,1.79069e+09,-3.37251,43,-0.00350595
1.171,4,0,nan,nan,nan,nan,-0.496289,0.0488692,0.0149142,1.60972,6.18213,32,27,rc,1.171,1.79069e+09,-3.39507,43,-0.00352306
1.172,4,0,nan,nan,nan,nan,-0.496289,0.0488692,-0.0202406,1.60972,6.18213,32,27,rc,1.172,1.79069e+09,-3.53042,43,-0.00352343
1.173,4,0,nan,nan,nan,nan,-0.597803,-0.0453786,-0.0191753,1.60972,6.18213,32,27,rc,1.173,1.79069e+09,-3.49658,43,-0.0034974
1.174,4,0,nan,nan,nan,nan,-0.597803,-0.0453786,-0.0191753,1.60972,6.18213,32,27,rc,1.174,1.79069e+09,-3.47402,43,-0.00347872
1.175,4,0,nan,nan,nan,nan,-0.451172,-0.0418879,-0.0159795,1.60953,6.18213,32,27,rc,1.175,1.79069e+09,-3.46274,43,-0.00347996
1.176,4,0,nan,nan,nan,nan,-0.451172,-0.0418879,0.0117183,1.60953,6.18213,32,27,rc,1.176,1.79069e+09,-3.49658,43,-0.0034935
1.177,4,0,nan,nan,nan,nan,-0.48501,0.0680678,0.01811,1.60963,6.18213,32,27,rc,1.177,1.79069e+09,-3.55298,43,-0.00349136
1.178,4,0,nan,nan,nan,nan,-0.48501,0.0680678,0.00745708,1.60963,6.18213,32,27,rc,1.178,1.79069e+09,-3.53042,43,-0.00349685
1.179,4,0,nan,nan,nan,nan,-0.665479,0.0296706,0.00426119,1.60972,6.18213,32,27,rc,1.179,1.79069e+09,-3.50786,43,-0.00350619
1.18,4,0,nan,nan,nan,nan,-0.665479,0.0296706,-0.0138489,1.60972,6.18213,32,27,rc,1.18,1.79069e+09,-3.37251,43,-0.00349854
1.181,4,0,nan,nan,nan,nan,-0.48501,-0.0855211,-0.0010653,1.60963,6.18213,32,27,rc,1.181,1.79069e+09,-3.49658,43,-0.00349332
1.182,4,0,nan,nan,nan,nan,-0.48501,-0.0855211,0.0159795,1.60963,6.18213,32,27,rc,1.182,1.79069e+09,-3.50786,43,-0.00351639
1.183,4,0,nan,nan,nan,nan,-0.518848,-0.0279253,0.0245018,1.60953,6.18213,32,27,rc,1.183,1.79069e+09,-3.37251,43,-0.00351704
1.184,4,0,nan,nan,nan,nan,-0.518848,-0.0279253,5.21845e-19,1.60953,6.18213,32,27,rc,1.184,1.79069e+09,-3.40635,43,-0.0035109
1.185,4,0,nan,nan,nan,nan,-0.597803,0.0436332,-0.0202406,1.60963,6.18213,32,27,rc,1.185,1.79069e+09,-3.51914,43,-0.00352854
1.186,4,0,nan,nan,nan,nan,-0.597803,0.0436332,-1.696e-18,1.60963,6.18213,32,27,rc,1.186,1.79069e+09,-3.50786,43,-0.00350917
1.187,4,0,nan,nan,nan,nan,-0.48501,0,-0.00426119,1.60963,6.18213,32,27,rc,1.187,1.79069e+09,-3.49658,43,-0.00350128
1.188,4,0,nan,nan,nan,nan,-0.48501,0,-0.00852238,1.60963,6.18213,32,27,rc,1.188,1.79069e+09,-3.47402,43,-0.0035233
1.189,4,0,nan,nan,nan,nan,-0.496289,-0.00872665,0.00426119,1.60963,6.18213,32,27,rc,1.189,1.79069e+09,-3.49658,43,-0.00354142
1.19,4,0,nan,nan,nan,nan,-0.496289,-0.00872665,0.0223712,1.60963,6.18213,32,27,rc,1.19,1.79069e+09,-3.5417,43,-0.00354101
1.191,4,0,nan,nan,nan,nan,-0.394775,0,-0.0149142,1.60963,6.18213,32,27,rc,1.191,1.79069e+09,-3.55298,43,-0.0035234
1.192,4,0,nan,nan,nan,nan,-0.394775,0,-0.0149142,1.60963,6.18213,32,27,rc,1.192,1.79069e+09,-3.53042,43,-0.00351332
1.193,4,0,nan,nan,nan,nan,-0.64292,0.00698132,0.00532648,1.60963,6.18213,32,27,rc,1.193,1.79069e+09,-3.36123,43,-0.00350655
1.194,4,0,nan,nan,nan,nan,-0.64292,0.00698132,0.00639178,1.60963,6.18213,32,27,rc,1.194,1.79069e+09,-3.36123,43,-0.0034917
1.195,4,0,nan,nan,nan,nan,-0.383496,-0.0349066,-0.00745708,1.60953,6.18213,32,27,rc,1.195,1.79069e+09,-3.37251,43,-0.00347874
1.196,4,0,nan,nan,nan,nan,-0.383496,-0.0349066,-0.00426119,1.60953,6.18213,32,27,rc,1.196,1.79069e+09,-3.49658,43,-0.00349159
1.197,4,0,nan,nan,nan,nan,-0.530127,0.020944,0.0191753,1.60963,6.18213,32,27,rc,1.197,1.79069e+09,-3.50786,43,-0.00349953
1.198,4,0,nan,nan,nan,nan,-0.530127,0.020944,0.00319589,1.60963,6.18213,32,27,rc,1.198,1.79069e+09,-3.39507,43,-0.00350372
1.199,4,0,nan,nan,nan,nan,-0.439893,0,-0.00958767,1.60963,6.18213,32,27,rc,1.199,1.79069e+09,-3.37251,43,-0.00351027
1.2,4,0,nan,nan,nan,nan,-0.439893,0,-0.00319589,1.60963,6.18213,32,27,rc,1.2,1.79069e+09,-3.39507,43,-0.00350142
1.201,4,0,nan,nan,nan,nan,-0.631641,0,-0.00426119,1.60963,6.18213,32,27,rc,1.201,1.79069e+09,-3.38379,43,-0.00349229
1.202,4,0,nan,nan,nan,nan,-0.631641,0,-0.00213059,1.60963,6.18213,32,27,rc,1.202,1.79069e+09,-3.36123,43,-0.00348933
1.203,4,0,nan,nan,nan,nan,-0.586523,0,0.00319589,1.60963,6.18213,32,27,rc,1.203,1.79069e+09,-3.39507,43,-0.00348836
1.204,4,0,nan,nan,nan,nan,-0.586523,0,0.010653,1.60963,6.18213,32,27,rc,1.204,1.79069e+09,-3.39507,43,-0.00350069
1.205,4,0,nan,nan,nan,nan,-0.575244,0,0.010653,1.60963,6.18213,32,27,rc,1.205,1.79069e+09,-3.37251,43,-0.00350813
1.206,4,0,nan,nan,nan,nan,-0.575244,0,0.00213059,1.60963,6.18213,32,27,rc,1.206,1.79069e+09,-3.39507,43,-0.00350116
1.207,4,0,nan,nan,nan,nan,-0.541406,0,-0.0202406,1.60963,6.18213,32,27,rc,1.207,1.79069e+09,-3.37251,43,-0.00349608
1.208,4,0,nan,nan,nan,nan,-0.541406,0,-0.0191753,1.60963,6.18213,32,27,rc,1.208,1.79069e+09,-3.37251,43,-0.00349009
1.209,4,0,nan,nan,nan,nan,-0.507568,-0.0244346,0.01811,1.60953,6.18213,32,27,rc,1.209,1.79069e+09,-3.39507,43,-0.00348055
1.21,4,0,nan,nan,nan,nan,-0.507568,-0.0244346,0.0245018,1.60953,6.18213,32,27,rc,1.21,1.79069e+09,-3.36123,43,-0.003502
1.211,4,0,nan,nan,nan,nan,-0.518848,-0.00349066,0.00745708,1.60953,6.18213,32,27,rc,1.211,1.79069e+09,-3.34995,43,-0.00351713
1.212,4,0,nan,nan,nan,nan,-0.518848,-0.00349066,-8.47998e-19,1.60953,6.18213,32,27,rc,1.212,1.79069e+09,-3.40635,43,-0.00351837
1.213,4,0,nan,nan,nan,nan,-0.64292,0.0279253,0.00532648,1.60963,6.18213,32,27,rc,1.213,1.79069e+09,-3.37251,43,-0.00351121
1.214,4,0,nan,nan,nan,nan,-0.64292,0.0279253,-0.0191753,1.60963,6.18213,32,27,rc,1.214,1.79069e+09,-3.36123,43,-0.00349115
1.215,4,0,nan,nan,nan,nan,-0.597803,-0.0680678,-0.00426119,1.60953,6.18213,32,27,rc,1.215,1.79069e+09,-3.34995,43,-0.00349056
1.216,4,0,nan,nan,nan,nan,-0.597803,-0.0680678,-0.00426119,1.60953,6.18213,32,27,rc,1.216,1.79069e+09,-3.49658,43,-0.00352338
1.217,4,0,nan,nan,nan,nan,-0.507568,-0.00174533,-0.0149142,1.60953,6.18213,32,27,rc,1.217,1.79069e+09,-3.39507,43,-0.00355157
1.218,4,0,nan,nan,nan,nan,-0.507568,-0.00174533,0.00958767,1.60953,6.18213,32,27,rc,1.218,1.79069e+09,-3.40635,43,-0.00354019
1.219,4,0,nan,nan,nan,nan,-0.451172,0.0645772,0.0223712,1.60963,6.18213,32,27,rc,1.219,1.79069e+09,-3.40635,43,-0.0035236
1.22,4,0,nan,nan,nan,nan,-0.451172,0.0645772,0.00639178,1.60963,6.18213,32,27,rc,1.22,1.79069e+09,-3.34995,43,-0.00353186
1.221,4,0,nan,nan,nan,nan,-0.64292,0.00174533,-0.00532648,1.60972,6.18213,32,27,rc,1.221,1.79069e+09,-3.36123,43,-0.00351995
1.222,4,0,nan,nan,nan,nan,-0.64292,0.00174533,0.00213059,1.60972,6.18213,32,27,rc,1.222,1.79069e+09,-3.39507,43,-0.00349558
1.223,4,0,nan,nan,nan,nan,-0.507568,-0.0750492,0.00852238,1.60953,6.18213,32,27,rc,1.223,1.79069e+09,-3.38379,43,-0.00349622
1.224,4,0,nan,nan,nan,nan,-0.507568,-0.0750492,-9.13229e-19,1.60953,6.18213,32,27,rc,1.224,1.79069e+09,-3.36123,43,-0.00349339
1.225,4,0,nan,nan,nan,nan,-0.530127,0,0.0234365,1.60953,6.18213,32,27,rc,1.225,1.79069e+09,-3.38379,43,-0.00349722
1.226,4,0,nan,nan,nan,nan,-0.530127,0,0.0266324,1.60953,6.18213,32,27,rc,1.226,1.79069e+09,-3.36123,43,-0.00351565
1.227,4,0,nan,nan,nan,nan,-0.507568,0.0261799,-0.00213059,1.60953,6.18213,32,27,rc,1.227,1.79069e+09,-3.37251,43,-0.0035037
1.228,4,0,nan,nan,nan,nan,-0.507568,0.0261799,-0.0159795,1.60953,6.18213,32,27,rc,1.228,1.79069e+09,-3.38379,43,-0.00350224
1.229,4,0,nan,nan,nan,nan,-0.834668,0.00523599,-0.0276977,1.60963,6.18213,32,27,rc,1.229,1.79069e+09,-3.34995,43,-0.00350678
1.23,4,0,nan,nan,nan,nan,-0.834668,0.00523599,0.00426119,1.60963,6.18213,32,27,rc,1.23,1.79069e+09,-3.36123,43,-0.00352152
1.231,4,0,nan,nan,nan,nan,-0.518848,-0.0453786,0.00426119,1.60953,6.18213,32,27,rc,1.231,1.79069e+09,-3.39507,43,-0.00351838
1.232,4,0,nan,nan,nan,nan,-0.518848,-0.0453786,-0.0127836,1.60953,6.18213,32,27,rc,1.232,1.79069e+09,-3.39507,43,-0.00352519
1.233,4,0,nan,nan,nan,nan,-0.530127,0.0383972,-0.0117183,1.60953,6.18213,32,27,rc,1.233,1.79069e+09,-3.39507,43,-0.00352854
1.234,4,0,nan,nan,nan,nan,-0.530127,0.0383972,-1.04369e-18,1.60953,6.18213,32,27,rc,1.234,1.79069e+09,-3.40635,43,-0.00351048
1.235,4,0,nan,nan,nan,nan,-0.394775,0.0174533,-0.00745708,1.60963,6.18213,32,27,rc,1.235,1.79069e+09,-3.37251,43,-0.00351126
1.236,4,0,nan,nan,nan,nan,-0.394775,0.0174533,-0.00639178,1.60963,6.18213,32,27,rc,1.236,1.79069e+09,-3.37251,43,-0.00353488
1.237,4,0,nan,nan,nan,nan,-0.451172,0,-0.00958767,1.60963,6.18213,32,27,rc,1.237,1.79069e+09,-3.39507,43,-0.00353918
1.238,4,0,nan,nan,nan,nan,-0.451172,0,-0.0010653,1.60963,6.18213,32,27,rc,1.238,1.79069e+09,-3.41763,43,-0.00353871
1.239,4,0,nan,nan,nan,nan,-0.530127,-0.0226893,0.0191753,1.60953,6.18213,32,27,rc,1.239,1.79069e+09,-3.53042,43,-0.00355211
1.24,4,0,nan,nan,nan,nan,-0.530127,-0.0226893,0.00532648,1.60953,6.18213,32,27,rc,1.24,1.79069e+09,-3.36123,43,-0.00353678
1.241,4,0,nan,nan,nan,nan,-0.575244,0,-0.0010653,1.60953,6.18213,32,27,rc,1.241,1.79069e+09,-3.39507,43,-0.00350063
1.242,4,0,nan,nan,nan,nan,-0.575244,0,-0.0127836,1.60953,6.18213,32,27,rc,1.242,1.79069e+09,-3.34995,43,-0.00351051
1.243,4,0,nan,nan,nan,nan,-0.48501,0,-0.00532648,1.60953,6.18213,32,27,rc,1.243,1.79069e+09,-3.36123,43,-0.00351203
1.244,4,0,nan,nan,nan,nan,-0.48501,0,0.0223712,1.60953,6.18213,32,27,rc,1.244,1.79069e+09,-3.40635,43,-0.00352208
1.245,4,0,nan,nan,nan,nan,-0.394775,0,-0.00958767,1.60953,6.18213,32,27,rc,1.245,1.79069e+09,-3.39507,43,-0.00353423
1.246,4,0,nan,nan,nan,nan,-0.394775,0,-0.0170448,1.60953,6.18213,32,27,rc,1.246,1.79069e+09,-3.40635,43,-0.00354954
1.247,4,0,nan,nan,nan,nan,-0.778271,0,-0.010653,1.60953,6.18213,32,27,rc,1.247,1.79069e+09,-3.39507,43,-0.00354886
1.248,4,0,nan,nan,nan,nan,-0.778271,0,0.00532648,1.60953,6.18213,32,27,rc,1.248,1.79069e+09,-3.39507,43,-0.00353936
1.249,4,0,nan,nan,nan,nan,-0.496289,-0.0261799,-0.0202406,1.60953,6.18213,32,27,rc,1.249,1.79069e+09,-3.37251,43,-0.00352316
1.25,4,0,nan,nan,nan,nan,-0.496289,-0.0261799,-0.00852238,1.60953,6.18213,32,27,rc,1.25,1.79069e+09,-3.37251,43,-0.0035222
1.251,4,0,nan,nan,nan,nan,-0.507568,0.0226893,-0.00213059,1.60953,6.18213,32,27,rc,1.251,1.79069e+09,-3.38379,43,-0.0035156
1.252,4,0,nan,nan,nan,nan,-0.507568,0.0226893,1.10892e-18,1.60953,6.18213,32,27,rc,1.252,1.79069e+09,-3.51914,43,-0.00352417
1.253,4,0,nan,nan,nan,nan,-0.518848,0,0.00852238,1.60953,6.18213,32,27,rc,1.253,1.79069e+09,-3.36123,43,-0.00355419
1.254,4,0,nan,nan,nan,nan,-0.518848,0,0.0117183,1.60953,6.18213,32,27,rc,1.254,1.79069e+09,-3.38379,43,-0.00354833
1.255,4,0,nan,nan,nan,nan,-0.586523,0,0.010653,1.60953,6.18213,32,27,rc,1.255,1.79069e+09,-3.39507,43,-0.00352305
1.256,4,0,nan,nan,nan,nan,-0.586523,0,0.00426119,1.60953,6.18213,32,27,rc,1.256,1.79069e+09,-3.34995,43,-0.00350309
1.257,4,0,nan,nan,nan,nan,-0.654199,-0.00349066,0.00639178,1.60953,6.18213,32,27,rc,1.257,1.79069e+09,-3.34995,43,-0.00350573
1.258,4,0,nan,nan,nan,nan,-0.654199,-0.00349066,0.0223712,1.60953,6.18213,32,27,rc,1.258,1.79069e+09,-3.36123,43,-0.00352085
1.259,4,0,nan,nan,nan,nan,-0.665479,-0.010472,0.0117183,1.60953,6.18213,32,27,rc,1.259,1.79069e+09,-3.40635,43,-0.00354495
1.26,4,0,nan,nan,nan,nan,-0.665479,-0.010472,-0.0117183,1.60953,6.18213,32,27,rc,1.26,1.79069e+09,-3.39507,43,-0.00355277
1.261,4,0,nan,nan,nan,nan,-0.688037,0,0.00852238,1.60953,6.18213,32,27,rc,1.261,1.79069e+09,-3.40635,43,-0.00353999
1.262,4,0,nan,nan,nan,nan,-0.688037,0,0.00852238,1.60953,6.18213,32,27,rc,1.262,1.79069e+09,-3.37251,43,-0.00352237
1.263,4,0,nan,nan,nan,nan,-0.541406,-0.015708,-0.00213059,1.60953,6.18213,32,27,rc,1.263,1.79069e+09,-3.32739,43,-0.00352665
1.264,4,0,nan,nan,nan,nan,-0.541406,-0.015708,0.00319589,1.60953,6.18213,32,27,rc,1.264,1.79069e+09,-3.34995,43,-0.00351453
1.265,4,0,nan,nan,nan,nan,-0.676758,0.0279253,0.0149142,1.60953,6.18213,32,27,rc,1.265,1.79069e+09,-3.37251,43,-0.00352996
1.266,4,0,nan,nan,nan,nan,-0.676758,0.0279253,0.0255671,1.60953,6.18213,32,27,rc,1.266,1.79069e+09,-3.5417,43,-0.00355043
1.267,4,0,nan,nan,nan,nan,-0.631641,0,0.0149142,1.60953,6.18213,32,27,rc,1.267,1.79069e+09,-3.53042,43,-0.00354816
1.268,4,0,nan,nan,nan,nan,-0.631641,0,-0.010653,1.60953,6.18213,32,27,rc,1.268,1.79069e+09,-3.40635,43,-0.00355146
1.269,4,0,nan,nan,nan,nan,-0.823389,-0.0261799,-0.010653,1.60953,6.18213,32,27,rc,1.269,1.79069e+09,-3.53042,43,-0.00355413
1.27,4,0,nan,nan,nan,nan,-0.823389,-0.0261799,0.0202406,1.60953,6.18213,32,27,rc,1.27,1.79069e+09,-3.39507,43,-0.00353904
1.271,4,0,nan,nan,nan,nan,-0.575244,-0.0174533,0.0276977,1.60943,6.18213,32,27,rc,1.271,1.79069e+09,-3.50786,43,-0.00353359
1.272,4,0,nan,nan,nan,nan,-0.575244,-0.0174533,-0.00532648,1.60943,6.18213,32,27,rc,1.272,1.79069e+09,-3.37251,43,-0.00354518
1.273,4,0,nan,nan,nan,nan,-0.812109,0.0418879,-0.0149142,1.60953,6.18213,32,27,rc,1.273,1.79069e+09,-3.53042,43,-0.00354576
1.274,4,0,nan,nan,nan,nan,-0.812109,0.0418879,-0.00532648,1.60953,6.18213,32,27,rc,1.274,1.79069e+09,-3.55298,43,-0.00353401
1.275,4,0,nan,nan,nan,nan,-0.586523,0,0.00958767,1.60953,6.18213,32,27,rc,1.275,1.79069e+09,-3.39507,43,-0.00353994
1.276,4,0,nan,nan,nan,nan,-0.586523,0,-0.0255671,1.60953,6.18213,32,27,rc,1.276,1.79069e+09,-3.4853,43,-0.00354316
1.277,4,0,nan,nan,nan,nan,-0.563965,0,-0.00958767,1.60953,6.18213,32,27,rc,1.277,1.79069e+09,-3.53042,43,-0.00353597
1.278,4,0,nan,nan,nan,nan,-0.563965,0,5.21845e-19,1.60953,6.18213,32,27,rc,1.278,1.79069e+09,-3.38379,43,-0.0035346
1.279,4,0,nan,nan,nan,nan,-0.439893,0.0279253,0.00639178,1.60953,6.18213,32,27,rc,1.279,1.79069e+09,-3.5417,43,-0.00354736
1.28,4,0,nan,nan,nan,nan,-0.439893,0.0279253,0.010653,1.60953,6.18213,32,27,rc,1.28,1.79069e+09,-3.56426,43,-0.00355187
1.281,4,0,nan,nan,nan,nan,-0.563965,0.0226893,0.010653,1.60963,6.18213,32,27,rc,1.281,1.79069e+09,-3.39507,43,-0.00355376
1.282,4,0,nan,nan,nan,nan,-0.563965,0.0226893,-0.0159795,1.60963,6.18213,32,27,rc,1.282,1.79069e+09,-3.39507,43,-0.00355103
1.283,4,0,nan,nan,nan,nan,-0.654199,-0.0244346,-0.0170448,1.60953,6.18213,32,27,rc,1.283,1.79069e+09,-3.39507,43,-0.00353615
1.284,4,0,nan,nan,nan,nan,-0.654199,-0.0244346,0.00532648,1.60953,6.18213,32,27,rc,1.284,1.79069e+09,-3.53042,43,-0.00352896
1.285,4,0,nan,nan,nan,nan,-0.507568,-0.0349066,0.00958767,1.60943,6.18213,32,27,rc,1.285,1.79069e+09,-3.51914,43,-0.00354429
1.286,4,0,nan,nan,nan,nan,-0.507568,-0.0349066,0.00639178,1.60943,6.18213,32,27,rc,1.286,1.79069e+09,-3.53042,43,-0.00355307
1.287,4,0,nan,nan,nan,nan,-0.654199,0.015708,-0.00958767,1.60953,6.18213,32,27,rc,1.287,1.79069e+09,-3.55298,43,-0.00353329
1.288,4,0,nan,nan,nan,nan,-0.654199,0.015708,-0.00319589,1.60953,6.18213,32,27,rc,1.288,1.79069e+09,-3.37251,43,-0.00352567
1.289,4,0,nan,nan,nan,nan,-0.665479,0.00349066,-0.00319589,1.60953,6.18213,32,27,rc,1.289,1.79069e+09,-3.47402,43,-0.00352117
1.29,4,0,nan,nan,nan,nan,-0.665479,0.00349066,-0.0191753,1.60953,6.18213,32,27,rc,1.29,1.79069e+09,-3.50786,43,-0.00350001
1.291,4,0,nan,nan,nan,nan,-0.586523,-0.020944,-0.010653,1.60943,6.18213,32,27,rc,1.291,1.79069e+09,-3.51914,43,-0.00351451
1.292,4,0,nan,nan,nan,nan,-0.586523,-0.020944,0.00852238,1.60943,6.18213,32,27,rc,1.292,1.79069e+09,-3.49658,43,-0.00353651
1.293,4,0,nan,nan,nan,nan,-0.496289,0,0.0170448,1.60943,6.18213,32,27,rc,1.293,1.79069e+09,-3.55298,43,-0.00354972
1.294,4,0,nan,nan,nan,nan,-0.496289,0,0.00532648,1.60943,6.18213,32,27,rc,1.294,1.79069e+09,-3.58682,43,-0.00354594
1.295,4,0,nan,nan,nan,nan,-0.64292,0.0296706,-0.00639178,1.60953,6.18213,32,27,rc,1.295,1.79069e+09,-3.55298,43,-0.00352389
1.296,4,0,nan,nan,nan,nan,-0.64292,0.0296706,-1.04369e-18,1.60953,6.18213,32,27,rc,1.296,1.79069e+09,-3.53042,43,-0.00350757
1.297,4,0,nan,nan,nan,nan,-0.620361,-0.0226893,-0.00319589,1.60953,6.18213,32,27,rc,1.297,1.79069e+09,-3.50786,43,-0.00349481
1.298,4,0,nan,nan,nan,nan,-0.620361,-0.0226893,-0.00958767,1.60953,6.18213,32,27,rc,1.298,1.79069e+09,-3.5417,43,-0.00350746
1.299,4,0,nan,nan,nan,nan,-0.620361,-0.0261799,0.00213059,1.60943,6.18213,32,27,rc,1.299,1.79069e+09,-3.53042,43,-0.00351408
1.3,4,0,nan,nan,nan,nan,-0.620361,-0.0261799,0.00213059,1.60943,6.18213,32,27,rc,1.3,1.79069e+09,-3.55298,43,-0.00352049
1.301,4,0,nan,nan,nan,nan,-0.563965,0.0122173,0.0159795,1.60943,6.18213,32,27,rc,1.301,1.79069e+09,-3.50786,43,-0.00353036
1.302,4,0,nan,nan,nan,nan,-0.563965,0.0122173,0.0127836,1.60943,6.18213,32,27,rc,1.302,1.79069e+09,-3.53042,43,-0.00353257
1.303,4,0,nan,nan,nan,nan,-0.597803,0.0226893,-0.0010653,1.60953,6.18213,32,27,rc,1.303,1.79069e+09,-3.53042,43,-0.00353482
1.304,4,0,nan,nan,nan,nan,-0.597803,0.0226893,0.00958767,1.60953,6.18213,32,27,rc,1.304,1.79069e+09,-3.49658,43,-0.00352761
1.305,4,0,nan,nan,nan,nan,-0.699316,-0.00349066,0.0223712,1.60953,6.18213,32,27,rc,1.305,1.79069e+09,-3.55298,43,-0.00353652
1.306,4,0,nan,nan,nan,nan,-0.699316,-0.00349066,0.0117183,1.60953,6.18213,32,27,rc,1.306,1.79069e+09,-3.5417,43,-0.00353429
1.307,4,0,nan,nan,nan,nan,-0.710596,-0.0488692,-0.0149142,1.60943,6.18213,32,27,rc,1.307,1.79069e+09,-3.56426,43,-0.0035483
1.308,4,0,nan,nan,nan,nan,-0.710596,-0.0488692,-0.0159795,1.60943,6.18213,32,27,rc,1.308,1.79069e+09,-3.5417,43,-0.00354733
1.309,4,0,nan,nan,nan,nan,-0.755713,0,0.00532648,1.60943,6.18213,32,27,rc,1.309,1.79069e+09,-3.55298,43,-0.00352015
1.31,4,0,nan,nan,nan,nan,-0.755713,0,0.00639178,1.60943,6.18213,32,27,rc,1.31,1.79069e+09,-3.5417,43,-0.0035021
1.311,4,0,nan,nan,nan,nan,-0.541406,0.0366519,0.010653,1.60943,6.18213,32,27,rc,1.311,1.79069e+09,-3.50786,43,-0.00350626
1.312,4,0,nan,nan,nan,nan,-0.541406,0.0366519,0.0010653,1.60943,6.18213,32,27,rc,1.312,1.79069e+09,-3.50786,43,-0.00352883
1.313,4,0,nan,nan,nan,nan,-0.631641,0.0331613,0.00319589,1.60953,6.18213,32,27,rc,1.313,1.79069e+09,-3.53042,43,-0.00354098
1.314,4,0,nan,nan,nan,nan,-0.631641,0.0331613,-0.00213059,1.60953,6.18213,32,27,rc,1.314,1.79069e+09,-3.56426,43,-0.0035492
1.315,4,0,nan,nan,nan,nan,-0.586523,-0.0191986,-2.60922e-19,1.60953,6.18213,32,27,rc,1.315,1.79069e+09,-3.5417,43,-0.00355592
1.316,4,0,nan,nan,nan,nan,-0.586523,-0.0191986,-0.0010653,1.60953,6.18213,32,27,rc,1.316,1.79069e+09,-3.45146,43,-0.00354314
1.317,4,0,nan,nan,nan,nan,-0.575244,-0.0226893,-0.00319589,1.60943,6.18213,32,27,rc,1.317,1.79069e+09,-3.5417,43,-0.00352049
1.318,4,0,nan,nan,nan,nan,-0.575244,-0.0226893,-0.00639178,1.60943,6.18213,32,27,rc,1.318,1.79069e+09,-3.49658,43,-0.00352369
1.319,4,0,nan,nan,nan,nan,-0.597803,0,0.0319589,1.60943,6.18213,32,27,rc,1.319,1.79069e+09,-3.4853,43,-0.00353308
1.32,4,0,nan,nan,nan,nan,-0.597803,0,0.00532648,1.60943,6.18213,32,27,rc,1.32,1.79069e+09,-3.55298,43,-0.00355136
1.321,4,0,nan,nan,nan,nan,-0.575244,0.010472,-0.0138489,1.60943,6.18213,32,27,rc,1.321,1.79069e+09,-3.58682,43,-0.00353232
1.322,4,0,nan,nan,nan,nan,-0.575244,0.010472,-0.0010653,1.60943,6.18213,32,27,rc,1.322,1.79069e+09,-3.55298,43,-0.00352671
1.323,4,0,nan,nan,nan,nan,-0.620361,0,-0.0138489,1.60953,6.18213,32,27,rc,1.323,1.79069e+09,-3.50786,43,-0.00352076
1.324,4,0,nan,nan,nan,nan,-0.620361,0,-0.00426119,1.60953,6.18213,32,27,rc,1.324,1.79069e+09,-3.50786,43,-0.00350932
1.325,4,0,nan,nan,nan,nan,-0.609082,-0.0191986,1.17415e-18,1.60943,6.18213,32,27,rc,1.325,1.79069e+09,-3.4853,43,-0.00350974
1.326,4,0,nan,nan,nan,nan,-0.609082,-0.0191986,0.0010653,1.60943,6.18213,32,27,rc,1.326,1.79069e+09,-3.50786,43,-0.00353548
1.327,4,0,nan,nan,nan,nan,-0.563965,0,0.01811,1.60943,6.18213,32,27,rc,1.327,1.79069e+09,-3.56426,43,-0.00354044
1.328,4,0,nan,nan,nan,nan,-0.563965,0,-0.0138489,1.60943,6.18213,32,27,rc,1.328,1.79069e+09,-3.5417,43,-0.00354775
1.329,4,0,nan,nan,nan,nan,-0.597803,0.0174533,-0.01811,1.60943,6.18213,32,27,rc,1.329,1.79069e+09,-3.49658,43,-0.00355908
1.33,4,0,nan,nan,nan,nan,-0.597803,0.0174533,0.0149142,1.60943,6.18213,32,27,rc,1.33,1.79069e+09,-3.53042,43,-0.00356394
1.331,4,0,nan,nan,nan,nan,-0.47373,0,0.0010653,1.60943,6.18213,32,27,rc,1.331,1.79069e+09,-3.5417,43,-0.00354547
1.332,4,0,nan,nan,nan,nan,-0.47373,0,-0.00745708,1.60943,6.18213,32,27,rc,1.332,1.79069e+09,-3.55298,43,-0.00352738
1.333,4,0,nan,nan,nan,nan,-0.688037,0,0.0117183,1.60943,6.18213,32,27,rc,1.333,1.79069e+09,-3.51914,43,-0.00354294
1.334,4,0,nan,nan,nan,nan,-0.688037,0,-0.00213059,1.60943,6.18213,32,27,rc,1.334,1.79069e+09,-3.55298,43,-0.00355495
1.335,4,0,nan,nan,nan,nan,-0.563965,-0.0226893,-0.010653,1.60943,6.18213,32,27,rc,1.335,1.79069e+09,-3.4853,43,-0.00355464
1.336,4,0,nan,nan,nan,nan,-0.563965,-0.0226893,0.00426119,1.60943,6.18213,32,27,rc,1.336,1.79069e+09,-3.55298,43,-0.00353006
1.337,4,0,nan,nan,nan,nan,-0.586523,0,-0.00745708,1.60943,6.18213,32,27,rc,1.337,1.79069e+09,-3.53042,43,-0.0035296
1.338,4,0,nan,nan,nan,nan,-0.586523,0,-0.0127836,1.60943,6.18213,32,27,rc,1.338,1.79069e+09,-3.51914,43,-0.00352797
1.339,4,0,nan,nan,nan,nan,-0.620361,0,0.00745708,1.60943,6.18213,32,27,rc,1.339,1.79069e+09,-3.51914,43,-0.00352925
1.34,4,0,nan,nan,nan,nan,-0.620361,0,1.04369e-18,1.60943,6.18213,32,27,rc,1.34,1.79069e+09,-3.49658,43,-0.00355444
1.341,4,0,nan,nan,nan,nan,-0.518848,0,-0.0127836,1.60943,6.18213,32,27,rc,1.341,1.79069e+09,-3.5417,43,-0.00354721
1.342,4,0,nan,nan,nan,nan,-0.518848,0,0.00745708,1.60943,6.18213,32,27,rc,1.342,1.79069e+09,-3.53042,43,-0.00354382
1.343,4,0,nan,nan,nan,nan,-0.451172,0,-0.010653,1.60943,6.18213,32,27,rc,1.343,1.79069e+09,-3.46274,43,-0.00352869
1.344,4,0,nan,nan,nan,nan,-0.451172,0,-0.01811,1.60943,6.18213,32,27,rc,1.344,1.79069e+09,-3.51914,43,-0.0035072
1.345,4,0,nan,nan,nan,nan,-0.518848,0,0.010653,1.60943,6.18213,32,27,rc,1.345,1.79069e+09,-3.50786,43,-0.00350502
1.346,4,0,nan,nan,nan,nan,-0.518848,0,0.0170448,1.60943,6.18213,32,27,rc,1.346,1.79069e+09,-3.4853,43,-0.00351247
1.347,4,0,nan,nan,nan,nan,-0.349658,-0.00872665,0.010653,1.60943,6.18213,32,27,rc,1.347,1.79069e+09,-3.4853,43,-0.00353258
1.348,4,0,nan,nan,nan,nan,-0.349658,-0.00872665,0.00319589,1.60943,6.18213,32,27,rc,1.348,1.79069e+09,-3.53042,43,-0.00355295
1.349,4,0,nan,nan,nan,nan,-0.699316,0.0174533,0.00639178,1.60943,6.18213,32,27,rc,1.349,1.79069e+09,-3.5417,43,-0.0035381
1.35,4,0,nan,nan,nan,nan,-0.699316,0.0174533,-0.00213059,1.60943,6.18213,32,27,rc,1.35,1.79069e+09,-3.51914,43,-0.00352472
1.351,4,0,nan,nan,nan,nan,-0.620361,-0.0174533,0.0234365,1.60943,6.18213,32,27,rc,1.351,1.79069e+09,-3.50786,43,-0.00349662
1.352,4,0,nan,nan,nan,nan,-0.620361,-0.0174533,0.00958767,1.60943,6.18213,32,27,rc,1.352,1.79069e+09,-3.50786,43,-0.00349671
1.353,4,0,nan,nan,nan,nan,-0.48501,-0.00872665,-0.0191753,1.60943,6.18213,32,27,rc,1.353,1.79069e+09,-3.4853,43,-0.00351779
1.354,4,0,nan,nan,nan,nan,-0.48501,-0.00872665,-0.0159795,1.60943,6.18213,32,27,rc,1.354,1.79069e+09,-3.53042,43,-0.00354752
1.355,4,0,nan,nan,nan,nan,-0.688037,0.0191986,0.0266324,1.60943,6.18213,32,27,rc,1.355,1.79069e+09,-3.55298,43,-0.00357586
1.356,4,0,nan,nan,nan,nan,-0.688037,0.0191986,0.00745708,1.60943,6.18213,32,27,rc,1.356,1.79069e+09,-3.57554,43,-0.00357048
1.357,4,0,nan,nan,nan,nan,-0.48501,0,-0.00532648,1.60943,6.18213,32,27,rc,1.357,1.79069e+09,-3.51914,43,-0.0035566
1.358,4,0,nan,nan,nan,nan,-0.48501,0,-0.0149142,1.60943,6.18213,32,27,rc,1.358,1.79069e+09,-3.50786,43,-0.00355666
1.359,4,0,nan,nan,nan,nan,-0.631641,0.00523599,-0.00426119,1.60943,6.18213,32,27,rc,1.359,1.79069e+09,-3.51914,43,-0.00355366
1.36,4,0,nan,nan,nan,nan,-0.631641,0.00523599,-0.00958767,1.60943,6.18213,32,27,rc,1.36,1.79069e+09,-3.4853,43,-0.00356351
1.361,4,0,nan,nan,nan,nan,-0.47373,0,-0.00745708,1.60943,6.18213,32,27,rc,1.361,1.79069e+09,-3.55298,43,-0.00357424
1.362,4,0,nan,nan,nan,nan,-0.47373,0,0.00319589,1.60943,6.18213,32,27,rc,1.362,1.79069e+09,-3.5417,43,-0.00355864
1.363,4,0,nan,nan,nan,nan,-0.48501,0.00174533,0.0127836,1.60943,6.18213,32,27,rc,1.363,1.79069e+09,-3.53042,43,-0.00355542
1.364,4,0,nan,nan,nan,nan,-0.48501,0.00174533,0.01811,1.60943,6.18213,32,27,rc,1.364,1.79069e+09,-3.50786,43,-0.00355503
1.365,4,0,nan,nan,nan,nan,-0.575244,0.0122173,-0.00426119,1.60953,6.18213,32,27,rc,1.365,1.79069e+09,-3.53042,43,-0.00353555
1.366,4,0,nan,nan,nan,nan,-0.575244,0.0122173,-0.00213059,1.60953,6.18213,32,27,rc,1.366,1.79069e+09,-3.50786,43,-0.00353167
1.367,4,0,nan,nan,nan,nan,-0.721875,-0.0436332,0.0159795,1.60943,6.18213,32,27,rc,1.367,1.79069e+09,-3.46274,43,-0.00355105
1.368,4,0,nan,nan,nan,nan,-0.721875,-0.0436332,0.0138489,1.60943,6.18213,32,27,rc,1.368,1.79069e+09,-3.53042,43,-0.00357474
1.369,4,0,nan,nan,nan,nan,-0.609082,-0.020944,0.00426119,1.60934,6.18213,32,27,rc,1.369,1.79069e+09,-3.56426,43,-0.00358111
1.37,4,0,nan,nan,nan,nan,-0.609082,-0.020944,-0.00213059,1.60934,6.18213,32,27,rc,1.37,1.79069e+09,-3.53042,43,-0.00354156
1.371,4,0,nan,nan,nan,nan,-0.744434,0.015708,-0.0117183,1.60943,6.18213,32,27,rc,1.371,1.79069e+09,-3.53042,43,-0.00350922
1.372,4,0,nan,nan,nan,nan,-0.744434,0.015708,0.010653,1.60943,6.18213,32,27,rc,1.372,1.79069e+09,-3.46274,43,-0.00352154
1.373,4,0,nan,nan,nan,nan,-0.609082,0,0.00532648,1.60943,6.18213,32,27,rc,1.373,1.79069e+09,-3.50786,43,-0.00355391
1.374,4,0,nan,nan,nan,nan,-0.609082,0,-0.0149142,1.60943,6.18213,32,27,rc,1.374,1.79069e+09,-3.5417,43,-0.00357462
1.375,4,0,nan,nan,nan,nan,-0.688037,0,-0.0127836,1.60943,6.18213,32,27,rc,1.375,1.79069e+09,-3.57554,43,-0.00358139
1.376,4,0,nan,nan,nan,nan,-0.688037,0,-0.00958767,1.60943,6.18213,32,27,rc,1.376,1.79069e+09,-3.53042,43,-0.00357748
1.377,4,0,nan,nan,nan,nan,-0.518848,0,-0.010653,1.60943,6.18213,32,27,rc,1.377,1.79069e+09,-3.53042,43,-0.00356274
1.378,4,0,nan,nan,nan,nan,-0.518848,0,-0.0234365,1.60943,6.18213,32,27,rc,1.378,1.79069e+09,-3.4853,43,-0.00355602
1.379,4,0,nan,nan,nan,nan,-0.518848,0.0453786,-0.00213059,1.60943,6.18213,32,27,rc,1.379,1.79069e+09,-3.53042,43,-0.00356053
1.38,4,0,nan,nan,nan,nan,-0.518848,0.0453786,-0.0127836,1.60943,6.18213,32,27,rc,1.38,1.79069e+09,-3.51914,43,-0.0035684
1.381,4,0,nan,nan,nan,nan,-0.417334,0.0122173,-0.00639178,1.60953,6.18213,32,27,rc,1.381,1.79069e+09,-3.55298,43,-0.00356023
1.382,4,0,nan,nan,nan,nan,-0.417334,0.0122173,0.00852238,1.60953,6.18213,32,27,rc,1.382,1.79069e+09,-3.53042,43,-0.00357694
1.383,4,0,nan,nan,nan,nan,-0.439893,0,0.00745708,1.60953,6.18213,32,27,rc,1.383,1.79069e+09,-3.5417,43,-0.00357076
1.384,4,0,nan,nan,nan,nan,-0.439893,0,0.00319589,1.60953,6.18213,32,27,rc,1.384,1.79069e+09,-3.5417,43,-0.0035623
1.385,4,0,nan,nan,nan,nan,-0.586523,0,0.0010653,1.60953,6.18213,32,27,rc,1.385,1.79069e+09,-3.53042,43,-0.0035644
1.386,4,0,nan,nan,nan,nan,-0.586523,0,0.00319589,1.60953,6.18213,32,27,rc,1.386,1.79069e+09,-3.4853,43,-0.0035609
1.387,4,0,nan,nan,nan,nan,-0.586523,-0.0558505,0.0127836,1.60943,6.18213,32,27,rc,1.387,1.79069e+09,-3.49658,43,-0.00354804
1.388,4,0,nan,nan,nan,nan,-0.586523,-0.0558505,0.010653,1.60943,6.18213,32,27,rc,1.388,1.79069e+09,-3.49658,43,-0.00355086
1.389,4,0,nan,nan,nan,nan,-0.620361,0,0.00639178,1.60943,6.18213,32,27,rc,1.389,1.79069e+09,-3.53042,43,-0.00356828
1.39,4,0,nan,nan,nan,nan,-0.620361,0,-0.0159795,1.60943,6.18213,32,27,rc,1.39,1.79069e+09,-3.5417,43,-0.00354207
1.391,4,0,nan,nan,nan,nan,-0.688037,0.020944,3.91384e-19,1.60943,6.18213,32,27,rc,1.391,1.79069e+09,-3.51914,43,-0.00355006
1.392,4,0,nan,nan,nan,nan,-0.688037,0.020944,0.00426119,1.60943,6.18213,32,27,rc,1.392,1.79069e+09,-3.47402,43,-0.00355167
1.393,4,0,nan,nan,nan,nan,-0.47373,0,-0.0010653,1.60943,6.18213,32,27,rc,1.393,1.79069e+09,-3.53042,43,-0.00354073
1.394,4,0,nan,nan,nan,nan,-0.47373,0,0.0159795,1.60943,6.18213,32,27,rc,1.394,1.79069e+09,-3.56426,43,-0.00352853
1.395,4,0,nan,nan,nan,nan,-0.620361,0.0226893,-0.00639178,1.60943,6.18213,32,27,rc,1.395,1.79069e+09,-3.4853,43,-0.00354273
1.396,4,0,nan,nan,nan,nan,-0.620361,0.0226893,-0.0191753,1.60943,6.18213,32,27,rc,1.396,1.79069e+09,-3.51914,43,-0.00354402
1.397,4,0,nan,nan,nan,nan,-0.676758,-0.00698132,-0.00639178,1.60943,6.18213,32,27,rc,1.397,1.79069e+09,-3.51914,43,-0.00354538
1.398,4,0,nan,nan,nan,nan,-0.676758,-0.00698132,-2.60922e-19,1.60943,6.18213,32,27,rc,1.398,1.79069e+09,-3.51914,43,-0.00354353
1.399,4,0,nan,nan,nan,nan,-0.462451,-0.0174533,0.00958767,1.60943,6.18213,32,27,rc,1.399,1.79069e+09,-3.4853,43,-0.00354143
1.4,4,0,nan,nan,nan,nan,-0.462451,-0.0174533,-0.00532648,1.60943,6.18213,32,27,rc,1.4,1.79069e+09,-3.4853,43,-0.0035212
1.401,4,0,nan,nan,nan,nan,-0.575244,0.0645772,0.00532648,1.60943,6.18213,32,27,rc,1.401,1.79069e+09,-3.53042,43,-0.00353515
1.402,4,0,nan,nan,nan,nan,-0.575244,0.0645772,-0.00319589,1.60943,6.18213,32,27,rc,1.402,1.79069e+09,-3.51914,43,-0.00357377
1.403,4,0,nan,nan,nan,nan,-0.518848,0.00698132,0.00426119,1.60953,6.18213,32,27,rc,1.403,1.79069e+09,-3.55298,43,-0.00357292
1.404,4,0,nan,nan,nan,nan,-0.518848,0.00698132,-0.00745708,1.60953,6.18213,32,27,rc,1.404,1.79069e+09,-3.5417,43,-0.00355853
1.405,4,0,nan,nan,nan,nan,-0.530127,-0.015708,-0.00639178,1.60943,6.18213,32,27,rc,1.405,1.79069e+09,-3.50786,43,-0.00355318
1.406,4,0,nan,nan,nan,nan,-0.530127,-0.015708,0.010653,1.60943,6.18213,32,27,rc,1.406,1.79069e+09,-3.50786,43,-0.00355369
1.407,4,0,nan,nan,nan,nan,-0.518848,-0.00523599,0.0149142,1.60943,6.18213,32,27,rc,1.407,1.79069e+09,-3.4853,43,-0.00354251
1.408,4,0,nan,nan,nan,nan,-0.518848,-0.00523599,0.01811,1.60943,6.18213,32,27,rc,1.408,1.79069e+09,-3.53042,43,-0.00355536
1.409,4,0,nan,nan,nan,nan,-0.631641,0,0.0223712,1.60943,6.18213,32,27,rc,1.409,1.79069e+09,-3.51914,43,-0.00359382
1.41,4,0,nan,nan,nan,nan,-0.631641,0,-0.010653,1.60943,6.18213,32,27,rc,1.41,1.79069e+09,-3.56426,43,-0.00358518
1.411,4,0,nan,nan,nan,nan,-0.744434,-0.0279253,-0.0159795,1.60943,6.18213,32,27,rc,1.411,1.79069e+09,-3.5417,43,-0.00356897
1.412,4,0,nan,nan,nan,nan,-0.744434,-0.0279253,-0.00852238,1.60943,6.18213,32,27,rc,1.412,1.79069e+09,-3.50786,43,-0.00355443
1.413,4,0,nan,nan,nan,nan,-0.530127,-0.00523599,-0.0170448,1.60934,6.18213,32,27,rc,1.413,1.79069e+09,-3.4853,43,-0.00354801
1.414,4,0,nan,nan,nan,nan,-0.530127,-0.00523599,-0.0010653,1.60934,6.18213,32,27,rc,1.414,1.79069e+09,-3.51914,43,-0.00354464
1.415,4,0,nan,nan,nan,nan,-0.428613,0.0558505,0.00319589,1.60943,6.18213,32,27,rc,1.415,1.79069e+09,-3.5417,43,-0.00354052
1.416,4,0,nan,nan,nan,nan,-0.428613,0.0558505,-0.00532648,1.60943,6.18213,32,27,rc,1.416,1.79069e+09,-3.49658,43,-0.00353942
1.417,4,0,nan,nan,nan,nan,-0.575244,0.0191986,0.00319589,1.60953,6.18213,32,27,rc,1.417,1.79069e+09,-3.49658,43,-0.00356613
1.418,4,0,nan,nan,nan,nan,-0.575244,0.0191986,-0.00745708,1.60953,6.18213,32,27,rc,1.418,1.79069e+09,-3.4853,43,-0.00356908
1.419,4,0,nan,nan,nan,nan,-0.518848,-0.0122173,-0.00745708,1.60953,6.18213,32,27,rc,1.419,1.79069e+09,-3.49658,43,-0.00355421
1.42,4,0,nan,nan,nan,nan,-0.518848,-0.0122173,0.010653,1.60953,6.18213,32,27,rc,1.42,1.79069e+09,-3.51914,43,-0.00358676
1.421,4,0,nan,nan,nan,nan,-0.496289,-0.00872665,-0.0010653,1.60943,6.18213,32,27,rc,1.421,1.79069e+09,-3.49658,43,-0.00357384
1.422,4,0,nan,nan,nan,nan,-0.496289,-0.00872665,0.0170448,1.60943,6.18213,32,27,rc,1.422,1.79069e+09,-3.50786,43,-0.00356754
1.423,4,0,nan,nan,nan,nan,-0.665479,0,0.0213059,1.60943,6.18204,32,27,rc,1.423,1.79069e+09,-3.53042,43,-0.00357241
1.424,4,0,nan,nan,nan,nan,-0.665479,0,-0.00958767,1.60943,6.18204,32,27,rc,1.424,1.79069e+09,-3.51914,43,-0.00355138
1.425,4,0,nan,nan,nan,nan,-0.733154,-0.0314159,-0.00532648,1.60943,6.18204,32,27,rc,1.425,1.79069e+09,-3.51914,43,-0.0035326
1.426,4,0,nan,nan,nan,nan,-0.733154,-0.0314159,0.00426119,1.60943,6.18204,32,27,rc,1.426,1.79069e+09,-3.4853,43,-0.00352614
1.427,4,0,nan,nan,nan,nan,-0.586523,-0.0174533,0.0202406,1.60934,6.18204,32,27,rc,1.427,1.79069e+09,-3.46274,43,-0.00354426
1.428,4,0,nan,nan,nan,nan,-0.586523,-0.0174533,0.0170448,1.60934,6.18204,32,27,rc,1.428,1.79069e+09,-3.4853,43,-0.00355553
1.429,4,0,nan,nan,nan,nan,-0.654199,0.0436332,-0.00745708,1.60943,6.18204,32,27,rc,1.429,1.79069e+09,-3.49658,43,-0.00356526
1.43,4,0,nan,nan,nan,nan,-0.654199,0.0436332,0.00958767,1.60943,6.18204,32,27,rc,1.43,1.79069e+09,-3.53042,43,-0.00355657
1.431,4,0,nan,nan,nan,nan,-0.721875,0.00349066,-0.00426119,1.60943,6.18204,32,27,rc,1.431,1.79069e+09,-3.47402,43,-0.00356388
1.432,4,0,nan,nan,nan,nan,-0.721875,0.00349066,-0.00319589,1.60943,6.18204,32,27,rc,1.432,1.79069e+09,-3.49658,43,-0.00355998
1.433,4,0,nan,nan,nan,nan,-0.699316,-0.0436332,0.00319589,1.60934,6.18204,32,27,rc,1.433,1.79069e+09,-3.53042,43,-0.00356426
1.434,4,0,nan,nan,nan,nan,-0.699316,-0.0436332,-0.0149142,1.60934,6.18204,32,27,rc,1.434,1.79069e+09,-3.51914,43,-0.00356301
1.435,4,0,nan,nan,nan,nan,-0.64292,0,0.0170448,1.60934,6.18204,32,27,rc,1.435,1.79069e+09,-3.53042,43,-0.00353713
1.436,4,0,nan,nan,nan,nan,-0.64292,0,0.0010653,1.60934,6.18204,32,27,rc,1.436,1.79069e+09,-3.49658,43,-0.00353169
1.437,4,0,nan,nan,nan,nan,-0.530127,0.0541052,-0.00958767,1.60943,6.18204,32,27,rc,1.437,1.79069e+09,-3.47402,43,-0.0035588
1.438,4,0,nan,nan,nan,nan,-0.530127,0.0541052,-0.0010653,1.60943,6.18204,32,27,rc,1.438,1.79069e+09,-3.36123,43,-0.00354882
1.439,4,0,nan,nan,nan,nan,-0.597803,0.0191986,-0.00958767,1.60953,6.18204,32,27,rc,1.439,1.79069e+09,-3.51914,43,-0.00352928
1.44,4,0,nan,nan,nan,nan,-0.597803,0.0191986,-0.00958767,1.60953,6.18204,32,27,rc,1.44,1.79069e+09,-3.49658,43,-0.00352478
1.441,4,0,nan,nan,nan,nan,-0.586523,-0.0401426,0.00639178,1.60943,6.18204,32,27,rc,1.441,1.79069e+09,-3.49658,43,-0.00351449
1.442,4,0,nan,nan,nan,nan,-0.586523,-0.0401426,0.0191753,1.60943,6.18204,32,27,rc,1.442,1.79069e+09,-3.51914,43,-0.00353732
1.443,4,0,nan,nan,nan,nan,-0.541406,-0.015708,0.0159795,1.60934,6.18204,32,27,rc,1.443,1.79069e+09,-3.37251,43,-0.00355017
1.444,4,0,nan,nan,nan,nan,-0.541406,-0.015708,0.00213059,1.60934,6.18204,32,27,rc,1.444,1.79069e+09,-3.42891,43,-0.00354752
1.445,4,0,nan,nan,nan,nan,-0.609082,0,-0.00745708,1.60934,6.18204,32,27,rc,1.445,1.79069e+09,-3.53042,43,-0.00352385
1.446,4,0,nan,nan,nan,nan,-0.609082,0,-0.00852238,1.60934,6.18204,32,27,rc,1.446,1.79069e+09,-3.49658,43,-0.00352903
1.447,4,0,nan,nan,nan,nan,-0.620361,0,0.00532648,1.60934,6.18204,32,27,rc,1.447,1.79069e+09,-3.50786,43,-0.00353508
1.448,4,0,nan,nan,nan,nan,-0.620361,0,0.0159795,1.60934,6.18204,32,27,rc,1.448,1.79069e+09,-3.5417,43,-0.00353967
1.449,4,0,nan,nan,nan,nan,-0.417334,0,0.0159795,1.60934,6.18204,32,27,rc,1.449,1.79069e+09,-3.55298,43,-0.00353576
1.45,4,0,nan,nan,nan,nan,-0.417334,0,-0.0117183,1.60934,6.18204,32,27,rc,1.45,1.79069e+09,-3.53042,43,-0.00355411
1.451,4,0,nan,nan,nan,nan,-0.597803,0.015708,-0.010653,1.60943,6.18204,32,27,rc,1.451,1.79069e+09,-3.51914,43,-0.00355403
1.452,4,0,nan,nan,nan,nan,-0.597803,0.015708,0.01811,1.60943,6.18204,32,27,rc,1.452,1.79069e+09,-3.51914,43,-0.00353063
1.453,4,0,nan,nan,nan,nan,-0.496289,-0.00523599,0.00532648,1.60934,6.18204,32,27,rc,1.453,1.79069e+09,-3.49658,43,-0.00351783
1.454,4,0,nan,nan,nan,nan,-0.496289,-0.00523599,0.00532648,1.60934,6.18204,32,27,rc,1.454,1.79069e+09,-3.47402,43,-0.00350688
1.455,4,0,nan,nan,nan,nan,-0.631641,0,0.0234365,1.60934,6.18204,32,27,rc,1.455,1.79069e+09,-3.37251,43,-0.00351644
1.456,4,0,nan,nan,nan,nan,-0.631641,0,0.00958767,1.60934,6.18204,32,27,rc,1.456,1.79069e+09,-3.53042,43,-0.00354308
1.457,4,0,nan,nan,nan,nan,-0.654199,-0.0226893,-0.00426119,1.60934,6.18204,32,27,rc,1.457,1.79069e+09,-3.53042,43,-0.00356342
1.458,4,0,nan,nan,nan,nan,-0.654199,-0.0226893,-0.00319589,1.60934,6.18204,32,27,rc,1.458,1.79069e+09,-3.55298,43,-0.00354499
1.459,4,0,nan,nan,nan,nan,-0.721875,0,-0.00745708,1.60934,6.18204,32,27,rc,1.459,1.79069e+09,-3.50786,43,-0.00352114
1.46,4,0,nan,nan,nan,nan,-0.721875,0,-0.0170448,1.60934,6.18204,32,27,rc,1.46,1.79069e+09,-3.49658,43,-0.00350551
1.461,4,0,nan,nan,nan,nan,-0.507568,0,-0.00532648,1.60934,6.18204,32,27,rc,1.461,1.79069e+09,-3.47402,43,-0.00350957
1.462,4,0,nan,nan,nan,nan,-0.507568,0,0.0138489,1.60934,6.18204,32,27,rc,1.462,1.79069e+09,-3.51914,43,-0.00350259
1.463,4,0,nan,nan,nan,nan,-0.496289,0.0244346,-0.0117183,1.60934,6.18204,32,27,rc,1.463,1.79069e+09,-3.5417,43,-0.00352178
1.464,4,0,nan,nan,nan,nan,-0.496289,0.0244346,-0.0234365,1.60934,6.18204,32,27,rc,1.464,1.79069e+09,-3.4853,43,-0.00350441
1.465,4,0,nan,nan,nan,nan,-0.552686,0.00349066,-0.0159795,1.60943,6.18204,32,27,rc,1.465,1.79069e+09,-3.53042,43,-0.00348115
1.466,4,0,nan,nan,nan,nan,-0.552686,0.00349066,-0.00532648,1.60943,6.18204,32,27,rc,1.466,1.79069e+09,-3.47402,43,-0.00346758
1.467,4,0,nan,nan,nan,nan,-0.439893,-0.0314159,-0.0138489,1.60934,6.18204,32,27,rc,1.467,1.79069e+09,-3.4853,43,-0.00346262
1.468,4,0,nan,nan,nan,nan,-0.439893,-0.0314159,0.00532648,1.60934,6.18204,32,27,rc,1.468,1.79069e+09,-3.51914,43,-0.00346709
1.469,4,0,nan,nan,nan,nan,-0.417334,0.0139626,0.0010653,1.60934,6.18204,32,27,rc,1.469,1.79069e+09,-3.39507,43,-0.00346951
1.47,4,0,nan,nan,nan,nan,-0.417334,0.0139626,-0.00532648,1.60934,6.18204,32,27,rc,1.47,1.79069e+09,-3.51914,43,-0.00349382
1.471,4,0,nan,nan,nan,nan,-0.496289,0,-0.0159795,1.60943,6.18204,32,27,rc,1.471,1.79069e+09,-3.51914,43,-0.0034866
1.472,4,0,nan,nan,nan,nan,-0.496289,0,0.0127836,1.60943,6.18204,32,27,rc,1.472,1.79069e+09,-3.5417,43,-0.00345975
1.473,4,0,nan,nan,nan,nan,-0.428613,-0.020944,0.010653,1.60934,6.18204,32,27,rc,1.473,1.79069e+09,-3.34995,43,-0.00345294
1.474,4,0,nan,nan,nan,nan,-0.428613,-0.020944,-0.00639178,1.60934,6.18204,32,27,rc,1.474,1.79069e+09,-3.49658,43,-0.00344919
1.475,4,0,nan,nan,nan,nan,-0.575244,-0.00872665,-0.00426119,1.60934,6.18204,32,27,rc,1.475,1.79069e+09,-3.36123,43,-0.00346193
1.476,4,0,nan,nan,nan,nan,-0.575244,-0.00872665,0.0010653,1.60934,6.18204,32,27,rc,1.476,1.79069e+09,-3.37251,43,-0.00347308
1.477,4,0,nan,nan,nan,nan,-0.552686,0,0.0202406,1.60934,6.18204,32,27,rc,1.477,1.79069e+09,-3.5417,43,-0.00348753
1.478,4,0,nan,nan,nan,nan,-0.552686,0,0.00426119,1.60934,6.18204,32,27,rc,1.478,1.79069e+09,-3.51914,43,-0.00347023
1.479,4,0,nan,nan,nan,nan,-0.48501,0,-0.00319589,1.60934,6.18204,32,27,rc,1.479,1.79069e+09,-3.50786,43,-0.00346561
1.48,4,0,nan,nan,nan,nan,-0.48501,0,-0.00319589,1.60934,6.18204,32,27,rc,1.48,1.79069e+09,-3.34995,43,-0.00346163
1.481,4,0,nan,nan,nan,nan,-0.518848,0,-0.00958767,1.60934,6.18204,32,27,rc,1.481,1.79069e+09,-3.53042,43,-0.00346205
1.482,4,0,nan,nan,nan,nan,-0.518848,0,0.0202406,1.60934,6.18204,32,27,rc,1.482,1.79069e+09,-3.50786,43,-0.00347119
1.483,4,0,nan,nan,nan,nan,-0.575244,0,-1.43507e-18,1.60934,6.18204,32,27,rc,1.483,1.79069e+09,-3.51914,43,-0.00345367
1.484,4,0,nan,nan,nan,nan,-0.575244,0,-0.00852238,1.60934,6.18204,32,27,rc,1.484,1.79069e+09,-3.38379,43,-0.00344127
1.485,4,0,nan,nan,nan,nan,-0.64292,0,0.00213059,1.60934,6.18204,32,27,rc,1.485,1.79069e+09,-3.34995,43,-0.00344757
1.486,4,0,nan,nan,nan,nan,-0.64292,0,-0.00639178,1.60934,6.18204,32,27,rc,1.486,1.79069e+09,-3.49658,43,-0.00343375
1.487,4,0,nan,nan,nan,nan,-0.451172,-0.0122173,0.00532648,1.60934,6.18204,32,27,rc,1.487,1.79069e+09,-3.50786,43,-0.00343398
1.488,4,0,nan,nan,nan,nan,-0.451172,-0.0122173,0.00319589,1.60934,6.18204,32,27,rc,1.488,1.79069e+09,-3.36123,43,-0.00345352
1.489,4,0,nan,nan,nan,nan,-0.575244,0.0191986,0.0117183,1.60934,6.18204,32,27,rc,1.489,1.79069e+09,-3.37251,43,-0.00347481
1.49,4,0,nan,nan,nan,nan,-0.575244,0.0191986,0.0170448,1.60934,6.18204,32,27,rc,1.49,1.79069e+09,-3.40635,44,-0.00350668
1.491,4,0,nan,nan,nan,nan,-0.48501,0.0174533,0.00639178,1.60943,6.18204,32,27,rc,1.491,1.79069e+09,-3.42891,44,-0.00350537
1.492,4,0,nan,nan,nan,nan,-0.48501,0.0174533,-0.0255671,1.60943,6.18204,32,27,rc,1.492,1.79069e+09,-3.41763,44,-0.00349309
1.493,4,0,nan,nan,nan,nan,-0.721875,-0.0366519,-0.00319589,1.60934,6.18204,32,27,rc,1.493,1.79069e+09,-3.49658,44,-0.00348002
1.494,4,0,nan,nan,nan,nan,-0.721875,-0.0366519,-0.00532648,1.60934,6.18204,32,27,rc,1.494,1.79069e+09,-3.50786,43,-0.00345741
1.495,4,0,nan,nan,nan,nan,-0.293262,-0.015708,0.00213059,1.60934,6.18204,32,27,rc,1.495,1.79069e+09,-3.49658,43,-0.00346085
1.496,4,0,nan,nan,nan,nan,-0.293262,-0.015708,-0.0010653,1.60934,6.18204,32,27,rc,1.496,1.79069e+09,-3.4853,43,-0.00347388
1.497,4,0,nan,nan,nan,nan,-0.439893,0.0767945,-0.00213059,1.60943,6.18204,32,27,rc,1.497,1.79069e+09,-3.40635,43,-0.00348375
1.498,4,0,nan,nan,nan,nan,-0.439893,0.0767945,0.00213059,1.60943,6.18213,32,27,rc,1.498,1.79069e+09,-3.39507,44,-0.00351778
1.499,4,0,nan,nan,nan,nan,-0.428613,0.00523599,0.0170448,1.60943,6.18213,32,27,rc,1.499,1.79069e+09,-3.50786,44,-0.00351826
1.5,4,0,nan,nan,nan,nan,-0.428613,0.00523599,-0.0223712,1.60943,6.18213,32,27,rc,1.5,1.79069e+09,-3.37251,44,-0.00350575
1.501,4,0,nan,nan,nan,nan,-0.575244,-0.0593412,-0.0149142,1.60943,6.18204,32,27,rc,1.501,1.79069e+09,-3.37251,44,-0.00347571
1.502,4,0,nan,nan,nan,nan,-0.575244,-0.0593412,-0.00639178,1.60943,6.18204,32,27,rc,1.502,1.79069e+09,-3.36123,44,-0.0034748
1.503,4,0,nan,nan,nan,nan,-0.3271,-0.0139626,0.0191753,1.60934,6.18204,32,27,rc,1.503,1.79069e+09,-3.51914,44,-0.00350081
1.504,4,0,nan,nan,nan,nan,-0.3271,-0.0139626,0.0202406,1.60934,6.18204,32,27,rc,1.504,1.79069e+09,-3.53042,44,-0.00349547
1.505,4,0,nan,nan,nan,nan,-0.394775,0.0610865,-0.0010653,1.60943,6.18204,32,27,rc,1.505,1.79069e+09,-3.42891,44,-0.00348217
1.506,4,0,nan,nan,nan,nan,-0.394775,0.0610865,-0.00852238,1.60943,6.18204,32,27,rc,1.506,1.79069e+09,-3.36123,44,-0.0034867
1.507,4,0,nan,nan,nan,nan,-0.597803,0.00698132,-0.0149142,1.60943,6.18204,32,27,rc,1.507,1.79069e+09,-3.36123,44,-0.0035029
1.508,4,0,nan,nan,nan,nan,-0.597803,0.00698132,0.0010653,1.60943,6.18204,32,27,rc,1.508,1.79069e+09,-3.37251,44,-0.00351095
1.509,4,0,nan,nan,nan,nan,-0.518848,-0.0750492,3.26153e-19,1.60934,6.18204,32,27,rc,1.509,1.79069e+09,-3.39507,44,-0.0035121
1.51,4,0,nan,nan,nan,nan,-0.518848,-0.0750492,0.00319589,1.60934,6.18204,32,27,rc,1.51,1.79069e+09,-3.37251,44,-0.00351116
1.511,4,0,nan,nan,nan,nan,-0.609082,-0.00349066,0.0159795,1.60934,6.18204,32,27,rc,1.511,1.79069e+09,-3.39507,44,-0.00351684
1.512,4,0,nan,nan,nan,nan,-0.609082,-0.00349066,0.0010653,1.60934,6.18204,32,27,rc,1.512,1.79069e+09,-3.40635,44,-0.00350217
1.513,4,0,nan,nan,nan,nan,-0.620361,0.0331613,0.00426119,1.60934,6.18204,32,27,rc,1.513,1.79069e+09,-3.38379,44,-0.00347464
1.514,4,0,nan,nan,nan,nan,-0.620361,0.0331613,0.00532648,1.60934,6.18204,32,27,rc,1.514,1.79069e+09,-3.36123,44,-0.00346412
1.515,4,0,nan,nan,nan,nan,-0.552686,0,0.0010653,1.60934,6.18204,32,27,rc,1.515,1.79069e+09,-3.32739,44,-0.00347478
1.516,4,0,nan,nan,nan,nan,-0.552686,0,-0.00213059,1.60934,6.18204,32,27,rc,1.516,1.79069e+09,-3.36123,44,-0.00349161
1.517,4,0,nan,nan,nan,nan,-0.530127,-0.0174533,-0.00532648,1.60934,6.18204,32,27,rc,1.517,1.79069e+09,-3.37251,44,-0.00351237
1.518,4,0,nan,nan,nan,nan,-0.530127,-0.0174533,-0.00426119,1.60934,6.18204,32,27,rc,1.518,1.79069e+09,-3.39507,44,-0.00352005
1.519,4,0,nan,nan,nan,nan,-0.631641,-0.00872665,0.00532648,1.60934,6.18204,32,27,rc,1.519,1.79069e+09,-3.39507,44,-0.00351448
1.52,4,0,nan,nan,nan,nan,-0.631641,-0.00872665,-0.00319589,1.60934,6.18204,32,27,rc,1.52,1.79069e+09,-3.37251,44,-0.00349795
1.521,4,0,nan,nan,nan,nan,-0.47373,0.00872665,-0.00426119,1.60934,6.18204,32,27,rc,1.521,1.79069e+09,-3.5417,44,-0.00349504
1.522,4,0,nan,nan,nan,nan,-0.47373,0.00872665,0.00958767,1.60934,6.18204,32,27,rc,1.522,1.79069e+09,-3.36123,44,-0.00350706
1.523,4,0,nan,nan,nan,nan,-0.552686,0,-0.00852238,1.60934,6.18204,32,27,rc,1.523,1.79069e+09,-3.41763,44,-0.00351558
1.524,4,0,nan,nan,nan,nan,-0.552686,0,-0.0149142,1.60934,6.18204,32,27,rc,1.524,1.79069e+09,-3.40635,44,-0.00353116
1.525,4,0,nan,nan,nan,nan,-0.654199,0,0.00852238,1.60934,6.18204,32,27,rc,1.525,1.79069e+09,-3.39507,44,-0.00351524
1.526,4,0,nan,nan,nan,nan,-0.654199,0,0.0138489,1.60934,6.18204,32,27,rc,1.526,1.79069e+09,-3.55298,44,-0.00350744
1.527,4,0,nan,nan,nan,nan,-0.507568,-0.0191986,-0.00852238,1.60934,6.18204,32,27,rc,1.527,1.79069e+09,-3.36123,44,-0.00352087
1.528,4,0,nan,nan,nan,nan,-0.507568,-0.0191986,-0.0010653,1.60934,6.18204,32,27,rc,1.528,1.79069e+09,-3.37251,44,-0.00351286
1.529,4,0,nan,nan,nan,nan,-0.733154,0.010472,9.13229e-19,1.60934,6.18204,32,27,rc,1.529,1.79069e+09,-3.37251,44,-0.00351655
1.53,4,0,nan,nan,nan,nan,-0.733154,0.010472,0.00745708,1.60934,6.18204,32,27,rc,1.53,1.79069e+09,-3.37251,44,-0.00351876
1.531,4,0,nan,nan,nan,nan,-0.609082,0,0.0298283,1.60934,6.18204,32,27,rc,1.531,1.79069e+09,-3.39507,44,-0.00352923
1.532,4,0,nan,nan,nan,nan,-0.609082,0,0.00958767,1.60934,6.18204,32,27,rc,1.532,1.79069e+09,-3.40635,44,-0.003524
1.533,4,0,nan,nan,nan,nan,-0.676758,-0.00872665,-0.0010653,1.60934,6.18204,32,27,rc,1.533,1.79069e+09,-3.51914,44,-0.00351212
1.534,4,0,nan,nan,nan,nan,-0.676758,-0.00872665,0.0117183,1.60934,6.18204,32,27,rc,1.534,1.79069e+09,-3.49658,44,-0.00350497
1.535,4,0,nan,nan,nan,nan,-0.744434,0,-0.00958767,1.60934,6.18204,32,27,rc,1.535,1.79069e+09,-3.4853,44,-0.00349048
1.536,4,0,nan,nan,nan,nan,-0.744434,0,7.82767e-19,1.60934,6.18204,32,27,rc,1.536,1.79069e+09,-3.37251,44,-0.0034988
1.537,4,0,nan,nan,nan,nan,-0.620361,0,-0.0010653,1.60934,6.18204,32,27,rc,1.537,1.79069e+09,-3.34995,44,-0.0035184
1.538,4,0,nan,nan,nan,nan,-0.620361,0,-0.00639178,1.60934,6.18204,32,27,rc,1.538,1.79069e+09,-3.37251,44,-0.00352002
1.539,4,0,nan,nan,nan,nan,-0.676758,0,0.00319589,1.60934,6.18204,32,27,rc,1.539,1.79069e+09,-3.39507,44,-0.00351364
1.54,4,0,nan,nan,nan,nan,-0.676758,0,0.00532648,1.60934,6.18204,32,27,rc,1.54,1.79069e+09,-3.36123,44,-0.00351297
1.541,4,0,nan,nan,nan,nan,-0.609082,0.00174533,-0.010653,1.60934,6.18204,32,27,rc,1.541,1.79069e+09,-3.37251,44,-0.00349215
1.542,4,0,nan,nan,nan,nan,-0.609082,0.00174533,-0.00213059,1.60934,6.18204,32,27,rc,1.542,1.79069e+09,-3.37251,44,-0.00347232
1.543,4,0,nan,nan,nan,nan,-0.541406,0.00349066,0.010653,1.60934,6.18204,32,27,rc,1.543,1.79069e+09,-3.34995,44,-0.00348804
1.544,4,0,nan,nan,nan,nan,-0.541406,0.00349066,-0.00958767,1.60934,6.18204,32,27,rc,1.544,1.79069e+09,-3.49658,44,-0.00350584
1.545,4,0,nan,nan,nan,nan,-0.631641,0,0.00958767,1.60934,6.18204,32,27,rc,1.545,1.79069e+09,-3.41763,44,-0.00350546
1.546,4,0,nan,nan,nan,nan,-0.631641,0,0.0170448,1.60934,6.18204,32,27,rc,1.546,1.79069e+09,-3.40635,44,-0.00350562
1.547,4,0,nan,nan,nan,nan,-0.563965,0,-0.00639178,1.60934,6.18204,32,27,rc,1.547,1.79069e+09,-3.36123,44,-0.00348566
1.548,4,0,nan,nan,nan,nan,-0.563965,0,-0.0170448,1.60934,6.18204,32,27,rc,1.548,1.79069e+09,-3.36123,44,-0.00347245
1.549,4,0,nan,nan,nan,nan,-0.744434,0.00872665,-0.0127836,1.60934,6.18204,32,27,rc,1.549,1.79069e+09,-3.34995,44,-0.00347187
1.55,4,0,nan,nan,nan,nan,-0.744434,0.00872665,-0.0127836,1.60934,6.18204,32,27,rc,1.55,1.79069e+09,-3.34995,44,-0.00349189
1.551,4,0,nan,nan,nan,nan,-0.541406,-0.0279253,0.010653,1.60934,6.18204,32,27,rc,1.551,1.79069e+09,-3.49658,44,-0.0034963
1.552,4,0,nan,nan,nan,nan,-0.541406,-0.0279253,0.0234365,1.60934,6.18204,32,27,rc,1.552,1.79069e+09,-3.55298,44,-0.00351294
1.553,4,0,nan,nan,nan,nan,-0.518848,0.0244346,0.0010653,1.60934,6.18204,32,27,rc,1.553,1.79069e+09,-3.55298,44,-0.00350992
1.554,4,0,nan,nan,nan,nan,-0.518848,0.0244346,-0.00745708,1.60934,6.18204,32,27,rc,1.554,1.79069e+09,-3.38379,44,-0.0034905
1.555,4,0,nan,nan,nan,nan,-0.766992,0.00349066,-0.0245018,1.60943,6.18204,32,27,rc,1.555,1.79069e+09,-3.53042,44,-0.00347524
1.556,4,0,nan,nan,nan,nan,-0.766992,0.00349066,-0.00745708,1.60943,6.18204,32,27,rc,1.556,1.79069e+09,-3.34995,44,-0.0034736
1.557,4,0,nan,nan,nan,nan,-0.586523,-0.0628319,0.0159795,1.60924,6.18204,32,27,rc,1.557,1.79069e+09,-3.53042,44,-0.00347986
1.558,4,0,nan,nan,nan,nan,-0.586523,-0.0628319,5.87076e-19,1.60924,6.18204,32,27,rc,1.558,1.79069e+09,-3.39507,44,-0.00349118
1.559,4,0,nan,nan,nan,nan,-0.575244,0,-0.0159795,1.60924,6.18204,32,27,rc,1.559,1.79069e+09,-3.39507,44,-0.00351279
1.56,4,0,nan,nan,nan,nan,-0.575244,0,-0.0223712,1.60924,6.18204,32,27,rc,1.56,1.79069e+09,-3.37251,44,-0.00349858
1.561,4,0,nan,nan,nan,nan,-0.631641,0.0366519,0.0127836,1.60934,6.18204,32,27,rc,1.561,1.79069e+09,-3.57554,44,-0.00348493
1.562,4,0,nan,nan,nan,nan,-0.631641,0.0366519,0.0127836,1.60934,6.18204,32,27,rc,1.562,1.79069e+09,-3.51914,44,-0.00347293
1.563,4,0,nan,nan,nan,nan,-0.417334,0.00698132,0.00426119,1.60934,6.18204,32,27,rc,1.563,1.79069e+09,-3.37251,44,-0.00345906
1.564,4,0,nan,nan,nan,nan,-0.417334,0.00698132,0.0149142,1.60934,6.18204,32,27,rc,1.564,1.79069e+09,-3.4853,44,-0.00346878
1.565,4,0,nan,nan,nan,nan,-0.676758,0,-0.00532648,1.60943,6.18204,32,27,rc,1.565,1.79069e+09,-3.36123,44,-0.00349323
1.566,4,0,nan,nan,nan,nan,-0.676758,0,0.00745708,1.60943,6.18204,32,27,rc,1.566,1.79069e+09,-3.57554,44,-0.00349904
1.567,4,0,nan,nan,nan,nan,-0.676758,-0.0575959,-0.0138489,1.60934,6.18204,32,27,rc,1.567,1.79069e+09,-3.55298,44,-0.00347546
1.568,4,0,nan,nan,nan,nan,-0.676758,-0.0575959,0.00852238,1.60934,6.18204,32,27,rc,1.568,1.79069e+09,-3.5417,44,-0.00345175
1.569,4,0,nan,nan,nan,nan,-0.710596,-0.0139626,0.0191753,1.60924,6.18204,32,27,rc,1.569,1.79069e+09,-3.4853,44,-0.00345196
1.57,4,0,nan,nan,nan,nan,-0.710596,-0.0139626,0.0245018,1.60924,6.18204,32,27,rc,1.57,1.79069e+09,-3.49658,44,-0.00347184
1.571,4,0,nan,nan,nan,nan,-0.721875,0.00523599,-0.00213059,1.60924,6.18204,32,27,rc,1.571,1.79069e+09,-3.58682,44,-0.00348008
1.572,4,0,nan,nan,nan,nan,-0.721875,0.00523599,-0.00745708,1.60924,6.18204,32,27,rc,1.572,1.79069e+09,-3.55298,44,-0.00348899
1.573,4,0,nan,nan,nan,nan,-0.857227,0,-0.00319589,1.60924,6.18204,32,27,rc,1.573,1.79069e+09,-3.51914,44,-0.0035112
1.574,4,0,nan,nan,nan,nan,-0.857227,0,0.010653,1.60924,6.18204,32,27,rc,1.574,1.79069e+09,-3.53042,44,-0.00351712
1.575,4,0,nan,nan,nan,nan,-0.654199,-0.0226893,-0.00319589,1.60924,6.18204,32,27,rc,1.575,1.79069e+09,-3.41763,44,-0.00348967
1.576,4,0,nan,nan,nan,nan,-0.654199,-0.0226893,-0.0138489,1.60924,6.18204,32,27,rc,1.576,1.79069e+09,-3.49658,44,-0.003492
1.577,4,0,nan,nan,nan,nan,-0.755713,0.0139626,-0.00852238,1.60924,6.18204,32,27,rc,1.577,1.79069e+09,-3.4853,44,-0.00351471
1.578,4,0,nan,nan,nan,nan,-0.755713,0.0139626,0.00319589,1.60924,6.18204,32,27,rc,1.578,1.79069e+09,-3.51914,44,-0.00353049
1.579,4,0,nan,nan,nan,nan,-0.541406,0.0122173,0.00745708,1.60934,6.18204,32,27,rc,1.579,1.79069e+09,-3.53042,44,-0.00353261
1.58,4,0,nan,nan,nan,nan,-0.541406,0.0122173,-0.00319589,1.60934,6.18204,32,27,rc,1.58,1.79069e+09,-3.58682,44,-0.00353035
1.581,4,0,nan,nan,nan,nan,-0.654199,0.00698132,-0.00958767,1.60934,6.18204,32,27,rc,1.581,1.79069e+09,-3.55298,44,-0.00353685
1.582,4,0,nan,nan,nan,nan,-0.654199,0.00698132,-0.00958767,1.60934,6.18204,32,27,rc,1.582,1.79069e+09,-3.50786,44,-0.00351519
1.583,4,0,nan,nan,nan,nan,-0.597803,0,-0.0223712,1.60934,6.18204,32,27,rc,1.583,1.79069e+09,-3.53042,44,-0.0035051
1.584,4,0,nan,nan,nan,nan,-0.597803,0,-0.00639178,1.60934,6.18204,32,27,rc,1.584,1.79069e+09,-3.49658,44,-0.00349143
1.585,4,0,nan,nan,nan,nan,-0.563965,0,0.00639178,1.60934,6.18204,32,27,rc,1.585,1.79069e+09,-3.5417,44,-0.00348865
1.586,4,0,nan,nan,nan,nan,-0.563965,0,0.0149142,1.60934,6.18204,32,27,rc,1.586,1.79069e+09,-3.50786,44,-0.00351176
1.587,4,0,nan,nan,nan,nan,-0.563965,0.00698132,-0.00213059,1.60934,6.18204,32,27,rc,1.587,1.79069e+09,-3.5417,44,-0.00350477
1.588,4,0,nan,nan,nan,nan,-0.563965,0.00698132,-0.00852238,1.60934,6.18204,32,27,rc,1.588,1.79069e+09,-3.55298,44,-0.00348359
1.589,4,0,nan,nan,nan,nan,-0.721875,0,0.00532648,1.60934,6.18204,32,27,rc,1.589,1.79069e+09,-3.51914,44,-0.00348742
1.59,4,0,nan,nan,nan,nan,-0.721875,0,-0.00958767,1.60934,6.18204,32,27,rc,1.59,1.79069e+09,-3.53042,44,-0.00350372
1.591,4,0,nan,nan,nan,nan,-0.575244,-0.0366519,0.00639178,1.60924,6.18204,32,27,rc,1.591,1.79069e+09,-3.55298,44,-0.00349849
1.592,4,0,nan,nan,nan,nan,-0.575244,-0.0366519,0.00958767,1.60924,6.18204,32,27,rc,1.592,1.79069e+09,-3.55298,44,-0.00350345
1.593,4,0,nan,nan,nan,nan,-0.417334,0.020944,-0.0159795,1.60924,6.18204,32,27,rc,1.593,1.79069e+09,-3.5417,44,-0.00350399
1.594,4,0,nan,nan,nan,nan,-0.417334,0.020944,-0.010653,1.60924,6.18204,32,27,rc,1.594,1.79069e+09,-3.5417,44,-0.003503
1.595,4,0,nan,nan,nan,nan,-0.507568,0.015708,0.00745708,1.60934,6.18204,32,27,rc,1.595,1.79069e+09,-3.50786,44,-0.00351066
1.596,4,0,nan,nan,nan,nan,-0.507568,0.015708,-0.010653,1.60934,6.18204,32,27,rc,1.596,1.79069e+09,-3.51914,44,-0.00350282
1.597,4,0,nan,nan,nan,nan,-0.394775,-0.0191986,0.00745708,1.60934,6.18204,32,27,rc,1.597,1.79069e+09,-3.53042,44,-0.00349267
1.598,4,0,nan,nan,nan,nan,-0.394775,-0.0191986,0.0149142,1.60934,6.18204,32,27,rc,1.598,1.79069e+09,-3.50786,44,-0.00349618
1.599,4,0,nan,nan,nan,nan,-0.383496,0,0.0138489,1.60934,6.18204,32,27,rc,1.599,1.79069e+09,-3.53042,44,-0.00350949
1.6,4,0,nan,nan,nan,nan,-0.383496,0,0.0191753,1.60934,6.18204,32,27,rc,1.6,1.79069e+09,-3.55298,44,-0.00353064
1.601,4,0,nan,nan,nan,nan,-0.699316,0.0174533,0.00958767,1.60934,6.18204,32,27,rc,1.601,1.79069e+09,-3.5417,44,-0.00351752
1.602,4,0,nan,nan,nan,nan,-0.699316,0.0174533,-0.0127836,1.60934,6.18204,32,27,rc,1.602,1.79069e+09,-3.55298,44,-0.00349206
1.603,4,0,nan,nan,nan,nan,-0.755713,-0.0558505,6.52306e-20,1.60924,6.18204,32,27,rc,1.603,1.79069e+09,-3.50786,44,-0.00347861
1.604,4,0,nan,nan,nan,nan,-0.755713,-0.0558505,0.010653,1.60924,6.18204,32,27,rc,1.604,1.79069e+09,-3.49658,44,-0.00349275
1.605,4,0,nan,nan,nan,nan,-0.563965,-0.015708,0.00958767,1.60915,6.18204,32,27,rc,1.605,1.79069e+09,-3.49658,44,-0.0035055
1.606,4,0,nan,nan,nan,nan,-0.563965,-0.015708,0.010653,1.60915,6.18204,32,27,rc,1.606,1.79069e+09,-3.57554,44,-0.00351556
1.607,4,0,nan,nan,nan,nan,-0.721875,0.0575959,0.0159795,1.60924,6.18204,32,27,rc,1.607,1.79069e+09,-3.55298,44,-0.00351863
1.608,4,0,nan,nan,nan,nan,-0.721875,0.0575959,0.0245018,1.60924,6.18204,32,27,rc,1.608,1.79069e+09,-3.53042,44,-0.00351893
1.609,4,0,nan,nan,nan,nan,-0.710596,0,-0.00213059,1.60934,6.18204,32,27,rc,1.609,1.79069e+09,-3.55298,44,-0.00351277
1.61,4,0,nan,nan,nan,nan,-0.710596,0,-0.00319589,1.60934,6.18204,32,27,rc,1.61,1.79069e+09,-3.51914,44,-0.00352147
1.611,4,0,nan,nan,nan,nan,-0.845947,-0.0471239,-0.00532648,1.60915,6.18204,32,27,rc,1.611,1.79069e+09,-3.5417,44,-0.00352571
1.612,4,0,nan,nan,nan,nan,-0.845947,-0.0471239,0.0149142,1.60915,6.18204,32,27,rc,1.612,1.79069e+09,-3.51914,44,-0.00353251
1.613,4,0,nan,nan,nan,nan,-0.575244,-0.0139626,0.0149142,1.60915,6.18204,32,27,rc,1.613,1.79069e+09,-3.4853,44,-0.0035358
1.614,4,0,nan,nan,nan,nan,-0.575244,-0.0139626,0.0117183,1.60915,6.18204,32,27,rc,1.614,1.79069e+09,-3.57554,44,-0.00354999
1.615,4,0,nan,nan,nan,nan,-0.766992,0.0471239,-0.0191753,1.60924,6.18204,32,27,rc,1.615,1.79069e+09,-3.53042,44,-0.00356079
1.616,4,0,nan,nan,nan,nan,-0.766992,0.0471239,-0.0255671,1.60924,6.18204,32,27,rc,1.616,1.79069e+09,-3.53042,44,-0.00355214
1.617,4,0,nan,nan,nan,nan,-0.721875,0,-0.00426119,1.60924,6.18204,32,27,rc,1.617,1.79069e+09,-3.53042,44,-0.00355002
1.618,4,0,nan,nan,nan,nan,-0.721875,0,0.00532648,1.60924,6.18204,32,27,rc,1.618,1.79069e+09,-3.5417,44,-0.00355457
1.619,4,0,nan,nan,nan,nan,-0.47373,-0.00872665,-0.00958767,1.60924,6.18204,32,27,rc,1.619,1.79069e+09,-3.5417,44,-0.00354552
1.62,4,0,nan,nan,nan,nan,-0.47373,-0.00872665,-0.0159795,1.60924,6.18204,32,27,rc,1.62,1.79069e+09,-3.5417,44,-0.00355356
1.621,4,0,nan,nan,nan,nan,-0.64292,0.0506145,-0.0191753,1.60924,6.18204,32,27,rc,1.621,1.79069e+09,-3.51914,44,-0.00354674
1.622,4,0,nan,nan,nan,nan,-0.64292,0.0506145,0.0010653,1.60924,6.18204,32,27,rc,1.622,1.79069e+09,-3.55298,44,-0.0035282
1.623,4,0,nan,nan,nan,nan,-0.496289,0,-0.0202406,1.60924,6.18204,32,27,rc,1.623,1.79069e+09,-3.51914,44,-0.00352498
1.624,4,0,nan,nan,nan,nan,-0.496289,0,-0.0138489,1.60924,6.18204,32,27,rc,1.624,1.79069e+09,-3.51914,44,-0.00352164
1.625,4,0,nan,nan,nan,nan,-0.575244,0,0.0010653,1.60924,6.18204,32,27,rc,1.625,1.79069e+09,-3.55298,44,-0.00353571
1.626,4,0,nan,nan,nan,nan,-0.575244,0,0.00532648,1.60924,6.18204,32,27,rc,1.626,1.79069e+09,-3.5417,44,-0.00355832
1.627,4,0,nan,nan,nan,nan,-0.47373,-0.00523599,0.010653,1.60924,6.18204,32,27,rc,1.627,1.79069e+09,-3.56426,44,-0.00355775
1.628,4,0,nan,nan,nan,nan,-0.47373,-0.00523599,0.00852238,1.60924,6.18204,32,27,rc,1.628,1.79069e+09,-3.57554,44,-0.0035374
1.629,4,0,nan,nan,nan,nan,-0.620361,0,0.010653,1.60924,6.18204,32,27,rc,1.629,1.79069e+09,-3.5417,44,-0.00350935
1.63,4,0,nan,nan,nan,nan,-0.620361,0,0.0127836,1.60924,6.18204,32,27,rc,1.63,1.79069e+09,-3.49658,44,-0.00348856
1.631,4,0,nan,nan,nan,nan,-0.665479,-0.015708,-0.0213059,1.60924,6.18204,32,27,rc,1.631,1.79069e+09,-3.51914,44,-0.0034706
1.632,4,0,nan,nan,nan,nan,-0.665479,-0.015708,0.00532648,1.60924,6.18204,32,27,rc,1.632,1.79069e+09,-3.49658,44,-0.00348227
1.633,4,0,nan,nan,nan,nan,-0.744434,-0.0279253,0.0276977,1.60915,6.18204,32,27,rc,1.633,1.79069e+09,-3.5417,44,-0.00350654
1.634,4,0,nan,nan,nan,nan,-0.744434,-0.0279253,0.0149142,1.60915,6.18204,32,27,rc,1.634,1.79069e+09,-3.55298,44,-0.00350789
1.635,4,0,nan,nan,nan,nan,-0.665479,-0.00523599,0.0010653,1.60915,6.18204,32,27,rc,1.635,1.79069e+09,-3.53042,44,-0.00349994
1.636,4,0,nan,nan,nan,nan,-0.665479,-0.00523599,-0.00958767,1.60915,6.18204,32,27,rc,1.636,1.79069e+09,-3.50786,44,-0.00351325
1.637,4,0,nan,nan,nan,nan,-0.789551,0,-0.010653,1.60915,6.18204,32,27,rc,1.637,1.79069e+09,-3.50786,44,-0.00350876
1.638,4,0,nan,nan,nan,nan,-0.789551,0,-0.00532648,1.60915,6.18204,32,27,rc,1.638,1.79069e+09,-3.5417,44,-0.00348862
1.639,4,0,nan,nan,nan,nan,-0.586523,0,0.00639178,1.60915,6.18204,32,27,rc,1.639,1.79069e+09,-3.5417,44,-0.00349756
1.64,4,0,nan,nan,nan,nan,-0.586523,0,-0.00639178,1.60915,6.18204,32,27,rc,1.64,1.79069e+09,-3.51914,44,-0.00350429
1.641,4,0,nan,nan,nan,nan,-0.597803,0.0296706,0.0010653,1.60924,6.18204,32,27,rc,1.641,1.79069e+09,-3.53042,44,-0.00351347
1.642,4,0,nan,nan,nan,nan,-0.597803,0.0296706,-0.0234365,1.60924,6.18204,32,27,rc,1.642,1.79069e+09,-3.5417,44,-0.00351534
1.643,4,0,nan,nan,nan,nan,-0.575244,0.00349066,-0.00958767,1.60924,6.18204,32,27,rc,1.643,1.79069e+09,-3.51914,44,-0.00351114
1.644,4,0,nan,nan,nan,nan,-0.575244,0.00349066,0.0149142,1.60924,6.18204,32,27,rc,1.644,1.79069e+09,-3.5417,44,-0.00351714
1.645,4,0,nan,nan,nan,nan,-0.451172,0,0.00852238,1.60924,6.18204,32,27,rc,1.645,1.79069e+09,-3.51914,44,-0.00352209
1.646,4,0,nan,nan,nan,nan,-0.451172,0,-0.00852238,1.60924,6.18204,32,27,rc,1.646,1.79069e+09,-3.51914,44,-0.00351711
1.647,4,0,nan,nan,nan,nan,-0.665479,0.0174533,-0.00532648,1.60924,6.18204,32,27,rc,1.647,1.79069e+09,-3.55298,44,-0.00351497
1.648,4,0,nan,nan,nan,nan,-0.665479,0.0174533,0.0127836,1.60924,6.18204,32,27,rc,1.648,1.79069e+09,-3.57554,44,-0.00351539
1.649,4,0,nan,nan,nan,nan,-0.530127,-0.0383972,0.0266324,1.60915,6.18204,32,27,rc,1.649,1.79069e+09,-3.51914,44,-0.00349484
1.65,4,0,nan,nan,nan,nan,-0.530127,-0.0383972,0.0149142,1.60915,6.18204,32,27,rc,1.65,1.79069e+09,-3.49658,44,-0.00348521
1.651,4,0,nan,nan,nan,nan,-0.721875,0,-0.0223712,1.60915,6.18204,32,27,rc,1.651,1.79069e+09,-3.51914,44,-0.00349358
1.652,4,0,nan,nan,nan,nan,-0.721875,0,-0.00745708,1.60915,6.18204,32,27,rc,1.652,1.79069e+09,-3.51914,44,-0.00348361
1.653,4,0,nan,nan,nan,nan,-0.755713,-0.0139626,0.0276977,1.60915,6.18204,32,27,rc,1.653,1.79069e+09,-3.51914,44,-0.00350435
1.654,4,0,nan,nan,nan,nan,-0.755713,-0.0139626,0.00852238,1.60915,6.18204,32,27,rc,1.654,1.79069e+09,-3.4853,44,-0.00351645
1.655,4,0,nan,nan,nan,nan,-0.609082,-0.00872665,-0.00852238,1.60915,6.18204,32,27,rc,1.655,1.79069e+09,-3.53042,44,-0.00351128
1.656,4,0,nan,nan,nan,nan,-0.609082,-0.00872665,-0.00532648,1.60915,6.18204,32,27,rc,1.656,1.79069e+09,-3.51914,44,-0.00350486
1.657,4,0,nan,nan,nan,nan,-0.699316,0.0296706,-0.00426119,1.60915,6.18204,32,27,rc,1.657,1.79069e+09,-3.49658,44,-0.0034905
1.658,4,0,nan,nan,nan,nan,-0.699316,0.0296706,0.0149142,1.60915,6.18204,32,27,rc,1.658,1.79069e+09,-3.49658,44,-0.00347841
1.659,4,0,nan,nan,nan,nan,-0.586523,0,-0.00852238,1.60915,6.18204,32,27,rc,1.659,1.79069e+09,-3.49658,44,-0.00349235
1.66,4,0,nan,nan,nan,nan,-0.586523,0,0.00852238,1.60915,6.18204,32,27,rc,1.66,1.79069e+09,-3.51914,44,-0.00352029
1.661,4,0,nan,nan,nan,nan,-0.766992,0,0.00426119,1.60915,6.18204,32,27,rc,1.661,1.79069e+09,-3.55298,44,-0.00353454
1.662,4,0,nan,nan,nan,nan,-0.766992,0,-0.0223712,1.60915,6.18204,32,27,rc,1.662,1.79069e+09,-3.55298,44,-0.00352205
1.663,4,0,nan,nan,nan,nan,-0.733154,-0.0279253,-0.00213059,1.60915,6.18204,32,27,rc,1.663,1.79069e+09,-3.53042,44,-0.00350674
1.664,4,0,nan,nan,nan,nan,-0.733154,-0.0279253,0.0149142,1.60915,6.18204,32,27,rc,1.664,1.79069e+09,-3.49658,44,-0.00349086
1.665,4,0,nan,nan,nan,nan,-0.507568,0,0.0117183,1.60915,6.18204,32,27,rc,1.665,1.79069e+09,-3.51914,44,-0.0034768
1.666,4,0,nan,nan,nan,nan,-0.507568,0,0.00213059,1.60915,6.18204,32,27,rc,1.666,1.79069e+09,-3.49658,44,-0.00347834
1.667,4,0,nan,nan,nan,nan,-0.721875,0.0383972,6.52306e-19,1.60924,6.18204,32,27,rc,1.667,1.79069e+09,-3.49658,44,-0.00348736
1.668,4,0,nan,nan,nan,nan,-0.721875,0.0383972,-6.52306e-20,1.60924,6.18204,32,27,rc,1.668,1.79069e+09,-3.51914,44,-0.00350156
1.669,4,0,nan,nan,nan,nan,-0.609082,-0.0296706,-1.04369e-18,1.60915,6.18204,32,27,rc,1.669,1.79069e+09,-3.51914,44,-0.00350467
1.67,4,0,nan,nan,nan,nan,-0.609082,-0.0296706,0.0234365,1.60915,6.18204,32,27,rc,1.67,1.79069e+09,-3.50786,44,-0.00349135
1.671,4,0,nan,nan,nan,nan,-0.631641,-0.0261799,-0.00532648,1.60915,6.18204,32,27,rc,1.671,1.79069e+09,-3.49658,44,-0.00350508
1.672,4,0,nan,nan,nan,nan,-0.631641,-0.0261799,-0.00958767,1.60915,6.18204,32,27,rc,1.672,1.79069e+09,-3.50786,44,-0.00350653
1.673,4,0,nan,nan,nan,nan,-0.823389,0,0.00639178,1.60915,6.18204,32,27,rc,1.673,1.79069e+09,-3.51914,44,-0.00350408
1.674,4,0,nan,nan,nan,nan,-0.823389,0,0.0117183,1.60915,6.18204,32,27,rc,1.674,1.79069e+09,-3.51914,44,-0.00350406
1.675,4,0,nan,nan,nan,nan,-0.609082,0,-0.00319589,1.60915,6.18204,32,27,rc,1.675,1.79069e+09,-3.51914,44,-0.00349704
1.676,4,0,nan,nan,nan,nan,-0.609082,0,-0.0127836,1.60915,6.18204,32,27,rc,1.676,1.79069e+09,-3.53042,44,-0.00350222
1.677,4,0,nan,nan,nan,nan,-0.721875,0.0174533,0.01811,1.60915,6.18204,32,27,rc,1.677,1.79069e+09,-3.51914,44,-0.00348573
1.678,4,0,nan,nan,nan,nan,-0.721875,0.0174533,0.00532648,1.60915,6.18204,32,27,rc,1.678,1.79069e+09,-3.53042,44,-0.00348937
1.679,4,0,nan,nan,nan,nan,-0.530127,0,0.00319589,1.60915,6.18204,32,27,rc,1.679,1.79069e+09,-3.53042,44,-0.00349569
1.68,4,0,nan,nan,nan,nan,-0.530127,0,-0.00639178,1.60915,6.18204,32,27,rc,1.68,1.79069e+09,-3.53042,44,-0.00350112
1.681,4,0,nan,nan,nan,nan,-0.665479,0.00872665,-0.0159795,1.60915,6.18204,32,27,rc,1.681,1.79069e+09,-3.5417,44,-0.00349533
1.682,4,0,nan,nan,nan,nan,-0.665479,0.00872665,0.00852238,1.60915,6.18204,32,27,rc,1.682,1.79069e+09,-3.51914,44,-0.00349013
1.683,4,0,nan,nan,nan,nan,-0.597803,0,0.00532648,1.60915,6.18204,32,27,rc,1.683,1.79069e+09,-3.51914,44,-0.00348576
1.684,4,0,nan,nan,nan,nan,-0.597803,0,-0.00532648,1.60915,6.18204,32,27,rc,1.684,1.79069e+09,-3.51914,44,-0.0034737
1.685,4,0,nan,nan,nan,nan,-0.665479,0,-0.00532648,1.60915,6.18204,32,27,rc,1.685,1.79069e+09,-3.51914,44,-0.00346253
1.686,4,0,nan,nan,nan,nan,-0.665479,0,-0.00532648,1.60915,6.18204,32,27,rc,1.686,1.79069e+09,-3.49658,44,-0.00346517
1.687,4,0,nan,nan,nan,nan,-0.575244,-0.00872665,0.0138489,1.60915,6.18204,32,27,rc,1.687,1.79069e+09,-3.49658,44,-0.00347173
1.688,4,0,nan,nan,nan,nan,-0.575244,-0.00872665,0.00852238,1.60915,6.18204,32,27,rc,1.688,1.79069e+09,-3.5417,44,-0.00350187
1.689,4,0,nan,nan,nan,nan,-0.575244,0,-0.00319589,1.60915,6.18204,32,27,rc,1.689,1.79069e+09,-3.51914,44,-0.0035055
1.69,4,0,nan,nan,nan,nan,-0.575244,0,-0.00319589,1.60915,6.18204,32,27,rc,1.69,1.79069e+09,-3.53042,44,-0.00349644
1.691,4,0,nan,nan,nan,nan,-0.575244,0,-0.00745708,1.60915,6.18204,32,27,rc,1.691,1.79069e+09,-3.47402,44,-0.00348323
1.692,4,0,nan,nan,nan,nan,-0.575244,0,0.00426119,1.60915,6.18204,32,27,rc,1.692,1.79069e+09,-3.4853,44,-0.00347746
1.693,4,0,nan,nan,nan,nan,-0.609082,-0.00872665,0.00213059,1.60915,6.18204,32,27,rc,1.693,1.79069e+09,-3.51914,44,-0.00348773
1.694,4,0,nan,nan,nan,nan,-0.609082,-0.00872665,0.00426119,1.60915,6.18204,32,27,rc,1.694,1.79069e+09,-3.49658,44,-0.0034992
1.695,4,0,nan,nan,nan,nan,-0.64292,-0.00174533,0.0149142,1.60915,6.18204,32,27,rc,1.695,1.79069e+09,-3.53042,44,-0.00350342
1.696,4,0,nan,nan,nan,nan,-0.64292,-0.00174533,0.00745708,1.60915,6.18204,32,27,rc,1.696,1.79069e+09,-3.51914,44,-0.00349618
1.697,4,0,nan,nan,nan,nan,-0.665479,0,0.00213059,1.60915,6.18204,32,27,rc,1.697,1.79069e+09,-3.49658,44,-0.00350293
1.698,4,0,nan,nan,nan,nan,-0.665479,0,-0.0010653,1.60915,6.18204,32,27,rc,1.698,1.79069e+09,-3.53042,44,-0.00349292
1.699,4,0,nan,nan,nan,nan,-0.699316,0,-0.0213059,1.60915,6.18204,32,27,rc,1.699,1.79069e+09,-3.49658,44,-0.00348347
1.7,4,0,nan,nan,nan,nan,-0.699316,0,0.00532648,1.60915,6.18204,32,27,rc,1.7,1.79069e+09,-3.51914,44,-0.00349443
1.701,4,0,nan,nan,nan,nan,-0.665479,0,0.0170448,1.60915,6.18204,32,27,rc,1.701,1.79069e+09,-3.5417,44,-0.00351415
1.702,4,0,nan,nan,nan,nan,-0.665479,0,0.00532648,1.60915,6.18204,32,27,rc,1.702,1.79069e+09,-3.5417,44,-0.00352773
1.703,4,0,nan,nan,nan,nan,-0.563965,0,0.0170448,1.60915,6.18204,32,27,rc,1.703,1.79069e+09,-3.56426,44,-0.00351312
1.704,4,0,nan,nan,nan,nan,-0.563965,0,-0.00532648,1.60915,6.18204,32,27,rc,1.704,1.79069e+09,-3.5417,44,-0.00349886
1.705,4,0,nan,nan,nan,nan,-0.552686,0,-0.0245018,1.60915,6.18204,32,27,rc,1.705,1.79069e+09,-3.45146,44,-0.00348402
1.706,4,0,nan,nan,nan,nan,-0.552686,0,-0.00639178,1.60915,6.18204,32,27,rc,1.706,1.79069e+09,-3.53042,44,-0.00348462
1.707,4,0,nan,nan,nan,nan,-0.462451,0,0.0234365,1.60915,6.18204,32,27,rc,1.707,1.79069e+09,-3.50786,44,-0.00350525
1.708,4,0,nan,nan,nan,nan,-0.462451,0,0.00213059,1.60915,6.18204,32,27,rc,1.708,1.79069e+09,-3.40635,44,-0.00351646
1.709,4,0,nan,nan,nan,nan,-0.451172,0.00872665,0.00319589,1.60915,6.18204,32,27,rc,1.709,1.79069e+09,-3.53042,44,-0.00352478
1.71,4,0,nan,nan,nan,nan,-0.451172,0.00872665,0.00532648,1.60915,6.18204,32,27,rc,1.71,1.79069e+09,-3.53042,44,-0.00352149
1.711,4,0,nan,nan,nan,nan,-0.518848,0,-0.0245018,1.60915,6.18204,32,27,rc,1.711,1.79069e+09,-3.51914,44,-0.00350827
1.712,4,0,nan,nan,nan,nan,-0.518848,0,-0.00745708,1.60915,6.18204,32,27,rc,1.712,1.79069e+09,-3.49658,44,-0.00350501
1.713,4,0,nan,nan,nan,nan,-0.64292,-0.00698132,-0.00213059,1.60915,6.18204,32,27,rc,1.713,1.79069e+09,-3.4853,44,-0.00352292
1.714,4,0,nan,nan,nan,nan,-0.64292,-0.00698132,0.00852238,1.60915,6.18204,32,27,rc,1.714,1.79069e+09,-3.51914,44,-0.00350883
1.715,4,0,nan,nan,nan,nan,-0.552686,0,-0.00319589,1.60915,6.18204,32,27,rc,1.715,1.79069e+09,-3.49658,44,-0.00352678
1.716,4,0,nan,nan,nan,nan,-0.552686,0,0.00426119,1.60915,6.18204,32,27,rc,1.716,1.79069e+09,-3.49658,44,-0.00353312
1.717,4,0,nan,nan,nan,nan,-0.665479,0.00872665,-0.00426119,1.60915,6.18204,32,27,rc,1.717,1.79069e+09,-3.53042,44,-0.00354661
1.718,4,0,nan,nan,nan,nan,-0.665479,0.00872665,0.00213059,1.60915,6.18204,32,27,rc,1.718,1.79069e+09,-3.49658,44,-0.00354198
1.719,4,0,nan,nan,nan,nan,-0.541406,0,-0.0010653,1.60915,6.18204,32,27,rc,1.719,1.79069e+09,-3.40635,44,-0.0035077
1.72,4,0,nan,nan,nan,nan,-0.541406,0,0.00745708,1.60915,6.18204,32,27,rc,1.72,1.79069e+09,-3.4853,44,-0.00351087
1.721,4,0,nan,nan,nan,nan,-0.552686,-0.00872665,-0.010653,1.60915,6.18204,32,27,rc,1.721,1.79069e+09,-3.46274,44,-0.00353213
1.722,4,0,nan,nan,nan,nan,-0.552686,-0.00872665,-0.00745708,1.60915,6.18204,32,27,rc,1.722,1.79069e+09,-3.53042,44,-0.00352596
1.723,4,0,nan,nan,nan,nan,-0.699316,0,-0.00319589,1.60905,6.18204,32,27,rc,1.723,1.79069e+09,-3.51914,44,-0.00353468
1.724,4,0,nan,nan,nan,nan,-0.699316,0,-0.00319589,1.60905,6.18204,32,27,rc,1.724,1.79069e+09,-3.44019,44,-0.00353025
1.725,4,0,nan,nan,nan,nan,-0.575244,0,0.0010653,1.60905,6.18204,32,27,rc,1.725,1.79069e+09,-3.49658,44,-0.00351794
1.726,4,0,nan,nan,nan,nan,-0.575244,0,-0.00213059,1.60905,6.18204,32,27,rc,1.726,1.79069e+09,-3.51914,44,-0.00353339
1.727,4,0,nan,nan,nan,nan,-0.586523,0.0174533,0.00639178,1.60915,6.18204,32,27,rc,1.727,1.79069e+09,-3.49658,44,-0.00354741
1.728,4,0,nan,nan,nan,nan,-0.586523,0.0174533,0.0138489,1.60915,6.18204,32,27,rc,1.728,1.79069e+09,-3.53042,44,-0.00355976
1.729,4,0,nan,nan,nan,nan,-0.48501,0.00523599,0.00958767,1.60915,6.18204,32,27,rc,1.729,1.79069e+09,-3.53042,44,-0.00356862
1.73,4,0,nan,nan,nan,nan,-0.48501,0.00523599,-0.00852238,1.60915,6.18204,32,27,rc,1.73,1.79069e+09,-3.5417,44,-0.00356574
1.731,4,0,nan,nan,nan,nan,-0.710596,-0.00349066,-0.00319589,1.60915,6.18204,32,27,rc,1.731,1.79069e+09,-3.51914,44,-0.00354563
1.732,4,0,nan,nan,nan,nan,-0.710596,-0.00349066,-0.00745708,1.60915,6.18204,32,27,rc,1.732,1.79069e+09,-3.50786,44,-0.00352937
1.733,4,0,nan,nan,nan,nan,-0.563965,-0.010472,-0.00213059,1.60905,6.18204,32,27,rc,1.733,1.79069e+09,-3.49658,44,-0.00351549
1.734,4,0,nan,nan,nan,nan,-0.563965,-0.010472,-0.00213059,1.60905,6.18204,32,27,rc,1.734,1.79069e+09,-3.50786,44,-0.00352573
1.735,4,0,nan,nan,nan,nan,-0.451172,0.0314159,-0.00213059,1.60915,6.18204,32,27,rc,1.735,1.79069e+09,-3.50786,44,-0.00354452
1.736,4,0,nan,nan,nan,nan,-0.451172,0.0314159,0.0010653,1.60915,6.18204,32,27,rc,1.736,1.79069e+09,-3.53042,44,-0.00355966
1.737,4,0,nan,nan,nan,nan,-0.47373,0.00698132,0.00319589,1.60915,6.18204,32,27,rc,1.737,1.79069e+09,-3.50786,44,-0.0035601
1.738,4,0,nan,nan,nan,nan,-0.47373,0.00698132,0.0191753,1.60915,6.18204,32,27,rc,1.738,1.79069e+09,-3.50786,44,-0.00355453
1.739,4,0,nan,nan,nan,nan,-0.47373,-0.00349066,-0.00745708,1.60915,6.18204,32,27,rc,1.739,1.79069e+09,-3.37251,44,-0.00354414
1.74,4,0,nan,nan,nan,nan,-0.47373,-0.00349066,-0.010653,1.60915,6.18204,32,27,rc,1.74,1.79069e+09,-3.50786,44,-0.00354075
1.741,4,0,nan,nan,nan,nan,-0.755713,-0.0314159,0.0245018,1.60905,6.18204,32,27,rc,1.741,1.79069e+09,-3.49658,44,-0.0035232
1.742,4,0,nan,nan,nan,nan,-0.755713,-0.0314159,0.0191753,1.60905,6.18204,32,27,rc,1.742,1.79069e+09,-3.51914,44,-0.00352959
1.743,4,0,nan,nan,nan,nan,-0.563965,-0.010472,0.010653,1.60905,6.18204,32,27,rc,1.743,1.79069e+09,-3.50786,44,-0.0035436
1.744,4,0,nan,nan,nan,nan,-0.563965,-0.010472,0.0010653,1.60905,6.18204,32,27,rc,1.744,1.79069e+09,-3.5417,44,-0.00353733
1.745,4,0,nan,nan,nan,nan,-0.778271,0.0279253,-0.00852238,1.60905,6.18204,32,27,rc,1.745,1.79069e+09,-3.50786,44,-0.00351525
1.746,4,0,nan,nan,nan,nan,-0.778271,0.0279253,0.00639178,1.60905,6.18204,32,27,rc,1.746,1.79069e+09,-3.4853,44,-0.00349721
1.747,4,0,nan,nan,nan,nan,-0.541406,0,0.00319589,1.60905,6.18204,32,27,rc,1.747,1.79069e+09,-3.4853,44,-0.00351272
1.748,4,0,nan,nan,nan,nan,-0.541406,0,0.00213059,1.60905,6.18204,32,27,rc,1.748,1.79069e+09,-3.4853,44,-0.00352396
1.749,4,0,nan,nan,nan,nan,-0.699316,0,-0.00319589,1.60905,6.18204,32,27,rc,1.749,1.79069e+09,-3.5417,44,-0.00353628
1.75,4,0,nan,nan,nan,nan,-0.699316,0,-0.00213059,1.60905,6.18204,32,27,rc,1.75,1.79069e+09,-3.51914,44,-0.00356393
1.751,4,0,nan,nan,nan,nan,-0.563965,0,0.010653,1.60905,6.18204,32,27,rc,1.751,1.79069e+09,-3.40635,44,-0.00355743
1.752,4,0,nan,nan,nan,nan,-0.563965,0,0.00745708,1.60905,6.18204,32,27,rc,1.752,1.79069e+09,-3.42891,44,-0.00353206
1.753,4,0,nan,nan,nan,nan,-0.496289,0,-0.01811,1.60905,6.18204,32,27,rc,1.753,1.79069e+09,-3.36123,44,-0.00352741
1.754,4,0,nan,nan,nan,nan,-0.496289,0,0.00213059,1.60905,6.18204,32,27,rc,1.754,1.79069e+09,-3.50786,44,-0.00353192
1.755,4,0,nan,nan,nan,nan,-0.563965,0,0.0138489,1.60905,6.18204,32,27,rc,1.755,1.79069e+09,-3.39507,44,-0.00353569
1.756,4,0,nan,nan,nan,nan,-0.563965,0,0.00745708,1.60905,6.18204,32,27,rc,1.756,1.79069e+09,-3.39507,44,-0.00354039
1.757,4,0,nan,nan,nan,nan,-0.518848,0,0.0138489,1.60905,6.18204,32,27,rc,1.757,1.79069e+09,-3.38379,44,-0.00355629
1.758,4,0,nan,nan,nan,nan,-0.518848,0,0.0010653,1.60905,6.18204,32,27,rc,1.758,1.79069e+09,-3.41763,44,-0.00354449
1.759,4,0,nan,nan,nan,nan,-0.699316,0,0.010653,1.60905,6.18204,32,27,rc,1.759,1.79069e+09,-3.53042,44,-0.00352969
1.76,4,0,nan,nan,nan,nan,-0.699316,0,0.00319589,1.60905,6.18204,32,27,rc,1.76,1.79069e+09,-3.34995,44,-0.0035339
1.761,4,0,nan,nan,nan,nan,-0.552686,0,1.56553e-18,1.60905,6.18204,32,27,rc,1.761,1.79069e+09,-3.37251,44,-0.00355062
1.762,4,0,nan,nan,nan,nan,-0.552686,0,-0.00532648,1.60905,6.18204,32,27,rc,1.762,1.79069e+09,-3.41763,44,-0.00355429
1.763,4,0,nan,nan,nan,nan,-0.654199,0,0.00532648,1.60905,6.18204,32,27,rc,1.763,1.79069e+09,-3.41763,44,-0.00354392
1.764,4,0,nan,nan,nan,nan,-0.654199,0,0.00958767,1.60905,6.18204,32,27,rc,1.764,1.79069e+09,-3.39507,44,-0.00353889
1.765,4,0,nan,nan,nan,nan,-0.597803,0,0.00319589,1.60905,6.18204,32,27,rc,1.765,1.79069e+09,-3.38379,44,-0.00353958
1.766,4,0,nan,nan,nan,nan,-0.597803,0,-0.0213059,1.60905,6.18204,32,27,rc,1.766,1.79069e+09,-3.38379,44,-0.00351735
1.767,4,0,nan,nan,nan,nan,-0.699316,0,-0.0010653,1.60905,6.18204,32,27,rc,1.767,1.79069e+09,-3.37251,44,-0.00350352
1.768,4,0,nan,nan,nan,nan,-0.699316,0,0.00426119,1.60905,6.18204,32,27,rc,1.768,1.79069e+09,-3.36123,44,-0.00350419
1.769,4,0,nan,nan,nan,nan,-0.372217,0,3.26153e-19,1.60905,6.18204,32,27,rc,1.769,1.79069e+09,-3.37251,44,-0.00350441
1.77,4,0,nan,nan,nan,nan,-0.372217,0,0.00426119,1.60905,6.18204,32,27,rc,1.77,1.79069e+09,-3.40635,44,-0.00352326
1.771,4,0,nan,nan,nan,nan,-0.507568,0.0279253,0.01811,1.60915,6.18204,32,27,rc,1.771,1.79069e+09,-3.36123,44,-0.00352177
1.772,4,0,nan,nan,nan,nan,-0.507568,0.0279253,-0.00319589,1.60915,6.18204,32,27,rc,1.772,1.79069e+09,-3.40635,44,-0.00350276
1.773,4,0,nan,nan,nan,nan,-0.530127,0,-0.0245018,1.60905,6.18204,32,27,rc,1.773,1.79069e+09,-3.51914,44,-0.0034878
1.774,4,0,nan,nan,nan,nan,-0.530127,0,-0.010653,1.60905,6.18204,32,27,rc,1.774,1.79069e+09,-3.4853,44,-0.00348266
1.775,4,0,nan,nan,nan,nan,-0.518848,-0.0122173,0.00745708,1.60905,6.18204,32,27,rc,1.775,1.79069e+09,-3.47402,44,-0.00348832
1.776,4,0,nan,nan,nan,nan,-0.518848,-0.0122173,0.010653,1.60905,6.18204,32,27,rc,1.776,1.79069e+09,-3.51914,44,-0.00352351
1.777,4,0,nan,nan,nan,nan,-0.439893,0,0.0138489,1.60905,6.18204,32,27,rc,1.777,1.79069e+09,-3.41763,44,-0.00353426
1.778,4,0,nan,nan,nan,nan,-0.439893,0,-1.696e-18,1.60905,6.18204,32,27,rc,1.778,1.79069e+09,-3.5417,44,-0.00352619
1.779,4,0,nan,nan,nan,nan,-0.586523,0.0139626,-0.0223712,1.60905,6.18204,32,27,rc,1.779,1.79069e+09,-3.39507,44,-0.00349203
1.78,4,0,nan,nan,nan,nan,-0.586523,0.0139626,0.00213059,1.60905,6.18204,32,27,rc,1.78,1.79069e+09,-3.34995,44,-0.00348174
1.781,4,0,nan,nan,nan,nan,-0.518848,-0.0244346,0.010653,1.60905,6.18204,32,27,rc,1.781,1.79069e+09,-3.34995,44,-0.00349784
1.782,4,0,nan,nan,nan,nan,-0.518848,-0.0244346,-0.00958767,1.60905,6.18204,32,27,rc,1.782,1.79069e+09,-3.51914,44,-0.00350999
1.783,4,0,nan,nan,nan,nan,-0.552686,-0.00872665,0.00852238,1.60905,6.18204,32,27,rc,1.783,1.79069e+09,-3.41763,44,-0.00350825
1.784,4,0,nan,nan,nan,nan,-0.552686,-0.00872665,0.00639178,1.60905,6.18204,32,27,rc,1.784,1.79069e+09,-3.40635,44,-0.00352394
1.785,4,0,nan,nan,nan,nan,-0.47373,0.00698132,0.00745708,1.60905,6.18204,32,27,rc,1.785,1.79069e+09,-3.53042,44,-0.00351143
1.786,4,0,nan,nan,nan,nan,-0.47373,0.00698132,-0.00213059,1.60905,6.18204,32,27,rc,1.786,1.79069e+09,-3.37251,44,-0.0034925
1.787,4,0,nan,nan,nan,nan,-0.563965,0.0122173,-0.00426119,1.60905,6.18204,32,27,rc,1.787,1.79069e+09,-3.34995,44,-0.00346835
1.788,4,0,nan,nan,nan,nan,-0.563965,0.0122173,1.95692e-18,1.60905,6.18204,32,27,rc,1.788,1.79069e+09,-3.46274,44,-0.00348542
1.789,4,0,nan,nan,nan,nan,-0.507568,-0.00872665,1.89169e-18,1.60905,6.18204,32,27,rc,1.789,1.79069e+09,-3.37251,44,-0.0035154
1.79,4,0,nan,nan,nan,nan,-0.507568,-0.00872665,-0.00852238,1.60905,6.18204,32,27,rc,1.79,1.79069e+09,-3.44019,44,-0.00352005
1.791,4,0,nan,nan,nan,nan,-0.530127,0,0.01811,1.60905,6.18204,32,27,rc,1.791,1.79069e+09,-3.44019,44,-0.00351493
1.792,4,0,nan,nan,nan,nan,-0.530127,0,-0.00745708,1.60905,6.18204,32,27,rc,1.792,1.79069e+09,-3.51914,44,-0.00350528
1.793,4,0,nan,nan,nan,nan,-0.586523,0,0.010653,1.60905,6.18204,32,27,rc,1.793,1.79069e+09,-3.50786,44,-0.00350841
1.794,4,0,nan,nan,nan,nan,-0.586523,0,0.0191753,1.60905,6.18204,32,27,rc,1.794,1.79069e+09,-3.37251,44,-0.00351594
1.795,4,0,nan,nan,nan,nan,-0.552686,0.0174533,0.0149142,1.60905,6.18204,32,27,rc,1.795,1.79069e+09,-3.39507,44,-0.00351924
1.796,4,0,nan,nan,nan,nan,-0.552686,0.0174533,-0.00213059,1.60905,6.18204,32,27,rc,1.796,1.79069e+09,-3.38379,44,-0.00351908
1.797,4,0,nan,nan,nan,nan,-0.755713,0,0.0127836,1.60905,6.18204,32,27,rc,1.797,1.79069e+09,-3.37251,44,-0.00353015
1.798,4,0,nan,nan,nan,nan,-0.755713,0,0.0308936,1.60905,6.18204,32,27,rc,1.798,1.79069e+09,-3.40635,44,-0.00351711
1.799,4,0,nan,nan,nan,nan,-0.688037,-0.0471239,-0.00319589,1.60895,6.18204,32,27,rc,1.799,1.79069e+09,-3.39507,44,-0.00350656
1.8,4,0,nan,nan,nan,nan,-0.688037,-0.0471239,-0.0319589,1.60895,6.18204,32,27,rc,1.8,1.79069e+09,-3.37251,44,-0.00350349
1.801,4,0,nan,nan,nan,nan,-0.812109,0,-0.00639178,1.60895,6.18204,32,27,rc,1.801,1.79069e+09,-3.37251,44,-0.00350138
1.802,4,0,nan,nan,nan,nan,-0.812109,0,0.0149142,1.60895,6.18204,32,27,rc,1.802,1.79069e+09,-3.39507,44,-0.00351324
1.803,4,0,nan,nan,nan,nan,-0.360938,-0.015708,0.00319589,1.60895,6.18204,32,27,rc,1.803,1.79069e+09,-3.37251,44,-0.00350681
1.804,4,0,nan,nan,nan,nan,-0.360938,-0.015708,-0.0138489,1.60895,6.18204,32,27,rc,1.804,1.79069e+09,-3.39507,44,-0.00351178
1.805,4,0,nan,nan,nan,nan,-0.631641,0.0610865,-0.00213059,1.60905,6.18204,32,27,rc,1.805,1.79069e+09,-3.37251,44,-0.0035186
1.806,4,0,nan,nan,nan,nan,-0.631641,0.0610865,0.0010653,1.60905,6.18204,32,27,rc,1.806,1.79069e+09,-3.40635,44,-0.00351363
1.807,4,0,nan,nan,nan,nan,-0.417334,-0.00523599,-0.010653,1.60905,6.18204,32,27,rc,1.807,1.79069e+09,-3.39507,44,-0.00349727
1.808,4,0,nan,nan,nan,nan,-0.417334,-0.00523599,-0.00958767,1.60905,6.18204,32,27,rc,1.808,1.79069e+09,-3.37251,44,-0.00348093
1.809,4,0,nan,nan,nan,nan,-0.530127,-0.0174533,0.0010653,1.60905,6.18204,32,27,rc,1.809,1.79069e+09,-3.36123,44,-0.00348385
1.81,4,0,nan,nan,nan,nan,-0.530127,-0.0174533,0.00852238,1.60905,6.18204,32,27,rc,1.81,1.79069e+09,-3.37251,44,-0.00350995
1.811,4,0,nan,nan,nan,nan,-0.597803,0,0.0170448,1.60905,6.18204,32,27,rc,1.811,1.79069e+09,-3.40635,44,-0.00351273
1.812,4,0,nan,nan,nan,nan,-0.597803,0,0.00532648,1.60905,6.18204,32,27,rc,1.812,1.79069e+09,-3.42891,44,-0.00351017
1.813,4,0,nan,nan,nan,nan,-0.586523,0,0.0010653,1.60905,6.18204,32,27,rc,1.813,1.79069e+09,-3.37251,44,-0.00349339
1.814,4,0,nan,nan,nan,nan,-0.586523,0,-0.00319589,1.60905,6.18204,32,27,rc,1.814,1.79069e+09,-3.37251,44,-0.00346837
1.815,4,0,nan,nan,nan,nan,-0.563965,-0.0226893,-0.00426119,1.60905,6.18204,32,27,rc,1.815,1.79069e+09,-3.36123,44,-0.00346996
1.816,4,0,nan,nan,nan,nan,-0.563965,-0.0226893,-0.00319589,1.60905,6.18204,32,27,rc,1.816,1.79069e+09,-3.39507,44,-0.00349161
1.817,4,0,nan,nan,nan,nan,-0.530127,-0.00872665,0.0127836,1.60895,6.18204,32,27,rc,1.817,1.79069e+09,-3.37251,44,-0.00352645
1.818,4,0,nan,nan,nan,nan,-0.530127,-0.00872665,0.0010653,1.60895,6.18204,32,27,rc,1.818,1.79069e+09,-3.41763,44,-0.00353271
1.819,4,0,nan,nan,nan,nan,-0.518848,0.0174533,0.01811,1.60895,6.18204,32,27,rc,1.819,1.79069e+09,-3.44019,44,-0.0035341
1.82,4,0,nan,nan,nan,nan,-0.518848,0.0174533,0.0276977,1.60895,6.18204,32,27,rc,1.82,1.79069e+09,-3.38379,44,-0.00353152
1.821,4,0,nan,nan,nan,nan,-0.665479,0.00872665,-0.0138489,1.60905,6.18204,32,27,rc,1.821,1.79069e+09,-3.36123,44,-0.00352667
1.822,4,0,nan,nan,nan,nan,-0.665479,0.00872665,-0.00958767,1.60905,6.18204,32,27,rc,1.822,1.79069e+09,-3.38379,44,-0.00351907
1.823,4,0,nan,nan,nan,nan,-0.755713,-0.0349066,-0.0138489,1.60895,6.18204,32,27,rc,1.823,1.79069e+09,-3.37251,44,-0.0035195
1.824,4,0,nan,nan,nan,nan,-0.755713,-0.0349066,-0.00213059,1.60895,6.18204,32,27,rc,1.824,1.79069e+09,-3.39507,44,-0.00351656
1.825,4,0,nan,nan,nan,nan,-0.665479,-0.0279253,-0.00532648,1.60886,6.18204,32,27,rc,1.825,1.79069e+09,-3.39507,44,-0.003514
1.826,4,0,nan,nan,nan,nan,-0.665479,-0.0279253,-0.00426119,1.60886,6.18204,32,27,rc,1.826,1.79069e+09,-3.4853,44,-0.0035191
1.827,4,0,nan,nan,nan,nan,-0.563965,0.0418879,-0.0170448,1.60895,6.18204,32,27,rc,1.827,1.79069e+09,-3.37251,44,-0.00352804
1.828,4,0,nan,nan,nan,nan,-0.563965,0.0418879,-0.00639178,1.60895,6.18204,32,27,rc,1.828,1.79069e+09,-3.38379,44,-0.00352209
1.829,4,0,nan,nan,nan,nan,-0.507568,0.0261799,3.91384e-19,1.60905,6.18204,32,27,rc,1.829,1.79069e+09,-3.39507,44,-0.00351893
1.83,4,0,nan,nan,nan,nan,-0.507568,0.0261799,-0.00426119,1.60905,6.18204,32,27,rc,1.83,1.79069e+09,-3.37251,44,-0.00352162
1.831,4,0,nan,nan,nan,nan,-0.620361,0,-0.00958767,1.60905,6.18204,32,27,rc,1.831,1.79069e+09,-3.37251,44,-0.00355866
1.832,4,0,nan,nan,nan,nan,-0.620361,0,-0.0319589,1.60905,6.18204,32,27,rc,1.832,1.79069e+09,-3.37251,44,-0.00356827
1.833,4,0,nan,nan,nan,nan,-0.47373,-0.00698132,-0.00532648,1.60895,6.18204,32,27,rc,1.833,1.79069e+09,-3.41763,44,-0.00354448
1.834,4,0,nan,nan,nan,nan,-0.47373,-0.00698132,0.00958767,1.60895,6.18204,32,27,rc,1.834,1.79069e+09,-3.39507,44,-0.00350781
1.835,4,0,nan,nan,nan,nan,-0.304541,0,-0.00319589,1.60895,6.18204,32,27,rc,1.835,1.79069e+09,-3.36123,44,-0.00349968
1.836,4,0,nan,nan,nan,nan,-0.304541,0,0.00319589,1.60895,6.18204,32,27,rc,1.836,1.79069e+09,-3.34995,44,-0.00351338
1.837,4,0,nan,nan,nan,nan,-0.541406,0.0349066,0.0138489,1.60905,6.18204,32,27,rc,1.837,1.79069e+09,-3.37251,44,-0.00351914
1.838,4,0,nan,nan,nan,nan,-0.541406,0.0349066,0.0191753,1.60905,6.18204,32,27,rc,1.838,1.79069e+09,-3.39507,44,-0.00353821
1.839,4,0,nan,nan,nan,nan,-0.518848,-0.0523599,0.00852238,1.60895,6.18204,32,27,rc,1.839,1.79069e+09,-3.37251,44,-0.00354595
1.84,4,0,nan,nan,nan,nan,-0.518848,-0.0523599,-0.00426119,1.60895,6.18204,32,27,rc,1.84,1.79069e+09,-3.40635,44,-0.00353527
1.841,4,0,nan,nan,nan,nan,-0.812109,-0.0541052,-0.0245018,1.60886,6.18204,32,27,rc,1.841,1.79069e+09,-3.37251,44,-0.00350507
1.842,4,0,nan,nan,nan,nan,-0.812109,-0.0541052,0.0213059,1.60886,6.18204,32,27,rc,1.842,1.79069e+09,-3.34995,44,-0.00348895
1.843,4,0,nan,nan,nan,nan,-0.563965,-0.00349066,0.0159795,1.60886,6.18204,32,27,rc,1.843,1.79069e+09,-3.38379,44,-0.00351916
1.844,4,0,nan,nan,nan,nan,-0.563965,-0.00349066,-0.00213059,1.60886,6.18204,32,27,rc,1.844,1.79069e+09,-3.36123,44,-0.00353612
1.845,4,0,nan,nan,nan,nan,-0.733154,0.0349066,0.00745708,1.60886,6.18204,32,27,rc,1.845,1.79069e+09,-3.44019,44,-0.00353899
1.846,4,0,nan,nan,nan,nan,-0.733154,0.0349066,0.0159795,1.60886,6.18204,32,27,rc,1.846,1.79069e+09,-3.49658,44,-0.00353449
1.847,4,0,nan,nan,nan,nan,-0.676758,0,-9.13229e-19,1.60886,6.18204,32,27,rc,1.847,1.79069e+09,-3.37251,44,-0.00353515
1.848,4,0,nan,nan,nan,nan,-0.676758,0,-0.00426119,1.60886,6.18204,32,27,rc,1.848,1.79069e+09,-3.34995,44,-0.00352691
1.849,4,0,nan,nan,nan,nan,-0.699316,0,-0.00958767,1.60886,6.18204,32,27,rc,1.849,1.79069e+09,-3.37251,44,-0.0035124
1.85,4,0,nan,nan,nan,nan,-0.699316,0,-0.0117183,1.60886,6.18204,32,27,rc,1.85,1.79069e+09,-3.34995,44,-0.00350258
1.851,4,0,nan,nan,nan,nan,-0.64292,-0.0174533,0.00426119,1.60886,6.18204,32,27,rc,1.851,1.79069e+09,-3.39507,44,-0.00352106
1.852,4,0,nan,nan,nan,nan,-0.64292,-0.0174533,0.00958767,1.60886,6.18204,32,27,rc,1.852,1.79069e+09,-3.41763,44,-0.00353171
1.853,4,0,nan,nan,nan,nan,-0.47373,0.0366519,-0.00852238,1.60895,6.18204,32,27,rc,1.853,1.79069e+09,-3.41763,44,-0.00352017
1.854,4,0,nan,nan,nan,nan,-0.47373,0.0366519,-0.0117183,1.60895,6.18204,32,27,rc,1.854,1.79069e+09,-3.5417,44,-0.0035272
1.855,4,0,nan,nan,nan,nan,-0.710596,0.0174533,-0.0202406,1.60895,6.18204,32,27,rc,1.855,1.79069e+09,-3.37251,44,-0.00352675
1.856,4,0,nan,nan,nan,nan,-0.710596,0.0174533,-0.01811,1.60895,6.18204,32,27,rc,1.856,1.79069e+09,-3.37251,44,-0.00351564
1.857,4,0,nan,nan,nan,nan,-0.563965,-0.0296706,-0.0117183,1.60895,6.18204,32,27,rc,1.857,1.79069e+09,-3.5417,44,-0.00351815
1.858,4,0,nan,nan,nan,nan,-0.563965,-0.0296706,0.00532648,1.60895,6.18204,32,27,rc,1.858,1.79069e+09,-3.50786,44,-0.00353642
1.859,4,0,nan,nan,nan,nan,-0.530127,0,-0.00213059,1.60886,6.18204,32,27,rc,1.859,1.79069e+09,-3.53042,44,-0.00353064
1.86,4,0,nan,nan,nan,nan,-0.530127,0,0.00319589,1.60886,6.18204,32,27,rc,1.86,1.79069e+09,-3.40635,44,-0.00353579
1.861,4,0,nan,nan,nan,nan,-0.665479,0.0279253,-0.00426119,1.60895,6.18204,32,27,rc,1.861,1.79069e+09,-3.53042,44,-0.00353759
1.862,4,0,nan,nan,nan,nan,-0.665479,0.0279253,-0.00852238,1.60895,6.18204,32,27,rc,1.862,1.79069e+09,-3.5417,44,-0.00352733
1.863,4,0,nan,nan,nan,nan,-0.64292,-0.0122173,-0.0245018,1.60895,6.18204,32,27,rc,1.863,1.79069e+09,-3.51914,44,-0.0035231
1.864,4,0,nan,nan,nan,nan,-0.64292,-0.0122173,0.0202406,1.60895,6.18204,32,27,rc,1.864,1.79069e+09,-3.53042,44,-0.00353738
1.865,4,0,nan,nan,nan,nan,-0.597803,-0.015708,-0.00532648,1.60886,6.18204,32,27,rc,1.865,1.79069e+09,-3.55298,44,-0.00352291
1.866,4,0,nan,nan,nan,nan,-0.597803,-0.015708,-0.0191753,1.60886,6.18204,32,27,rc,1.866,1.79069e+09,-3.57554,44,-0.00349248
1.867,4,0,nan,nan,nan,nan,-0.80083,0,-0.00213059,1.60886,6.18204,32,27,rc,1.867,1.79069e+09,-3.50786,44,-0.00348955
1.868,4,0,nan,nan,nan,nan,-0.80083,0,0.00213059,1.60886,6.18204,32,27,rc,1.868,1.79069e+09,-3.34995,44,-0.00349156
1.869,4,0,nan,nan,nan,nan,-0.530127,0,0.010653,1.60886,6.18204,32,27,rc,1.869,1.79069e+09,-3.51914,44,-0.00349811
1.87,4,0,nan,nan,nan,nan,-0.530127,0,0.0213059,1.60886,6.18204,32,27,rc,1.87,1.79069e+09,-3.38379,44,-0.00349438
1.871,4,0,nan,nan,nan,nan,-0.64292,0.0261799,0.00958767,1.60895,6.18204,32,27,rc,1.871,1.79069e+09,-3.49658,44,-0.0035025
1.872,4,0,nan,nan,nan,nan,-0.64292,0.0261799,0.00958767,1.60895,6.18204,32,27,rc,1.872,1.79069e+09,-3.53042,44,-0.0035243
1.873,4,0,nan,nan,nan,nan,-0.823389,0,0.010653,1.60895,6.18204,32,27,rc,1.873,1.79069e+09,-3.53042,44,-0.00353843
1.874,4,0,nan,nan,nan,nan,-0.823389,0,-0.00532648,1.60895,6.18204,32,27,rc,1.874,1.79069e+09,-3.55298,44,-0.00351807
1.875,4,0,nan,nan,nan,nan,-0.778271,-0.0575959,-0.0149142,1.60876,6.18204,32,27,rc,1.875,1.79069e+09,-3.49658,44,-0.00347135
1.876,4,0,nan,nan,nan,nan,-0.778271,-0.0575959,-0.00639178,1.60876,6.18204,32,27,rc,1.876,1.79069e+09,-3.49658,44,-0.00346574
1.877,4,0,nan,nan,nan,nan,-0.699316,0,0.0170448,1.60876,6.18204,32,27,rc,1.877,1.79069e+09,-3.4853,44,-0.00347853
1.878,4,0,nan,nan,nan,nan,-0.699316,0,0.0149142,1.60876,6.18204,32,27,rc,1.878,1.79069e+09,-3.53042,44,-0.00350717
1.879,4,0,nan,nan,nan,nan,-0.507568,0.0593412,0.00213059,1.60886,6.18204,32,27,rc,1.879,1.79069e+09,-3.57554,44,-0.00351602
1.88,4,0,nan,nan,nan,nan,-0.507568,0.0593412,0.0223712,1.60886,6.18204,32,27,rc,1.88,1.79069e+09,-3.5417,44,-0.00350707
1.881,4,0,nan,nan,nan,nan,-0.744434,0.010472,0.00852238,1.60895,6.18204,32,27,rc,1.881,1.79069e+09,-3.51914,44,-0.00351245
1.882,4,0,nan,nan,nan,nan,-0.744434,0.010472,-0.0117183,1.60895,6.18204,32,27,rc,1.882,1.79069e+09,-3.4853,44,-0.00352085
1.883,4,0,nan,nan,nan,nan,-0.834668,-0.0855211,0.0010653,1.60876,6.18204,32,27,rc,1.883,1.79069e+09,-3.55298,44,-0.00348744
1.884,4,0,nan,nan,nan,nan,-0.834668,-0.0855211,0.0191753,1.60876,6.18204,32,27,rc,1.884,1.79069e+09,-3.55298,44,-0.00349238
1.885,4,0,nan,nan,nan,nan,-0.620361,-0.0191986,0.00213059,1.60867,6.18204,32,27,rc,1.885,1.79069e+09,-3.51914,44,-0.00349572
1.886,4,0,nan,nan,nan,nan,-0.620361,-0.0191986,8.47998e-19,1.60867,6.18204,32,27,rc,1.886,1.79069e+09,-3.55298,44,-0.00350685
1.887,4,0,nan,nan,nan,nan,-0.857227,0.0610865,0.00213059,1.60876,6.18204,32,27,rc,1.887,1.79069e+09,-3.5417,44,-0.00351776
1.888,4,0,nan,nan,nan,nan,-0.857227,0.0610865,-0.0159795,1.60876,6.18204,32,27,rc,1.888,1.79069e+09,-3.58682,44,-0.00351328
1.889,4,0,nan,nan,nan,nan,-0.676758,0,-0.0245018,1.60886,6.18204,32,27,rc,1.889,1.79069e+09,-3.50786,44,-0.00348714
1.89,4,0,nan,nan,nan,nan,-0.676758,0,-0.00426119,1.60886,6.18204,32,27,rc,1.89,1.79069e+09,-3.49658,44,-0.00347175
1.891,4,0,nan,nan,nan,nan,-0.552686,-0.015708,0.00958767,1.60876,6.18204,32,27,rc,1.891,1.79069e+09,-3.49658,44,-0.00351569
1.892,4,0,nan,nan,nan,nan,-0.552686,-0.015708,0.00532648,1.60876,6.18204,32,27,rc,1.892,1.79069e+09,-3.5417,44,-0.00353428
1.893,4,0,nan,nan,nan,nan,-0.597803,0.0279253,-0.00958767,1.60886,6.18204,32,27,rc,1.893,1.79069e+09,-3.58682,44,-0.00350563
1.894,4,0,nan,nan,nan,nan,-0.597803,0.0279253,-0.00213059,1.60886,6.18204,32,27,rc,1.894,1.79069e+09,-3.5417,44,-0.00348674
1.895,4,0,nan,nan,nan,nan,-0.654199,0,-0.00213059,1.60886,6.18204,32,27,rc,1.895,1.79069e+09,-3.49658,44,-0.00348755
1.896,4,0,nan,nan,nan,nan,-0.654199,0,0.0010653,1.60886,6.18204,32,27,rc,1.896,1.79069e+09,-3.53042,44,-0.0034758
1.897,4,0,nan,nan,nan,nan,-0.631641,-0.0331613,0.0138489,1.60876,6.18204,32,27,rc,1.897,1.79069e+09,-3.57554,44,-0.00347157
1.898,4,0,nan,nan,nan,nan,-0.631641,-0.0331613,-0.010653,1.60876,6.18204,32,27,rc,1.898,1.79069e+09,-3.50786,44,-0.00346752
1.899,4,0,nan,nan,nan,nan,-0.654199,-0.00349066,-0.0245018,1.60876,6.18204,32,27,rc,1.899,1.79069e+09,-3.5417,44,-0.00346185
1.9,4,0,nan,nan,nan,nan,-0.654199,-0.00349066,-0.00213059,1.60876,6.18204,32,27,rc,1.9,1.79069e+09,-3.55298,44,-0.00346403
1.901,4,0,nan,nan,nan,nan,-0.563965,0,0.00319589,1.60876,6.18204,32,27,rc,1.901,1.79069e+09,-3.53042,44,-0.00345654
1.902,4,0,nan,nan,nan,nan,-0.563965,0,-0.00639178,1.60876,6.18204,32,27,rc,1.902,1.79069e+09,-3.51914,44,-0.00343753
1.903,4,0,nan,nan,nan,nan,-0.597803,0.00872665,-0.0159795,1.60876,6.18204,32,27,rc,1.903,1.79069e+09,-3.44019,44,-0.00344053
1.904,4,0,nan,nan,nan,nan,-0.597803,0.00872665,-0.0127836,1.60876,6.18204,32,27,rc,1.904,1.79069e+09,-3.49658,44,-0.00346896
1.905,4,0,nan,nan,nan,nan,-0.563965,0,0.00319589,1.60876,6.18204,32,27,rc,1.905,1.79069e+09,-3.51914,44,-0.00349167
1.906,4,0,nan,nan,nan,nan,-0.563965,0,0.0138489,1.60876,6.18204,32,27,rc,1.906,1.79069e+09,-3.55298,44,-0.00348475
1.907,4,0,nan,nan,nan,nan,-0.541406,0,0.00213059,1.60876,6.18204,32,27,rc,1.907,1.79069e+09,-3.55298,44,-0.00348473
1.908,4,0,nan,nan,nan,nan,-0.541406,0,-0.0138489,1.60876,6.18204,32,27,rc,1.908,1.79069e+09,-3.51914,44,-0.00348169
1.909,4,0,nan,nan,nan,nan,-0.688037,0,-0.00532648,1.60876,6.18204,32,27,rc,1.909,1.79069e+09,-3.55298,44,-0.0034515
1.91,4,0,nan,nan,nan,nan,-0.688037,0,0.0159795,1.60876,6.18204,32,27,rc,1.91,1.79069e+09,-3.53042,44,-0.00343012
1.911,4,0,nan,nan,nan,nan,-0.541406,-0.0191986,0.00532648,1.60876,6.18204,32,27,rc,1.911,1.79069e+09,-3.4853,44,-0.00343575
1.912,4,0,nan,nan,nan,nan,-0.541406,-0.0191986,0.00532648,1.60876,6.18204,32,27,rc,1.912,1.79069e+09,-3.53042,44,-0.00344814
1.913,4,0,nan,nan,nan,nan,-0.755713,0,0.00319589,1.60876,6.18204,32,27,rc,1.913,1.79069e+09,-3.51914,44,-0.00344446
1.914,4,0,nan,nan,nan,nan,-0.755713,0,-0.00213059,1.60876,6.18204,32,27,rc,1.914,1.79069e+09,-3.50786,44,-0.00344694
1.915,4,0,nan,nan,nan,nan,-0.710596,-0.015708,-0.010653,1.60876,6.18204,32,27,rc,1.915,1.79069e+09,-3.51914,44,-0.00345538
1.916,4,0,nan,nan,nan,nan,-0.710596,-0.015708,-0.0223712,1.60876,6.18204,32,27,rc,1.916,1.79069e+09,-3.5417,44,-0.00344596
1.917,4,0,nan,nan,nan,nan,-0.665479,-0.00523599,0.0010653,1.60876,6.18204,32,27,rc,1.917,1.79069e+09,-3.51914,44,-0.00344022
1.918,4,0,nan,nan,nan,nan,-0.665479,-0.00523599,0.00426119,1.60876,6.18204,32,27,rc,1.918,1.79069e+09,-3.49658,44,-0.00343737
1.919,4,0,nan,nan,nan,nan,-0.47373,0.0226893,0.0010653,1.60876,6.18204,32,27,rc,1.919,1.79069e+09,-3.51914,44,-0.00345307
1.92,4,0,nan,nan,nan,nan,-0.47373,0.0226893,0.00319589,1.60876,6.18204,32,27,rc,1.92,1.79069e+09,-3.5417,44,-0.00346468
1.921,4,0,nan,nan,nan,nan,-0.631641,0.0279253,0.00958767,1.60886,6.18204,32,27,rc,1.921,1.79069e+09,-3.51914,44,-0.00347849
1.922,4,0,nan,nan,nan,nan,-0.631641,0.0279253,-0.0010653,1.60886,6.18204,32,27,rc,1.922,1.79069e+09,-3.53042,44,-0.00346409
1.923,4,0,nan,nan,nan,nan,-0.620361,-0.0279253,0.0010653,1.60876,6.18204,32,27,rc,1.923,1.79069e+09,-3.57554,44,-0.00343756
1.924,4,0,nan,nan,nan,nan,-0.620361,-0.0279253,0.00532648,1.60876,6.18204,32,27,rc,1.924,1.79069e+09,-3.47402,44,-0.00344036
1.925,4,0,nan,nan,nan,nan,-0.631641,-0.0331613,0.00532648,1.60876,6.18204,32,27,rc,1.925,1.79069e+09,-3.49658,44,-0.00345397
1.926,4,0,nan,nan,nan,nan,-0.631641,-0.0331613,-0.00213059,1.60876,6.18204,32,27,rc,1.926,1.79069e+09,-3.53042,44,-0.00345681
1.927,4,0,nan,nan,nan,nan,-0.688037,0,-0.0010653,1.60876,6.18204,32,27,rc,1.927,1.79069e+09,-3.53042,44,-0.00345089
1.928,4,0,nan,nan,nan,nan,-0.688037,0,0.010653,1.60876,6.18204,32,27,rc,1.928,1.79069e+09,-3.51914,44,-0.00346169
1.929,4,0,nan,nan,nan,nan,-0.631641,0.0122173,0.0170448,1.60876,6.18204,32,27,rc,1.929,1.79069e+09,-3.5417,44,-0.00347415
1.93,4,0,nan,nan,nan,nan,-0.631641,0.0122173,0.0117183,1.60876,6.18204,32,27,rc,1.93,1.79069e+09,-3.5417,44,-0.0034658
1.931,4,0,nan,nan,nan,nan,-0.744434,0,-0.0010653,1.60876,6.18204,32,27,rc,1.931,1.79069e+09,-3.51914,44,-0.00347311
1.932,4,0,nan,nan,nan,nan,-0.744434,0,-0.00426119,1.60876,6.18204,32,27,rc,1.932,1.79069e+09,-3.51914,44,-0.00348199
1.933,4,0,nan,nan,nan,nan,-0.654199,-0.0279253,-0.00213059,1.60876,6.18204,32,27,rc,1.933,1.79069e+09,-3.5417,44,-0.00349687
1.934,4,0,nan,nan,nan,nan,-0.654199,-0.0279253,0.0138489,1.60876,6.18204,32,27,rc,1.934,1.79069e+09,-3.51914,44,-0.00349795
1.935,4,0,nan,nan,nan,nan,-0.530127,-0.00872665,-0.01811,1.60867,6.18204,32,27,rc,1.935,1.79069e+09,-3.53042,44,-0.00347518
1.936,4,0,nan,nan,nan,nan,-0.530127,-0.00872665,-0.00426119,1.60867,6.18204,32,27,rc,1.936,1.79069e+09,-3.53042,44,-0.0034586
1.937,4,0,nan,nan,nan,nan,-0.766992,0.0331613,-0.00852238,1.60876,6.18204,32,27,rc,1.937,1.79069e+09,-3.49658,44,-0.00345447
1.938,4,0,nan,nan,nan,nan,-0.766992,0.0331613,0.00745708,1.60876,6.18204,32,27,rc,1.938,1.79069e+09,-3.50786,44,-0.00345875
1.939,4,0,nan,nan,nan,nan,-0.631641,0,0.00532648,1.60876,6.18204,32,27,rc,1.939,1.79069e+09,-3.51914,44,-0.00346844
1.94,4,0,nan,nan,nan,nan,-0.631641,0,-0.00639178,1.60876,6.18204,32,27,rc,1.94,1.79069e+09,-3.53042,44,-0.00349318
1.941,4,0,nan,nan,nan,nan,-0.721875,-0.00872665,0.0149142,1.60876,6.18204,32,27,rc,1.941,1.79069e+09,-3.56426,44,-0.00348984
1.942,4,0,nan,nan,nan,nan,-0.721875,-0.00872665,0.0138489,1.60876,6.18204,32,27,rc,1.942,1.79069e+09,-3.55298,44,-0.00347565
1.943,4,0,nan,nan,nan,nan,-0.620361,0,5.21845e-19,1.60876,6.18204,32,27,rc,1.943,1.79069e+09,-3.49658,44,-0.00348207
1.944,4,0,nan,nan,nan,nan,-0.620361,0,-0.00745708,1.60876,6.18204,32,27,rc,1.944,1.79069e+09,-3.53042,44,-0.00346462
1.945,4,0,nan,nan,nan,nan,-0.744434,0,-2.60922e-19,1.60876,6.18204,32,27,rc,1.945,1.79069e+09,-3.5417,44,-0.00345827
1.946,4,0,nan,nan,nan,nan,-0.744434,0,-0.00213059,1.60876,6.18204,32,27,rc,1.946,1.79069e+09,-3.53042,44,-0.00347105
1.947,4,0,nan,nan,nan,nan,-0.620361,-0.0139626,0.00958767,1.60867,6.18204,32,27,rc,1.947,1.79069e+09,-3.53042,44,-0.00349015
1.948,4,0,nan,nan,nan,nan,-0.620361,-0.0139626,-1.17415e-18,1.60867,6.18204,32,27,rc,1.948,1.79069e+09,-3.5417,44,-0.00348833
1.949,4,0,nan,nan,nan,nan,-0.620361,0,-0.0149142,1.60867,6.18204,32,27,rc,1.949,1.79069e+09,-3.55298,44,-0.00347423
1.95,4,0,nan,nan,nan,nan,-0.620361,0,-0.0340895,1.60867,6.18204,32,27,rc,1.95,1.79069e+09,-3.49658,44,-0.00346261
1.951,4,0,nan,nan,nan,nan,-0.609082,0.00872665,0.00319589,1.60876,6.18204,32,27,rc,1.951,1.79069e+09,-3.4853,44,-0.0034558
1.952,4,0,nan,nan,nan,nan,-0.609082,0.00872665,0.0234365,1.60876,6.18204,32,27,rc,1.952,1.79069e+09,-3.50786,44,-0.00343288
1.953,4,0,nan,nan,nan,nan,-0.406055,0,0.00745708,1.60876,6.18204,32,27,rc,1.953,1.79069e+09,-3.51914,44,-0.00345147
1.954,4,0,nan,nan,nan,nan,-0.406055,0,-0.010653,1.60876,6.18204,32,27,rc,1.954,1.79069e+09,-3.51914,44,-0.00346933
1.955,4,0,nan,nan,nan,nan,-0.766992,0.0261799,-0.0191753,1.60876,6.18204,32,27,rc,1.955,1.79069e+09,-3.56426,44,-0.00346338
1.956,4,0,nan,nan,nan,nan,-0.766992,0.0261799,0.00639178,1.60876,6.18204,32,27,rc,1.956,1.79069e+09,-3.50786,44,-0.0034446
1.957,4,0,nan,nan,nan,nan,-0.530127,-0.0558505,0.00426119,1.60876,6.18204,32,27,rc,1.957,1.79069e+09,-3.51914,44,-0.0034144
1.958,4,0,nan,nan,nan,nan,-0.530127,-0.0558505,-0.00852238,1.60876,6.18204,32,27,rc,1.958,1.79069e+09,-3.4853,44,-0.0034128
1.959,4,0,nan,nan,nan,nan,-0.688037,-0.00523599,-0.00213059,1.60867,6.18204,32,27,rc,1.959,1.79069e+09,-3.4853,44,-0.00342943
1.96,4,0,nan,nan,nan,nan,-0.688037,-0.00523599,0.00213059,1.60867,6.18204,32,27,rc,1.96,1.79069e+09,-3.50786,44,-0.00344613
1.961,4,0,nan,nan,nan,nan,-0.575244,0.00349066,-2.60922e-19,1.60867,6.18204,32,27,rc,1.961,1.79069e+09,-3.53042,44,-0.00345367
1.962,4,0,nan,nan,nan,nan,-0.575244,0.00349066,0.00639178,1.60867,6.18204,32,27,rc,1.962,1.79069e+09,-3.56426,44,-0.00345251
1.963,4,0,nan,nan,nan,nan,-0.631641,0.0174533,-0.00639178,1.60876,6.18204,32,27,rc,1.963,1.79069e+09,-3.50786,44,-0.00345088
1.964,4,0,nan,nan,nan,nan,-0.631641,0.0174533,-0.010653,1.60876,6.18204,32,27,rc,1.964,1.79069e+09,-3.50786,44,-0.00344198
1.965,4,0,nan,nan,nan,nan,-0.676758,0,-0.00213059,1.60876,6.18204,32,27,rc,1.965,1.79069e+09,-3.51914,44,-0.00346937
1.966,4,0,nan,nan,nan,nan,-0.676758,0,0.00745708,1.60876,6.18204,32,27,rc,1.966,1.79069e+09,-3.51914,44,-0.00348231
1.967,4,0,nan,nan,nan,nan,-0.575244,-0.0174533,0.00213059,1.60867,6.18204,32,27,rc,1.967,1.79069e+09,-3.56426,44,-0.00346759
1.968,4,0,nan,nan,nan,nan,-0.575244,-0.0174533,0.0159795,1.60867,6.18204,32,27,rc,1.968,1.79069e+09,-3.51914,44,-0.00347085
1.969,4,0,nan,nan,nan,nan,-0.721875,0.0261799,0.0170448,1.60876,6.18204,32,27,rc,1.969,1.79069e+09,-3.50786,44,-0.00346356
1.97,4,0,nan,nan,nan,nan,-0.721875,0.0261799,-0.00852238,1.60876,6.18204,32,27,rc,1.97,1.79069e+09,-3.5417,44,-0.00345233
1.971,4,0,nan,nan,nan,nan,-0.80083,0,-0.00639178,1.60876,6.18204,32,27,rc,1.971,1.79069e+09,-3.49658,44,-0.00345874
1.972,4,0,nan,nan,nan,nan,-0.80083,0,-0.00639178,1.60876,6.18204,32,27,rc,1.972,1.79069e+09,-3.49658,44,-0.00346268
1.973,4,0,nan,nan,nan,nan,-0.496289,-0.020944,0.0127836,1.60867,6.18204,32,27,rc,1.973,1.79069e+09,-3.51914,44,-0.00347195
1.974,4,0,nan,nan,nan,nan,-0.496289,-0.020944,-0.0010653,1.60867,6.18204,32,27,rc,1.974,1.79069e+09,-3.51914,44,-0.00348732
1.975,4,0,nan,nan,nan,nan,-0.620361,0.0296706,-0.00532648,1.60867,6.18204,32,27,rc,1.975,1.79069e+09,-3.51914,44,-0.00349075
1.976,4,0,nan,nan,nan,nan,-0.620361,0.0296706,0.0127836,1.60867,6.18204,32,27,rc,1.976,1.79069e+09,-3.51914,44,-0.00348989
1.977,4,0,nan,nan,nan,nan,-0.620361,0.0226893,-0.00213059,1.60876,6.18204,32,27,rc,1.977,1.79069e+09,-3.50786,44,-0.00348002
1.978,4,0,nan,nan,nan,nan,-0.620361,0.0226893,-0.010653,1.60876,6.18204,32,27,rc,1.978,1.79069e+09,-3.51914,44,-0.00346653
1.979,4,0,nan,nan,nan,nan,-0.721875,-0.0122173,-0.00958767,1.60876,6.18204,32,27,rc,1.979,1.79069e+09,-3.50786,44,-0.00347496
1.98,4,0,nan,nan,nan,nan,-0.721875,-0.0122173,0.00319589,1.60876,6.18204,32,27,rc,1.98,1.79069e+09,-3.36123,44,-0.00348099
1.981,4,0,nan,nan,nan,nan,-0.563965,-0.0314159,0.0149142,1.60867,6.18204,32,27,rc,1.981,1.79069e+09,-3.53042,44,-0.00348716
1.982,4,0,nan,nan,nan,nan,-0.563965,-0.0314159,-0.00319589,1.60867,6.18204,32,27,rc,1.982,1.79069e+09,-3.53042,44,-0.00350163
1.983,4,0,nan,nan,nan,nan,-0.665479,0.0226893,-0.00745708,1.60867,6.18204,32,27,rc,1.983,1.79069e+09,-3.51914,44,-0.00352456
1.984,4,0,nan,nan,nan,nan,-0.665479,0.0226893,-0.00213059,1.60867,6.18204,32,27,rc,1.984,1.79069e+09,-3.51914,44,-0.0035101
1.985,4,0,nan,nan,nan,nan,-0.609082,0.0139626,-0.00745708,1.60876,6.18204,32,27,rc,1.985,1.79069e+09,-3.5417,44,-0.00347421
1.986,4,0,nan,nan,nan,nan,-0.609082,0.0139626,-0.00745708,1.60876,6.18204,32,27,rc,1.986,1.79069e+09,-3.49658,44,-0.00349283
1.987,4,0,nan,nan,nan,nan,-0.48501,0,-0.0191753,1.60876,6.18204,32,27,rc,1.987,1.79069e+09,-3.49658,44,-0.00352884
1.988,4,0,nan,nan,nan,nan,-0.48501,0,0.00213059,1.60876,6.18204,32,27,rc,1.988,1.79069e+09,-3.56426,44,-0.00353181
1.989,4,0,nan,nan,nan,nan,-0.563965,-0.00872665,-0.00319589,1.60867,6.18204,32,27,rc,1.989,1.79069e+09,-3.60938,44,-0.00351759
1.99,4,0,nan,nan,nan,nan,-0.563965,-0.00872665,-0.010653,1.60867,6.18204,32,27,rc,1.99,1.79069e+09,-3.50786,44,-0.00348258
1.991,4,0,nan,nan,nan,nan,-0.631641,0,-0.010653,1.60867,6.18204,32,27,rc,1.991,1.79069e+09,-3.4853,44,-0.00346609
1.992,4,0,nan,nan,nan,nan,-0.631641,0,-0.0127836,1.60867,6.18204,32,27,rc,1.992,1.79069e+09,-3.49658,44,-0.00345389
1.993,4,0,nan,nan,nan,nan,-0.541406,0,0.0276977,1.60867,6.18204,32,27,rc,1.993,1.79069e+09,-3.49658,44,-0.00347337
1.994,4,0,nan,nan,nan,nan,-0.541406,0,0.0127836,1.60867,6.18204,32,27,rc,1.994,1.79069e+09,-3.4853,44,-0.0034998
1.995,4,0,nan,nan,nan,nan,-0.48501,0.00872665,0.0202406,1.60876,6.18204,32,27,rc,1.995,1.79069e+09,-3.55298,44,-0.00350577
1.996,4,0,nan,nan,nan,nan,-0.48501,0.00872665,0.00319589,1.60876,6.18204,32,27,rc,1.996,1.79069e+09,-3.53042,44,-0.00350342
1.997,4,0,nan,nan,nan,nan,-0.676758,0,-0.0191753,1.60876,6.18204,32,27,rc,1.997,1.79069e+09,-3.51914,44,-0.00350295
1.998,4,0,nan,nan,nan,nan,-0.676758,0,-0.00852238,1.60876,6.18204,32,27,rc,1.998,1.79069e+09,-3.53042,44,-0.00348363
1.999,4,0,nan,nan,nan,nan,-0.631641,-0.0471239,0.010653,1.60867,6.18204,32,27,rc,1.999,1.79069e+09,-3.51914,44,-0.00347051
2,4,0,nan,nan,nan,nan,-0.631641,-0.0471239,0.0234365,1.60867,6.18204,32,27,rc,2,1.79069e+09,-3.49658,44,-0.00347698
2.001,4,0,nan,nan,nan,nan,-0.586523,-0.00174533,0.0213059,1.60867,6.18204,32,27,rc,2.001,1.79069e+09,-3.50786,44,-0.00348552
2.002,4,0,nan,nan,nan,nan,-0.586523,-0.00174533,0.00319589,1.60867,6.18204,32,27,rc,2.002,1.79069e+09,-3.51914,44,-0.00350409
2.003,4,0,nan,nan,nan,nan,-0.812109,0.0279253,-0.0138489,1.60867,6.18204,32,27,rc,2.003,1.79069e+09,-3.53042,44,-0.00349471
2.004,4,0,nan,nan,nan,nan,-0.812109,0.0279253,-0.00745708,1.60867,6.18204,32,27,rc,2.004,1.79069e+09,-3.51914,44,-0.00347728
2.005,4,0,nan,nan,nan,nan,-0.688037,-0.0436332,-0.0138489,1.60867,6.18204,32,27,rc,2.005,1.79069e+09,-3.49658,44,-0.00348906
2.006,4,0,nan,nan,nan,nan,-0.688037,-0.0436332,0.00745708,1.60867,6.18204,32,27,rc,2.006,1.79069e+09,-3.46274,44,-0.00350114
2.007,4,0,nan,nan,nan,nan,-0.496289,0,0.00532648,1.60867,6.18204,32,27,rc,2.007,1.79069e+09,-3.39507,44,-0.00348642
2.008,4,0,nan,nan,nan,nan,-0.496289,0,-0.0191753,1.60867,6.18204,32,27,rc,2.008,1.79069e+09,-3.51914,44,-0.00348901
2.009,4,0,nan,nan,nan,nan,-0.688037,0.0383972,-0.00745708,1.60867,6.18204,32,27,rc,2.009,1.79069e+09,-3.50786,44,-0.00349991
2.01,4,0,nan,nan,nan,nan,-0.688037,0.0383972,0.00958767,1.60867,6.18204,32,27,rc,2.01,1.79069e+09,-3.53042,44,-0.0035036
2.011,4,0,nan,nan,nan,nan,-0.48501,0,-0.0170448,1.60867,6.18204,32,27,rc,2.011,1.79069e+09,-3.5417,44,-0.00350582
2.012,4,0,nan,nan,nan,nan,-0.48501,0,0.0202406,1.60867,6.18204,32,27,rc,2.012,1.79069e+09,-3.5417,44,-0.00349936
2.013,4,0,nan,nan,nan,nan,-0.676758,0,0.028763,1.60867,6.18204,32,27,rc,2.013,1.79069e+09,-3.53042,44,-0.00348315
2.014,4,0,nan,nan,nan,nan,-0.676758,0,-0.0117183,1.60867,6.18204,32,27,rc,2.014,1.79069e+09,-3.49658,44,-0.00349213
2.015,4,0,nan,nan,nan,nan,-0.789551,-0.0488692,-0.0234365,1.60867,6.18204,32,27,rc,2.015,1.79069e+09,-3.50786,44,-0.00349712
2.016,4,0,nan,nan,nan,nan,-0.789551,-0.0488692,0.0010653,1.60867,6.18204,32,27,rc,2.016,1.79069e+09,-3.5417,44,-0.00349189
2.017,4,0,nan,nan,nan,nan,-0.586523,-0.0139626,0.010653,1.60857,6.18204,32,27,rc,2.017,1.79069e+09,-3.51914,44,-0.00350418
2.018,4,0,nan,nan,nan,nan,-0.586523,-0.0139626,-0.00639178,1.60857,6.18204,32,27,rc,2.018,1.79069e+09,-3.4853,44,-0.00350423
2.019,4,0,nan,nan,nan,nan,-0.688037,0.0593412,-0.0149142,1.60867,6.18204,32,27,rc,2.019,1.79069e+09,-3.56426,44,-0.00347428
2.02,4,0,nan,nan,nan,nan,-0.688037,0.0593412,-0.00426119,1.60867,6.18204,32,27,rc,2.02,1.79069e+09,-3.50786,44,-0.00347318
2.021,4,0,nan,nan,nan,nan,-0.597803,0.00872665,-0.00319589,1.60867,6.18204,32,27,rc,2.021,1.79069e+09,-3.49658,44,-0.00348353
2.022,4,0,nan,nan,nan,nan,-0.597803,0.00872665,-0.00213059,1.60867,6.18204,32,27,rc,2.022,1.79069e+09,-3.51914,44,-0.00349895
2.023,4,0,nan,nan,nan,nan,-0.620361,0,0.010653,1.60867,6.18204,32,27,rc,2.023,1.79069e+09,-3.50786,44,-0.00349597
2.024,4,0,nan,nan,nan,nan,-0.620361,0,-0.0117183,1.60867,6.18204,32,27,rc,2.024,1.79069e+09,-3.50786,44,-0.00347969
2.025,4,0,nan,nan,nan,nan,-0.597803,-0.0174533,-0.00852238,1.60867,6.18204,32,27,rc,2.025,1.79069e+09,-3.51914,44,-0.00346632
2.026,4,0,nan,nan,nan,nan,-0.597803,-0.0174533,0.00745708,1.60867,6.18204,32,27,rc,2.026,1.79069e+09,-3.51914,44,-0.00347256
2.027,4,0,nan,nan,nan,nan,-0.530127,0,0.00213059,1.60867,6.18204,32,27,rc,2.027,1.79069e+09,-3.49658,44,-0.00349611
2.028,4,0,nan,nan,nan,nan,-0.530127,0,-0.0191753,1.60867,6.18204,32,27,rc,2.028,1.79069e+09,-3.50786,44,-0.00352183
2.029,4,0,nan,nan,nan,nan,-0.665479,0.00698132,-0.0149142,1.60867,6.18204,32,27,rc,2.029,1.79069e+09,-3.55298,44,-0.00352453
2.03,4,0,nan,nan,nan,nan,-0.665479,0.00698132,-0.00852238,1.60867,6.18204,32,27,rc,2.03,1.79069e+09,-3.5417,44,-0.00351901
2.031,4,0,nan,nan,nan,nan,-0.451172,0,-0.00426119,1.60867,6.18204,32,27,rc,2.031,1.79069e+09,-3.50786,44,-0.00350397
2.032,4,0,nan,nan,nan,nan,-0.451172,0,-0.0255671,1.60867,6.18204,32,27,rc,2.032,1.79069e+09,-3.47402,44,-0.00347774
2.033,4,0,nan,nan,nan,nan,-0.541406,0,0.00319589,1.60867,6.18204,32,27,rc,2.033,1.79069e+09,-3.50786,44,-0.0034772
2.034,4,0,nan,nan,nan,nan,-0.541406,0,0.00958767,1.60867,6.18204,32,27,rc,2.034,1.79069e+09,-3.49658,44,-0.0035062
2.035,4,0,nan,nan,nan,nan,-0.293262,0.0174533,0.0319589,1.60876,6.18204,32,27,rc,2.035,1.79069e+09,-3.53042,44,-0.00353158
2.036,4,0,nan,nan,nan,nan,-0.293262,0.0174533,0.00745708,1.60876,6.18204,32,27,rc,2.036,1.79069e+09,-3.58682,44,-0.00353836
2.037,4,0,nan,nan,nan,nan,-0.496289,0.00698132,0.00745708,1.60876,6.18204,32,27,rc,2.037,1.79069e+09,-3.55298,44,-0.00352189
2.038,4,0,nan,nan,nan,nan,-0.496289,0.00698132,-0.0298283,1.60876,6.18204,32,27,rc,2.038,1.79069e+09,-3.51914,44,-0.00352358
2.039,4,0,nan,nan,nan,nan,-0.631641,-0.0558505,-0.00639178,1.60867,6.18204,32,27,rc,2.039,1.79069e+09,-3.50786,44,-0.00351415
2.04,4,0,nan,nan,nan,nan,-0.631641,-0.0558505,0.0138489,1.60867,6.18204,32,27,rc,2.04,1.79069e+09,-3.50786,44,-0.0035123
2.041,4,0,nan,nan,nan,nan,-0.417334,-0.00523599,0.00958767,1.60867,6.18204,32,27,rc,2.041,1.79069e+09,-3.50786,44,-0.00351012
2.042,4,0,nan,nan,nan,nan,-0.417334,-0.00523599,0.0159795,1.60867,6.18204,32,27,rc,2.042,1.79069e+09,-3.5417,44,-0.00350504
2.043,4,0,nan,nan,nan,nan,-0.710596,0.0645772,0.0202406,1.60876,6.18204,32,27,rc,2.043,1.79069e+09,-3.50786,44,-0.00351815
2.044,4,0,nan,nan,nan,nan,-0.710596,0.0645772,0.00639178,1.60876,6.18204,32,27,rc,2.044,1.79069e+09,-3.39507,44,-0.00351765
2.045,4,0,nan,nan,nan,nan,-0.620361,-0.020944,-0.0276977,1.60867,6.18204,32,27,rc,2.045,1.79069e+09,-3.51914,44,-0.00350101
2.046,4,0,nan,nan,nan,nan,-0.620361,-0.020944,-0.00532648,1.60867,6.18204,32,27,rc,2.046,1.79069e+09,-3.50786,44,-0.00350978
2.047,4,0,nan,nan,nan,nan,-0.721875,-0.0541052,-0.0010653,1.60857,6.18204,32,27,rc,2.047,1.79069e+09,-3.49658,44,-0.00351575
2.048,4,0,nan,nan,nan,nan,-0.721875,-0.0541052,0.0010653,1.60857,6.18204,32,27,rc,2.048,1.79069e+09,-3.53042,44,-0.00352065
2.049,4,0,nan,nan,nan,nan,-0.64292,0,0.00426119,1.60857,6.18204,32,27,rc,2.049,1.79069e+09,-3.51914,44,-0.00354265
2.05,4,0,nan,nan,nan,nan,-0.64292,0,0.0127836,1.60857,6.18204,32,27,rc,2.05,1.79069e+09,-3.5417,44,-0.00353627
2.051,4,0,nan,nan,nan,nan,-0.665479,0.0558505,0.0138489,1.60867,6.18204,32,27,rc,2.051,1.79069e+09,-3.53042,44,-0.00353353
2.052,4,0,nan,nan,nan,nan,-0.665479,0.0558505,-0.00958767,1.60867,6.18204,32,27,rc,2.052,1.79069e+09,-3.47402,44,-0.00351158
2.053,4,0,nan,nan,nan,nan,-0.733154,0,-0.0138489,1.60867,6.18204,32,27,rc,2.053,1.79069e+09,-3.49658,44,-0.0035065
2.054,4,0,nan,nan,nan,nan,-0.733154,0,-0.00213059,1.60867,6.18204,32,27,rc,2.054,1.79069e+09,-3.47402,44,-0.00352309
2.055,4,0,nan,nan,nan,nan,-0.575244,-0.0453786,0.00958767,1.60857,6.18204,32,27,rc,2.055,1.79069e+09,-3.50786,44,-0.00354564
2.056,4,0,nan,nan,nan,nan,-0.575244,-0.0453786,-0.00958767,1.60857,6.18204,32,27,rc,2.056,1.79069e+09,-3.53042,44,-0.00354554
2.057,4,0,nan,nan,nan,nan,-0.631641,0.00523599,0.010653,1.60867,6.18204,32,27,rc,2.057,1.79069e+09,-3.53042,44,-0.00350636
2.058,4,0,nan,nan,nan,nan,-0.631641,0.00523599,0.00213059,1.60867,6.18204,32,27,rc,2.058,1.79069e+09,-3.50786,44,-0.00349453
2.059,4,0,nan,nan,nan,nan,-0.563965,0.0226893,-0.00319589,1.60867,6.18204,32,27,rc,2.059,1.79069e+09,-3.44019,44,-0.00349289
2.06,4,0,nan,nan,nan,nan,-0.563965,0.0226893,0.00213059,1.60867,6.18204,32,27,rc,2.06,1.79069e+09,-3.50786,44,-0.00348531
2.061,4,0,nan,nan,nan,nan,-0.654199,0,-0.00745708,1.60867,6.18204,32,27,rc,2.061,1.79069e+09,-3.50786,44,-0.00349289
2.062,4,0,nan,nan,nan,nan,-0.654199,0,-0.00852238,1.60867,6.18204,32,27,rc,2.062,1.79069e+09,-3.38379,44,-0.00351251
2.063,4,0,nan,nan,nan,nan,-0.541406,-0.0418879,0.0138489,1.60867,6.18204,32,27,rc,2.063,1.79069e+09,-3.51914,44,-0.00352739
2.064,4,0,nan,nan,nan,nan,-0.541406,-0.0418879,0.0170448,1.60867,6.18204,32,27,rc,2.064,1.79069e+09,-3.51914,44,-0.00354038
2.065,4,0,nan,nan,nan,nan,-0.462451,0,-0.0010653,1.60867,6.18204,32,27,rc,2.065,1.79069e+09,-3.53042,44,-0.00351364
2.066,4,0,nan,nan,nan,nan,-0.462451,0,-0.0159795,1.60867,6.18204,32,27,rc,2.066,1.79069e+09,-3.50786,44,-0.00348759
2.067,4,0,nan,nan,nan,nan,-0.766992,0.0174533,-0.0170448,1.60867,6.18204,32,27,rc,2.067,1.79069e+09,-3.46274,44,-0.003497
2.068,4,0,nan,nan,nan,nan,-0.766992,0.0174533,-0.010653,1.60867,6.18204,32,27,rc,2.068,1.79069e+09,-3.51914,44,-0.00350453
2.069,4,0,nan,nan,nan,nan,-0.428613,-0.00872665,0.00532648,1.60867,6.18204,32,27,rc,2.069,1.79069e+09,-3.39507,44,-0.00351447
2.07,4,0,nan,nan,nan,nan,-0.428613,-0.00872665,0.00532648,1.60867,6.18204,32,27,rc,2.07,1.79069e+09,-3.51914,44,-0.00352596
2.071,4,0,nan,nan,nan,nan,-0.451172,0.00698132,-0.00532648,1.60867,6.18204,32,27,rc,2.071,1.79069e+09,-3.49658,44,-0.00352477
2.072,4,0,nan,nan,nan,nan,-0.451172,0.00698132,-0.0127836,1.60867,6.18204,32,27,rc,2.072,1.79069e+09,-3.50786,44,-0.0035026
2.073,4,0,nan,nan,nan,nan,-0.530127,0.00349066,0.010653,1.60867,6.18204,32,27,rc,2.073,1.79069e+09,-3.4853,44,-0.00348854
2.074,4,0,nan,nan,nan,nan,-0.530127,0.00349066,0.0010653,1.60867,6.18204,32,27,rc,2.074,1.79069e+09,-3.49658,44,-0.00350313
2.075,4,0,nan,nan,nan,nan,-0.406055,-0.0191986,0.00213059,1.60867,6.18204,32,27,rc,2.075,1.79069e+09,-3.50786,44,-0.00352431
2.076,4,0,nan,nan,nan,nan,-0.406055,-0.0191986,0.0127836,1.60867,6.18204,32,27,rc,2.076,1.79069e+09,-3.40635,44,-0.00353682
2.077,4,0,nan,nan,nan,nan,-0.496289,0,-0.00319589,1.60867,6.18204,32,27,rc,2.077,1.79069e+09,-3.41763,44,-0.00354694
2.078,4,0,nan,nan,nan,nan,-0.496289,0,0.00745708,1.60867,6.18204,32,27,rc,2.078,1.79069e+09,-3.53042,44,-0.00353509
2.079,4,0,nan,nan,nan,nan,-0.710596,0,0.01811,1.60867,6.18204,32,27,rc,2.079,1.79069e+09,-3.51914,44,-0.00353693
2.08,4,0,nan,nan,nan,nan,-0.710596,0,0.010653,1.60867,6.18204,32,27,rc,2.08,1.79069e+09,-3.4853,44,-0.00352013
2.081,4,0,nan,nan,nan,nan,-0.597803,-0.0349066,-0.00213059,1.60857,6.18204,32,27,rc,2.081,1.79069e+09,-3.39507,44,-0.00352226
2.082,4,0,nan,nan,nan,nan,-0.597803,-0.0349066,0.0149142,1.60857,6.18204,32,27,rc,2.082,1.79069e+09,-3.49658,44,-0.003548
2.083,4,0,nan,nan,nan,nan,-0.64292,-0.00349066,-0.00426119,1.60857,6.18204,32,27,rc,2.083,1.79069e+09,-3.41763,44,-0.00355229
2.084,4,0,nan,nan,nan,nan,-0.64292,-0.00349066,-0.00426119,1.60857,6.18204,32,27,rc,2.084,1.79069e+09,-3.5417,44,-0.00356354
2.085,4,0,nan,nan,nan,nan,-0.688037,0,-0.010653,1.60857,6.18204,32,27,rc,2.085,1.79069e+09,-3.39507,44,-0.00356769
2.086,4,0,nan,nan,nan,nan,-0.688037,0,-0.0213059,1.60857,6.18204,32,27,rc,2.086,1.79069e+09,-3.40635,44,-0.00356445
2.087,4,0,nan,nan,nan,nan,-0.530127,0,-0.00639178,1.60857,6.18204,32,27,rc,2.087,1.79069e+09,-3.50786,44,-0.00354689
2.088,4,0,nan,nan,nan,nan,-0.530127,0,0.00745708,1.60857,6.18204,32,27,rc,2.088,1.79069e+09,-3.37251,44,-0.00356305
2.089,4,0,nan,nan,nan,nan,-0.383496,0.0401426,0.0159795,1.60867,6.18204,32,27,rc,2.089,1.79069e+09,-3.36123,44,-0.00358395
2.09,4,0,nan,nan,nan,nan,-0.383496,0.0401426,-0.00319589,1.60867,6.18204,32,27,rc,2.09,1.79069e+09,-3.41763,44,-0.00358408
2.091,4,0,nan,nan,nan,nan,-0.541406,0.0261799,-0.0010653,1.60867,6.18204,32,27,rc,2.091,1.79069e+09,-3.5417,44,-0.00356143
2.092,4,0,nan,nan,nan,nan,-0.541406,0.0261799,0.0127836,1.60867,6.18204,32,27,rc,2.092,1.79069e+09,-3.37251,44,-0.00356141
2.093,4,0,nan,nan,nan,nan,-0.47373,-0.0453786,-0.00213059,1.60867,6.18204,32,27,rc,2.093,1.79069e+09,-3.36123,44,-0.00355839
2.094,4,0,nan,nan,nan,nan,-0.47373,-0.0453786,-0.0010653,1.60867,6.18204,32,27,rc,2.094,1.79069e+09,-3.51914,44,-0.0035607
2.095,4,0,nan,nan,nan,nan,-0.631641,-0.0261799,0.0191753,1.60857,6.18204,32,27,rc,2.095,1.79069e+09,-3.37251,44,-0.00355966
2.096,4,0,nan,nan,nan,nan,-0.631641,-0.0261799,0.0202406,1.60857,6.18204,32,27,rc,2.096,1.79069e+09,-3.5417,44,-0.00355616
2.097,4,0,nan,nan,nan,nan,-0.552686,-0.00174533,0.00319589,1.60857,6.18204,32,27,rc,2.097,1.79069e+09,-3.39507,44,-0.00356911
2.098,4,0,nan,nan,nan,nan,-0.552686,-0.00174533,0.0010653,1.60857,6.18204,32,27,rc,2.098,1.79069e+09,-3.39507,44,-0.00356829
2.099,4,0,nan,nan,nan,nan,-0.721875,0.00523599,0.0159795,1.60857,6.18204,32,27,rc,2.099,1.79069e+09,-3.40635,44,-0.0035586
2.1,4,0,nan,nan,nan,nan,-0.721875,0.00523599,-0.00426119,1.60857,6.18204,32,27,rc,2.1,1.79069e+09,-3.34995,44,-0.00356688
2.101,4,0,nan,nan,nan,nan,-0.688037,-0.00523599,-0.0117183,1.60857,6.18204,32,27,rc,2.101,1.79069e+09,-3.36123,44,-0.00356699
2.102,4,0,nan,nan,nan,nan,-0.688037,-0.00523599,0.00319589,1.60857,6.18204,32,27,rc,2.102,1.79069e+09,-3.39507,44,-0.00356473
2.103,4,0,nan,nan,nan,nan,-0.64292,0,0.0149142,1.60857,6.18204,32,27,rc,2.103,1.79069e+09,-3.39507,44,-0.00358985
2.104,4,0,nan,nan,nan,nan,-0.64292,0,0.0138489,1.60857,6.18204,32,27,rc,2.104,1.79069e+09,-3.51914,44,-0.0035901
2.105,4,0,nan,nan,nan,nan,-0.676758,0.0191986,-0.0127836,1.60857,6.18204,32,27,rc,2.105,1.79069e+09,-3.42891,44,-0.00356366
2.106,4,0,nan,nan,nan,nan,-0.676758,0.0191986,-0.010653,1.60857,6.18204,32,27,rc,2.106,1.79069e+09,-3.36123,44,-0.00355248
2.107,4,0,nan,nan,nan,nan,-0.766992,-0.00174533,0.00639178,1.60857,6.18204,32,27,rc,2.107,1.79069e+09,-3.51914,44,-0.00354174
2.108,4,0,nan,nan,nan,nan,-0.766992,-0.00174533,0.0159795,1.60857,6.18204,32,27,rc,2.108,1.79069e+09,-3.36123,44,-0.00354613
2.109,4,0,nan,nan,nan,nan,-0.609082,-0.0174533,-0.0170448,1.60857,6.18204,32,27,rc,2.109,1.79069e+09,-3.51914,44,-0.00356596
2.11,4,0,nan,nan,nan,nan,-0.609082,-0.0174533,5.87076e-19,1.60857,6.18204,32,27,rc,2.11,1.79069e+09,-3.5417,44,-0.00357317
2.111,4,0,nan,nan,nan,nan,-0.789551,0.0122173,0.0117183,1.60857,6.18204,32,27,rc,2.111,1.79069e+09,-3.51914,44,-0.00357024
2.112,4,0,nan,nan,nan,nan,-0.789551,0.0122173,0.00958767,1.60857,6.18204,32,27,rc,2.112,1.79069e+09,-3.5417,44,-0.00357784
2.113,4,0,nan,nan,nan,nan,-0.688037,0,-0.00745708,1.60857,6.18204,32,27,rc,2.113,1.79069e+09,-3.36123,44,-0.00357782
2.114,4,0,nan,nan,nan,nan,-0.688037,0,-0.00958767,1.60857,6.18204,32,27,rc,2.114,1.79069e+09,-3.37251,44,-0.00356312
2.115,4,0,nan,nan,nan,nan,-0.631641,0,-0.00426119,1.60857,6.18204,32,27,rc,2.115,1.79069e+09,-3.36123,44,-0.00356114
2.116,4,0,nan,nan,nan,nan,-0.631641,0,0.0117183,1.60857,6.18204,32,27,rc,2.116,1.79069e+09,-3.36123,44,-0.00356099
2.117,4,0,nan,nan,nan,nan,-0.620361,-0.00872665,0.0319589,1.60857,6.18204,32,27,rc,2.117,1.79069e+09,-3.56426,44,-0.00355896
2.118,4,0,nan,nan,nan,nan,-0.620361,-0.00872665,-0.00426119,1.60857,6.18204,32,27,rc,2.118,1.79069e+09,-3.40635,44,-0.00356302
2.119,4,0,nan,nan,nan,nan,-0.620361,0.020944,-0.0138489,1.60857,6.18204,32,27,rc,2.119,1.79069e+09,-3.39507,44,-0.0035679
2.12,4,0,nan,nan,nan,nan,-0.620361,0.020944,0.0117183,1.60857,6.18204,32,27,rc,2.12,1.79069e+09,-3.40635,44,-0.00355532
2.121,4,0,nan,nan,nan,nan,-0.496289,-0.00872665,0.00426119,1.60857,6.18204,32,27,rc,2.121,1.79069e+09,-3.53042,44,-0.00353404
2.122,4,0,nan,nan,nan,nan,-0.496289,-0.00872665,5.87076e-19,1.60857,6.18204,32,27,rc,2.122,1.79069e+09,-3.37251,44,-0.00353312
2.123,4,0,nan,nan,nan,nan,-0.631641,-0.00174533,-0.00213059,1.60857,6.18204,32,27,rc,2.123,1.79069e+09,-3.36123,44,-0.00353665
2.124,4,0,nan,nan,nan,nan,-0.631641,-0.00174533,0.00213059,1.60857,6.18204,32,27,rc,2.124,1.79069e+09,-3.37251,44,-0.00354888
2.125,4,0,nan,nan,nan,nan,-0.552686,0,-0.00745708,1.60857,6.18204,32,27,rc,2.125,1.79069e+09,-3.37251,44,-0.0035579
2.126,4,0,nan,nan,nan,nan,-0.552686,0,-0.0127836,1.60857,6.18204,32,27,rc,2.126,1.79069e+09,-3.56426,44,-0.00353162
2.127,4,0,nan,nan,nan,nan,-0.699316,0,0.00426119,1.60857,6.18204,32,27,rc,2.127,1.79069e+09,-3.5417,44,-0.00350661
2.128,4,0,nan,nan,nan,nan,-0.699316,0,-0.00426119,1.60857,6.18204,32,27,rc,2.128,1.79069e+09,-3.33867,44,-0.00352191
2.129,4,0,nan,nan,nan,nan,-0.597803,0,0.00958767,1.60857,6.18204,32,27,rc,2.129,1.79069e+09,-3.34995,44,-0.00354203
2.13,4,0,nan,nan,nan,nan,-0.597803,0,0.00745708,1.60857,6.18204,32,27,rc,2.13,1.79069e+09,-3.40635,44,-0.00354119
2.131,4,0,nan,nan,nan,nan,-0.631641,0.0174533,-0.00426119,1.60857,6.18204,32,27,rc,2.131,1.79069e+09,-3.5417,44,-0.0035448
2.132,4,0,nan,nan,nan,nan,-0.631641,0.0174533,1.95692e-19,1.60857,6.18204,32,27,rc,2.132,1.79069e+09,-3.50786,44,-0.00355162
2.133,4,0,nan,nan,nan,nan,-0.688037,0,0.00319589,1.60857,6.18204,32,27,rc,2.133,1.79069e+09,-3.36123,44,-0.00354631
2.134,4,0,nan,nan,nan,nan,-0.688037,0,0.0117183,1.60857,6.18204,32,27,rc,2.134,1.79069e+09,-3.39507,44,-0.00352542
2.135,4,0,nan,nan,nan,nan,-0.541406,-0.0279253,-0.00639178,1.60847,6.18204,32,27,rc,2.135,1.79069e+09,-3.34995,44,-0.00352876
2.136,4,0,nan,nan,nan,nan,-0.541406,-0.0279253,-0.010653,1.60847,6.18204,32,27,rc,2.136,1.79069e+09,-3.50786,44,-0.00350929
2.137,4,0,nan,nan,nan,nan,-0.778271,0,-0.00745708,1.60847,6.18204,32,27,rc,2.137,1.79069e+09,-3.38379,44,-0.00352544
2.138,4,0,nan,nan,nan,nan,-0.778271,0,0.00639178,1.60847,6.18204,32,27,rc,2.138,1.79069e+09,-3.36123,44,-0.00356239
2.139,4,0,nan,nan,nan,nan,-0.47373,0,0.0149142,1.60847,6.18204,32,27,rc,2.139,1.79069e+09,-3.42891,44,-0.00354028
2.14,4,0,nan,nan,nan,nan,-0.47373,0,-0.00213059,1.60847,6.18204,32,27,rc,2.14,1.79069e+09,-3.51914,44,-0.00353207
2.141,4,0,nan,nan,nan,nan,-0.575244,0.0174533,-0.00319589,1.60857,6.18204,32,27,rc,2.141,1.79069e+09,-3.33867,44,-0.00353645
2.142,4,0,nan,nan,nan,nan,-0.575244,0.0174533,-0.00319589,1.60857,6.18204,32,27,rc,2.142,1.79069e+09,-3.37251,44,-0.00354583
2.143,4,0,nan,nan,nan,nan,-0.496289,-0.00872665,-0.0010653,1.60857,6.18204,32,27,rc,2.143,1.79069e+09,-3.5417,44,-0.00353644
2.144,4,0,nan,nan,nan,nan,-0.496289,-0.00872665,0.01811,1.60857,6.18204,32,27,rc,2.144,1.79069e+09,-3.57554,44,-0.00353351
2.145,4,0,nan,nan,nan,nan,-0.518848,-0.00872665,0.00213059,1.60847,6.18204,32,27,rc,2.145,1.79069e+09,-3.50786,44,-0.00354768
2.146,4,0,nan,nan,nan,nan,-0.518848,-0.00872665,0.00852238,1.60847,6.18204,32,27,rc,2.146,1.79069e+09,-3.39507,44,-0.00355389
2.147,4,0,nan,nan,nan,nan,-0.789551,0,0.00639178,1.60847,6.18204,32,27,rc,2.147,1.79069e+09,-3.39507,44,-0.00353979
2.148,4,0,nan,nan,nan,nan,-0.789551,0,-0.00213059,1.60847,6.18204,32,27,rc,2.148,1.79069e+09,-3.36123,44,-0.0035019
2.149,4,0,nan,nan,nan,nan,-0.744434,-0.0226893,-0.0138489,1.60847,6.18204,32,27,rc,2.149,1.79069e+09,-3.50786,44,-0.00350407
2.15,4,0,nan,nan,nan,nan,-0.744434,-0.0226893,-0.0223712,1.60847,6.18204,32,27,rc,2.15,1.79069e+09,-3.33867,44,-0.00353452
2.151,4,0,nan,nan,nan,nan,-0.64292,0,3.26153e-19,1.60847,6.18204,32,27,rc,2.151,1.79069e+09,-3.57554,44,-0.00353434
2.152,4,0,nan,nan,nan,nan,-0.64292,0,0.00639178,1.60847,6.18204,32,27,rc,2.152,1.79069e+09,-3.56426,44,-0.00356062
2.153,4,0,nan,nan,nan,nan,-0.541406,0.0314159,-0.0010653,1.60847,6.18204,32,27,rc,2.153,1.79069e+09,-3.5417,44,-0.00358093
2.154,4,0,nan,nan,nan,nan,-0.541406,0.0314159,-0.010653,1.60847,6.18204,32,27,rc,2.154,1.79069e+09,-3.53042,44,-0.00358208
2.155,4,0,nan,nan,nan,nan,-0.688037,0.0296706,-0.0234365,1.60857,6.18204,32,27,rc,2.155,1.79069e+09,-3.4853,44,-0.00357334
2.156,4,0,nan,nan,nan,nan,-0.688037,0.0296706,-0.0191753,1.60857,6.18204,32,27,rc,2.156,1.79069e+09,-3.40635,44,-0.00354645
2.157,4,0,nan,nan,nan,nan,-0.541406,-0.0314159,-0.0149142,1.60857,6.18204,32,27,rc,2.157,1.79069e+09,-3.53042,44,-0.00354902
2.158,4,0,nan,nan,nan,nan,-0.541406,-0.0314159,-0.0010653,1.60857,6.18204,32,27,rc,2.158,1.79069e+09,-3.5417,44,-0.00354978
2.159,4,0,nan,nan,nan,nan,-0.496289,-0.00872665,0.0234365,1.60857,6.18204,32,27,rc,2.159,1.79069e+09,-3.51914,44,-0.00355513
2.16,4,0,nan,nan,nan,nan,-0.496289,-0.00872665,0.0170448,1.60857,6.18204,32,27,rc,2.16,1.79069e+09,-3.56426,44,-0.00356448
2.161,4,0,nan,nan,nan,nan,-0.609082,0.0314159,-0.00745708,1.60857,6.18204,32,27,rc,2.161,1.79069e+09,-3.53042,44,-0.0035417
2.162,4,0,nan,nan,nan,nan,-0.609082,0.0314159,-0.0255671,1.60857,6.18204,32,27,rc,2.162,1.79069e+09,-3.51914,44,-0.00352582
2.163,4,0,nan,nan,nan,nan,-0.699316,0,-0.00639178,1.60857,6.18204,32,27,rc,2.163,1.79069e+09,-3.50786,44,-0.00352475
2.164,4,0,nan,nan,nan,nan,-0.699316,0,0.010653,1.60857,6.18204,32,27,rc,2.164,1.79069e+09,-3.49658,44,-0.00353402
2.165,4,0,nan,nan,nan,nan,-0.48501,-0.0314159,0.0117183,1.60847,6.18204,32,27,rc,2.165,1.79069e+09,-3.53042,44,-0.00357561
2.166,4,0,nan,nan,nan,nan,-0.48501,-0.0314159,-0.00319589,1.60847,6.18204,32,27,rc,2.166,1.79069e+09,-3.5417,44,-0.00357693
2.167,4,0,nan,nan,nan,nan,-0.733154,0.0471239,0.00319589,1.60857,6.18204,32,27,rc,2.167,1.79069e+09,-3.58682,44,-0.00354646
2.168,4,0,nan,nan,nan,nan,-0.733154,0.0471239,-0.0127836,1.60857,6.18204,32,27,rc,2.168,1.79069e+09,-3.53042,44,-0.0035226
2.169,4,0,nan,nan,nan,nan,-0.64292,0,0.00639178,1.60857,6.18204,32,27,rc,2.169,1.79069e+09,-3.4853,44,-0.00351887
2.17,4,0,nan,nan,nan,nan,-0.64292,0,-0.00852238,1.60857,6.18204,32,27,rc,2.17,1.79069e+09,-3.53042,44,-0.00353369
2.171,4,0,nan,nan,nan,nan,-0.575244,-0.00872665,-0.00532648,1.60857,6.18204,32,27,rc,2.171,1.79069e+09,-3.49658,44,-0.00355666
2.172,4,0,nan,nan,nan,nan,-0.575244,-0.00872665,0.00745708,1.60857,6.18204,32,27,rc,2.172,1.79069e+09,-3.57554,44,-0.0035658
2.173,4,0,nan,nan,nan,nan,-0.586523,0.00174533,0.00639178,1.60857,6.18204,32,27,rc,2.173,1.79069e+09,-3.57554,44,-0.00355556
2.174,4,0,nan,nan,nan,nan,-0.586523,0.00174533,-0.00958767,1.60857,6.18204,32,27,rc,2.174,1.79069e+09,-3.5417,44,-0.00354471
2.175,4,0,nan,nan,nan,nan,-0.688037,0.00174533,-2.02215e-18,1.60857,6.18204,32,27,rc,2.175,1.79069e+09,-3.49658,44,-0.00352103
2.176,4,0,nan,nan,nan,nan,-0.688037,0.00174533,-0.00213059,1.60857,6.18204,32,27,rc,2.176,1.79069e+09,-3.51914,44,-0.00350602
2.177,4,0,nan,nan,nan,nan,-0.575244,-0.0279253,-0.00852238,1.60857,6.18204,32,27,rc,2.177,1.79069e+09,-3.4853,44,-0.00350905
2.178,4,0,nan,nan,nan,nan,-0.575244,-0.0279253,0.0149142,1.60857,6.18204,32,27,rc,2.178,1.79069e+09,-3.50786,44,-0.00352409
2.179,4,0,nan,nan,nan,nan,-0.609082,0,0.0159795,1.60847,6.18204,32,27,rc,2.179,1.79069e+09,-3.5417,44,-0.00354273
2.18,4,0,nan,nan,nan,nan,-0.609082,0,0.0010653,1.60847,6.18204,32,27,rc,2.18,1.79069e+09,-3.53042,44,-0.00353481
2.181,4,0,nan,nan,nan,nan,-0.721875,0,-0.0223712,1.60857,6.18204,32,27,rc,2.181,1.79069e+09,-3.51914,44,-0.00354282
2.182,4,0,nan,nan,nan,nan,-0.721875,0,-0.00745708,1.60857,6.18204,32,27,rc,2.182,1.79069e+09,-3.53042,44,-0.00353212
2.183,4,0,nan,nan,nan,nan,-0.688037,-0.0261799,0.00213059,1.60847,6.18204,32,27,rc,2.183,1.79069e+09,-3.53042,44,-0.0035229
2.184,4,0,nan,nan,nan,nan,-0.688037,-0.0261799,0.00745708,1.60847,6.18194,32,27,rc,2.184,1.79069e+09,-3.53042,44,-0.00353305
2.185,4,0,nan,nan,nan,nan,-0.631641,0,0.0234365,1.60847,6.18194,32,27,rc,2.185,1.79069e+09,-3.53042,44,-0.00353652
2.186,4,0,nan,nan,nan,nan,-0.631641,0,0.0245018,1.60847,6.18194,32,27,rc,2.186,1.79069e+09,-3.56426,44,-0.00352797
2.187,4,0,nan,nan,nan,nan,-0.721875,0.0174533,0.00745708,1.60857,6.18194,32,27,rc,2.187,1.79069e+09,-3.56426,44,-0.00352701
2.188,4,0,nan,nan,nan,nan,-0.721875,0.0174533,-0.039416,1.60857,6.18204,32,27,rc,2.188,1.79069e+09,-3.51914,44,-0.00350782
2.189,4,0,nan,nan,nan,nan,-0.891064,-0.015708,-0.00958767,1.60847,6.18204,32,27,rc,2.189,1.79069e+09,-3.5417,44,-0.00350079
2.19,4,0,nan,nan,nan,nan,-0.891064,-0.015708,0.0149142,1.60847,6.18204,32,27,rc,2.19,1.79069e+09,-3.44019,44,-0.00352198
2.191,4,0,nan,nan,nan,nan,-0.417334,-0.0279253,-0.00639178,1.60838,6.18204,32,27,rc,2.191,1.79069e+09,-3.5417,44,-0.00353601
2.192,4,0,nan,nan,nan,nan,-0.417334,-0.0279253,1.30461e-19,1.60838,6.18204,32,27,rc,2.192,1.79069e+09,-3.56426,44,-0.00354099
2.193,4,0,nan,nan,nan,nan,-0.721875,0.0785398,0.00319589,1.60857,6.18204,32,27,rc,2.193,1.79069e+09,-3.5417,44,-0.00353089
2.194,4,0,nan,nan,nan,nan,-0.721875,0.0785398,-0.0149142,1.60857,6.18204,32,27,rc,2.194,1.79069e+09,-3.55298,44,-0.00353258
2.195,4,0,nan,nan,nan,nan,-0.64292,0,-0.028763,1.60857,6.18204,32,27,rc,2.195,1.79069e+09,-3.49658,44,-0.00352783
2.196,4,0,nan,nan,nan,nan,-0.64292,0,-0.00958767,1.60857,6.18204,32,27,rc,2.196,1.79069e+09,-3.53042,44,-0.00351895
2.197,4,0,nan,nan,nan,nan,-0.552686,-0.0226893,0.0170448,1.60847,6.18204,32,27,rc,2.197,1.79069e+09,-3.5417,44,-0.00350524
2.198,4,0,nan,nan,nan,nan,-0.552686,-0.0226893,-6.52306e-20,1.60847,6.18204,32,27,rc,2.198,1.79069e+09,-3.53042,44,-0.0035015
2.199,4,0,nan,nan,nan,nan,-0.541406,0,-0.00532648,1.60847,6.18204,32,27,rc,2.199,1.79069e+09,-3.56426,44,-0.00351245
2.2,4,0,nan,nan,nan,nan,-0.541406,0,0.0127836,1.60847,6.18204,32,27,rc,2.2,1.79069e+09,-3.55298,44,-0.00352427
2.201,4,0,nan,nan,nan,nan,-0.609082,0.010472,0.00319589,1.60857,6.18204,32,27,rc,2.201,1.79069e+09,-3.5417,44,-0.00353301
2.202,4,0,nan,nan,nan,nan,-0.609082,0.010472,-0.01811,1.60857,6.18204,32,27,rc,2.202,1.79069e+09,-3.55298,44,-0.00350268
2.203,4,0,nan,nan,nan,nan,-0.721875,-0.0139626,-0.0127836,1.60847,6.18204,32,27,rc,2.203,1.79069e+09,-3.53042,44,-0.00347598
2.204,4,0,nan,nan,nan,nan,-0.721875,-0.0139626,-0.0191753,1.60847,6.18204,32,27,rc,2.204,1.79069e+09,-3.4853,44,-0.00349129
2.205,4,0,nan,nan,nan,nan,-0.518848,-0.0226893,0.00852238,1.60847,6.18204,32,27,rc,2.205,1.79069e+09,-3.4853,44,-0.00351633
2.206,4,0,nan,nan,nan,nan,-0.518848,-0.0226893,0.00319589,1.60847,6.18204,32,27,rc,2.206,1.79069e+09,-3.5417,44,-0.00351575
2.207,4,0,nan,nan,nan,nan,-0.48501,0.0575959,-1.10892e-18,1.60857,6.18204,32,27,rc,2.207,1.79069e+09,-3.57554,44,-0.00350019
2.208,4,0,nan,nan,nan,nan,-0.48501,0.0575959,0.0117183,1.60857,6.18204,32,27,rc,2.208,1.79069e+09,-3.5417,44,-0.00349274
2.209,4,0,nan,nan,nan,nan,-0.597803,0.0331613,0.00639178,1.60857,6.18204,32,27,rc,2.209,1.79069e+09,-3.51914,44,-0.00348737
2.21,4,0,nan,nan,nan,nan,-0.597803,0.0331613,-0.0138489,1.60857,6.18204,32,27,rc,2.21,1.79069e+09,-3.53042,44,-0.00347352
2.211,4,0,nan,nan,nan,nan,-0.676758,-0.0645772,0.00958767,1.60857,6.18204,32,27,rc,2.211,1.79069e+09,-3.51914,44,-0.00348675
2.212,4,0,nan,nan,nan,nan,-0.676758,-0.0645772,0.00532648,1.60857,6.18204,32,27,rc,2.212,1.79069e+09,-3.53042,44,-0.00348552
2.213,4,0,nan,nan,nan,nan,-0.552686,-0.0471239,0.00532648,1.60838,6.18204,32,27,rc,2.213,1.79069e+09,-3.56426,44,-0.00349634
2.214,4,0,nan,nan,nan,nan,-0.552686,-0.0471239,0.0117183,1.60838,6.18204,32,27,rc,2.214,1.79069e+09,-3.53042,44,-0.00351847
2.215,4,0,nan,nan,nan,nan,-0.710596,0.0349066,0.00958767,1.60847,6.18204,32,27,rc,2.215,1.79069e+09,-3.57554,44,-0.00350848
2.216,4,0,nan,nan,nan,nan,-0.710596,0.0349066,-0.0170448,1.60847,6.18204,32,27,rc,2.216,1.79069e+09,-3.56426,44,-0.00348493
2.217,4,0,nan,nan,nan,nan,-0.744434,0,-0.0170448,1.60847,6.18204,32,27,rc,2.217,1.79069e+09,-3.49658,44,-0.00346246
2.218,4,0,nan,nan,nan,nan,-0.744434,0,-0.00532648,1.60847,6.18204,32,27,rc,2.218,1.79069e+09,-3.49658,44,-0.00346263
2.219,4,0,nan,nan,nan,nan,-0.530127,-0.00872665,0.0127836,1.60847,6.18204,32,27,rc,2.219,1.79069e+09,-3.53042,44,-0.00348934
2.22,4,0,nan,nan,nan,nan,-0.530127,-0.00872665,-0.00958767,1.60847,6.18204,32,27,rc,2.22,1.79069e+09,-3.55298,44,-0.00350205
2.221,4,0,nan,nan,nan,nan,-0.609082,0.00698132,-0.0213059,1.60847,6.18204,32,27,rc,2.221,1.79069e+09,-3.55298,44,-0.00347968
2.222,4,0,nan,nan,nan,nan,-0.609082,0.00698132,0.00745708,1.60847,6.18204,32,27,rc,2.222,1.79069e+09,-3.53042,44,-0.00348558
2.223,4,0,nan,nan,nan,nan,-0.518848,0.0122173,0.0010653,1.60857,6.18204,32,27,rc,2.223,1.79069e+09,-3.50786,44,-0.00348619
2.224,4,0,nan,nan,nan,nan,-0.518848,0.0122173,0.00532648,1.60857,6.18204,32,27,rc,2.224,1.79069e+09,-3.50786,44,-0.00349142
2.225,4,0,nan,nan,nan,nan,-0.688037,0,0.0170448,1.60857,6.18204,32,27,rc,2.225,1.79069e+09,-3.47402,44,-0.00351501
2.226,4,0,nan,nan,nan,nan,-0.688037,0,0.0117183,1.60857,6.18204,32,27,rc,2.226,1.79069e+09,-3.56426,44,-0.00352115
2.227,4,0,nan,nan,nan,nan,-0.699316,-0.0331613,-0.00319589,1.60847,6.18204,32,27,rc,2.227,1.79069e+09,-3.5417,44,-0.00353399
2.228,4,0,nan,nan,nan,nan,-0.699316,-0.0331613,-0.00852238,1.60847,6.18204,32,27,rc,2.228,1.79069e+09,-3.55298,44,-0.00352077
2.229,4,0,nan,nan,nan,nan,-0.755713,0,0.00213059,1.60847,6.18204,32,27,rc,2.229,1.79069e+09,-3.53042,44,-0.0035034
2.23,4,0,nan,nan,nan,nan,-0.755713,0,-0.00426119,1.60847,6.18204,32,27,rc,2.23,1.79069e+09,-3.51914,44,-0.00349859
2.231,4,0,nan,nan,nan,nan,-0.631641,0,0.00532648,1.60847,6.18204,32,27,rc,2.231,1.79069e+09,-3.50786,44,-0.00350294
2.232,4,0,nan,nan,nan,nan,-0.631641,0,0.0213059,1.60847,6.18204,32,27,rc,2.232,1.79069e+09,-3.55298,44,-0.00351243
2.233,4,0,nan,nan,nan,nan,-0.609082,0.0279253,-0.00639178,1.60847,6.18204,32,27,rc,2.233,1.79069e+09,-3.55298,44,-0.00354363
2.234,4,0,nan,nan,nan,nan,-0.609082,0.0279253,-0.00426119,1.60847,6.18204,32,27,rc,2.234,1.79069e+09,-3.53042,44,-0.00355226
2.235,4,0,nan,nan,nan,nan,-0.789551,0,-0.0010653,1.60847,6.18204,32,27,rc,2.235,1.79069e+09,-3.51914,44,-0.00352605
2.236,4,0,nan,nan,nan,nan,-0.789551,0,-0.00639178,1.60847,6.18204,32,27,rc,2.236,1.79069e+09,-3.53042,44,-0.00352588
2.237,4,0,nan,nan,nan,nan,-0.654199,-0.0506145,-0.00958767,1.60838,6.18194,32,27,rc,2.237,1.79069e+09,-3.51914,44,-0.00353195
2.238,4,0,nan,nan,nan,nan,-0.654199,-0.0506145,-0.00213059,1.60838,6.18194,32,27,rc,2.238,1.79069e+09,-3.51914,44,-0.00352753
2.239,4,0,nan,nan,nan,nan,-0.496289,0.0279253,0.00213059,1.60838,6.18194,32,27,rc,2.239,1.79069e+09,-3.56426,44,-0.00351756
2.24,4,0,nan,nan,nan,nan,-0.496289,0.0279253,0.00745708,1.60838,6.18194,32,27,rc,2.24,1.79069e+09,-3.50786,44,-0.00352426
2.241,4,0,nan,nan,nan,nan,-0.631641,0.0296706,0.00852238,1.60847,6.18194,32,27,rc,2.241,1.79069e+09,-3.51914,44,-0.00354586
2.242,4,0,nan,nan,nan,nan,-0.631641,0.0296706,-0.0138489,1.60847,6.18194,32,27,rc,2.242,1.79069e+09,-3.53042,44,-0.00354978
2.243,4,0,nan,nan,nan,nan,-0.64292,0,-0.0223712,1.60847,6.18194,32,27,rc,2.243,1.79069e+09,-3.53042,44,-0.00353545
2.244,4,0,nan,nan,nan,nan,-0.64292,0,-0.00319589,1.60847,6.18204,32,27,rc,2.244,1.79069e+09,-3.50786,44,-0.00352679
2.245,4,0,nan,nan,nan,nan,-0.541406,-0.0296706,0.00213059,1.60847,6.18204,32,27,rc,2.245,1.79069e+09,-3.46274,44,-0.00351775
2.246,4,0,nan,nan,nan,nan,-0.541406,-0.0296706,0.00852238,1.60847,6.18204,32,27,rc,2.246,1.79069e+09,-3.50786,44,-0.00351755
2.247,4,0,nan,nan,nan,nan,-0.620361,0.00349066,5.21845e-19,1.60847,6.18204,32,27,rc,2.247,1.79069e+09,-3.50786,44,-0.00352027
2.248,4,0,nan,nan,nan,nan,-0.620361,0.00349066,-0.0127836,1.60847,6.18204,32,27,rc,2.248,1.79069e+09,-3.53042,44,-0.00351435
2.249,4,0,nan,nan,nan,nan,-0.699316,0,-0.0127836,1.60847,6.18204,32,27,rc,2.249,1.79069e+09,-3.51914,44,-0.00351248
2.25,4,0,nan,nan,nan,nan,-0.699316,0,-0.00532648,1.60847,6.18204,32,27,rc,2.25,1.79069e+09,-3.5417,44,-0.00349735
2.251,4,0,nan,nan,nan,nan,-0.563965,-0.00872665,-0.00213059,1.60847,6.18204,32,27,rc,2.251,1.79069e+09,-3.49658,44,-0.00348416
2.252,4,0,nan,nan,nan,nan,-0.563965,-0.00872665,0.00319589,1.60847,6.18204,32,27,rc,2.252,1.79069e+09,-3.49658,44,-0.00349394
2.253,4,0,nan,nan,nan,nan,-0.552686,0,0.0117183,1.60847,6.18204,32,27,rc,2.253,1.79069e+09,-3.51914,44,-0.00351423
2.254,4,0,nan,nan,nan,nan,-0.552686,0,-1.17415e-18,1.60847,6.18204,32,27,rc,2.254,1.79069e+09,-3.53042,44,-0.00349223
2.255,4,0,nan,nan,nan,nan,-0.64292,0.00349066,-0.0127836,1.60847,6.18204,32,27,rc,2.255,1.79069e+09,-3.4853,44,-0.00349435
2.256,4,0,nan,nan,nan,nan,-0.64292,0.00349066,-7.82767e-19,1.60847,6.18204,32,27,rc,2.256,1.79069e+09,-3.45146,44,-0.00348589
2.257,4,0,nan,nan,nan,nan,-0.631641,-0.00174533,-0.0149142,1.60847,6.18204,32,27,rc,2.257,1.79069e+09,-3.51914,44,-0.00348763
2.258,4,0,nan,nan,nan,nan,-0.631641,-0.00174533,-0.010653,1.60847,6.18204,32,27,rc,2.258,1.79069e+09,-3.51914,44,-0.00347533
2.259,4,0,nan,nan,nan,nan,-0.620361,-0.00872665,-0.0127836,1.60847,6.18204,32,27,rc,2.259,1.79069e+09,-3.50786,44,-0.00348676
2.26,4,0,nan,nan,nan,nan,-0.620361,-0.00872665,0.01811,1.60847,6.18204,32,27,rc,2.26,1.79069e+09,-3.49658,44,-0.00350688
2.261,4,0,nan,nan,nan,nan,-0.552686,0,0.00852238,1.60847,6.18204,32,27,rc,2.261,1.79069e+09,-3.53042,44,-0.00351138
2.262,4,0,nan,nan,nan,nan,-0.552686,0,-5.21845e-19,1.60847,6.18204,32,27,rc,2.262,1.79069e+09,-3.51914,44,-0.00350962
2.263,4,0,nan,nan,nan,nan,-0.755713,0.00523599,0.00532648,1.60847,6.18204,32,27,rc,2.263,1.79069e+09,-3.50786,44,-0.00350196
2.264,4,0,nan,nan,nan,nan,-0.755713,0.00523599,-3.26153e-19,1.60847,6.18204,32,27,rc,2.264,1.79069e+09,-3.50786,44,-0.00349612
2.265,4,0,nan,nan,nan,nan,-0.64292,-0.0453786,0.00745708,1.60838,6.18204,32,27,rc,2.265,1.79069e+09,-3.50786,44,-0.00348439
2.266,4,0,nan,nan,nan,nan,-0.64292,-0.0453786,0.0330242,1.60838,6.18204,32,27,rc,2.266,1.79069e+09,-3.51914,44,-0.00350286
2.267,4,0,nan,nan,nan,nan,-0.665479,0,-0.00532648,1.60838,6.18204,32,27,rc,2.267,1.79069e+09,-3.5417,44,-0.00352769
2.268,4,0,nan,nan,nan,nan,-0.665479,0,0.00852238,1.60838,6.18204,32,27,rc,2.268,1.79069e+09,-3.55298,44,-0.00353047
2.269,4,0,nan,nan,nan,nan,-0.913623,0.00872665,0.00852238,1.60838,6.18204,32,27,rc,2.269,1.79069e+09,-3.55298,44,-0.00353311
2.27,4,0,nan,nan,nan,nan,-0.913623,0.00872665,0.00426119,1.60838,6.18204,32,27,rc,2.27,1.79069e+09,-3.53042,44,-0.00351353
2.271,4,0,nan,nan,nan,nan,-0.766992,-0.0558505,0.0213059,1.60828,6.18204,32,27,rc,2.271,1.79069e+09,-3.50786,44,-0.003493
2.272,4,0,nan,nan,nan,nan,-0.766992,-0.0558505,-0.00639178,1.60828,6.18204,32,27,rc,2.272,1.79069e+09,-3.4853,44,-0.00350601
2.273,4,0,nan,nan,nan,nan,-0.778271,0,-0.0223712,1.60828,6.18204,32,27,rc,2.273,1.79069e+09,-3.51914,44,-0.00351238
2.274,4,0,nan,nan,nan,nan,-0.778271,0,0.00319589,1.60828,6.18204,32,27,rc,2.274,1.79069e+09,-3.49658,44,-0.00352272
2.275,4,0,nan,nan,nan,nan,-0.64292,0.0506145,0.0245018,1.60838,6.18204,32,27,rc,2.275,1.79069e+09,-3.4853,44,-0.00354552
2.276,4,0,nan,nan,nan,nan,-0.64292,0.0506145,-0.00426119,1.60838,6.18204,32,27,rc,2.276,1.79069e+09,-3.4853,44,-0.00353595
2.277,4,0,nan,nan,nan,nan,-0.665479,0.0174533,-0.00852238,1.60847,6.18204,32,27,rc,2.277,1.79069e+09,-3.5417,44,-0.00352859
2.278,4,0,nan,nan,nan,nan,-0.665479,0.0174533,-0.0276977,1.60847,6.18204,32,27,rc,2.278,1.79069e+09,-3.4853,44,-0.00353382
2.279,4,0,nan,nan,nan,nan,-0.507568,-0.0174533,-0.00745708,1.60838,6.18204,32,27,rc,2.279,1.79069e+09,-3.46274,44,-0.00353055
2.28,4,0,nan,nan,nan,nan,-0.507568,-0.0174533,-0.00426119,1.60838,6.18204,32,27,rc,2.28,1.79069e+09,-3.53042,44,-0.00352136
2.281,4,0,nan,nan,nan,nan,-0.31582,-0.00349066,-0.00639178,1.60838,6.18204,32,27,rc,2.281,1.79069e+09,-3.47402,44,-0.00353581
2.282,4,0,nan,nan,nan,nan,-0.31582,-0.00349066,0.00426119,1.60838,6.18204,32,27,rc,2.282,1.79069e+09,-3.53042,44,-0.00352553
2.283,4,0,nan,nan,nan,nan,-0.428613,0.0436332,-0.0010653,1.60847,6.18204,32,27,rc,2.283,1.79069e+09,-3.51914,44,-0.00350496
2.284,4,0,nan,nan,nan,nan,-0.428613,0.0436332,-0.0149142,1.60847,6.18204,32,27,rc,2.284,1.79069e+09,-3.49658,44,-0.00349306
2.285,4,0,nan,nan,nan,nan,-0.48501,0,-0.00532648,1.60847,6.18204,32,27,rc,2.285,1.79069e+09,-3.4853,44,-0.00350366
2.286,4,0,nan,nan,nan,nan,-0.48501,0,-0.00319589,1.60847,6.18204,32,27,rc,2.286,1.79069e+09,-3.49658,44,-0.0035047
2.287,4,0,nan,nan,nan,nan,-0.496289,-0.0471239,-0.00852238,1.60838,6.18204,32,27,rc,2.287,1.79069e+09,-3.51914,44,-0.00351663
2.288,4,0,nan,nan,nan,nan,-0.496289,-0.0471239,-0.00213059,1.60838,6.18204,32,27,rc,2.288,1.79069e+09,-3.50786,44,-0.00352364
2.289,4,0,nan,nan,nan,nan,-0.575244,0,0.0159795,1.60838,6.18204,32,27,rc,2.289,1.79069e+09,-3.53042,44,-0.00351172
2.29,4,0,nan,nan,nan,nan,-0.575244,0,0.00852238,1.60838,6.18204,32,27,rc,2.29,1.79069e+09,-3.50786,44,-0.00347558
2.291,4,0,nan,nan,nan,nan,-0.451172,0.0174533,9.13229e-19,1.60838,6.18204,32,27,rc,2.291,1.79069e+09,-3.4853,44,-0.00347695
2.292,4,0,nan,nan,nan,nan,-0.451172,0.0174533,9.13229e-19,1.60838,6.18204,32,27,rc,2.292,1.79069e+09,-3.46274,44,-0.00349096
2.293,4,0,nan,nan,nan,nan,-0.541406,0,0.00852238,1.60838,6.18204,32,27,rc,2.293,1.79069e+09,-3.53042,44,-0.00348916
2.294,4,0,nan,nan,nan,nan,-0.541406,0,-0.0223712,1.60838,6.18204,32,27,rc,2.294,1.79069e+09,-3.53042,44,-0.00349893
2.295,4,0,nan,nan,nan,nan,-0.631641,-0.0226893,-0.0117183,1.60838,6.18204,32,27,rc,2.295,1.79069e+09,-3.38379,44,-0.00351517
2.296,4,0,nan,nan,nan,nan,-0.631641,-0.0226893,0.00852238,1.60838,6.18204,32,27,rc,2.296,1.79069e+09,-3.39507,44,-0.00350452
2.297,4,0,nan,nan,nan,nan,-0.439893,0,0.00958767,1.60838,6.18204,32,27,rc,2.297,1.79069e+09,-3.50786,44,-0.00348734
2.298,4,0,nan,nan,nan,nan,-0.439893,0,-0.0117183,1.60838,6.18204,32,27,rc,2.298,1.79069e+09,-3.4853,44,-0.00348317
2.299,4,0,nan,nan,nan,nan,-0.64292,0.0418879,0.0010653,1.60847,6.18204,32,27,rc,2.299,1.79069e+09,-3.49658,44,-0.00346343
2.3,4,0,nan,nan,nan,nan,-0.64292,0.0418879,0.0149142,1.60847,6.18204,32,27,rc,2.3,1.79069e+09,-3.5417,44,-0.0034572
2.301,4,0,nan,nan,nan,nan,-0.496289,-0.0139626,-0.010653,1.60847,6.18204,32,27,rc,2.301,1.79069e+09,-3.47402,44,-0.00346657
2.302,4,0,nan,nan,nan,nan,-0.496289,-0.0139626,-0.00639178,1.60847,6.18204,32,27,rc,2.302,1.79069e+09,-3.51914,44,-0.00348865
2.303,4,0,nan,nan,nan,nan,-0.733154,-0.0226893,0.00532648,1.60838,6.18204,32,27,rc,2.303,1.79069e+09,-3.53042,44,-0.00348196
2.304,4,0,nan,nan,nan,nan,-0.733154,-0.0226893,-0.00213059,1.60838,6.18204,32,27,rc,2.304,1.79069e+09,-3.53042,44,-0.00346013
2.305,4,0,nan,nan,nan,nan,-0.609082,-0.0174533,-0.00319589,1.60838,6.18204,32,27,rc,2.305,1.79069e+09,-3.49658,44,-0.00344883
2.306,4,0,nan,nan,nan,nan,-0.609082,-0.0174533,0.00852238,1.60838,6.18204,32,27,rc,2.306,1.79069e+09,-3.4853,44,-0.00343723
2.307,4,0,nan,nan,nan,nan,-0.620361,0.0261799,0.010653,1.60838,6.18204,32,27,rc,2.307,1.79069e+09,-3.49658,44,-0.00344758
2.308,4,0,nan,nan,nan,nan,-0.620361,0.0261799,-0.0245018,1.60838,6.18204,32,27,rc,2.308,1.79069e+09,-3.4853,44,-0.00346616
2.309,4,0,nan,nan,nan,nan,-0.699316,0.00349066,-0.00213059,1.60838,6.18204,32,27,rc,2.309,1.79069e+09,-3.5417,44,-0.00347672
2.31,4,0,nan,nan,nan,nan,-0.699316,0.00349066,0,1.60838,6.18204,32,27,rc,2.31,1.79069e+09,-3.51914,44,-0.00348962
2.311,4,0,nan,nan,nan,nan,-0.349658,-0.00872665,0.0010653,1.60838,6.18204,32,27,rc,2.311,1.79069e+09,-3.50786,44,-0.00347486
2.312,4,0,nan,nan,nan,nan,-0.349658,-0.00872665,0.00639178,1.60838,6.18204,32,27,rc,2.312,1.79069e+09,-3.50786,44,-0.00347913
2.313,4,0,nan,nan,nan,nan,-0.586523,0.0226893,-0.00213059,1.60847,6.18204,32,27,rc,2.313,1.79069e+09,-3.49658,44,-0.00347974
2.314,4,0,nan,nan,nan,nan,-0.586523,0.0226893,0.00213059,1.60847,6.18204,32,27,rc,2.314,1.79069e+09,-3.53042,44,-0.00347684
2.315,4,0,nan,nan,nan,nan,-0.518848,0,0.01811,1.60847,6.18204,32,27,rc,2.315,1.79069e+09,-3.51914,44,-0.00347816
2.316,4,0,nan,nan,nan,nan,-0.518848,0,0.00426119,1.60847,6.18204,32,27,rc,2.316,1.79069e+09,-3.50786,44,-0.00348472
2.317,4,0,nan,nan,nan,nan,-0.552686,-0.0383972,-7.17537e-19,1.60838,6.18204,32,27,rc,2.317,1.79069e+09,-3.49658,44,-0.00347863
2.318,4,0,nan,nan,nan,nan,-0.552686,-0.0383972,-0.00213059,1.60838,6.18204,32,27,rc,2.318,1.79069e+09,-3.4853,44,-0.00345552
2.319,4,0,nan,nan,nan,nan,-0.665479,0,-1.36984e-18,1.60838,6.18204,32,27,rc,2.319,1.79069e+09,-3.49658,44,-0.00342839
2.32,4,0,nan,nan,nan,nan,-0.665479,0,0.0234365,1.60838,6.18204,32,27,rc,2.32,1.79069e+09,-3.49658,44,-0.00343752
2.321,4,0,nan,nan,nan,nan,-0.631641,0,0.0159795,1.60838,6.18204,32,27,rc,2.321,1.79069e+09,-3.50786,44,-0.00347333
2.322,4,0,nan,nan,nan,nan,-0.631641,0,-0.00958767,1.60838,6.18204,32,27,rc,2.322,1.79069e+09,-3.49658,44,-0.00348877
2.323,4,0,nan,nan,nan,nan,-0.834668,0,-0.0255671,1.60838,6.18204,32,27,rc,2.323,1.79069e+09,-3.53042,44,-0.00348028
2.324,4,0,nan,nan,nan,nan,-0.834668,0,-0.00745708,1.60838,6.18204,32,27,rc,2.324,1.79069e+09,-3.53042,44,-0.00346734
2.325,4,0,nan,nan,nan,nan,-0.631641,-0.0279253,-5.87076e-19,1.60828,6.18204,32,27,rc,2.325,1.79069e+09,-3.37251,44,-0.00345594
2.326,4,0,nan,nan,nan,nan,-0.631641,-0.0279253,-0.0234365,1.60828,6.18204,32,27,rc,2.326,1.79069e+09,-3.49658,44,-0.00344859
2.327,4,0,nan,nan,nan,nan,-0.620361,0.015708,-0.00213059,1.60838,6.18204,32,27,rc,2.327,1.79069e+09,-3.49658,44,-0.00344285
2.328,4,0,nan,nan,nan,nan,-0.620361,0.015708,0.0234365,1.60838,6.18204,32,27,rc,2.328,1.79069e+09,-3.53042,44,-0.00346508
2.329,4,0,nan,nan,nan,nan,-0.31582,0.0488692,0.0308936,1.60847,6.18204,32,27,rc,2.329,1.79069e+09,-3.51914,44,-0.00349313
2.33,4,0,nan,nan,nan,nan,-0.31582,0.0488692,-0.0202406,1.60847,6.18204,32,27,rc,2.33,1.79069e+09,-3.51914,44,-0.00347948
2.331,4,0,nan,nan,nan,nan,-0.631641,0.010472,-0.0245018,1.60847,6.18204,32,27,rc,2.331,1.79069e+09,-3.57554,44,-0.00346659
2.332,4,0,nan,nan,nan,nan,-0.631641,0.010472,-0.00319589,1.60847,6.18204,32,27,rc,2.332,1.79069e+09,-3.4853,44,-0.00345797
2.333,4,0,nan,nan,nan,nan,-0.360938,-0.0750492,0.00319589,1.60838,6.18204,32,27,rc,2.333,1.79069e+09,-3.49658,44,-0.00344814
2.334,4,0,nan,nan,nan,nan,-0.360938,-0.0750492,-0.0010653,1.60838,6.18204,32,27,rc,2.334,1.79069e+09,-3.49658,44,-0.00344722
2.335,4,0,nan,nan,nan,nan,-0.48501,0,0.0223712,1.60838,6.18204,32,27,rc,2.335,1.79069e+09,-3.4853,44,-0.00345444
2.336,4,0,nan,nan,nan,nan,-0.48501,0,0.0127836,1.60838,6.18204,32,27,rc,2.336,1.79069e+09,-3.53042,44,-0.00344403
2.337,4,0,nan,nan,nan,nan,-0.496289,0.0279253,0.0138489,1.60838,6.18204,32,27,rc,2.337,1.79069e+09,-3.49658,44,-0.00346078
2.338,4,0,nan,nan,nan,nan,-0.496289,0.0279253,0.0117183,1.60838,6.18204,32,27,rc,2.338,1.79069e+09,-3.34995,44,-0.00345207
2.339,4,0,nan,nan,nan,nan,-0.597803,0,0.00213059,1.60838,6.18204,32,27,rc,2.339,1.79069e+09,-3.38379,44,-0.00345842
2.34,4,0,nan,nan,nan,nan,-0.597803,0,-0.00745708,1.60838,6.18204,32,27,rc,2.34,1.79069e+09,-3.4853,44,-0.00345602
2.341,4,0,nan,nan,nan,nan,-0.620361,-0.0506145,-0.00745708,1.60828,6.18204,32,27,rc,2.341,1.79069e+09,-3.49658,44,-0.00346113
2.342,4,0,nan,nan,nan,nan,-0.620361,-0.0506145,0.0170448,1.60828,6.18204,32,27,rc,2.342,1.79069e+09,-3.51914,44,-0.00348807
2.343,4,0,nan,nan,nan,nan,-0.518848,-0.010472,0.00852238,1.60828,6.18204,32,27,rc,2.343,1.79069e+09,-3.55298,44,-0.00348955
2.344,4,0,nan,nan,nan,nan,-0.518848,-0.010472,0.00958767,1.60828,6.18204,32,27,rc,2.344,1.79069e+09,-3.40635,44,-0.00346558
2.345,4,0,nan,nan,nan,nan,-0.676758,0.0314159,-0.00639178,1.60838,6.18204,32,27,rc,2.345,1.79069e+09,-3.36123,44,-0.00344421
2.346,4,0,nan,nan,nan,nan,-0.676758,0.0314159,-0.0340895,1.60838,6.18204,32,27,rc,2.346,1.79069e+09,-3.46274,44,-0.00343708
2.347,4,0,nan,nan,nan,nan,-0.609082,-0.00872665,0.0127836,1.60828,6.18204,32,27,rc,2.347,1.79069e+09,-3.46274,44,-0.00343041
2.348,4,0,nan,nan,nan,nan,-0.609082,-0.00872665,0.0202406,1.60828,6.18204,32,27,rc,2.348,1.79069e+09,-3.49658,44,-0.00344716
2.349,4,0,nan,nan,nan,nan,-0.31582,-0.0122173,0.0010653,1.60828,6.18204,32,27,rc,2.349,1.79069e+09,-3.4853,44,-0.00346909
2.35,4,0,nan,nan,nan,nan,-0.31582,-0.0122173,-0.00639178,1.60828,6.18204,32,27,rc,2.35,1.79069e+09,-3.50786,44,-0.00347201
2.351,4,0,nan,nan,nan,nan,-0.64292,0.0575959,0.0010653,1.60838,6.18204,32,27,rc,2.351,1.79069e+09,-3.50786,44,-0.00345449
2.352,4,0,nan,nan,nan,nan,-0.64292,0.0575959,0.00639178,1.60838,6.18204,32,27,rc,2.352,1.79069e+09,-3.47402,44,-0.00342529
2.353,4,0,nan,nan,nan,nan,-0.451172,-0.0296706,-0.00958767,1.60838,6.18204,32,27,rc,2.353,1.79069e+09,-3.46274,44,-0.00342822
2.354,4,0,nan,nan,nan,nan,-0.451172,-0.0296706,0.00745708,1.60838,6.18204,32,27,rc,2.354,1.79069e+09,-3.47402,44,-0.00344469
2.355,4,0,nan,nan,nan,nan,-0.688037,-0.0174533,0.0255671,1.60828,6.18204,32,27,rc,2.355,1.79069e+09,-3.53042,44,-0.00347057
2.356,4,0,nan,nan,nan,nan,-0.688037,-0.0174533,0.0010653,1.60828,6.18204,32,27,rc,2.356,1.79069e+09,-3.5417,44,-0.00345849
2.357,4,0,nan,nan,nan,nan,-0.710596,0,0.00852238,1.60828,6.18204,32,27,rc,2.357,1.79069e+09,-3.53042,44,-0.00344641
2.358,4,0,nan,nan,nan,nan,-0.710596,0,0.0149142,1.60828,6.18204,32,27,rc,2.358,1.79069e+09,-3.49658,44,-0.00344238
2.359,4,0,nan,nan,nan,nan,-0.721875,0,0.00213059,1.60828,6.18204,32,27,rc,2.359,1.79069e+09,-3.49658,44,-0.00342985
2.36,4,0,nan,nan,nan,nan,-0.721875,0,-0.0202406,1.60828,6.18204,32,27,rc,2.36,1.79069e+09,-3.4853,44,-0.00342193
2.361,4,0,nan,nan,nan,nan,-0.823389,0,-0.0266324,1.60828,6.18204,32,27,rc,2.361,1.79069e+09,-3.47402,44,-0.00344744
2.362,4,0,nan,nan,nan,nan,-0.823389,0,0.0170448,1.60828,6.18204,32,27,rc,2.362,1.79069e+09,-3.36123,44,-0.00346717
2.363,4,0,nan,nan,nan,nan,-0.417334,-0.0174533,0.0159795,1.60828,6.18204,32,27,rc,2.363,1.79069e+09,-3.53042,44,-0.00346062
2.364,4,0,nan,nan,nan,nan,-0.417334,-0.0174533,-0.0138489,1.60828,6.18204,32,27,rc,2.364,1.79069e+09,-3.51914,44,-0.0034546
2.365,4,0,nan,nan,nan,nan,-0.654199,0.0331613,-0.0245018,1.60838,6.18204,32,27,rc,2.365,1.79069e+09,-3.49658,44,-0.00344892
2.366,4,0,nan,nan,nan,nan,-0.654199,0.0331613,0.01811,1.60838,6.18204,32,27,rc,2.366,1.79069e+09,-3.34995,44,-0.00343705
2.367,4,0,nan,nan,nan,nan,-0.428613,-0.00698132,-0.00213059,1.60828,6.18204,32,27,rc,2.367,1.79069e+09,-3.47402,44,-0.00342563
2.368,4,0,nan,nan,nan,nan,-0.428613,-0.00698132,-0.00319589,1.60828,6.18204,32,27,rc,2.368,1.79069e+09,-3.38379,44,-0.00342814
2.369,4,0,nan,nan,nan,nan,-0.80083,0,0.00745708,1.60828,6.18204,32,27,rc,2.369,1.79069e+09,-3.34995,44,-0.00344067
2.37,4,0,nan,nan,nan,nan,-0.80083,0,-0.00639178,1.60828,6.18204,32,27,rc,2.37,1.79069e+09,-3.40635,44,-0.00346535
2.371,4,0,nan,nan,nan,nan,-0.541406,-0.0191986,0.0138489,1.60828,6.18204,32,27,rc,2.371,1.79069e+09,-3.40635,44,-0.00345209
2.372,4,0,nan,nan,nan,nan,-0.541406,-0.0191986,-1.36984e-18,1.60828,6.18204,32,27,rc,2.372,1.79069e+09,-3.38379,44,-0.00343569
2.373,4,0,nan,nan,nan,nan,-0.496289,0.00523599,-0.0138489,1.60828,6.18204,32,27,rc,2.373,1.79069e+09,-3.4853,44,-0.00343325
2.374,4,0,nan,nan,nan,nan,-0.496289,0.00523599,-0.00639178,1.60828,6.18204,32,27,rc,2.374,1.79069e+09,-3.4853,44,-0.0034445
2.375,4,0,nan,nan,nan,nan,-0.518848,0.00872665,-0.0138489,1.60828,6.18194,32,27,rc,2.375,1.79069e+09,-3.50786,44,-0.003463
2.376,4,0,nan,nan,nan,nan,-0.518848,0.00872665,-0.0117183,1.60828,6.18194,32,27,rc,2.376,1.79069e+09,-3.5417,44,-0.00346712
2.377,4,0,nan,nan,nan,nan,-0.462451,0,0.00426119,1.60828,6.18194,32,27,rc,2.377,1.79069e+09,-3.53042,44,-0.00347799
2.378,4,0,nan,nan,nan,nan,-0.462451,0,0.0138489,1.60828,6.18194,32,27,rc,2.378,1.79069e+09,-3.4853,44,-0.00347606
2.379,4,0,nan,nan,nan,nan,-0.417334,0,0.00532648,1.60828,6.18194,32,27,rc,2.379,1.79069e+09,-3.51914,44,-0.00346539
2.38,4,0,nan,nan,nan,nan,-0.417334,0,7.17537e-19,1.60828,6.18194,32,27,rc,2.38,1.79069e+09,-3.49658,44,-0.00347218
2.381,4,0,nan,nan,nan,nan,-0.620361,0,0.0298283,1.60828,6.18194,32,27,rc,2.381,1.79069e+09,-3.50786,44,-0.00347087
2.382,4,0,nan,nan,nan,nan,-0.620361,0,-0.0010653,1.60828,6.18194,32,27,rc,2.382,1.79069e+09,-3.51914,44,-0.00346881
2.383,4,0,nan,nan,nan,nan,-0.541406,-0.0279253,0.00426119,1.60828,6.18194,32,27,rc,2.383,1.79069e+09,-3.50786,44,-0.00347195
2.384,4,0,nan,nan,nan,nan,-0.541406,-0.0279253,-0.00213059,1.60828,6.18194,32,27,rc,2.384,1.79069e+09,-3.5417,44,-0.00347525
2.385,4,0,nan,nan,nan,nan,-0.676758,0,-0.0127836,1.60828,6.18194,32,27,rc,2.385,1.79069e+09,-3.39507,44,-0.00346949
2.386,4,0,nan,nan,nan,nan,-0.676758,0,0.00852238,1.60828,6.18194,32,27,rc,2.386,1.79069e+09,-3.36123,44,-0.00346933
2.387,4,0,nan,nan,nan,nan,-0.507568,0.0174533,0.00213059,1.60828,6.18194,32,27,rc,2.387,1.79069e+09,-3.34995,44,-0.00344284
2.388,4,0,nan,nan,nan,nan,-0.507568,0.0174533,0.00213059,1.60828,6.18194,32,27,rc,2.388,1.79069e+09,-3.36123,44,-0.00343128
2.389,4,0,nan,nan,nan,nan,-0.721875,0,2.08738e-18,1.60828,6.18194,32,27,rc,2.389,1.79069e+09,-3.33867,44,-0.00345567
2.39,4,0,nan,nan,nan,nan,-0.721875,0,0.0245018,1.60828,6.18194,32,27,rc,2.39,1.79069e+09,-3.38379,44,-0.00347547
2.391,4,0,nan,nan,nan,nan,-0.699316,-0.0279253,0.0127836,1.60828,6.18194,32,27,rc,2.391,1.79069e+09,-3.40635,44,-0.00346876
2.392,4,0,nan,nan,nan,nan,-0.699316,-0.0279253,-0.0191753,1.60828,6.18204,32,27,rc,2.392,1.79069e+09,-3.36123,44,-0.00345357
2.393,4,0,nan,nan,nan,nan,-0.755713,0,-0.00319589,1.60828,6.18204,32,27,rc,2.393,1.79069e+09,-3.34995,44,-0.00344576
2.394,4,0,nan,nan,nan,nan,-0.755713,0,0.00532648,1.60828,6.18204,32,27,rc,2.394,1.79069e+09,-3.33867,44,-0.00344374
2.395,4,0,nan,nan,nan,nan,-0.597803,-0.00349066,-2.60922e-19,1.60819,6.18204,32,27,rc,2.395,1.79069e+09,-3.38379,44,-0.0034265
2.396,4,0,nan,nan,nan,nan,-0.597803,-0.00349066,-0.00426119,1.60819,6.18204,32,27,rc,2.396,1.79069e+09,-3.34995,44,-0.00344338
2.397,4,0,nan,nan,nan,nan,-0.586523,0.0558505,-0.00745708,1.60828,6.18204,32,27,rc,2.397,1.79069e+09,-3.34995,44,-0.00346512
2.398,4,0,nan,nan,nan,nan,-0.586523,0.0558505,0.0149142,1.60828,6.18204,32,27,rc,2.398,1.79069e+09,-3.40635,44,-0.00347377
2.399,4,0,nan,nan,nan,nan,-0.507568,0,-0.0010653,1.60828,6.18204,32,27,rc,2.399,1.79069e+09,-3.39507,44,-0.0034638
2.4,4,0,nan,nan,nan,nan,-0.507568,0,-0.010653,1.60828,6.18204,32,27,rc,2.4,1.79069e+09,-3.36123,44,-0.00346753
2.401,4,0,nan,nan,nan,nan,-0.654199,-0.0349066,-0.00213059,1.60828,6.18204,32,27,rc,2.401,1.79069e+09,-3.33867,44,-0.00345495
2.402,4,0,nan,nan,nan,nan,-0.654199,-0.0349066,0.00639178,1.60828,6.18204,32,27,rc,2.402,1.79069e+09,-3.38379,44,-0.00344966
2.403,4,0,nan,nan,nan,nan,-0.496289,-0.0174533,-0.0010653,1.60819,6.18204,32,27,rc,2.403,1.79069e+09,-3.36123,44,-0.00346401
2.404,4,0,nan,nan,nan,nan,-0.496289,-0.0174533,0.010653,1.60819,6.18204,32,27,rc,2.404,1.79069e+09,-3.38379,44,-0.00347296
2.405,4,0,nan,nan,nan,nan,-0.620361,0.0349066,0.00532648,1.60828,6.18204,32,27,rc,2.405,1.79069e+09,-3.39507,44,-0.00346585
2.406,4,0,nan,nan,nan,nan,-0.620361,0.0349066,-0.010653,1.60828,6.18204,32,27,rc,2.406,1.79069e+09,-3.36123,44,-0.00344841
2.407,4,0,nan,nan,nan,nan,-0.789551,0,-0.0149142,1.60828,6.18204,32,27,rc,2.407,1.79069e+09,-3.34995,44,-0.00344918
2.408,4,0,nan,nan,nan,nan,-0.789551,0,-0.00852238,1.60828,6.18204,32,27,rc,2.408,1.79069e+09,-3.36123,44,-0.00345409
2.409,4,0,nan,nan,nan,nan,-0.609082,-0.0261799,0.0127836,1.60819,6.18204,32,27,rc,2.409,1.79069e+09,-3.36123,44,-0.00347335
2.41,4,0,nan,nan,nan,nan,-0.609082,-0.0261799,0.0223712,1.60819,6.18204,32,27,rc,2.41,1.79069e+09,-3.38379,44,-0.00346755
2.411,4,0,nan,nan,nan,nan,-0.496289,0.0244346,0.0202406,1.60828,6.18204,32,27,rc,2.411,1.79069e+09,-3.40635,44,-0.00345076
2.412,4,0,nan,nan,nan,nan,-0.496289,0.0244346,-0.00852238,1.60828,6.18204,32,27,rc,2.412,1.79069e+09,-3.53042,44,-0.00344425
2.413,4,0,nan,nan,nan,nan,-0.744434,0,0.0010653,1.60828,6.18204,32,27,rc,2.413,1.79069e+09,-3.34995,44,-0.00344518
2.414,4,0,nan,nan,nan,nan,-0.744434,0,0.0149142,1.60828,6.18204,32,27,rc,2.414,1.79069e+09,-3.36123,44,-0.00342434
2.415,4,0,nan,nan,nan,nan,-0.64292,-0.0575959,-0.00532648,1.60819,6.18204,32,27,rc,2.415,1.79069e+09,-3.38379,44,-0.00340725
2.416,4,0,nan,nan,nan,nan,-0.64292,-0.0575959,0.00213059,1.60819,6.18204,32,27,rc,2.416,1.79069e+09,-3.33867,44,-0.00343979
2.417,4,0,nan,nan,nan,nan,-0.868506,0,0.0149142,1.60819,6.18204,32,27,rc,2.417,1.79069e+09,-3.33867,44,-0.00346624
2.418,4,0,nan,nan,nan,nan,-0.868506,0,0.0159795,1.60819,6.18204,32,27,rc,2.418,1.79069e+09,-3.39507,44,-0.00345613
2.419,4,0,nan,nan,nan,nan,-0.766992,0,-0.010653,1.60819,6.18204,32,27,rc,2.419,1.79069e+09,-3.39507,44,-0.00344554
2.42,4,0,nan,nan,nan,nan,-0.766992,0,-0.0159795,1.60819,6.18204,32,27,rc,2.42,1.79069e+09,-3.34995,44,-0.00344243
2.421,4,0,nan,nan,nan,nan,-0.924902,0,-0.00426119,1.60819,6.18204,32,27,rc,2.421,1.79069e+09,-3.33867,44,-0.00345928
2.422,4,0,nan,nan,nan,nan,-0.924902,0,0.0010653,1.60819,6.18204,32,27,rc,2.422,1.79069e+09,-3.38379,44,-0.00347559
2.423,4,0,nan,nan,nan,nan,-0.676758,-0.00349066,-0.00745708,1.60809,6.18204,32,27,rc,2.423,1.79069e+09,-3.39507,44,-0.00346784
2.424,4,0,nan,nan,nan,nan,-0.676758,-0.00349066,-0.00426119,1.60809,6.18204,32,27,rc,2.424,1.79069e+09,-3.38379,44,-0.0034707
2.425,4,0,nan,nan,nan,nan,-0.654199,0.00872665,0.00319589,1.60819,6.18204,32,27,rc,2.425,1.79069e+09,-3.36123,44,-0.0034776
2.426,4,0,nan,nan,nan,nan,-0.654199,0.00872665,0.0117183,1.60819,6.18204,32,27,rc,2.426,1.79069e+09,-3.37251,44,-0.00348482
2.427,4,0,nan,nan,nan,nan,-0.721875,0,-0.00532648,1.60819,6.18204,32,27,rc,2.427,1.79069e+09,-3.34995,44,-0.00347499
2.428,4,0,nan,nan,nan,nan,-0.721875,0,-0.0159795,1.60819,6.18204,32,27,rc,2.428,1.79069e+09,-3.36123,44,-0.00346202
2.429,4,0,nan,nan,nan,nan,-0.845947,-0.0314159,-0.0117183,1.60809,6.18204,32,27,rc,2.429,1.79069e+09,-3.38379,44,-0.00345729
2.43,4,0,nan,nan,nan,nan,-0.845947,-0.0314159,0.00532648,1.60809,6.18204,32,27,rc,2.43,1.79069e+09,-3.36123,44,-0.00346563
2.431,4,0,nan,nan,nan,nan,-0.688037,-0.00523599,-0.0117183,1.60809,6.18204,32,27,rc,2.431,1.79069e+09,-3.36123,44,-0.00348523
2.432,4,0,nan,nan,nan,nan,-0.688037,-0.00523599,-0.00426119,1.60809,6.18204,32,27,rc,2.432,1.79069e+09,-3.39507,44,-0.0034946
2.433,4,0,nan,nan,nan,nan,-0.857227,0,0.0127836,1.60809,6.18204,32,27,rc,2.433,1.79069e+09,-3.40635,44,-0.0034914
2.434,4,0,nan,nan,nan,nan,-0.857227,0,-0.0127836,1.60809,6.18204,32,27,rc,2.434,1.79069e+09,-3.5417,44,-0.00347088
2.435,4,0,nan,nan,nan,nan,-0.620361,0,-0.00958767,1.60809,6.18204,32,27,rc,2.435,1.79069e+09,-3.34995,44,-0.00346345
2.436,4,0,nan,nan,nan,nan,-0.620361,0,-0.00639178,1.60809,6.18204,32,27,rc,2.436,1.79069e+09,-3.36123,44,-0.00348847
2.437,4,0,nan,nan,nan,nan,-0.699316,0,-0.00639178,1.60809,6.18204,32,27,rc,2.437,1.79069e+09,-3.38379,44,-0.00350585
2.438,4,0,nan,nan,nan,nan,-0.699316,0,-0.00852238,1.60809,6.18204,32,27,rc,2.438,1.79069e+09,-3.40635,44,-0.00351131
2.439,4,0,nan,nan,nan,nan,-0.733154,0,0.00532648,1.60809,6.18204,32,27,rc,2.439,1.79069e+09,-3.53042,44,-0.00348773
2.44,4,0,nan,nan,nan,nan,-0.733154,0,-0.00319589,1.60809,6.18204,32,27,rc,2.44,1.79069e+09,-3.38379,44,-0.00347324
2.441,4,0,nan,nan,nan,nan,-0.563965,0,-0.0234365,1.60809,6.18204,32,27,rc,2.441,1.79069e+09,-3.33867,44,-0.00346598
2.442,4,0,nan,nan,nan,nan,-0.563965,0,-0.0149142,1.60809,6.18204,32,27,rc,2.442,1.79069e+09,-3.38379,44,-0.00346192
2.443,4,0,nan,nan,nan,nan,-0.620361,-0.00872665,-0.00213059,1.60809,6.18204,32,27,rc,2.443,1.79069e+09,-3.36123,44,-0.00346428
2.444,4,0,nan,nan,nan,nan,-0.620361,-0.00872665,-0.0117183,1.60809,6.18204,32,27,rc,2.444,1.79069e+09,-3.5417,44,-0.00347626
2.445,4,0,nan,nan,nan,nan,-0.654199,-0.0174533,-0.00213059,1.608,6.18204,32,27,rc,2.445,1.79069e+09,-3.39507,44,-0.00347617
2.446,4,0,nan,nan,nan,nan,-0.654199,-0.0174533,-0.00958767,1.608,6.18204,32,27,rc,2.446,1.79069e+09,-3.38379,44,-0.00345586
2.447,4,0,nan,nan,nan,nan,-0.620361,0,-0.0170448,1.608,6.18204,32,27,rc,2.447,1.79069e+09,-3.34995,44,-0.00346406
2.448,4,0,nan,nan,nan,nan,-0.620361,0,0.00213059,1.608,6.18204,32,27,rc,2.448,1.79069e+09,-3.34995,44,-0.00346454
2.449,4,0,nan,nan,nan,nan,-0.688037,0,0.00852238,1.608,6.18204,32,27,rc,2.449,1.79069e+09,-3.55298,44,-0.00345793
2.45,4,0,nan,nan,nan,nan,-0.688037,0,-0.0213059,1.608,6.18204,32,27,rc,2.45,1.79069e+09,-3.5417,44,-0.00346121
2.451,4,0,nan,nan,nan,nan,-0.778271,-0.00174533,0.00213059,1.608,6.18204,32,27,rc,2.451,1.79069e+09,-3.53042,44,-0.00347607
2.452,4,0,nan,nan,nan,nan,-0.778271,-0.00174533,0.00745708,1.608,6.18204,32,27,rc,2.452,1.79069e+09,-3.37251,44,-0.00347968
2.453,4,0,nan,nan,nan,nan,-0.609082,-0.0174533,0.00213059,1.608,6.18204,32,27,rc,2.453,1.79069e+09,-3.4853,44,-0.00347982
2.454,4,0,nan,nan,nan,nan,-0.609082,-0.0174533,0.00958767,1.608,6.18204,32,27,rc,2.454,1.79069e+09,-3.53042,44,-0.00346449
2.455,4,0,nan,nan,nan,nan,-0.823389,0,-0.010653,1.608,6.18204,32,27,rc,2.455,1.79069e+09,-3.36123,44,-0.00343878
2.456,4,0,nan,nan,nan,nan,-0.823389,0,0.00852238,1.608,6.18204,32,27,rc,2.456,1.79069e+09,-3.4853,44,-0.00342822
2.457,4,0,nan,nan,nan,nan,-0.868506,-0.0279253,1.5003e-18,1.6079,6.18204,32,27,rc,2.457,1.79069e+09,-3.4853,44,-0.00346185
2.458,4,0,nan,nan,nan,nan,-0.868506,-0.0279253,-0.00639178,1.6079,6.18204,32,27,rc,2.458,1.79069e+09,-3.39507,44,-0.00345361
2.459,4,0,nan,nan,nan,nan,-0.891064,-0.0366519,0.00958767,1.6079,6.18204,32,27,rc,2.459,1.79069e+09,-3.51914,44,-0.00347322
2.46,4,0,nan,nan,nan,nan,-0.891064,-0.0366519,0.00213059,1.6079,6.18204,32,27,rc,2.46,1.79069e+09,-3.50786,44,-0.00346167
2.461,4,0,nan,nan,nan,nan,-0.778271,0,-0.0170448,1.6078,6.18204,32,27,rc,2.461,1.79069e+09,-3.55298,44,-0.00345166
2.462,4,0,nan,nan,nan,nan,-0.778271,0,-0.0234365,1.6078,6.18204,32,27,rc,2.462,1.79069e+09,-3.49658,44,-0.00344505
2.463,4,0,nan,nan,nan,nan,-0.834668,0.0279253,-0.00745708,1.6079,6.18204,32,27,rc,2.463,1.79069e+09,-3.34995,44,-0.00344677
2.464,4,0,nan,nan,nan,nan,-0.834668,0.0279253,-0.00426119,1.6079,6.18204,32,27,rc,2.464,1.79069e+09,-3.49658,44,-0.00347187
2.465,4,0,nan,nan,nan,nan,-0.609082,0,0.0149142,1.6079,6.18204,32,27,rc,2.465,1.79069e+09,-3.55298,44,-0.00348622
2.466,4,0,nan,nan,nan,nan,-0.609082,0,0.00213059,1.6079,6.18204,32,27,rc,2.466,1.79069e+09,-3.56426,44,-0.00349581
2.467,4,0,nan,nan,nan,nan,-0.733154,0.00174533,-0.00319589,1.6079,6.18204,32,27,rc,2.467,1.79069e+09,-3.5417,44,-0.00349801
2.468,4,0,nan,nan,nan,nan,-0.733154,0.00174533,0.00852238,1.6079,6.18204,32,27,rc,2.468,1.79069e+09,-3.51914,44,-0.00348029
2.469,4,0,nan,nan,nan,nan,-0.766992,0,-0.0149142,1.6079,6.18204,32,27,rc,2.469,1.79069e+09,-3.5417,44,-0.00345073
2.47,4,0,nan,nan,nan,nan,-0.766992,0,-0.00852238,1.6079,6.18204,32,27,rc,2.47,1.79069e+09,-3.45146,44,-0.00345447
2.471,4,0,nan,nan,nan,nan,-0.857227,-0.0453786,0.01811,1.6078,6.18204,32,27,rc,2.471,1.79069e+09,-3.49658,44,-0.00347894
2.472,4,0,nan,nan,nan,nan,-0.857227,-0.0453786,0.010653,1.6078,6.18204,32,27,rc,2.472,1.79069e+09,-3.55298,44,-0.00348847
2.473,4,0,nan,nan,nan,nan,-0.755713,0,0.00852238,1.6078,6.18204,32,27,rc,2.473,1.79069e+09,-3.56426,44,-0.00347457
2.474,4,0,nan,nan,nan,nan,-0.755713,0,-0.0319589,1.6078,6.18204,32,27,rc,2.474,1.79069e+09,-3.5417,44,-0.00346398
2.475,4,0,nan,nan,nan,nan,-0.891064,0,-0.028763,1.6078,6.18204,32,27,rc,2.475,1.79069e+09,-3.49658,44,-0.00346098
2.476,4,0,nan,nan,nan,nan,-0.891064,0,-0.00319589,1.6078,6.18204,32,27,rc,2.476,1.79069e+09,-3.49658,44,-0.00344994
2.477,4,0,nan,nan,nan,nan,-0.552686,0,0.00745708,1.6078,6.18204,32,27,rc,2.477,1.79069e+09,-3.51914,44,-0.00347092
2.478,4,0,nan,nan,nan,nan,-0.552686,0,-0.00745708,1.6078,6.18204,32,27,rc,2.478,1.79069e+09,-3.51914,44,-0.0034981
2.479,4,0,nan,nan,nan,nan,-0.699316,0.0366519,0.00745708,1.6078,6.18204,32,27,rc,2.479,1.79069e+09,-3.55298,44,-0.00349507
2.48,4,0,nan,nan,nan,nan,-0.699316,0.0366519,0.00319589,1.6078,6.18204,32,27,rc,2.48,1.79069e+09,-3.56426,44,-0.0034899
2.481,4,0,nan,nan,nan,nan,-0.699316,0,-0.0266324,1.6078,6.18204,32,27,rc,2.481,1.79069e+09,-3.51914,44,-0.00349127
2.482,4,0,nan,nan,nan,nan,-0.699316,0,-0.0266324,1.6078,6.18204,32,27,rc,2.482,1.79069e+09,-3.51914,44,-0.00346096
2.483,4,0,nan,nan,nan,nan,-0.766992,-0.0331613,-0.0170448,1.60771,6.18204,32,27,rc,2.483,1.79069e+09,-3.53042,44,-0.00345833
2.484,4,0,nan,nan,nan,nan,-0.766992,-0.0331613,-0.00852238,1.60771,6.18204,32,27,rc,2.484,1.79069e+09,-3.51914,44,-0.0034698
2.485,4,0,nan,nan,nan,nan,-0.563965,-0.00349066,-0.00532648,1.60771,6.18204,32,27,rc,2.485,1.79069e+09,-3.53042,44,-0.00346891
2.486,4,0,nan,nan,nan,nan,-0.563965,-0.00349066,-0.0138489,1.60771,6.18204,32,27,rc,2.486,1.79069e+09,-3.56426,44,-0.00345163
2.487,4,0,nan,nan,nan,nan,-0.665479,0.0331613,-0.00532648,1.60771,6.18204,32,27,rc,2.487,1.79069e+09,-3.50786,44,-0.00347817
2.488,4,0,nan,nan,nan,nan,-0.665479,0.0331613,-0.0117183,1.60771,6.18204,32,27,rc,2.488,1.79069e+09,-3.49658,44,-0.00348997
2.489,4,0,nan,nan,nan,nan,-0.586523,0,-0.010653,1.6078,6.18204,32,27,rc,2.489,1.79069e+09,-3.57554,44,-0.00347852
2.49,4,0,nan,nan,nan,nan,-0.586523,0,0.00426119,1.6078,6.18204,32,27,rc,2.49,1.79069e+09,-3.51914,44,-0.00348382
2.491,4,0,nan,nan,nan,nan,-0.586523,0,1.76123e-18,1.60771,6.18204,32,27,rc,2.491,1.79069e+09,-3.51914,44,-0.00350244
2.492,4,0,nan,nan,nan,nan,-0.586523,0,0.010653,1.60771,6.18204,32,27,rc,2.492,1.79069e+09,-3.56426,44,-0.00350387
2.493,4,0,nan,nan,nan,nan,-0.744434,-0.0191986,0.0149142,1.60771,6.18204,32,27,rc,2.493,1.79069e+09,-3.57554,44,-0.00349341
2.494,4,0,nan,nan,nan,nan,-0.744434,-0.0191986,-0.00852238,1.60771,6.18204,32,27,rc,2.494,1.79069e+09,-3.53042,44,-0.00347983
2.495,4,0,nan,nan,nan,nan,-0.845947,-0.0366519,-0.0117183,1.60761,6.18204,32,27,rc,2.495,1.79069e+09,-3.53042,44,-0.00345559
2.496,4,0,nan,nan,nan,nan,-0.845947,-0.0366519,-0.00639178,1.60761,6.18204,32,27,rc,2.496,1.79069e+09,-3.49658,44,-0.00343625
2.497,4,0,nan,nan,nan,nan,-0.710596,-0.020944,-0.00958767,1.60761,6.18204,32,27,rc,2.497,1.79069e+09,-3.53042,44,-0.003449
2.498,4,0,nan,nan,nan,nan,-0.710596,-0.020944,0.00319589,1.60761,6.18204,32,27,rc,2.498,1.79069e+09,-3.51914,44,-0.00347938
2.499,4,0,nan,nan,nan,nan,-0.688037,0.00698132,-0.00745708,1.60761,6.18204,32,27,rc,2.499,1.79069e+09,-3.53042,44,-0.00351038
2.5,4,0,nan,nan,nan,nan,-0.688037,0.00698132,-0.00426119,1.60761,6.18204,32,27,rc,2.5,1.79069e+09,-3.55298,44,-0.00351476
2.501,4,0,nan,nan,nan,nan,-0.766992,0.00872665,-0.00958767,1.60761,6.18204,32,27,rc,2.501,1.79069e+09,-3.5417,44,-0.00351938
2.502,4,0,nan,nan,nan,nan,-0.766992,0.00872665,-0.0127836,1.60761,6.18204,32,27,rc,2.502,1.79069e+09,-3.49658,44,-0.0035095
2.503,4,0,nan,nan,nan,nan,-0.586523,-0.0331613,-0.00958767,1.60761,6.18194,32,27,rc,2.503,1.79069e+09,-3.53042,44,-0.00350219
2.504,4,0,nan,nan,nan,nan,-0.586523,-0.0331613,-0.0202406,1.60761,6.18194,32,27,rc,2.504,1.79069e+09,-3.53042,44,-0.00350425
2.505,4,0,nan,nan,nan,nan,-0.631641,-0.00349066,0.010653,1.60761,6.18194,32,27,rc,2.505,1.79069e+09,-3.5417,44,-0.00351278
2.506,4,0,nan,nan,nan,nan,-0.631641,-0.00349066,-0.00213059,1.60761,6.18194,32,27,rc,2.506,1.79069e+09,-3.57554,44,-0.00352421
2.507,4,0,nan,nan,nan,nan,-0.552686,0.0331613,-0.00852238,1.60761,6.18194,32,27,rc,2.507,1.79069e+09,-3.56426,44,-0.00353272
2.508,4,0,nan,nan,nan,nan,-0.552686,0.0331613,0.0010653,1.60761,6.18194,32,27,rc,2.508,1.79069e+09,-3.5417,44,-0.00352173
2.509,4,0,nan,nan,nan,nan,-0.654199,0.0174533,-0.0170448,1.60771,6.18194,32,27,rc,2.509,1.79069e+09,-3.4853,44,-0.00350917
2.51,4,0,nan,nan,nan,nan,-0.654199,0.0174533,-0.0245018,1.60771,6.18194,32,27,rc,2.51,1.79069e+09,-3.53042,44,-0.00350369
2.511,4,0,nan,nan,nan,nan,-0.699316,-0.0558505,-0.0127836,1.60761,6.18194,32,27,rc,2.511,1.79069e+09,-3.49658,44,-0.00350061
2.512,4,0,nan,nan,nan,nan,-0.699316,-0.0558505,0.0010653,1.60761,6.18194,32,27,rc,2.512,1.79069e+09,-3.5417,44,-0.00350586
2.513,4,0,nan,nan,nan,nan,-0.530127,-0.0279253,0.00426119,1.60752,6.18194,32,27,rc,2.513,1.79069e+09,-3.50786,44,-0.00350258
2.514,4,0,nan,nan,nan,nan,-0.530127,-0.0279253,0.0202406,1.60752,6.18194,32,27,rc,2.514,1.79069e+09,-3.51914,44,-0.00349032
2.515,4,0,nan,nan,nan,nan,-0.710596,0.0453786,0.0245018,1.60761,6.18194,32,27,rc,2.515,1.79069e+09,-3.45146,44,-0.00348438
2.516,4,0,nan,nan,nan,nan,-0.710596,0.0453786,0.0117183,1.60761,6.18194,32,27,rc,2.516,1.79069e+09,-3.49658,44,-0.00349134
2.517,4,0,nan,nan,nan,nan,-0.834668,-0.015708,-0.0159795,1.60752,6.18194,32,27,rc,2.517,1.79069e+09,-3.5417,44,-0.00347548
2.518,4,0,nan,nan,nan,nan,-0.834668,-0.015708,-0.0138489,1.60752,6.18194,32,27,rc,2.518,1.79069e+09,-3.51914,44,-0.00348666
2.519,4,0,nan,nan,nan,nan,-0.868506,-0.0837758,0.0234365,1.60742,6.18194,32,27,rc,2.519,1.79069e+09,-3.4853,44,-0.00349141
2.52,4,0,nan,nan,nan,nan,-0.868506,-0.0837758,0.00852238,1.60742,6.18194,32,27,rc,2.52,1.79069e+09,-3.5417,44,-0.00350081
2.521,4,0,nan,nan,nan,nan,-0.688037,-0.00523599,-0.00639178,1.60732,6.18194,32,27,rc,2.521,1.79069e+09,-3.50786,44,-0.00351435
2.522,4,0,nan,nan,nan,nan,-0.688037,-0.00523599,0.00426119,1.60732,6.18194,32,27,rc,2.522,1.79069e+09,-3.56426,44,-0.00350182
2.523,4,0,nan,nan,nan,nan,-0.834668,0.0558505,-0.00213059,1.60742,6.18194,32,27,rc,2.523,1.79069e+09,-3.53042,44,-0.00350105
2.524,4,0,nan,nan,nan,nan,-0.834668,0.0558505,-0.0127836,1.60742,6.18194,32,27,rc,2.524,1.79069e+09,-3.50786,44,-0.00350579
2.525,4,0,nan,nan,nan,nan,-0.766992,0,-0.0202406,1.60742,6.18194,32,27,rc,2.525,1.79069e+09,-3.53042,44,-0.00351323
2.526,4,0,nan,nan,nan,nan,-0.766992,0,-0.00426119,1.60742,6.18194,32,27,rc,2.526,1.79069e+09,-3.51914,44,-0.00352888
2.527,4,0,nan,nan,nan,nan,-0.688037,-0.0226893,0.00213059,1.60742,6.18194,32,27,rc,2.527,1.79069e+09,-3.5417,44,-0.00353785
2.528,4,0,nan,nan,nan,nan,-0.688037,-0.0226893,-0.0202406,1.60742,6.18194,32,27,rc,2.528,1.79069e+09,-3.53042,44,-0.00353067
2.529,4,0,nan,nan,nan,nan,-0.586523,0,-0.0138489,1.60742,6.18194,32,27,rc,2.529,1.79069e+09,-3.50786,44,-0.0035188
2.53,4,0,nan,nan,nan,nan,-0.586523,0,-0.0170448,1.60742,6.18194,32,27,rc,2.53,1.79069e+09,-3.49658,44,-0.00349736
2.531,4,0,nan,nan,nan,nan,-0.439893,0.0139626,-0.0340895,1.60742,6.18194,32,27,rc,2.531,1.79069e+09,-3.46274,44,-0.00349322
2.532,4,0,nan,nan,nan,nan,-0.439893,0.0139626,-0.0138489,1.60742,6.18194,32,27,rc,2.532,1.79069e+09,-3.50786,44,-0.00349223
2.533,4,0,nan,nan,nan,nan,-0.530127,0.00872665,0.00852238,1.60742,6.18194,32,27,rc,2.533,1.79069e+09,-3.53042,44,-0.00350991
2.534,4,0,nan,nan,nan,nan,-0.530127,0.00872665,-0.010653,1.60742,6.18194,32,27,rc,2.534,1.79069e+09,-3.5417,44,-0.00351742
2.535,4,0,nan,nan,nan,nan,-0.552686,0,-0.01811,1.60742,6.18194,32,27,rc,2.535,1.79069e+09,-3.5417,44,-0.0035135
2.536,4,0,nan,nan,nan,nan,-0.552686,0,-0.0159795,1.60742,6.18194,32,27,rc,2.536,1.79069e+09,-3.50786,44,-0.00349957
2.537,4,0,nan,nan,nan,nan,-0.552686,-0.0244346,-0.0223712,1.60742,6.18194,32,27,rc,2.537,1.79069e+09,-3.49658,44,-0.00346215
2.538,4,0,nan,nan,nan,nan,-0.552686,-0.0244346,-0.0149142,1.60742,6.18194,32,27,rc,2.538,1.79069e+09,-3.4853,44,-0.00345385
2.539,4,0,nan,nan,nan,nan,-0.552686,0,0.00958767,1.60742,6.18194,32,27,rc,2.539,1.79069e+09,-3.4853,44,-0.00347864
2.54,4,0,nan,nan,nan,nan,-0.552686,0,0.0276977,1.60742,6.18194,32,27,rc,2.54,1.79069e+09,-3.53042,44,-0.00349884
2.541,4,0,nan,nan,nan,nan,-0.552686,0,0.00639178,1.60742,6.18194,32,27,rc,2.541,1.79069e+09,-3.56426,44,-0.00350514
2.542,4,0,nan,nan,nan,nan,-0.552686,0,-0.010653,1.60742,6.18194,32,27,rc,2.542,1.79069e+09,-3.55298,44,-0.00350078
2.543,4,0,nan,nan,nan,nan,-0.868506,-0.00174533,-0.0191753,1.60742,6.18194,32,27,rc,2.543,1.79069e+09,-3.53042,44,-0.00348577
2.544,4,0,nan,nan,nan,nan,-0.868506,-0.00174533,-0.0149142,1.60742,6.18194,32,27,rc,2.544,1.79069e+09,-3.4853,44,-0.00347149
2.545,4,0,nan,nan,nan,nan,-0.631641,-0.0715585,0.00213059,1.60723,6.18194,32,27,rc,2.545,1.79069e+09,-3.49658,44,-0.00346996
2.546,4,0,nan,nan,nan,nan,-0.631641,-0.0715585,-0.00213059,1.60723,6.18194,32,27,rc,2.546,1.79069e+09,-3.50786,44,-0.00348219
2.547,4,0,nan,nan,nan,nan,-0.609082,0.00174533,-0.00639178,1.60723,6.18194,32,27,rc,2.547,1.79069e+09,-3.51914,44,-0.00348841
2.548,4,0,nan,nan,nan,nan,-0.609082,0.00174533,0.00319589,1.60723,6.18194,32,27,rc,2.548,1.79069e+09,-3.53042,44,-0.00349686
2.549,4,0,nan,nan,nan,nan,-0.676758,0.0453786,0.00319589,1.60732,6.18194,32,27,rc,2.549,1.79069e+09,-3.50786,44,-0.00350026
2.55,4,0,nan,nan,nan,nan,-0.676758,0.0453786,0.00532648,1.60732,6.18194,32,27,rc,2.55,1.79069e+09,-3.50786,44,-0.00348623
2.551,4,0,nan,nan,nan,nan,-0.688037,0,-0.00532648,1.60732,6.18194,32,27,rc,2.551,1.79069e+09,-3.50786,44,-0.00348445
2.552,4,0,nan,nan,nan,nan,-0.688037,0,0.00426119,1.60732,6.18194,32,27,rc,2.552,1.79069e+09,-3.49658,44,-0.00349165
2.553,4,0,nan,nan,nan,nan,-0.733154,-0.0506145,0.0266324,1.60723,6.18194,32,27,rc,2.553,1.79069e+09,-3.5417,44,-0.00349727
2.554,4,0,nan,nan,nan,nan,-0.733154,-0.0506145,0.0149142,1.60723,6.18194,32,27,rc,2.554,1.79069e+09,-3.51914,44,-0.00349347
2.555,4,0,nan,nan,nan,nan,-0.755713,-0.0122173,-0.00426119,1.60723,6.18194,32,27,rc,2.555,1.79069e+09,-3.51914,44,-0.00350247
2.556,4,0,nan,nan,nan,nan,-0.755713,-0.0122173,-0.00319589,1.60723,6.18194,32,27,rc,2.556,1.79069e+09,-3.53042,44,-0.00349292
2.557,4,0,nan,nan,nan,nan,-0.868506,0,-0.0170448,1.60723,6.18194,32,27,rc,2.557,1.79069e+09,-3.5417,44,-0.00346202
2.558,4,0,nan,nan,nan,nan,-0.868506,0,-0.00958767,1.60723,6.18194,32,27,rc,2.558,1.79069e+09,-3.4853,44,-0.00346785
2.559,4,0,nan,nan,nan,nan,-0.733154,-0.0174533,2.41353e-18,1.60713,6.18194,32,27,rc,2.559,1.79069e+09,-3.49658,44,-0.00350435
2.56,4,0,nan,nan,nan,nan,-0.733154,-0.0174533,-0.010653,1.60713,6.18194,32,27,rc,2.56,1.79069e+09,-3.51914,44,-0.00352942
2.561,4,0,nan,nan,nan,nan,-0.654199,0,-0.00958767,1.60713,6.18194,32,27,rc,2.561,1.79069e+09,-3.56426,44,-0.00352245
2.562,4,0,nan,nan,nan,nan,-0.654199,0,-0.00745708,1.60713,6.18194,32,27,rc,2.562,1.79069e+09,-3.5417,44,-0.00351119
2.563,4,0,nan,nan,nan,nan,-0.597803,0.020944,-0.00213059,1.60723,6.18194,32,27,rc,2.563,1.79069e+09,-3.47402,44,-0.00349104
2.564,4,0,nan,nan,nan,nan,-0.597803,0.020944,-0.0127836,1.60723,6.18194,32,27,rc,2.564,1.79069e+09,-3.49658,44,-0.00346857
2.565,4,0,nan,nan,nan,nan,-0.620361,0,0.00639178,1.60723,6.18194,32,27,rc,2.565,1.79069e+09,-3.4853,44,-0.00346167
2.566,4,0,nan,nan,nan,nan,-0.620361,0,-0.00852238,1.60723,6.18194,32,27,rc,2.566,1.79069e+09,-3.49658,44,-0.00347985
2.567,4,0,nan,nan,nan,nan,-0.552686,-0.00872665,-0.028763,1.60723,6.18194,32,27,rc,2.567,1.79069e+09,-3.50786,44,-0.00349515
2.568,4,0,nan,nan,nan,nan,-0.552686,-0.00872665,-0.00532648,1.60723,6.18194,32,27,rc,2.568,1.79069e+09,-3.53042,44,-0.00348801
2.569,4,0,nan,nan,nan,nan,-0.597803,-0.0139626,0.0202406,1.60723,6.18204,32,27,rc,2.569,1.79069e+09,-3.5417,44,-0.00348074
2.57,4,0,nan,nan,nan,nan,-0.597803,-0.0139626,-0.00213059,1.60723,6.18204,32,27,rc,2.57,1.79069e+09,-3.49658,44,-0.00347034
2.571,4,0,nan,nan,nan,nan,-0.609082,0,-0.0138489,1.60723,6.18194,32,27,rc,2.571,1.79069e+09,-3.50786,44,-0.00346768
2.572,4,0,nan,nan,nan,nan,-0.609082,0,-0.01811,1.60723,6.18194,32,27,rc,2.572,1.79069e+09,-3.50786,44,-0.00347102
2.573,4,0,nan,nan,nan,nan,-0.665479,-0.0279253,-0.0010653,1.60713,6.18194,32,27,rc,2.573,1.79069e+09,-3.5417,44,-0.00346696
2.574,4,0,nan,nan,nan,nan,-0.665479,-0.0279253,0.00213059,1.60713,6.18194,32,27,rc,2.574,1.79069e+09,-3.53042,44,-0.00348103
2.575,4,0,nan,nan,nan,nan,-0.541406,-0.00698132,-0.0149142,1.60713,6.18194,32,27,rc,2.575,1.79069e+09,-3.53042,44,-0.00347904
2.576,4,0,nan,nan,nan,nan,-0.541406,-0.00698132,-1.30461e-19,1.60713,6.18194,32,27,rc,2.576,1.79069e+09,-3.53042,44,-0.00348343
2.577,4,0,nan,nan,nan,nan,-0.654199,0,-0.0170448,1.60713,6.18194,32,27,rc,2.577,1.79069e+09,-3.53042,44,-0.00347774
2.578,4,0,nan,nan,nan,nan,-0.654199,0,-0.0191753,1.60713,6.18194,32,27,rc,2.578,1.79069e+09,-3.51914,44,-0.00347924
2.579,4,0,nan,nan,nan,nan,-0.654199,0,-0.00426119,1.60713,6.18194,32,27,rc,2.579,1.79069e+09,-3.53042,44,-0.0034786
2.58,4,0,nan,nan,nan,nan,-0.654199,0,-0.0010653,1.60713,6.18194,32,27,rc,2.58,1.79069e+09,-3.53042,44,-0.00349019
2.581,4,0,nan,nan,nan,nan,-0.518848,-0.0122173,-0.00319589,1.60713,6.18194,32,27,rc,2.581,1.79069e+09,-3.5417,44,-0.00349916
2.582,4,0,nan,nan,nan,nan,-0.518848,-0.0122173,0.00639178,1.60713,6.18194,32,27,rc,2.582,1.79069e+09,-3.5417,44,-0.00350158
2.583,4,0,nan,nan,nan,nan,-0.64292,0.00872665,-0.0117183,1.60713,6.18194,32,27,rc,2.583,1.79069e+09,-3.5417,44,-0.00349308
2.584,4,0,nan,nan,nan,nan,-0.64292,0.00872665,-0.00426119,1.60713,6.18194,32,27,rc,2.584,1.79069e+09,-3.51914,44,-0.00347914
2.585,4,0,nan,nan,nan,nan,-0.699316,0,0.00426119,1.60713,6.18194,32,27,rc,2.585,1.79069e+09,-3.4853,44,-0.00347682
2.586,4,0,nan,nan,nan,nan,-0.699316,0,0.00319589,1.60713,6.18194,32,27,rc,2.586,1.79069e+09,-3.5417,44,-0.0034887
2.587,4,0,nan,nan,nan,nan,-0.654199,-0.0261799,0.0010653,1.60704,6.18194,32,27,rc,2.587,1.79069e+09,-3.5417,44,-0.00350324
2.588,4,0,nan,nan,nan,nan,-0.654199,-0.0261799,0.010653,1.60704,6.18194,32,27,rc,2.588,1.79069e+09,-3.53042,44,-0.00351229
2.589,4,0,nan,nan,nan,nan,-0.721875,0,-0.0127836,1.60704,6.18194,32,27,rc,2.589,1.79069e+09,-3.55298,44,-0.00351578
2.59,4,0,nan,nan,nan,nan,-0.721875,0,-0.0234365,1.60704,6.18194,32,27,rc,2.59,1.79069e+09,-3.51914,44,-0.0035086
2.591,4,0,nan,nan,nan,nan,-0.80083,0,-0.0149142,1.60704,6.18194,32,27,rc,2.591,1.79069e+09,-3.53042,44,-0.0035045
2.592,4,0,nan,nan,nan,nan,-0.80083,0,-0.0010653,1.60704,6.18194,32,27,rc,2.592,1.79069e+09,-3.50786,44,-0.00349349
2.593,4,0,nan,nan,nan,nan,-0.530127,-0.0174533,0.00426119,1.60704,6.18194,32,27,rc,2.593,1.79069e+09,-3.51914,44,-0.00349907
2.594,4,0,nan,nan,nan,nan,-0.530127,-0.0174533,0.00213059,1.60704,6.18194,32,27,rc,2.594,1.79069e+09,-3.4853,44,-0.00351034
2.595,4,0,nan,nan,nan,nan,-0.676758,0.0436332,0.0010653,1.60704,6.18194,32,27,rc,2.595,1.79069e+09,-3.53042,44,-0.00350849
2.596,4,0,nan,nan,nan,nan,-0.676758,0.0436332,-0.00213059,1.60704,6.18204,32,27,rc,2.596,1.79069e+09,-3.5417,44,-0.00350225
2.597,4,0,nan,nan,nan,nan,-0.552686,0,-0.010653,1.60713,6.18204,32,27,rc,2.597,1.79069e+09,-3.45146,44,-0.00350001
2.598,4,0,nan,nan,nan,nan,-0.552686,0,-0.00319589,1.60713,6.18204,32,27,rc,2.598,1.79069e+09,-3.4853,44,-0.00349951
2.599,4,0,nan,nan,nan,nan,-0.552686,-0.0349066,-0.00319589,1.60704,6.18204,32,27,rc,2.599,1.79069e+09,-3.53042,44,-0.00348407
2.6,4,0,nan,nan,nan,nan,-0.552686,-0.0349066,-0.00213059,1.60704,6.18204,32,27,rc,2.6,1.79069e+09,-3.51914,44,-0.00348328
2.601,4,0,nan,nan,nan,nan,-0.654199,0,-0.00745708,1.60704,6.18194,32,27,rc,2.601,1.79069e+09,-3.4853,44,-0.00349767
2.602,4,0,nan,nan,nan,nan,-0.654199,0,-0.0159795,1.60704,6.18194,32,27,rc,2.602,1.79069e+09,-3.50786,44,-0.00350256
2.603,4,0,nan,nan,nan,nan,-0.654199,0,-0.0276977,1.60704,6.18194,32,27,rc,2.603,1.79069e+09,-3.49658,44,-0.00349356
2.604,4,0,nan,nan,nan,nan,-0.654199,0,-0.010653,1.60704,6.18194,32,27,rc,2.604,1.79069e+09,-3.4853,44,-0.00348476
2.605,4,0,nan,nan,nan,nan,-0.518848,0,-0.00745708,1.60704,6.18194,32,27,rc,2.605,1.79069e+09,-3.49658,44,-0.00346671
2.606,4,0,nan,nan,nan,nan,-0.518848,0,0.0117183,1.60704,6.18194,32,27,rc,2.606,1.79069e+09,-3.46274,44,-0.00346845
2.607,4,0,nan,nan,nan,nan,-0.439893,0.0122173,-0.00852238,1.60704,6.18194,32,27,rc,2.607,1.79069e+09,-3.4853,44,-0.00347991
2.608,4,0,nan,nan,nan,nan,-0.439893,0.0122173,-0.00532648,1.60704,6.18194,32,27,rc,2.608,1.79069e+09,-3.51914,44,-0.00348911
2.609,4,0,nan,nan,nan,nan,-0.710596,0,-0.00532648,1.60704,6.18194,32,27,rc,2.609,1.79069e+09,-3.51914,44,-0.00348848
2.61,4,0,nan,nan,nan,nan,-0.710596,0,-7.17537e-19,1.60704,6.18194,32,27,rc,2.61,1.79069e+09,-3.49658,44,-0.00348223
2.611,4,0,nan,nan,nan,nan,-0.620361,-0.0366519,-0.00319589,1.60694,6.18194,32,27,rc,2.611,1.79069e+09,-3.4853,44,-0.00347489
2.612,4,0,nan,nan,nan,nan,-0.620361,-0.0366519,-0.0127836,1.60694,6.18194,32,27,rc,2.612,1.79069e+09,-3.49658,44,-0.00347565
2.613,4,0,nan,nan,nan,nan,-0.676758,0,0.00745708,1.60694,6.18194,32,27,rc,2.613,1.79069e+09,-3.53042,44,-0.00348212
2.614,4,0,nan,nan,nan,nan,-0.676758,0,0.00319589,1.60694,6.18194,32,27,rc,2.614,1.79069e+09,-3.49658,44,-0.0034902
2.615,4,0,nan,nan,nan,nan,-0.563965,0.00523599,-0.00532648,1.60694,6.18194,32,27,rc,2.615,1.79069e+09,-3.5417,44,-0.00350676
2.616,4,0,nan,nan,nan,nan,-0.563965,0.00523599,0.0149142,1.60694,6.18194,32,27,rc,2.616,1.79069e+09,-3.53042,44,-0.00348737
2.617,4,0,nan,nan,nan,nan,-0.721875,0.00174533,0.0010653,1.60704,6.18194,32,27,rc,2.617,1.79069e+09,-3.51914,44,-0.00348531
2.618,4,0,nan,nan,nan,nan,-0.721875,0.00174533,-0.0159795,1.60704,6.18194,32,27,rc,2.618,1.79069e+09,-3.47402,44,-0.00348999
2.619,4,0,nan,nan,nan,nan,-0.789551,-0.0279253,-0.0223712,1.60694,6.18194,32,27,rc,2.619,1.79069e+09,-3.4853,44,-0.00350047
2.62,4,0,nan,nan,nan,nan,-0.789551,-0.0279253,-0.0213059,1.60694,6.18194,32,27,rc,2.62,1.79069e+09,-3.51914,44,-0.00350453
2.621,4,0,nan,nan,nan,nan,-0.575244,-0.0279253,0.00319589,1.60684,6.18194,32,27,rc,2.621,1.79069e+09,-3.51914,44,-0.00350516
2.622,4,0,nan,nan,nan,nan,-0.575244,-0.0279253,0.0159795,1.60684,6.18194,32,27,rc,2.622,1.79069e+09,-3.5417,44,-0.0034995
2.623,4,0,nan,nan,nan,nan,-0.507568,0.0575959,0.0213059,1.60694,6.18194,32,27,rc,2.623,1.79069e+09,-3.5417,44,-0.00349954
2.624,4,0,nan,nan,nan,nan,-0.507568,0.0575959,0.00213059,1.60694,6.18194,32,27,rc,2.624,1.79069e+09,-3.4853,44,-0.00350015
2.625,4,0,nan,nan,nan,nan,-0.620361,0.0174533,-0.0234365,1.60704,6.18194,32,27,rc,2.625,1.79069e+09,-3.50786,44,-0.00349441
2.626,4,0,nan,nan,nan,nan,-0.620361,0.0174533,-0.0202406,1.60704,6.18194,32,27,rc,2.626,1.79069e+09,-3.4853,44,-0.00349029
2.627,4,0,nan,nan,nan,nan,-0.552686,-0.0820305,0.0117183,1.60694,6.18194,32,27,rc,2.627,1.79069e+09,-3.50786,44,-0.00349914
2.628,4,0,nan,nan,nan,nan,-0.552686,-0.0820305,0.00639178,1.60694,6.18194,32,27,rc,2.628,1.79069e+09,-3.50786,44,-0.0035012
2.629,4,0,nan,nan,nan,nan,-0.530127,-0.0139626,-0.00319589,1.60684,6.18194,32,27,rc,2.629,1.79069e+09,-3.53042,44,-0.0034932
2.63,4,0,nan,nan,nan,nan,-0.530127,-0.0139626,0.0010653,1.60684,6.18194,32,27,rc,2.63,1.79069e+09,-3.36123,44,-0.00349115
2.631,4,0,nan,nan,nan,nan,-0.688037,0.0645772,0.0191753,1.60694,6.18194,32,27,rc,2.631,1.79069e+09,-3.50786,44,-0.00348498
2.632,4,0,nan,nan,nan,nan,-0.688037,0.0645772,-0.00852238,1.60694,6.18194,32,27,rc,2.632,1.79069e+09,-3.4853,44,-0.00348771
2.633,4,0,nan,nan,nan,nan,-0.665479,0.00349066,-0.00745708,1.60694,6.18194,32,27,rc,2.633,1.79069e+09,-3.49658,44,-0.00348733
2.634,4,0,nan,nan,nan,nan,-0.665479,0.00349066,-0.00213059,1.60694,6.18194,32,27,rc,2.634,1.79069e+09,-3.50786,44,-0.00348543
2.635,4,0,nan,nan,nan,nan,-0.597803,-0.0366519,0.0127836,1.60684,6.18194,32,27,rc,2.635,1.79069e+09,-3.49658,44,-0.00351901
2.636,4,0,nan,nan,nan,nan,-0.597803,-0.0366519,-0.0404813,1.60684,6.18194,32,27,rc,2.636,1.79069e+09,-3.51914,44,-0.00352612
2.637,4,0,nan,nan,nan,nan,-0.631641,0,-0.0276977,1.60684,6.18194,32,27,rc,2.637,1.79069e+09,-3.53042,44,-0.00351036
2.638,4,0,nan,nan,nan,nan,-0.631641,0,0.00213059,1.60684,6.18194,32,27,rc,2.638,1.79069e+09,-3.34995,44,-0.00347651
2.639,4,0,nan,nan,nan,nan,-0.349658,0.0296706,-0.00745708,1.60694,6.18194,32,27,rc,2.639,1.79069e+09,-3.46274,44,-0.00346915
2.64,4,0,nan,nan,nan,nan,-0.349658,0.0296706,-0.00532648,1.60694,6.18194,32,27,rc,2.64,1.79069e+09,-3.49658,44,-0.00349403
2.641,4,0,nan,nan,nan,nan,-0.586523,0.0436332,0.00213059,1.60704,6.18194,32,27,rc,2.641,1.79069e+09,-3.49658,44,-0.00350353
2.642,4,0,nan,nan,nan,nan,-0.586523,0.0436332,0.00958767,1.60704,6.18194,32,27,rc,2.642,1.79069e+09,-3.5417,44,-0.00350538
2.643,4,0,nan,nan,nan,nan,-0.541406,-0.0314159,-0.00852238,1.60694,6.18194,32,27,rc,2.643,1.79069e+09,-3.51914,44,-0.00352311
2.644,4,0,nan,nan,nan,nan,-0.541406,-0.0314159,-0.00319589,1.60694,6.18194,32,27,rc,2.644,1.79069e+09,-3.50786,44,-0.00352111
2.645,4,0,nan,nan,nan,nan,-0.597803,-0.0715585,-1.43507e-18,1.60684,6.18194,32,27,rc,2.645,1.79069e+09,-3.39507,44,-0.00347922
2.646,4,0,nan,nan,nan,nan,-0.597803,-0.0715585,-0.00213059,1.60684,6.18194,32,27,rc,2.646,1.79069e+09,-3.51914,44,-0.00347032
2.647,4,0,nan,nan,nan,nan,-0.64292,-0.0191986,0.0010653,1.60675,6.18194,32,27,rc,2.647,1.79069e+09,-3.49658,44,-0.00347226
2.648,4,0,nan,nan,nan,nan,-0.64292,-0.0191986,-0.0010653,1.60675,6.18194,32,27,rc,2.648,1.79069e+09,-3.51914,44,-0.00350186
2.649,4,0,nan,nan,nan,nan,-0.64292,0.0226893,-0.00958767,1.60684,6.18194,32,27,rc,2.649,1.79069e+09,-3.53042,44,-0.00351213
2.65,4,0,nan,nan,nan,nan,-0.64292,0.0226893,-0.0117183,1.60684,6.18194,32,27,rc,2.65,1.79069e+09,-3.57554,44,-0.00351414
2.651,4,0,nan,nan,nan,nan,-0.631641,0.0174533,-0.010653,1.60684,6.18194,32,27,rc,2.651,1.79069e+09,-3.5417,44,-0.00350699
2.652,4,0,nan,nan,nan,nan,-0.631641,0.0174533,-0.0117183,1.60684,6.18194,32,27,rc,2.652,1.79069e+09,-3.49658,44,-0.00349505
2.653,4,0,nan,nan,nan,nan,-0.439893,0,-0.00852238,1.60684,6.18194,32,27,rc,2.653,1.79069e+09,-3.4853,44,-0.00347944
2.654,4,0,nan,nan,nan,nan,-0.439893,0,-0.0223712,1.60684,6.18194,32,27,rc,2.654,1.79069e+09,-3.49658,44,-0.00348053
2.655,4,0,nan,nan,nan,nan,-0.541406,0,0.0138489,1.60684,6.18194,32,27,rc,2.655,1.79069e+09,-3.50786,44,-0.00350736
2.656,4,0,nan,nan,nan,nan,-0.541406,0,-0.00958767,1.60684,6.18194,32,27,rc,2.656,1.79069e+09,-3.5417,44,-0.00350143
2.657,4,0,nan,nan,nan,nan,-0.439893,0.00349066,-0.0149142,1.60684,6.18194,32,27,rc,2.657,1.79069e+09,-3.55298,44,-0.00349567
2.658,4,0,nan,nan,nan,nan,-0.439893,0.00349066,-0.00213059,1.60684,6.18194,32,27,rc,2.658,1.79069e+09,-3.50786,44,-0.00347522
2.659,4,0,nan,nan,nan,nan,-0.496289,0.0174533,0.00213059,1.60694,6.18194,32,27,rc,2.659,1.79069e+09,-3.4853,44,-0.00347633
2.66,4,0,nan,nan,nan,nan,-0.496289,0.0174533,-0.00852238,1.60694,6.18194,32,27,rc,2.66,1.79069e+09,-3.47402,44,-0.00349007
2.661,4,0,nan,nan,nan,nan,-0.462451,-0.00349066,-0.00745708,1.60694,6.18194,32,27,rc,2.661,1.79069e+09,-3.4853,44,-0.00349147
2.662,4,0,nan,nan,nan,nan,-0.462451,-0.00349066,-0.010653,1.60694,6.18194,32,27,rc,2.662,1.79069e+09,-3.51914,44,-0.00350137
2.663,4,0,nan,nan,nan,nan,-0.439893,-0.0296706,-0.0010653,1.60684,6.18194,32,27,rc,2.663,1.79069e+09,-3.51914,44,-0.0034868
2.664,4,0,nan,nan,nan,nan,-0.439893,-0.0296706,0.00958767,1.60684,6.18194,32,27,rc,2.664,1.79069e+09,-3.51914,44,-0.00348053
2.665,4,0,nan,nan,nan,nan,-0.439893,0,0.0159795,1.60684,6.18194,32,27,rc,2.665,1.79069e+09,-3.47402,44,-0.00348795
2.666,4,0,nan,nan,nan,nan,-0.439893,0,-0.00426119,1.60684,6.18194,32,27,rc,2.666,1.79069e+09,-3.49658,44,-0.00349223
2.667,4,0,nan,nan,nan,nan,-0.563965,0.00872665,0.00852238,1.60684,6.18194,32,27,rc,2.667,1.79069e+09,-3.51914,44,-0.00348321
2.668,4,0,nan,nan,nan,nan,-0.563965,0.00872665,0.010653,1.60684,6.18194,32,27,rc,2.668,1.79069e+09,-3.4853,44,-0.00349256
2.669,4,0,nan,nan,nan,nan,-0.586523,-0.0139626,0.0149142,1.60684,6.18194,32,27,rc,2.669,1.79069e+09,-3.36123,44,-0.00350968
2.67,4,0,nan,nan,nan,nan,-0.586523,-0.0139626,0.00852238,1.60684,6.18194,32,27,rc,2.67,1.79069e+09,-3.5417,44,-0.00351733
2.671,4,0,nan,nan,nan,nan,-0.733154,-0.0174533,-0.0213059,1.60684,6.18194,32,27,rc,2.671,1.79069e+09,-3.41763,44,-0.00350025
2.672,4,0,nan,nan,nan,nan,-0.733154,-0.0174533,-0.00532648,1.60684,6.18194,32,27,rc,2.672,1.79069e+09,-3.39507,44,-0.00348345
2.673,4,0,nan,nan,nan,nan,-0.733154,-0.00698132,0.00319589,1.60684,6.18194,32,27,rc,2.673,1.79069e+09,-3.34995,44,-0.00348257
2.674,4,0,nan,nan,nan,nan,-0.733154,-0.00698132,-0.00639178,1.60684,6.18194,32,27,rc,2.674,1.79069e+09,-3.36123,44,-0.00348091
2.675,4,0,nan,nan,nan,nan,-0.64292,0,0.010653,1.60684,6.18194,32,27,rc,2.675,1.79069e+09,-3.49658,44,-0.00348435
2.676,4,0,nan,nan,nan,nan,-0.64292,0,0.0170448,1.60684,6.18194,32,27,rc,2.676,1.79069e+09,-3.4853,44,-0.00351848
2.677,4,0,nan,nan,nan,nan,-0.48501,0.0139626,0.0234365,1.60684,6.18194,32,27,rc,2.677,1.79069e+09,-3.38379,44,-0.00353533
2.678,4,0,nan,nan,nan,nan,-0.48501,0.0139626,-0.00319589,1.60684,6.18194,32,27,rc,2.678,1.79069e+09,-3.5417,44,-0.0035145
2.679,4,0,nan,nan,nan,nan,-0.620361,0,-0.00639178,1.60684,6.18194,32,27,rc,2.679,1.79069e+09,-3.36123,44,-0.00349902
2.68,4,0,nan,nan,nan,nan,-0.620361,0,-0.01811,1.60684,6.18194,32,27,rc,2.68,1.79069e+09,-3.49658,44,-0.00347568
2.681,4,0,nan,nan,nan,nan,-0.575244,-0.0314159,-0.0159795,1.60684,6.18194,32,27,rc,2.681,1.79069e+09,-3.34995,44,-0.00347406
2.682,4,0,nan,nan,nan,nan,-0.575244,-0.0314159,-0.00852238,1.60684,6.18194,32,27,rc,2.682,1.79069e+09,-3.34995,44,-0.00350927
2.683,4,0,nan,nan,nan,nan,-0.462451,0.0122173,0.0149142,1.60684,6.18194,32,27,rc,2.683,1.79069e+09,-3.39507,44,-0.00352424
2.684,4,0,nan,nan,nan,nan,-0.462451,0.0122173,0.0127836,1.60684,6.18194,32,27,rc,2.684,1.79069e+09,-3.44019,44,-0.00351307
2.685,4,0,nan,nan,nan,nan,-0.462451,0.0680678,0.00745708,1.60694,6.18194,32,27,rc,2.685,1.79069e+09,-3.36123,44,-0.00348979
2.686,4,0,nan,nan,nan,nan,-0.462451,0.0680678,-0.0138489,1.60694,6.18194,32,27,rc,2.686,1.79069e+09,-3.36123,44,-0.00348278
2.687,4,0,nan,nan,nan,nan,-0.552686,0.00349066,-0.0149142,1.60694,6.18194,32,27,rc,2.687,1.79069e+09,-3.34995,44,-0.00348092
2.688,4,0,nan,nan,nan,nan,-0.552686,0.00349066,0.00532648,1.60694,6.18194,32,27,rc,2.688,1.79069e+09,-3.39507,44,-0.00348227
2.689,4,0,nan,nan,nan,nan,-0.394775,-0.0558505,-0.00745708,1.60684,6.18194,32,27,rc,2.689,1.79069e+09,-3.40635,44,-0.0034872
2.69,4,0,nan,nan,nan,nan,-0.394775,-0.0558505,-5.87076e-19,1.60684,6.18194,32,27,rc,2.69,1.79069e+09,-3.40635,44,-0.00347299
2.691,4,0,nan,nan,nan,nan,-0.496289,0,-0.00426119,1.60684,6.18194,32,27,rc,2.691,1.79069e+09,-3.40635,44,-0.00347857
2.692,4,0,nan,nan,nan,nan,-0.496289,0,-0.00958767,1.60684,6.18194,32,27,rc,2.692,1.79069e+09,-3.38379,44,-0.00345962
2.693,4,0,nan,nan,nan,nan,-0.406055,0.0314159,-0.0010653,1.60694,6.18194,32,27,rc,2.693,1.79069e+09,-3.36123,44,-0.00344809
2.694,4,0,nan,nan,nan,nan,-0.406055,0.0314159,0.00639178,1.60694,6.18194,32,27,rc,2.694,1.79069e+09,-3.32739,44,-0.00345989
2.695,4,0,nan,nan,nan,nan,-0.270703,0.0261799,-0.00532648,1.60694,6.18194,32,27,rc,2.695,1.79069e+09,-3.36123,44,-0.00345758
2.696,4,0,nan,nan,nan,nan,-0.270703,0.0261799,0.00319589,1.60694,6.18194,32,27,rc,2.696,1.79069e+09,-3.39507,44,-0.00346765
2.697,4,0,nan,nan,nan,nan,-0.304541,0.0261799,-0.00958767,1.60704,6.18194,32,27,rc,2.697,1.79069e+09,-3.5417,44,-0.00346927
2.698,4,0,nan,nan,nan,nan,-0.304541,0.0261799,0.00852238,1.60704,6.18194,32,27,rc,2.698,1.79069e+09,-3.40635,44,-0.003451
2.699,4,0,nan,nan,nan,nan,-0.248145,0,0.010653,1.60704,6.18194,32,27,rc,2.699,1.79069e+09,-3.39507,44,-0.00343498
2.7,4,0,nan,nan,nan,nan,-0.248145,0,0.00852238,1.60704,6.18194,32,27,rc,2.7,1.79069e+09,-3.34995,44,-0.00342856
2.701,4,0,nan,nan,nan,nan,-0.248145,0,0.00532648,1.60704,6.18194,32,27,rc,2.701,1.79069e+09,-3.34995,44,-0.00342399
2.702,4,0,nan,nan,nan,nan,-0.248145,0,-0.0202406,1.60704,6.18194,32,27,rc,2.702,1.79069e+09,-3.34995,44,-0.00342828
2.703,4,0,nan,nan,nan,nan,-0.203027,0,-0.00852238,1.60704,6.18194,32,27,rc,2.703,1.79069e+09,-3.53042,44,-0.00343761
2.704,4,0,nan,nan,nan,nan,-0.203027,0,0.0149142,1.60704,6.18194,32,27,rc,2.704,1.79069e+09,-3.40635,44,-0.00345279
2.705,4,0,nan,nan,nan,nan,-0.135352,0.0296706,0.01811,1.60713,6.18194,32,27,rc,2.705,1.79069e+09,-3.40635,44,-0.00345576
2.706,4,0,nan,nan,nan,nan,-0.135352,0.0296706,0.010653,1.60713,6.18194,32,27,rc,2.706,1.79069e+09,-3.38379,44,-0.00344933
2.707,4,0,nan,nan,nan,nan,-0.191748,0.0366519,0.00958767,1.60713,6.18194,32,27,rc,2.707,1.79069e+09,-3.36123,44,-0.00344442
2.708,4,0,nan,nan,nan,nan,-0.191748,0.0366519,0.0117183,1.60713,6.18194,32,27,rc,2.708,1.79069e+09,-3.39507,44,-0.00345116
2.709,4,0,nan,nan,nan,nan,-0.124072,0.0314159,0.00745708,1.60723,6.18194,32,27,rc,2.709,1.79069e+09,-3.38379,44,-0.00345395
2.71,4,0,nan,nan,nan,nan,-0.124072,0.0314159,0.01811,1.60723,6.18194,32,27,rc,2.71,1.79069e+09,-3.40635,44,-0.003443
2.711,4,0,nan,nan,nan,nan,-0.0902344,0.0226893,0.0436772,1.60732,6.18194,32,27,rc,2.711,1.79069e+09,-3.38379,44,-0.00345124
2.712,4,0,nan,nan,nan,nan,-0.0902344,0.0226893,0.010653,1.60732,6.18194,32,27,rc,2.712,1.79069e+09,-3.38379,44,-0.00343375
2.713,4,0,nan,nan,nan,nan,-0.0676758,0.0383972,0.0170448,1.60732,6.18194,32,27,rc,2.713,1.79069e+09,-3.36123,44,-0.00340725
2.714,4,0,nan,nan,nan,nan,-0.0676758,0.0383972,0.0255671,1.60732,6.18194,32,27,rc,2.714,1.79069e+09,-3.31611,44,-0.00340954
2.715,4,0,nan,nan,nan,nan,0.101514,0.0541052,0.00319589,1.60752,6.18194,32,27,rc,2.715,1.79069e+09,-3.34995,44,-0.00341212
2.716,4,0,nan,nan,nan,nan,0.101514,0.0541052,0.0010653,1.60752,6.18194,32,27,rc,2.716,1.79069e+09,-3.39507,44,-0.00342899
2.717,4,0,nan,nan,nan,nan,0.0225586,0.0715585,0.0223712,1.60761,6.18194,32,27,rc,2.717,1.79069e+09,-3.36123,44,-0.00346645
2.718,4,0,nan,nan,nan,nan,0.0225586,0.0715585,0.0149142,1.60761,6.18194,32,27,rc,2.718,1.79069e+09,-3.40635,44,-0.00348133
2.719,4,0,nan,nan,nan,nan,0.338379,0.0872665,0.010653,1.6078,6.18194,32,27,rc,2.719,1.79069e+09,-3.42891,44,-0.00344746
2.72,4,0,nan,nan,nan,nan,0.338379,0.0872665,0.0202406,1.6078,6.18194,32,27,rc,2.72,1.79069e+09,-3.39507,44,-0.00343896
2.721,4,0,nan,nan,nan,nan,0.575244,0.235619,0.028763,1.60819,6.18194,32,27,rc,2.721,1.79069e+09,-3.33867,44,-0.00341938
2.722,4,0,nan,nan,nan,nan,0.575244,0.235619,0.0362201,1.60819,6.18194,32,27,rc,2.722,1.79069e+09,-3.38379,44,-0.00342147
2.723,4,0,nan,nan,nan,nan,0.733154,0.383972,0.0383507,1.60895,6.18194,32,27,rc,2.723,1.79069e+09,-3.36123,44,-0.00342971
2.724,4,0,nan,nan,nan,nan,0.733154,0.383972,0.00852238,1.60895,6.18194,32,27,rc,2.724,1.79069e+09,-3.38379,44,-0.00344527
2.725,4,0,nan,nan,nan,nan,0.902344,0.413643,0.0372854,1.60972,6.18194,32,27,rc,2.725,1.79069e+09,-3.40635,44,-0.0034353
2.726,4,0,nan,nan,nan,nan,0.902344,0.413643,0.050069,1.60972,6.18194,32,27,rc,2.726,1.79069e+09,-3.5417,44,-0.00343574
2.727,4,0,nan,nan,nan,nan,1.28584,0.207694,0.0255671,1.6102,6.18194,32,27,rc,2.727,1.79069e+09,-3.49658,44,-0.00342632
2.728,4,0,nan,nan,nan,nan,1.28584,0.207694,0.0351548,1.6102,6.18194,32,27,rc,2.728,1.79069e+09,-3.38379,44,-0.0033918
2.729,4,0,nan,nan,nan,nan,1.17305,0.0418879,0.0415466,1.61039,6.18194,32,27,rc,2.729,1.79069e+09,-3.34995,44,-0.00336324
2.73,4,0,nan,nan,nan,nan,1.17305,0.0418879,0.057526,1.61039,6.18194,32,27,rc,2.73,1.79069e+09,-3.53042,44,-0.00335377
2.731,4,0,nan,nan,nan,nan,1.37607,-0.0558505,0.078832,1.6103,6.18194,32,27,rc,2.731,1.79069e+09,-3.55298,44,-0.00328614
2.732,4,0,nan,nan,nan,nan,1.37607,-0.0558505,0.102269,1.6103,6.18194,32,27,rc,2.732,1.79069e+09,-3.51914,44,-0.00324195
2.733,4,0,nan,nan,nan,nan,1.24072,0.0418879,0.0852238,1.61039,6.18194,32,27,rc,2.733,1.79069e+09,-3.4853,44,-0.00321127
2.734,4,0,nan,nan,nan,nan,1.24072,0.0418879,0.0820279,1.61039,6.18194,32,27,rc,2.734,1.79069e+09,-3.4853,44,-0.00319331
2.735,4,0,nan,nan,nan,nan,1.02642,0.0698132,0.111856,1.61049,6.18194,32,27,rc,2.735,1.79069e+09,-3.49658,44,-0.00320502
2.736,4,0,nan,nan,nan,nan,1.02642,0.0698132,0.0948114,1.61049,6.18194,32,27,rc,2.736,1.79069e+09,-3.49658,44,-0.00321191
2.737,4,0,nan,nan,nan,nan,1.252,0.0663225,0.119313,1.61068,6.18194,32,27,rc,2.737,1.79069e+09,-3.53042,44,-0.00321688
2.738,4,0,nan,nan,nan,nan,1.252,0.0663225,0.116117,1.61068,6.18194,32,27,rc,2.738,1.79069e+09,-3.51914,44,-0.00322116
2.739,4,0,nan,nan,nan,nan,1.252,0.185005,0.0862891,1.61097,6.18194,32,27,rc,2.739,1.79069e+09,-3.36123,44,-0.0032238
2.74,4,0,nan,nan,nan,nan,1.252,0.185005,0.0937461,1.61097,6.18194,32,27,rc,2.74,1.79069e+09,-3.51914,44,-0.00320396
2.741,4,0,nan,nan,nan,nan,1.27456,0.230383,0.131032,1.61145,6.18194,32,27,rc,2.741,1.79069e+09,-3.53042,44,-0.00314723
2.742,4,0,nan,nan,nan,nan,1.27456,0.230383,0.120379,1.61145,6.18194,32,27,rc,2.742,1.79069e+09,-3.4853,44,-0.00313513
2.743,4,0,nan,nan,nan,nan,1.61294,0.235619,0.14488,1.61193,6.18194,32,27,rc,2.743,1.79069e+09,-3.47402,44,-0.00312723
2.744,4,0,nan,nan,nan,nan,1.61294,0.235619,0.164056,1.61193,6.18194,32,27,rc,2.744,1.79069e+09,-3.51914,44,-0.00311668
2.745,4,0,nan,nan,nan,nan,1.64678,0.260054,0.151272,1.61241,6.18204,32,27,rc,2.745,1.79069e+09,-3.37251,44,-0.00312347
2.746,4,0,nan,nan,nan,nan,1.64678,0.260054,0.16086,1.61241,6.18204,32,27,rc,2.746,1.79069e+09,-3.36123,44,-0.00308362
2.747,4,0,nan,nan,nan,nan,1.42119,0.158825,0.182166,1.61279,6.18204,32,27,rc,2.747,1.79069e+09,-3.37251,44,-0.00305992
2.748,4,0,nan,nan,nan,nan,1.42119,0.158825,0.196015,1.61279,6.18204,32,27,rc,2.748,1.79069e+09,-3.34995,44,-0.00304025
2.749,4,0,nan,nan,nan,nan,1.52271,0.0767945,0.191753,1.61298,6.18204,32,27,rc,2.749,1.79069e+09,-3.45146,44,-0.00299729
2.75,4,0,nan,nan,nan,nan,1.52271,0.0767945,0.207733,1.61298,6.18204,32,27,rc,2.75,1.79069e+09,-3.37251,44,-0.00298927
2.751,4,0,nan,nan,nan,nan,1.27456,0.136136,0.234365,1.61327,6.18204,32,27,rc,2.751,1.79069e+09,-3.34995,44,-0.00298351
2.752,4,0,nan,nan,nan,nan,1.27456,0.136136,0.224778,1.61327,6.18204,32,27,rc,2.752,1.79069e+09,-3.36123,44,-0.00298959
2.753,4,0,nan,nan,nan,nan,1.22944,0.190241,0.231169,1.61365,6.18204,32,27,rc,2.753,1.79069e+09,-3.36123,44,-0.00298206
2.754,4,0,nan,nan,nan,nan,1.22944,0.190241,0.231169,1.61365,6.18204,32,27,rc,2.754,1.79069e+09,-3.4853,44,-0.00296651
2.755,4,0,nan,nan,nan,nan,1.18433,0.228638,0.220516,1.61404,6.18204,32,27,rc,2.755,1.79069e+09,-3.44019,44,-0.00294154
2.756,4,0,nan,nan,nan,nan,1.18433,0.228638,0.217321,1.61404,6.18194,32,27,rc,2.756,1.79069e+09,-3.45146,44,-0.00294167
2.757,4,0,nan,nan,nan,nan,1.20688,0.253073,0.222647,1.61461,6.18194,32,27,rc,2.757,1.79069e+09,-3.46274,44,-0.00294565
2.758,4,0,nan,nan,nan,nan,1.20688,0.253073,0.252475,1.61461,6.18194,32,27,rc,2.758,1.79069e+09,-3.51914,44,-0.00294845
2.759,4,0,nan,nan,nan,nan,1.46631,0.293215,0.263128,1.61509,6.18204,32,27,rc,2.759,1.79069e+09,-3.49658,44,-0.00291838
2.76,4,0,nan,nan,nan,nan,1.46631,0.293215,0.250345,1.61509,6.18204,32,27,rc,2.76,1.79069e+09,-3.49658,44,-0.00291697
2.761,4,0,nan,nan,nan,nan,1.38735,0.354302,0.262063,1.61586,6.18204,32,27,rc,2.761,1.79069e+09,-3.4853,44,-0.00287582
2.762,4,0,nan,nan,nan,nan,1.38735,0.354302,0.266324,1.61586,6.18204,32,27,rc,2.762,1.79069e+09,-3.4853,44,-0.00282814
2.763,4,0,nan,nan,nan,nan,1.59038,0.310669,0.280173,1.61653,6.18204,32,27,rc,2.763,1.79069e+09,-3.44019,44,-0.00282696
2.764,4,0,nan,nan,nan,nan,1.59038,0.310669,0.289761,1.61653,6.18204,32,27,rc,2.764,1.79069e+09,-3.46274,44,-0.0028246
2.765,4,0,nan,nan,nan,nan,1.65806,0.305433,0.299348,1.6171,6.18204,32,27,rc,2.765,1.79069e+09,-3.49658,44,-0.00283376
2.766,4,0,nan,nan,nan,nan,1.65806,0.305433,0.2855,1.6171,6.18204,32,27,rc,2.766,1.79069e+09,-3.49658,44,-0.00282303
2.767,4,0,nan,nan,nan,nan,1.66934,0.287979,0.308936,1.61768,6.18204,32,27,rc,2.767,1.79069e+09,-3.49658,44,-0.00279549
2.768,4,0,nan,nan,nan,nan,1.66934,0.287979,0.334503,1.61768,6.18204,32,27,rc,2.768,1.79069e+09,-3.4853,44,-0.00278967
2.769,4,0,nan,nan,nan,nan,1.86108,0.305433,0.32385,1.61835,6.18194,32,27,rc,2.769,1.79069e+09,-3.49658,44,-0.00275995
2.77,4,0,nan,nan,nan,nan,1.86108,0.305433,0.32385,1.61835,6.18194,32,27,rc,2.77,1.79069e+09,-3.49658,44,-0.00274426
2.771,4,0,nan,nan,nan,nan,1.61294,0.363028,0.32385,1.61902,6.18194,32,27,rc,2.771,1.79069e+09,-3.47402,44,-0.002727
2.772,4,0,nan,nan,nan,nan,1.61294,0.363028,0.343026,1.61902,6.18204,32,27,rc,2.772,1.79069e+09,-3.4853,44,-0.00272395
2.773,4,0,nan,nan,nan,nan,1.8498,0.356047,0.350483,1.61969,6.18204,32,27,rc,2.773,1.79069e+09,-3.49658,44,-0.00271117
2.774,4,0,nan,nan,nan,nan,1.8498,0.356047,0.363266,1.61969,6.18204,32,27,rc,2.774,1.79069e+09,-3.46274,44,-0.00266971
2.775,4,0,nan,nan,nan,nan,1.86108,0.42237,0.361136,1.62046,6.18204,32,27,rc,2.775,1.79069e+09,-3.45146,44,-0.00261888
2.776,4,0,nan,nan,nan,nan,1.86108,0.42237,0.35794,1.62046,6.18204,32,27,rc,2.776,1.79069e+09,-3.44019,44,-0.00258825
2.777,4,0,nan,nan,nan,nan,1.8498,0.404916,0.369658,1.62132,6.18204,32,27,rc,2.777,1.79069e+09,-3.40635,44,-0.0025766
2.778,4,0,nan,nan,nan,nan,1.8498,0.404916,0.387768,1.62132,6.18204,32,27,rc,2.778,1.79069e+09,-3.42891,44,-0.00258653
2.779,4,0,nan,nan,nan,nan,2.01899,0.357792,0.39416,1.62209,6.18204,32,27,rc,2.779,1.79069e+09,-3.4853,44,-0.00256993
2.78,4,0,nan,nan,nan,nan,2.01899,0.357792,0.420792,1.62209,6.18204,32,27,rc,2.78,1.79069e+09,-3.4853,44,-0.002567
2.781,4,0,nan,nan,nan,nan,1.92876,0.375246,0.403748,1.62286,6.18204,32,27,rc,2.781,1.79069e+09,-3.45146,44,-0.00257127
2.782,4,0,nan,nan,nan,nan,1.92876,0.375246,0.398421,1.62286,6.18204,32,27,rc,2.782,1.79069e+09,-3.45146,44,-0.00255455
2.783,4,0,nan,nan,nan,nan,1.74829,0.382227,0.413335,1.62362,6.18204,32,27,rc,2.783,1.79069e+09,-3.45146,44,-0.00253231
2.784,4,0,nan,nan,nan,nan,1.74829,0.382227,0.419727,1.62362,6.18204,32,27,rc,2.784,1.79069e+09,-3.46274,44,-0.00251727
2.785,4,0,nan,nan,nan,nan,2.04155,0.441568,0.435706,1.62449,6.18204,32,27,rc,2.785,1.79069e+09,-3.42891,44,-0.0025235
2.786,4,0,nan,nan,nan,nan,2.04155,0.441568,0.453816,1.62449,6.18204,32,27,rc,2.786,1.79069e+09,-3.4853,44,-0.00252197
2.787,4,0,nan,nan,nan,nan,2.05283,0.542797,0.447425,1.62554,6.18204,32,27,rc,2.787,1.79069e+09,-3.4853,44,-0.00249472
2.788,4,0,nan,nan,nan,nan,2.05283,0.542797,0.451686,1.62554,6.18204,32,27,rc,2.788,1.79069e+09,-3.45146,44,-0.00247385
2.789,4,0,nan,nan,nan,nan,2.07539,0.521853,0.452751,1.6265,6.18204,32,27,rc,2.789,1.79069e+09,-3.42891,44,-0.00245255
2.79,4,0,nan,nan,nan,nan,2.07539,0.521853,0.485775,1.6265,6.18204,32,27,rc,2.79,1.79069e+09,-3.40635,44,-0.00243338
2.791,4,0,nan,nan,nan,nan,2.31226,0.47822,0.481514,1.62746,6.18204,32,27,rc,2.791,1.79069e+09,-3.44019,44,-0.00242479
2.792,4,0,nan,nan,nan,nan,2.31226,0.47822,0.491102,1.62746,6.18204,32,27,rc,2.792,1.79069e+09,-3.45146,44,-0.00240093
2.793,4,0,nan,nan,nan,nan,2.15435,0.500909,0.504951,1.62851,6.18204,32,27,rc,2.793,1.79069e+09,-3.44019,44,-0.00239878
2.794,4,0,nan,nan,nan,nan,2.15435,0.500909,0.508147,1.62851,6.18204,32,27,rc,2.794,1.79069e+09,-3.41763,44,-0.00236583
2.795,4,0,nan,nan,nan,nan,2.1769,0.462512,0.508147,1.62938,6.18204,32,27,rc,2.795,1.79069e+09,-3.42891,44,-0.00231685
2.796,4,0,nan,nan,nan,nan,2.1769,0.462512,0.524126,1.62938,6.18204,32,27,rc,2.796,1.79069e+09,-3.40635,44,-0.00230473
2.797,4,0,nan,nan,nan,nan,2.13179,0.471239,0.524126,1.63033,6.18204,32,27,rc,2.797,1.79069e+09,-3.39507,44,-0.00228863
2.798,4,0,nan,nan,nan,nan,2.13179,0.471239,0.544367,1.63033,6.18204,32,27,rc,2.798,1.79069e+09,-3.40635,44,-0.00228126
2.799,4,0,nan,nan,nan,nan,2.12051,0.549779,0.53904,1.63139,6.18204,32,27,rc,2.799,1.79069e+09,-3.42891,44,-0.00230218
2.8,4,0,nan,nan,nan,nan,2.12051,0.549779,0.543301,1.63139,6.18204,32,27,rc,2.8,1.79069e+09,-3.44019,44,-0.00231178
2.801,4,0,nan,nan,nan,nan,2.13179,0.593412,0.531583,1.63263,6.18204,32,27,rc,2.801,1.79069e+09,-3.41763,44,-0.00230427
2.802,4,0,nan,nan,nan,nan,2.13179,0.593412,0.577391,1.63263,6.18204,32,27,rc,2.802,1.79069e+09,-3.42891,44,-0.00228891
2.803,4,0,nan,nan,nan,nan,2.31226,0.596903,0.582717,1.63379,6.18204,32,27,rc,2.803,1.79069e+09,-3.40635,44,-0.00227058
2.804,4,0,nan,nan,nan,nan,2.31226,0.596903,0.589109,1.63379,6.18204,32,27,rc,2.804,1.79069e+09,-3.40635,44,-0.00225521
2.805,4,0,nan,nan,nan,nan,2.21074,0.621337,0.601893,1.63503,6.18204,32,27,rc,2.805,1.79069e+09,-3.42891,44,-0.00221335
2.806,4,0,nan,nan,nan,nan,2.21074,0.621337,0.612546,1.63503,6.18204,32,27,rc,2.806,1.79069e+09,-3.41763,44,-0.00219861
2.807,4,0,nan,nan,nan,nan,2.18818,0.58294,0.600827,1.63618,6.18204,32,27,rc,2.807,1.79069e+09,-3.41763,44,-0.00216238
2.808,4,0,nan,nan,nan,nan,2.18818,0.58294,0.610415,1.63618,6.18204,32,27,rc,2.808,1.79069e+09,-3.39507,44,-0.00211658
2.809,4,0,nan,nan,nan,nan,2.05283,0.535816,0.617872,1.63733,6.18204,32,27,rc,2.809,1.79069e+09,-3.37251,44,-0.00210006
2.81,4,0,nan,nan,nan,nan,2.05283,0.535816,0.622133,1.63733,6.18204,32,27,rc,2.81,1.79069e+09,-3.36123,44,-0.00207168
2.811,4,0,nan,nan,nan,nan,2.14307,0.602139,0.624264,1.63848,6.18204,32,27,rc,2.811,1.79069e+09,-3.34995,44,-0.00207919
2.812,4,0,nan,nan,nan,nan,2.14307,0.602139,0.659419,1.63848,6.18204,32,27,rc,2.812,1.79069e+09,-3.37251,44,-0.00209337
2.813,4,0,nan,nan,nan,nan,2.16563,0.74351,0.670072,1.63992,6.18204,32,27,rc,2.813,1.79069e+09,-3.41763,44,-0.00208457
2.814,4,0,nan,nan,nan,nan,2.16563,0.74351,0.651962,1.63992,6.18204,32,27,rc,2.814,1.79069e+09,-3.41763,44,-0.00208852
2.815,4,0,nan,nan,nan,nan,2.07539,0.757473,0.678594,1.64146,6.18204,32,27,rc,2.815,1.79069e+09,-3.39507,44,-0.00207975
2.816,4,0,nan,nan,nan,nan,2.07539,0.757473,0.661549,1.64146,6.18204,32,27,rc,2.816,1.79069e+09,-3.39507,44,-0.00207315
2.817,4,0,nan,nan,nan,nan,2.30098,0.68766,0.677529,1.64289,6.18204,32,27,rc,2.817,1.79069e+09,-3.39507,44,-0.00206414
2.818,4,0,nan,nan,nan,nan,2.30098,0.68766,0.692443,1.64289,6.18204,32,27,rc,2.818,1.79069e+09,-3.34995,44,-0.00204327
2.819,4,0,nan,nan,nan,nan,2.2897,0.682424,0.694574,1.64424,6.18204,32,27,rc,2.819,1.79069e+09,-3.38379,44,-0.0020241
2.82,4,0,nan,nan,nan,nan,2.2897,0.682424,0.721206,1.64424,6.18204,32,27,rc,2.82,1.79069e+09,-3.38379,44,-0.00197844
2.821,4,0,nan,nan,nan,nan,2.12051,0.651008,0.722271,1.64558,6.18204,32,27,rc,2.821,1.79069e+09,-3.40635,44,-0.00195495
2.822,4,0,nan,nan,nan,nan,2.12051,0.651008,0.709488,1.64558,6.18204,32,27,rc,2.822,1.79069e+09,-3.33867,44,-0.00191619
2.823,4,0,nan,nan,nan,nan,1.97388,0.645772,0.727598,1.64682,6.18213,32,27,rc,2.823,1.79069e+09,-3.37251,44,-0.00187983
2.824,4,0,nan,nan,nan,nan,1.97388,0.645772,0.743577,1.64682,6.18213,32,27,rc,2.824,1.79069e+09,-3.33867,44,-0.00188042
2.825,4,0,nan,nan,nan,nan,2.12051,0.726057,0.745708,1.64826,6.18213,32,27,rc,2.825,1.79069e+09,-3.36123,44,-0.00188706
2.826,4,0,nan,nan,nan,nan,2.12051,0.726057,0.765949,1.64826,6.18213,32,27,rc,2.826,1.79069e+09,-3.38379,44,-0.00190754
2.827,4,0,nan,nan,nan,nan,2.01899,0.816814,0.748904,1.64989,6.18213,32,27,rc,2.827,1.79069e+09,-3.40635,44,-0.00190967
2.828,4,0,nan,nan,nan,nan,2.01899,0.816814,0.7521,1.64989,6.18213,32,27,rc,2.828,1.79069e+09,-3.40635,44,-0.00189862
2.829,4,0,nan,nan,nan,nan,1.88364,0.781908,0.767014,1.65152,6.18213,32,27,rc,2.829,1.79069e+09,-3.32739,44,-0.00190073
2.83,4,0,nan,nan,nan,nan,1.88364,0.781908,0.795777,1.65152,6.18213,32,27,rc,2.83,1.79069e+09,-3.32739,44,-0.00188893
2.831,4,0,nan,nan,nan,nan,2.05283,0.703368,0.793646,1.65286,6.18213,32,27,rc,2.831,1.79069e+09,-3.33867,44,-0.00185807
2.832,4,0,nan,nan,nan,nan,2.05283,0.703368,0.78832,1.65286,6.18213,32,27,rc,2.832,1.79069e+09,-3.33867,44,-0.0018482
2.833,4,0,nan,nan,nan,nan,1.79341,0.781908,0.804299,1.6544,6.18213,32,27,rc,2.833,1.79069e+09,-3.38379,44,-0.00184522
2.834,4,0,nan,nan,nan,nan,1.79341,0.781908,0.80856,1.6544,6.18213,32,27,rc,2.834,1.79069e+09,-3.36123,44,-0.00183718
2.835,4,0,nan,nan,nan,nan,1.94004,0.825541,0.802169,1.65603,6.18213,32,27,rc,2.835,1.79069e+09,-3.37251,44,-0.00180338
2.836,4,0,nan,nan,nan,nan,1.94004,0.825541,0.805364,1.65603,6.18213,32,27,rc,2.836,1.79069e+09,-3.31611,44,-0.00179724
2.837,4,0,nan,nan,nan,nan,1.97388,0.902335,0.82667,1.65785,6.18213,32,27,rc,2.837,1.79069e+09,-3.33867,44,-0.00180161
2.838,4,0,nan,nan,nan,nan,1.97388,0.902335,0.810691,1.65785,6.18213,32,27,rc,2.838,1.79069e+09,-3.36123,44,-0.00180218
2.839,4,0,nan,nan,nan,nan,2.06411,0.842994,0.82454,1.65958,6.18213,32,27,rc,2.839,1.79069e+09,-3.32739,44,-0.00180001
2.84,4,0,nan,nan,nan,nan,2.06411,0.842994,0.847976,1.65958,6.18213,32,27,rc,2.84,1.79069e+09,-3.37251,44,-0.00180396
2.841,4,0,nan,nan,nan,nan,2.09795,0.788889,0.86076,1.66111,6.18213,32,27,rc,2.841,1.79069e+09,-3.34995,44,-0.00178148
2.842,4,0,nan,nan,nan,nan,2.09795,0.788889,0.863956,1.66111,6.18213,32,27,rc,2.842,1.79069e+09,-3.33867,44,-0.00177558
2.843,4,0,nan,nan,nan,nan,1.91748,0.820305,0.86076,1.66274,6.18213,32,27,rc,2.843,1.79069e+09,-3.32739,44,-0.0017514
2.844,4,0,nan,nan,nan,nan,1.91748,0.820305,0.845846,1.66274,6.18213,32,27,rc,2.844,1.79069e+09,-3.36123,44,-0.00171726
2.845,4,0,nan,nan,nan,nan,1.89492,0.841249,0.865021,1.66447,6.18213,32,27,rc,2.845,1.79069e+09,-3.31611,44,-0.00171173
2.846,4,0,nan,nan,nan,nan,1.89492,0.841249,0.899111,1.66447,6.18213,32,27,rc,2.846,1.79069e+09,-3.32739,44,-0.00169856
2.847,4,0,nan,nan,nan,nan,2.07539,0.92677,0.873543,1.66629,6.18213,32,27,rc,2.847,1.79069e+09,-3.36123,44,-0.00169824
2.848,4,0,nan,nan,nan,nan,2.07539,0.92677,0.879935,1.66629,6.18213,32,27,rc,2.848,1.79069e+09,-3.33867,44,-0.00170428
2.849,4,0,nan,nan,nan,nan,1.74829,0.928515,0.879935,1.6682,6.18213,32,27,rc,2.849,1.79069e+09,-3.33867,44,-0.00167931
2.85,4,0,nan,nan,nan,nan,1.74829,0.928515,0.889523,1.6682,6.18223,32,27,rc,2.85,1.79069e+09,-3.33867,44,-0.0016527
2.851,4,0,nan,nan,nan,nan,1.99644,0.799361,0.907633,1.66983,6.18223,32,27,rc,2.851,1.79069e+09,-3.29355,44,-0.00162728
2.852,4,0,nan,nan,nan,nan,1.99644,0.799361,0.914025,1.66983,6.18223,32,27,rc,2.852,1.79069e+09,-3.29355,44,-0.00163728
2.853,4,0,nan,nan,nan,nan,2.01899,0.872665,0.916155,1.67156,6.18223,32,27,rc,2.853,1.79069e+09,-3.32739,44,-0.0016451
2.854,4,0,nan,nan,nan,nan,2.01899,0.872665,0.932135,1.67156,6.18223,32,27,rc,2.854,1.79069e+09,-3.33867,44,-0.00165264
2.855,4,0,nan,nan,nan,nan,1.88364,0.973894,0.950245,1.67348,6.18223,32,27,rc,2.855,1.79069e+09,-3.33867,44,-0.00163881
2.856,4,0,nan,nan,nan,nan,1.88364,0.973894,0.94918,1.67348,6.18223,32,27,rc,2.856,1.79069e+09,-3.32739,44,-0.00161965
2.857,4,0,nan,nan,nan,nan,1.78213,0.914553,0.947049,1.67539,6.18223,32,27,rc,2.857,1.79069e+09,-3.28228,44,-0.00161401
2.858,4,0,nan,nan,nan,nan,1.78213,0.914553,0.91509,1.67539,6.18223,32,27,rc,2.858,1.79069e+09,-3.32739,44,-0.00162507
2.859,4,0,nan,nan,nan,nan,1.71445,0.837758,0.934265,1.67712,6.18223,32,27,rc,2.859,1.79069e+09,-3.36123,44,-0.00161957
2.86,4,0,nan,nan,nan,nan,1.71445,0.837758,0.96942,1.67712,6.18223,32,27,rc,2.86,1.79069e+09,-3.33867,44,-0.0016359
2.861,4,0,nan,nan,nan,nan,2.05283,0.911062,0.959833,1.67894,6.18223,32,27,rc,2.861,1.79069e+09,-3.29355,44,-0.00163803
2.862,4,0,nan,nan,nan,nan,2.05283,0.911062,0.943853,1.67894,6.18223,32,27,rc,2.862,1.79069e+09,-3.29355,44,-0.00162473
2.863,4,0,nan,nan,nan,nan,1.56782,1.08385,0.937461,1.68105,6.18223,32,27,rc,2.863,1.79069e+09,-3.30483,44,-0.0016101
2.864,4,0,nan,nan,nan,nan,1.56782,1.08385,0.963028,1.68105,6.18223,32,27,rc,2.864,1.79069e+09,-3.28228,44,-0.00162202
2.865,4,0,nan,nan,nan,nan,1.9062,1.02625,0.954506,1.68306,6.18223,32,27,rc,2.865,1.79069e+09,-3.271,44,-0.00162359
2.866,4,0,nan,nan,nan,nan,1.9062,1.02625,0.955571,1.68306,6.18223,32,27,rc,2.866,1.79069e+09,-3.31611,44,-0.00162501
2.867,4,0,nan,nan,nan,nan,1.89492,0.972148,0.986465,1.68508,6.18223,32,27,rc,2.867,1.79069e+09,-3.30483,44,-0.00164796
2.868,4,0,nan,nan,nan,nan,1.89492,0.972148,0.991791,1.68508,6.18223,32,27,rc,2.868,1.79069e+09,-3.30483,44,-0.00163709
2.869,4,0,nan,nan,nan,nan,2.12051,0.949459,0.96729,1.687,6.18223,32,27,rc,2.869,1.79069e+09,-3.33867,44,-0.00160892
2.87,4,0,nan,nan,nan,nan,2.12051,0.949459,0.976877,1.687,6.18223,32,27,rc,2.87,1.79069e+09,-3.30483,44,-0.00159838
2.871,4,0,nan,nan,nan,nan,1.81597,1.01229,1.00351,1.68901,6.18223,32,27,rc,2.871,1.79069e+09,-3.29355,44,-0.00159176
2.872,4,0,nan,nan,nan,nan,1.81597,1.01229,1.02162,1.68901,6.18223,32,27,rc,2.872,1.79069e+09,-3.32739,44,-0.00160606
2.873,4,0,nan,nan,nan,nan,1.99644,0.977384,1.0131,1.69093,6.18223,32,27,rc,2.873,1.79069e+09,-3.33867,44,-0.00157553
2.874,4,0,nan,nan,nan,nan,1.99644,0.977384,1.00564,1.69093,6.18223,32,27,rc,2.874,1.79069e+09,-3.30483,44,-0.00157461
2.875,4,0,nan,nan,nan,nan,1.75957,1.06465,1.00777,1.69304,6.18223,32,27,rc,2.875,1.79069e+09,-3.29355,44,-0.00158311
2.876,4,0,nan,nan,nan,nan,1.75957,1.06465,0.990726,1.69304,6.18223,32,27,rc,2.876,1.79069e+09,-3.31611,44,-0.00158128
2.877,4,0,nan,nan,nan,nan,1.92876,1.00705,1.00564,1.69495,6.18223,32,27,rc,2.877,1.79069e+09,-3.30483,44,-0.00156465
2.878,4,0,nan,nan,nan,nan,1.92876,1.00705,1.03227,1.69495,6.18223,32,27,rc,2.878,1.79069e+09,-3.271,44,-0.00155135
2.879,4,0,nan,nan,nan,nan,2.04155,1.08036,1.03973,1.69706,6.18223,32,27,rc,2.879,1.79069e+09,-3.271,44,-0.00154621
2.88,4,0,nan,nan,nan,nan,2.04155,1.08036,1.04293,1.69706,6.18223,32,27,rc,2.88,1.79069e+09,-3.29355,44,-0.00155073
2.881,4,0,nan,nan,nan,nan,1.81597,1.04022,1.03653,1.69917,6.18223,32,27,rc,2.881,1.79069e+09,-3.30483,44,-0.0015464
2.882,4,0,nan,nan,nan,nan,1.81597,1.04022,1.03866,1.69917,6.18223,32,27,rc,2.882,1.79069e+09,-3.33867,44,-0.00153289
2.883,4,0,nan,nan,nan,nan,1.86108,0.97913,1.05997,1.70118,6.18223,32,27,rc,2.883,1.79069e+09,-3.28228,44,-0.00152653
2.884,4,0,nan,nan,nan,nan,1.86108,0.97913,1.05464,1.70118,6.18223,32,27,rc,2.884,1.79069e+09,-3.28228,44,-0.0014839
2.885,4,0,nan,nan,nan,nan,1.94004,1.02102,1.03973,1.70329,6.18223,32,27,rc,2.885,1.79069e+09,-3.29355,44,-0.00144971
2.886,4,0,nan,nan,nan,nan,1.94004,1.02102,1.06849,1.70329,6.18223,32,27,rc,2.886,1.79069e+09,-3.23716,44,-0.00144897
2.887,4,0,nan,nan,nan,nan,1.79341,1.06814,1.08554,1.70531,6.18233,32,27,rc,2.887,1.79069e+09,-3.28228,44,-0.00148661
2.888,4,0,nan,nan,nan,nan,1.79341,1.06814,1.10258,1.70531,6.18233,32,27,rc,2.888,1.79069e+09,-3.28228,44,-0.0015129
2.889,4,0,nan,nan,nan,nan,1.74829,1.05592,1.07808,1.70742,6.18233,32,27,rc,2.889,1.79069e+09,-3.31611,44,-0.00151174
2.89,4,0,nan,nan,nan,nan,1.74829,1.05592,1.08341,1.70742,6.18233,32,27,rc,2.89,1.79069e+09,-3.29355,44,-0.00151268
2.891,4,0,nan,nan,nan,nan,1.61294,1.0664,1.07808,1.70953,6.18233,32,27,rc,2.891,1.79069e+09,-3.28228,44,-0.00151525
2.892,4,0,nan,nan,nan,nan,1.61294,1.0664,1.09513,1.70953,6.18233,32,27,rc,2.892,1.79069e+09,-3.28228,44,-0.00150591
2.893,4,0,nan,nan,nan,nan,1.73701,1.09607,1.10684,1.71173,6.18233,32,27,rc,2.893,1.79069e+09,-3.271,44,-0.00152342
2.894,4,0,nan,nan,nan,nan,1.73701,1.09607,1.0866,1.71173,6.18233,32,27,rc,2.894,1.79069e+09,-3.29355,44,-0.00151331
2.895,4,0,nan,nan,nan,nan,1.72573,1.08559,1.1111,1.71394,6.18233,32,27,rc,2.895,1.79069e+09,-3.29355,44,-0.00150707
2.896,4,0,nan,nan,nan,nan,1.72573,1.08559,1.11643,1.71394,6.18233,32,27,rc,2.896,1.79069e+09,-3.29355,44,-0.00150349
2.897,4,0,nan,nan,nan,nan,1.88364,1.09258,1.11643,1.71614,6.18233,32,27,rc,2.897,1.79069e+09,-3.29355,44,-0.0014839
2.898,4,0,nan,nan,nan,nan,1.88364,1.09258,1.10365,1.71614,6.18233,32,27,rc,2.898,1.79069e+09,-3.29355,44,-0.00146279
2.899,4,0,nan,nan,nan,nan,1.71445,1.1781,1.11217,1.71844,6.18233,32,27,rc,2.899,1.79069e+09,-3.24844,44,-0.00146188
2.9,4,0,nan,nan,nan,nan,1.71445,1.1781,1.10684,1.71844,6.18233,32,27,rc,2.9,1.79069e+09,-3.25972,44,-0.00148385
2.901,4,0,nan,nan,nan,nan,1.72573,1.16588,1.13774,1.72093,6.18233,32,27,rc,2.901,1.79069e+09,-3.28228,44,-0.00151125
2.902,4,0,nan,nan,nan,nan,1.72573,1.16588,1.14093,1.72093,6.18233,32,27,rc,2.902,1.79069e+09,-3.30483,44,-0.00151797
2.903,4,0,nan,nan,nan,nan,1.83853,1.13446,1.13667,1.72324,6.18233,32,27,rc,2.903,1.79069e+09,-3.29355,44,-0.00150995
2.904,4,0,nan,nan,nan,nan,1.83853,1.13446,1.13987,1.72324,6.18233,32,27,rc,2.904,1.79069e+09,-3.271,44,-0.00150714
2.905,4,0,nan,nan,nan,nan,1.81597,1.10828,1.13667,1.72525,6.18233,32,27,rc,2.905,1.79069e+09,-3.25972,44,-0.0014993
2.906,4,0,nan,nan,nan,nan,1.81597,1.10828,1.15372,1.72525,6.18233,32,27,rc,2.906,1.79069e+09,-3.29355,44,-0.00150919
2.907,4,0,nan,nan,nan,nan,1.72573,1.09432,1.1665,1.72745,6.18233,32,27,rc,2.907,1.79069e+09,-3.271,44,-0.0015204
2.908,4,0,nan,nan,nan,nan,1.72573,1.09432,1.13987,1.72745,6.18233,32,27,rc,2.908,1.79069e+09,-3.18076,44,-0.00152677
2.909,4,0,nan,nan,nan,nan,1.5791,1.09956,1.14732,1.72985,6.18233,32,27,rc,2.909,1.79069e+09,-3.29355,44,-0.00151799
2.91,4,0,nan,nan,nan,nan,1.5791,1.09956,1.1665,1.72985,6.18233,32,27,rc,2.91,1.79069e+09,-3.29355,44,-0.00151996
2.911,4,0,nan,nan,nan,nan,1.8498,1.17286,1.18461,1.73215,6.18233,32,27,rc,2.911,1.79069e+09,-3.30483,44,-0.00152273
2.912,4,0,nan,nan,nan,nan,1.8498,1.17286,1.18141,1.73215,6.18233,32,27,rc,2.912,1.79069e+09,-3.25972,44,-0.00151433
2.913,4,0,nan,nan,nan,nan,1.62422,1.30376,1.15052,1.73474,6.18233,32,27,rc,2.913,1.79069e+09,-3.271,44,-0.00152048
2.914,4,0,nan,nan,nan,nan,1.62422,1.30376,1.17076,1.73474,6.18233,32,27,rc,2.914,1.79069e+09,-3.271,44,-0.00154805
2.915,4,0,nan,nan,nan,nan,1.56782,1.25664,1.19313,1.73704,6.18233,32,27,rc,2.915,1.79069e+09,-3.25972,44,-0.00158357
2.916,4,0,nan,nan,nan,nan,1.56782,1.25664,1.17502,1.73704,6.18242,32,27,rc,2.916,1.79069e+09,-3.30483,44,-0.0015989
2.917,4,0,nan,nan,nan,nan,1.82725,1.19381,1.17396,1.73963,6.18242,32,27,rc,2.917,1.79069e+09,-3.29355,44,-0.00158323
2.918,4,0,nan,nan,nan,nan,1.82725,1.19381,1.17502,1.73963,6.18242,32,27,rc,2.918,1.79069e+09,-3.28228,44,-0.00155505
2.919,4,0,nan,nan,nan,nan,1.86108,1.22348,1.20059,1.74203,6.18242,32,27,rc,2.919,1.79069e+09,-3.13564,44,-0.00153313
2.92,4,0,nan,nan,nan,nan,1.86108,1.22348,1.22403,1.74203,6.18242,32,27,rc,2.92,1.79069e+09,-3.12437,44,-0.00155079
2.921,4,0,nan,nan,nan,nan,1.94004,1.24442,1.22296,1.74452,6.18242,32,27,rc,2.921,1.79069e+09,-3.28228,44,-0.00156418
2.922,4,0,nan,nan,nan,nan,1.94004,1.24442,1.21337,1.74452,6.18242,32,27,rc,2.922,1.79069e+09,-3.29355,44,-0.00155027
2.923,4,0,nan,nan,nan,nan,1.6355,1.24093,1.21231,1.74692,6.18242,32,27,rc,2.923,1.79069e+09,-3.271,44,-0.00155012
2.924,4,0,nan,nan,nan,nan,1.6355,1.24093,1.23574,1.74692,6.18242,32,27,rc,2.924,1.79069e+09,-3.23716,44,-0.0015413
2.925,4,0,nan,nan,nan,nan,1.73701,1.15366,1.23574,1.74941,6.18242,32,27,rc,2.925,1.79069e+09,-3.24844,44,-0.00151913
2.926,4,0,nan,nan,nan,nan,1.73701,1.15366,1.22403,1.74941,6.18242,32,27,rc,2.926,1.79069e+09,-3.12437,44,-0.00150615
2.927,4,0,nan,nan,nan,nan,1.55654,1.12923,1.23788,1.75161,6.18242,32,27,rc,2.927,1.79069e+09,-3.25972,44,-0.00149096
2.928,4,0,nan,nan,nan,nan,1.55654,1.12923,1.25705,1.75161,6.18242,32,27,rc,2.928,1.79069e+09,-3.23716,44,-0.00149533
2.929,4,0,nan,nan,nan,nan,1.68062,1.17461,1.24959,1.75392,6.18252,32,27,rc,2.929,1.79069e+09,-3.12437,44,-0.00149807
2.93,4,0,nan,nan,nan,nan,1.68062,1.17461,1.26344,1.75392,6.18252,32,27,rc,2.93,1.79069e+09,-3.271,44,-0.00151565
2.931,4,0,nan,nan,nan,nan,1.42119,1.27933,1.25492,1.7565,6.18252,32,27,rc,2.931,1.79069e+09,-3.24844,44,-0.00152482
2.932,4,0,nan,nan,nan,nan,1.42119,1.27933,1.24746,1.7565,6.18252,32,27,rc,2.932,1.79069e+09,-3.271,44,-0.00152533
2.933,4,0,nan,nan,nan,nan,1.39863,1.21824,1.24427,1.759,6.18252,32,27,rc,2.933,1.79069e+09,-3.25972,44,-0.00151882
2.934,4,0,nan,nan,nan,nan,1.39863,1.21824,1.24107,1.759,6.18252,32,27,rc,2.934,1.79069e+09,-3.10181,44,-0.00153137
2.935,4,0,nan,nan,nan,nan,1.61294,1.22697,1.25918,1.7613,6.18252,32,27,rc,2.935,1.79069e+09,-3.24844,44,-0.00155778
2.936,4,0,nan,nan,nan,nan,1.61294,1.22697,1.26451,1.7613,6.18252,32,27,rc,2.936,1.79069e+09,-3.12437,44,-0.00158274
2.937,4,0,nan,nan,nan,nan,1.69189,1.38405,1.28262,1.76398,6.18252,32,27,rc,2.937,1.79069e+09,-3.271,44,-0.00159494
2.938,4,0,nan,nan,nan,nan,1.69189,1.38405,1.2677,1.76398,6.18252,32,27,rc,2.938,1.79069e+09,-3.29355,44,-0.0015679
2.939,4,0,nan,nan,nan,nan,1.64678,1.35961,1.26664,1.76676,6.18252,32,27,rc,2.939,1.79069e+09,-3.12437,44,-0.0015649
2.94,4,0,nan,nan,nan,nan,1.64678,1.35961,1.2741,1.76676,6.18252,32,27,rc,2.94,1.79069e+09,-3.07925,44,-0.00158221
2.941,4,0,nan,nan,nan,nan,1.66934,1.21649,1.2677,1.76935,6.18252,32,27,rc,2.941,1.79069e+09,-3.25972,44,-0.00159893
2.942,4,0,nan,nan,nan,nan,1.66934,1.21649,1.28688,1.76935,6.18252,32,27,rc,2.942,1.79069e+09,-3.28228,44,-0.00160864
2.943,4,0,nan,nan,nan,nan,1.65806,1.29852,1.30605,1.77175,6.18252,32,27,rc,2.943,1.79069e+09,-3.28228,44,-0.00161907
2.944,4,0,nan,nan,nan,nan,1.65806,1.29852,1.29327,1.77175,6.18252,32,27,rc,2.944,1.79069e+09,-3.28228,44,-0.0016086
2.945,4,0,nan,nan,nan,nan,1.59038,1.29329,1.28262,1.77434,6.18252,32,27,rc,2.945,1.79069e+09,-3.271,44,-0.00159191
2.946,4,0,nan,nan,nan,nan,1.59038,1.29329,1.28262,1.77434,6.18252,32,27,rc,2.946,1.79069e+09,-3.23716,44,-0.00159714
2.947,4,0,nan,nan,nan,nan,1.66934,1.26362,1.3199,1.77702,6.18252,32,27,rc,2.947,1.79069e+09,-3.24844,44,-0.00161743
2.948,4,0,nan,nan,nan,nan,1.66934,1.26362,1.3231,1.77702,6.18252,32,27,rc,2.948,1.79069e+09,-3.12437,44,-0.00162913
2.949,4,0,nan,nan,nan,nan,1.70317,1.31423,1.31245,1.77971,6.18252,32,27,rc,2.949,1.79069e+09,-3.14692,44,-0.00164056
2.95,4,0,nan,nan,nan,nan,1.70317,1.31423,1.32097,1.77971,6.18252,32,27,rc,2.95,1.79069e+09,-3.13564,44,-0.00165528
2.951,4,0,nan,nan,nan,nan,1.40991,1.32121,1.31138,1.78239,6.18252,32,27,rc,2.951,1.79069e+09,-3.13564,44,-0.0016546
2.952,4,0,nan,nan,nan,nan,1.40991,1.32121,1.29114,1.78239,6.18252,32,27,rc,2.952,1.79069e+09,-3.12437,44,-0.00165736
2.953,4,0,nan,nan,nan,nan,1.6355,1.27235,1.31245,1.78488,6.18252,32,27,rc,2.953,1.79069e+09,-3.10181,44,-0.00166141
2.954,4,0,nan,nan,nan,nan,1.6355,1.27235,1.32097,1.78488,6.18252,32,27,rc,2.954,1.79069e+09,-3.11309,44,-0.00167153
2.955,4,0,nan,nan,nan,nan,1.81597,1.39277,1.33162,1.78776,6.18252,32,27,rc,2.955,1.79069e+09,-3.11309,44,-0.0016732
2.956,4,0,nan,nan,nan,nan,1.81597,1.39277,1.33695,1.78776,6.18252,32,27,rc,2.956,1.79069e+09,-3.11309,44,-0.00168779
2.957,4,0,nan,nan,nan,nan,1.62422,1.47829,1.33695,1.79054,6.18252,32,27,rc,2.957,1.79069e+09,-3.12437,44,-0.0017101
2.958,4,0,nan,nan,nan,nan,1.62422,1.47829,1.31671,1.79054,6.18261,32,27,rc,2.958,1.79069e+09,-3.13564,44,-0.00172869
2.959,4,0,nan,nan,nan,nan,1.6355,1.3631,1.33162,1.79332,6.18261,32,27,rc,2.959,1.79069e+09,-3.14692,44,-0.00171675
2.96,4,0,nan,nan,nan,nan,1.6355,1.3631,1.33908,1.79332,6.18261,32,27,rc,2.96,1.79069e+09,-3.10181,44,-0.00169435
2.961,4,0,nan,nan,nan,nan,1.79341,1.3282,1.36038,1.796,6.18261,32,27,rc,2.961,1.79069e+09,-3.07925,44,-0.00169404
2.962,4,0,nan,nan,nan,nan,1.79341,1.3282,1.33269,1.796,6.18261,32,27,rc,2.962,1.79069e+09,-3.10181,44,-0.00169429
2.963,4,0,nan,nan,nan,nan,1.72573,1.39975,1.35612,1.79878,6.18261,32,27,rc,2.963,1.79069e+09,-3.11309,44,-0.00170677
2.964,4,0,nan,nan,nan,nan,1.72573,1.39975,1.38489,1.79878,6.18261,32,27,rc,2.964,1.79069e+09,-3.10181,44,-0.00170877
2.965,4,0,nan,nan,nan,nan,1.78213,1.4399,1.36358,1.80166,6.18261,32,27,rc,2.965,1.79069e+09,-3.13564,44,-0.00170401
2.966,4,0,nan,nan,nan,nan,1.78213,1.4399,1.36891,1.80166,6.18261,32,27,rc,2.966,1.79069e+09,-3.09053,44,-0.00168742
2.967,4,0,nan,nan,nan,nan,1.40991,1.31947,1.37956,1.80434,6.18261,32,27,rc,2.967,1.79069e+09,-3.09053,44,-0.00167922
2.968,4,0,nan,nan,nan,nan,1.40991,1.31947,1.38702,1.80434,6.18261,32,27,rc,2.968,1.79069e+09,-3.09053,44,-0.00168394
2.969,4,0,nan,nan,nan,nan,1.56782,1.20602,1.41045,1.80674,6.18261,32,27,rc,2.969,1.79069e+09,-3.23716,44,-0.00170741
2.97,4,0,nan,nan,nan,nan,1.56782,1.20602,1.38489,1.80674,6.18271,32,27,rc,2.97,1.79069e+09,-3.09053,44,-0.00171088
2.971,4,0,nan,nan,nan,nan,1.27456,1.36136,1.38489,1.80943,6.18271,32,27,rc,2.971,1.79069e+09,-3.12437,44,-0.00171649
2.972,4,0,nan,nan,nan,nan,1.27456,1.36136,1.38915,1.80943,6.18271,32,27,rc,2.972,1.79069e+09,-3.20332,44,-0.00172536
2.973,4,0,nan,nan,nan,nan,1.27456,1.39801,1.40726,1.81221,6.18271,32,27,rc,2.973,1.79069e+09,-3.10181,44,-0.00172694
2.974,4,0,nan,nan,nan,nan,1.27456,1.39801,1.40087,1.81221,6.18271,32,27,rc,2.974,1.79069e+09,-3.2146,44,-0.00175804
2.975,4,0,nan,nan,nan,nan,1.37607,1.47829,1.39234,1.81518,6.18271,32,27,rc,2.975,1.79069e+09,-3.06797,44,-0.00178188
2.976,4,0,nan,nan,nan,nan,1.37607,1.47829,1.41578,1.81518,6.18271,32,27,rc,2.976,1.79069e+09,-3.11309,44,-0.00181912
2.977,4,0,nan,nan,nan,nan,1.29712,1.46957,1.40619,1.81815,6.18271,32,27,rc,2.977,1.79069e+09,-3.09053,44,-0.00185002
2.978,4,0,nan,nan,nan,nan,1.29712,1.46957,1.3966,1.81815,6.18271,32,27,rc,2.978,1.79069e+09,-3.11309,44,-0.0018357
2.979,4,0,nan,nan,nan,nan,1.34224,1.3823,1.39873,1.82093,6.18271,32,27,rc,2.979,1.79069e+09,-3.12437,44,-0.00182541
2.98,4,0,nan,nan,nan,nan,1.34224,1.3823,1.42111,1.82093,6.18271,32,27,rc,2.98,1.79069e+09,-3.06797,44,-0.00182945
2.981,4,0,nan,nan,nan,nan,1.46631,1.40499,1.43495,1.82371,6.18271,32,27,rc,2.981,1.79069e+09,-3.09053,44,-0.00182537
2.982,4,0,nan,nan,nan,nan,1.46631,1.40499,1.41898,1.82371,6.18271,32,27,rc,2.982,1.79069e+09,-3.11309,44,-0.00184688
2.983,4,0,nan,nan,nan,nan,1.34224,1.50098,1.42537,1.82668,6.18271,32,27,rc,2.983,1.79069e+09,-3.11309,44,-0.00185692
2.984,4,0,nan,nan,nan,nan,1.34224,1.50098,1.43389,1.82668,6.18271,32,27,rc,2.984,1.79069e+09,-3.11309,44,-0.00186638
2.985,4,0,nan,nan,nan,nan,1.52271,1.4207,1.42856,1.82956,6.18281,32,27,rc,2.985,1.79069e+09,-3.12437,44,-0.00188463
2.986,4,0,nan,nan,nan,nan,1.52271,1.4207,1.42004,1.82956,6.18281,32,27,rc,2.986,1.79069e+09,-3.11309,44,-0.00188351
2.987,4,0,nan,nan,nan,nan,1.36479,1.37357,1.41365,1.83234,6.18281,32,27,rc,2.987,1.79069e+09,-3.10181,44,-0.00187983
2.988,4,0,nan,nan,nan,nan,1.36479,1.37357,1.44348,1.83234,6.18281,32,27,rc,2.988,1.79069e+09,-3.09053,44,-0.00189959
2.989,4,0,nan,nan,nan,nan,1.51143,1.3823,1.43389,1.83512,6.18281,32,27,rc,2.989,1.79069e+09,-3.10181,44,-0.00192701
2.99,4,0,nan,nan,nan,nan,1.51143,1.3823,1.44454,1.83512,6.18281,32,27,rc,2.99,1.79069e+09,-3.11309,44,-0.00195794
2.991,4,0,nan,nan,nan,nan,1.39863,1.45037,1.452,1.838,6.18281,32,27,rc,2.991,1.79069e+09,-3.13564,44,-0.00198047
2.992,4,0,nan,nan,nan,nan,1.39863,1.45037,1.44241,1.838,6.18281,32,27,rc,2.992,1.79069e+09,-3.24844,44,-0.00198101
2.993,4,0,nan,nan,nan,nan,1.252,1.46957,1.43602,1.84097,6.18281,32,27,rc,2.993,1.79069e+09,-3.25972,44,-0.00199073
2.994,4,0,nan,nan,nan,nan,1.252,1.46957,1.42111,1.84097,6.18281,32,27,rc,2.994,1.79069e+09,-3.07925,44,-0.00199196
2.995,4,0,nan,nan,nan,nan,1.42119,1.43292,1.43282,1.84375,6.18281,32,27,rc,2.995,1.79069e+09,-3.11309,44,-0.00201286
2.996,4,0,nan,nan,nan,nan,1.42119,1.43292,1.45307,1.84375,6.18281,32,27,rc,2.996,1.79069e+09,-3.09053,44,-0.00203297
2.997,4,0,nan,nan,nan,nan,1.53398,1.4748,1.45839,1.84672,6.18281,32,27,rc,2.997,1.79069e+09,-3.13564,44,-0.00203599
2.998,4,0,nan,nan,nan,nan,1.53398,1.4748,1.46478,1.84672,6.18281,32,27,rc,2.998,1.79069e+09,-3.13564,44,-0.0020447
2.999,4,0,nan,nan,nan,nan,1.31968,1.50273,1.452,1.84969,6.18281,32,27,rc,2.999,1.79069e+09,-3.10181,44,-0.00206156
3,4,0,nan,nan,nan,nan,1.31968,1.50273,1.46691,1.84969,6.18281,32,27,rc,3,1.79069e+09,-3.12437,44,-0.00207387
3.001,4,0,nan,nan,nan,nan,1.43247,1.42942,1.46904,1.85257,6.18281,32,27,rc,3.001,1.79069e+09,-3.29355,44,-0.0020785
3.002,4,0,nan,nan,nan,nan,1.43247,1.42942,1.46904,1.85257,6.18281,32,27,rc,3.002,1.79069e+09,-3.11309,44,-0.00208131
3.003,4,0,nan,nan,nan,nan,1.21816,1.41895,1.48502,1.85545,6.18281,32,27,rc,3.003,1.79069e+09,-3.11309,44,-0.00209106
3.004,4,0,nan,nan,nan,nan,1.21816,1.41895,1.48715,1.85545,6.18281,32,27,rc,3.004,1.79069e+09,-3.11309,44,-0.00208023
3.005,4,0,nan,nan,nan,nan,1.37607,1.3823,1.44774,1.85823,6.18281,32,27,rc,3.005,1.79069e+09,-3.11309,44,-0.00208505
3.006,4,0,nan,nan,nan,nan,1.37607,1.3823,1.47118,1.85823,6.18281,32,27,rc,3.006,1.79069e+09,-3.06797,44,-0.00211126
3.007,4,0,nan,nan,nan,nan,1.08281,1.4207,1.49568,1.8611,6.18281,32,27,rc,3.007,1.79069e+09,-3.07925,44,-0.00211141
3.008,4,0,nan,nan,nan,nan,1.08281,1.4207,1.49568,1.8611,6.1829,32,27,rc,3.008,1.79069e+09,-3.22588,44,-0.0021051
3.009,4,0,nan,nan,nan,nan,1.26328,1.44164,1.49142,1.86398,6.1829,32,27,rc,3.009,1.79069e+09,-3.05669,44,-0.00216081
3.01,4,0,nan,nan,nan,nan,1.26328,1.44164,1.47757,1.86398,6.1829,32,27,rc,3.01,1.79069e+09,-3.22588,44,-0.00220486
3.011,4,0,nan,nan,nan,nan,1.13921,1.50098,1.49781,1.86695,6.1829,32,27,rc,3.011,1.79069e+09,-3.14692,44,-0.00223521
3.012,4,0,nan,nan,nan,nan,1.13921,1.50098,1.47544,1.86695,6.1829,32,27,rc,3.012,1.79069e+09,-3.24844,44,-0.00224589
3.013,4,0,nan,nan,nan,nan,1.19561,1.49924,1.4765,1.86992,6.1829,32,27,rc,3.013,1.79069e+09,-3.25972,44,-0.00226255
3.014,4,0,nan,nan,nan,nan,1.19561,1.49924,1.4797,1.86992,6.1829,32,27,rc,3.014,1.79069e+09,-3.07925,44,-0.00227433
3.015,4,0,nan,nan,nan,nan,1.40991,1.51146,1.48289,1.87318,6.1829,32,27,rc,3.015,1.79069e+09,-3.12437,44,-0.00227062
3.016,4,0,nan,nan,nan,nan,1.40991,1.51146,1.48609,1.87318,6.1829,32,27,rc,3.016,1.79069e+09,-3.271,44,-0.00229658
3.017,4,0,nan,nan,nan,nan,1.26328,1.53589,1.48715,1.87606,6.1829,32,27,rc,3.017,1.79069e+09,-3.11309,44,-0.00231673
3.018,4,0,nan,nan,nan,nan,1.26328,1.53589,1.501,1.87606,6.1829,32,27,rc,3.018,1.79069e+09,-3.1582,44,-0.00231431
3.019,4,0,nan,nan,nan,nan,1.24072,1.54636,1.46904,1.87913,6.1829,32,27,rc,3.019,1.79069e+09,-3.11309,44,-0.00230656
3.02,4,0,nan,nan,nan,nan,1.24072,1.54636,1.46904,1.87913,6.1829,32,27,rc,3.02,1.79069e+09,-3.09053,44,-0.00230251
3.021,4,0,nan,nan,nan,nan,1.3084,1.42593,1.49674,1.882,6.1829,32,27,rc,3.021,1.79069e+09,-3.09053,44,-0.0023088
3.022,4,0,nan,nan,nan,nan,1.3084,1.42593,1.5042,1.882,6.1829,32,27,rc,3.022,1.79069e+09,-3.271,44,-0.00229516
3.023,4,0,nan,nan,nan,nan,1.47759,1.45211,1.53296,1.88488,6.1829,32,27,rc,3.023,1.79069e+09,-3.14692,44,-0.00229714
3.024,4,0,nan,nan,nan,nan,1.47759,1.45211,1.53083,1.88488,6.1829,32,27,rc,3.024,1.79069e+09,-3.09053,44,-0.0023121
3.025,4,0,nan,nan,nan,nan,1.28584,1.494,1.53509,1.88785,6.1829,32,27,rc,3.025,1.79069e+09,-3.11309,44,-0.0023313
3.026,4,0,nan,nan,nan,nan,1.28584,1.494,1.52337,1.88785,6.183,32,27,rc,3.026,1.79069e+09,-3.12437,44,-0.00235119
3.027,4,0,nan,nan,nan,nan,1.11665,1.43117,1.52231,1.89082,6.183,32,27,rc,3.027,1.79069e+09,-3.25972,44,-0.00235665
3.028,4,0,nan,nan,nan,nan,1.11665,1.43117,1.50633,1.89082,6.183,32,27,rc,3.028,1.79069e+09,-3.09053,44,-0.0023509
3.029,4,0,nan,nan,nan,nan,0.992578,1.42593,1.49994,1.8936,6.183,32,27,rc,3.029,1.79069e+09,-3.16948,44,-0.00236012
3.03,4,0,nan,nan,nan,nan,0.992578,1.42593,1.52551,1.8936,6.183,32,27,rc,3.03,1.79069e+09,-3.07925,44,-0.0023854
3.031,4,0,nan,nan,nan,nan,1.16177,1.49924,1.52444,1.89658,6.183,32,27,rc,3.031,1.79069e+09,-3.25972,44,-0.00243759
3.032,4,0,nan,nan,nan,nan,1.16177,1.49924,1.49568,1.89658,6.183,32,27,rc,3.032,1.79069e+09,-3.22588,44,-0.00244919
3.033,4,0,nan,nan,nan,nan,1.06025,1.56905,1.49674,1.89993,6.183,32,27,rc,3.033,1.79069e+09,-3.25972,44,-0.00244142
3.034,4,0,nan,nan,nan,nan,1.06025,1.56905,1.51805,1.89993,6.183,32,27,rc,3.034,1.79069e+09,-3.24844,44,-0.00244049
3.035,4,0,nan,nan,nan,nan,1.252,1.55509,1.50313,1.903,6.183,32,27,rc,3.035,1.79069e+09,-3.09053,44,-0.00246355
3.036,4,0,nan,nan,nan,nan,1.252,1.55509,1.49461,1.903,6.183,32,27,rc,3.036,1.79069e+09,-3.23716,44,-0.00249659
3.037,4,0,nan,nan,nan,nan,1.252,1.59349,1.51272,1.90597,6.183,32,27,rc,3.037,1.79069e+09,-3.28228,44,-0.00249982
3.038,4,0,nan,nan,nan,nan,1.252,1.59349,1.51592,1.90597,6.183,32,27,rc,3.038,1.79069e+09,-3.13564,44,-0.00250742
3.039,4,0,nan,nan,nan,nan,1.44375,1.49051,1.51805,1.90904,6.183,32,27,rc,3.039,1.79069e+09,-3.13564,44,-0.00252059
3.04,4,0,nan,nan,nan,nan,1.44375,1.49051,1.5287,1.90904,6.183,32,27,rc,3.04,1.79069e+09,-3.22588,44,-0.00253572
3.041,4,0,nan,nan,nan,nan,1.37607,1.49924,1.51698,1.91201,6.183,32,27,rc,3.041,1.79069e+09,-3.22588,44,-0.0025339
3.042,4,0,nan,nan,nan,nan,1.37607,1.49924,1.50313,1.91201,6.183,32,27,rc,3.042,1.79069e+09,-3.271,44,-0.00253327
3.043,4,0,nan,nan,nan,nan,1.16177,1.4748,1.52444,1.91498,6.183,32,27,rc,3.043,1.79069e+09,-3.24844,44,-0.0025356
3.044,4,0,nan,nan,nan,nan,1.16177,1.4748,1.53509,1.91498,6.183,32,27,rc,3.044,1.79069e+09,-3.25972,44,-0.00254617
3.045,4,0,nan,nan,nan,nan,1.48887,1.50971,1.53722,1.91815,6.183,32,27,rc,3.045,1.79069e+09,-3.24844,44,-0.00256791
3.046,4,0,nan,nan,nan,nan,1.48887,1.50971,1.52444,1.91815,6.183,32,27,rc,3.046,1.79069e+09,-3.271,44,-0.00259804
3.047,4,0,nan,nan,nan,nan,1.22944,1.60047,1.51805,1.92131,6.183,32,27,rc,3.047,1.79069e+09,-3.25972,44,-0.00261695
3.048,4,0,nan,nan,nan,nan,1.22944,1.60047,1.52018,1.92131,6.183,32,27,rc,3.048,1.79069e+09,-3.271,44,-0.00260127
3.049,4,0,nan,nan,nan,nan,1.36479,1.494,1.53403,1.92438,6.183,32,27,rc,3.049,1.79069e+09,-3.24844,44,-0.00262476
3.05,4,0,nan,nan,nan,nan,1.36479,1.494,1.5564,1.92438,6.183,32,27,rc,3.05,1.79069e+09,-3.2146,44,-0.00263137
3.051,4,0,nan,nan,nan,nan,1.38735,1.51495,1.54788,1.92716,6.183,32,27,rc,3.051,1.79069e+09,-3.29355,44,-0.00263476
3.052,4,0,nan,nan,nan,nan,1.38735,1.51495,1.55001,1.92716,6.183,32,27,rc,3.052,1.79069e+09,-3.25972,44,-0.0026565
3.053,4,0,nan,nan,nan,nan,1.02642,1.59349,1.51805,1.93042,6.183,32,27,rc,3.053,1.79069e+09,-3.25972,44,-0.00267393
3.054,4,0,nan,nan,nan,nan,1.02642,1.59349,1.52977,1.93042,6.183,32,27,rc,3.054,1.79069e+09,-3.28228,44,-0.00266559
3.055,4,0,nan,nan,nan,nan,1.17305,1.44513,1.56812,1.9333,6.183,32,27,rc,3.055,1.79069e+09,-3.271,44,-0.00268721
3.056,4,0,nan,nan,nan,nan,1.17305,1.44513,1.56492,1.9333,6.183,32,27,rc,3.056,1.79069e+09,-3.24844,44,-0.00269804
3.057,4,0,nan,nan,nan,nan,1.29712,1.48877,1.55427,1.93627,6.183,32,27,rc,3.057,1.79069e+09,-3.28228,44,-0.00271665
3.058,4,0,nan,nan,nan,nan,1.29712,1.48877,1.54255,1.93627,6.183,32,27,rc,3.058,1.79069e+09,-3.271,44,-0.00275959
3.059,4,0,nan,nan,nan,nan,1.01514,1.53065,1.56599,1.93934,6.183,32,27,rc,3.059,1.79069e+09,-3.25972,44,-0.002792
3.06,4,0,nan,nan,nan,nan,1.01514,1.53065,1.56173,1.93934,6.183,32,27,rc,3.06,1.79069e+09,-3.31611,44,-0.00279942
3.061,4,0,nan,nan,nan,nan,1.28584,1.49924,1.56173,1.94231,6.183,32,27,rc,3.061,1.79069e+09,-3.28228,44,-0.00279932
3.062,4,0,nan,nan,nan,nan,1.28584,1.49924,1.55427,1.94231,6.183,32,27,rc,3.062,1.79069e+09,-3.24844,44,-0.00279672
3.063,4,0,nan,nan,nan,nan,1.0377,1.5708,1.54681,1.94547,6.183,32,27,rc,3.063,1.79069e+09,-3.25972,44,-0.00283778
3.064,4,0,nan,nan,nan,nan,1.0377,1.5708,1.5564,1.94547,6.183,32,27,rc,3.064,1.79069e+09,-3.23716,44,-0.00286673
3.065,4,0,nan,nan,nan,nan,1.12793,1.54636,1.5532,1.94854,6.183,32,27,rc,3.065,1.79069e+09,-3.31611,44,-0.00288776
3.066,4,0,nan,nan,nan,nan,1.12793,1.54636,1.55001,1.94854,6.183,32,27,rc,3.066,1.79069e+09,-3.29355,44,-0.00289492
3.067,4,0,nan,nan,nan,nan,1.01514,1.52367,1.5532,1.95161,6.183,32,27,rc,3.067,1.79069e+09,-3.28228,44,-0.0029054
3.068,4,0,nan,nan,nan,nan,1.01514,1.52367,1.54894,1.95161,6.183,32,27,rc,3.068,1.79069e+09,-3.31611,44,-0.00290505
3.069,4,0,nan,nan,nan,nan,1.09409,1.57429,1.56173,1.95477,6.183,32,27,rc,3.069,1.79069e+09,-3.23716,44,-0.00291867
3.07,4,0,nan,nan,nan,nan,1.09409,1.57429,1.57025,1.95477,6.183,32,27,rc,3.07,1.79069e+09,-3.25972,44,-0.0029474
3.071,4,0,nan,nan,nan,nan,1.08281,1.62316,1.56918,1.95793,6.183,32,27,rc,3.071,1.79069e+09,-3.271,44,-0.00295577
3.072,4,0,nan,nan,nan,nan,1.08281,1.62316,1.55533,1.95793,6.183,32,27,rc,3.072,1.79069e+09,-3.30483,44,-0.0029951
3.073,4,0,nan,nan,nan,nan,0.936182,1.54462,1.53722,1.9611,6.183,32,27,rc,3.073,1.79069e+09,-3.29355,44,-0.00302077
3.074,4,0,nan,nan,nan,nan,0.936182,1.54462,1.53403,1.9611,6.183,32,27,rc,3.074,1.79069e+09,-3.271,44,-0.00303786
3.075,4,0,nan,nan,nan,nan,1.09409,1.47655,1.56492,1.96407,6.183,32,27,rc,3.075,1.79069e+09,-3.271,44,-0.00302818
3.076,4,0,nan,nan,nan,nan,1.09409,1.47655,1.57131,1.96407,6.183,32,27,rc,3.076,1.79069e+09,-3.271,44,-0.00302812
3.077,4,0,nan,nan,nan,nan,1.12793,1.57603,1.54681,1.96714,6.183,32,27,rc,3.077,1.79069e+09,-3.24844,44,-0.00304897
3.078,4,0,nan,nan,nan,nan,1.12793,1.57603,1.57877,1.96714,6.183,32,27,rc,3.078,1.79069e+09,-3.28228,44,-0.00306352
3.079,4,0,nan,nan,nan,nan,1.06025,1.61443,1.5841,1.9704,6.183,32,27,rc,3.079,1.79069e+09,-3.271,44,-0.0030818
3.08,4,0,nan,nan,nan,nan,1.06025,1.61443,1.57557,1.9704,6.183,32,27,rc,3.08,1.79069e+09,-3.28228,44,-0.00309579
3.081,4,0,nan,nan,nan,nan,0.947461,1.58476,1.56705,1.97366,6.183,32,27,rc,3.081,1.79069e+09,-3.28228,44,-0.003092
3.082,4,0,nan,nan,nan,nan,0.947461,1.58476,1.56812,1.97366,6.18309,32,27,rc,3.082,1.79069e+09,-3.25972,44,-0.00310306
3.083,4,0,nan,nan,nan,nan,0.992578,1.4556,1.57344,1.97663,6.18309,32,27,rc,3.083,1.79069e+09,-3.23716,44,-0.00310082
3.084,4,0,nan,nan,nan,nan,0.992578,1.4556,1.55959,1.97663,6.18309,32,27,rc,3.084,1.79069e+09,-3.271,44,-0.00309174
3.085,4,0,nan,nan,nan,nan,1.10537,1.48702,1.57451,1.97951,6.18309,32,27,rc,3.085,1.79069e+09,-3.23716,44,-0.00310878
3.086,4,0,nan,nan,nan,nan,1.10537,1.48702,1.57984,1.97951,6.18309,32,27,rc,3.086,1.79069e+09,-3.25972,44,-0.00311893
3.087,4,0,nan,nan,nan,nan,1.07153,1.64061,1.56173,1.98277,6.18309,32,27,rc,3.087,1.79069e+09,-3.29355,44,-0.00313202
3.088,4,0,nan,nan,nan,nan,1.07153,1.64061,1.57025,1.98277,6.18309,32,27,rc,3.088,1.79069e+09,-3.29355,44,-0.00316313
3.089,4,0,nan,nan,nan,nan,1.18433,1.61617,1.57451,1.98603,6.18309,32,27,rc,3.089,1.79069e+09,-3.23716,44,-0.00317837
3.09,4,0,nan,nan,nan,nan,1.18433,1.61617,1.54788,1.98603,6.18309,32,27,rc,3.09,1.79069e+09,-3.28228,44,-0.00320146
3.091,4,0,nan,nan,nan,nan,1.17305,1.49575,1.55107,1.98909,6.18309,32,27,rc,3.091,1.79069e+09,-3.28228,44,-0.00321414
3.092,4,0,nan,nan,nan,nan,1.17305,1.49575,1.56279,1.98909,6.18309,32,27,rc,3.092,1.79069e+09,-3.29355,44,-0.00325186
3.093,4,0,nan,nan,nan,nan,1.3084,1.49575,1.57984,1.99207,6.18309,32,27,rc,3.093,1.79069e+09,-3.28228,44,-0.00327457
3.094,4,0,nan,nan,nan,nan,1.3084,1.49575,1.57984,1.99207,6.18309,32,27,rc,3.094,1.79069e+09,-3.31611,44,-0.00326758
3.095,4,0,nan,nan,nan,nan,1.26328,1.59349,1.57131,1.99523,6.18309,32,27,rc,3.095,1.79069e+09,-3.30483,44,-0.00326816
3.096,4,0,nan,nan,nan,nan,1.26328,1.59349,1.54575,1.99523,6.18309,32,27,rc,3.096,1.79069e+09,-3.25972,44,-0.00326684
3.097,4,0,nan,nan,nan,nan,1.06025,1.61617,1.56918,1.99839,6.18309,32,27,rc,3.097,1.79069e+09,-3.29355,44,-0.00327679
3.098,4,0,nan,nan,nan,nan,1.06025,1.61617,1.60008,1.99839,6.18309,32,27,rc,3.098,1.79069e+09,-3.23716,44,-0.00330393
3.099,4,0,nan,nan,nan,nan,1.44375,1.55334,1.59049,2.00156,6.18309,32,27,rc,3.099,1.79069e+09,-3.29355,44,-0.00333576
3.1,4,0,nan,nan,nan,nan,1.44375,1.55334,1.56812,2.00156,6.18309,32,27,rc,3.1,1.79069e+09,-3.24844,44,-0.00334758
3.101,4,0,nan,nan,nan,nan,0.924902,1.58999,1.56599,2.00472,6.18309,32,27,rc,3.101,1.79069e+09,-3.271,44,-0.00335425
3.102,4,0,nan,nan,nan,nan,0.924902,1.58999,1.57238,2.00472,6.18309,32,27,rc,3.102,1.79069e+09,-3.25972,44,-0.003367
3.103,4,0,nan,nan,nan,nan,1.17305,1.53065,1.5777,2.00779,6.18309,32,27,rc,3.103,1.79069e+09,-3.23716,44,-0.00338105
3.104,4,0,nan,nan,nan,nan,1.17305,1.53065,1.58516,2.00779,6.18309,32,27,rc,3.104,1.79069e+09,-3.271,44,-0.00338277
3.105,4,0,nan,nan,nan,nan,1.10537,1.65632,1.59049,2.01105,6.18309,32,27,rc,3.105,1.79069e+09,-3.29355,44,-0.00340748
3.106,4,0,nan,nan,nan,nan,1.10537,1.65632,1.59155,2.01105,6.18309,32,27,rc,3.106,1.79069e+09,-3.271,44,-0.00343531
3.107,4,0,nan,nan,nan,nan,1.09409,1.58301,1.58303,2.01421,6.18309,32,27,rc,3.107,1.79069e+09,-3.29355,44,-0.00345405
3.108,4,0,nan,nan,nan,nan,1.09409,1.58301,1.56492,2.01421,6.18309,32,27,rc,3.108,1.79069e+09,-3.24844,44,-0.00345434
3.109,4,0,nan,nan,nan,nan,1.12793,1.52193,1.5809,2.01728,6.18309,32,27,rc,3.109,1.79069e+09,-3.28228,44,-0.00346815
3.11,4,0,nan,nan,nan,nan,1.12793,1.52193,1.5809,2.01728,6.18309,32,27,rc,3.11,1.79069e+09,-3.25972,44,-0.0034576
3.111,4,0,nan,nan,nan,nan,1.26328,1.53764,1.5777,2.02035,6.18309,32,27,rc,3.111,1.79069e+09,-3.28228,44,-0.0034555
3.112,4,0,nan,nan,nan,nan,1.26328,1.53764,1.6086,2.02035,6.18309,32,27,rc,3.112,1.79069e+09,-3.25972,44,-0.00347407
3.113,4,0,nan,nan,nan,nan,1.252,1.64934,1.60647,2.0237,6.18309,32,27,rc,3.113,1.79069e+09,-3.271,44,-0.00349908
3.114,4,0,nan,nan,nan,nan,1.252,1.64934,1.61606,2.0237,6.18309,32,27,rc,3.114,1.79069e+09,-3.23716,44,-0.00351815
3.115,4,0,nan,nan,nan,nan,1.00386,1.64061,1.61392,2.02696,6.18309,32,27,rc,3.115,1.79069e+09,-3.22588,44,-0.00352911
3.116,4,0,nan,nan,nan,nan,1.00386,1.64061,1.59581,2.02696,6.18309,32,27,rc,3.116,1.79069e+09,-3.271,44,-0.00352601
3.117,4,0,nan,nan,nan,nan,0.992578,1.48702,1.58516,2.03022,6.18309,32,27,rc,3.117,1.79069e+09,-3.23716,44,-0.00353293
3.118,4,0,nan,nan,nan,nan,0.992578,1.48702,1.60753,2.03022,6.18309,32,27,rc,3.118,1.79069e+09,-3.24844,44,-0.0035529
3.119,4,0,nan,nan,nan,nan,1.10537,1.5324,1.60966,2.0332,6.18309,32,27,rc,3.119,1.79069e+09,-3.24844,44,-0.00356557
3.12,4,0,nan,nan,nan,nan,1.10537,1.5324,1.60966,2.0332,6.18309,32,27,rc,3.12,1.79069e+09,-3.28228,44,-0.0035816
3.121,4,0,nan,nan,nan,nan,0.834668,1.67377,1.59688,2.03655,6.18309,32,27,rc,3.121,1.79069e+09,-3.24844,44,-0.00360101
3.122,4,0,nan,nan,nan,nan,0.834668,1.67377,1.57557,2.03655,6.18309,32,27,rc,3.122,1.79069e+09,-3.24844,44,-0.0036056
3.123,4,0,nan,nan,nan,nan,0.947461,1.59523,1.60008,2.03972,6.18309,32,27,rc,3.123,1.79069e+09,-3.271,44,-0.00363571
3.124,4,0,nan,nan,nan,nan,0.947461,1.59523,1.61392,2.03972,6.18309,32,27,rc,3.124,1.79069e+09,-3.23716,44,-0.00367636
3.125,4,0,nan,nan,nan,nan,1.16177,1.5865,1.61392,2.04288,6.18309,32,27,rc,3.125,1.79069e+09,-3.271,44,-0.00369633
3.126,4,0,nan,nan,nan,nan,1.16177,1.5865,1.59475,2.04288,6.18309,32,27,rc,3.126,1.79069e+09,-3.29355,44,-0.00371665
3.127,4,0,nan,nan,nan,nan,1.0377,1.61792,1.58516,2.04595,6.18309,32,27,rc,3.127,1.79069e+09,-3.28228,44,-0.00372961
3.128,4,0,nan,nan,nan,nan,1.0377,1.61792,1.59795,2.04595,6.18309,32,27,rc,3.128,1.79069e+09,-3.30483,44,-0.0037449
3.129,4,0,nan,nan,nan,nan,1.06025,1.5865,1.59795,2.04911,6.18309,32,27,rc,3.129,1.79069e+09,-3.29355,44,-0.00373822
3.13,4,0,nan,nan,nan,nan,1.06025,1.5865,1.59155,2.04911,6.18309,32,27,rc,3.13,1.79069e+09,-3.24844,44,-0.00374739
3.131,4,0,nan,nan,nan,nan,1.08281,1.65632,1.59049,2.05256,6.18309,32,27,rc,3.131,1.79069e+09,-3.23716,44,-0.00378196
3.132,4,0,nan,nan,nan,nan,1.08281,1.65632,1.60327,2.05256,6.18309,32,27,rc,3.132,1.79069e+09,-3.29355,44,-0.00377118
3.133,4,0,nan,nan,nan,nan,1.15049,1.64061,1.60966,2.05573,6.18309,32,27,rc,3.133,1.79069e+09,-3.31611,44,-0.00377967
3.134,4,0,nan,nan,nan,nan,1.15049,1.64061,1.61392,2.05573,6.18309,32,27,rc,3.134,1.79069e+09,-3.2146,44,-0.00381462
3.135,4,0,nan,nan,nan,nan,1.09409,1.63014,1.59475,2.05899,6.18309,32,27,rc,3.135,1.79069e+09,-3.271,44,-0.00383089
3.136,4,0,nan,nan,nan,nan,1.09409,1.63014,1.5777,2.05899,6.18309,32,27,rc,3.136,1.79069e+09,-3.12437,44,-0.00382433
3.137,4,0,nan,nan,nan,nan,1.11665,1.60919,1.60114,2.06225,6.18309,32,27,rc,3.137,1.79069e+09,-3.24844,44,-0.00382949
3.138,4,0,nan,nan,nan,nan,1.11665,1.60919,1.62564,2.06225,6.18309,32,27,rc,3.138,1.79069e+09,-3.23716,44,-0.00384581
3.139,4,0,nan,nan,nan,nan,1.34224,1.59349,1.62351,2.06541,6.18309,32,27,rc,3.139,1.79069e+09,-3.271,44,-0.00386369
3.14,4,0,nan,nan,nan,nan,1.34224,1.59349,1.62032,2.06541,6.18309,32,27,rc,3.14,1.79069e+09,-3.30483,44,-0.00388014
3.141,4,0,nan,nan,nan,nan,1.12793,1.56556,1.62245,2.06857,6.18309,32,27,rc,3.141,1.79069e+09,-3.271,44,-0.00389154
3.142,4,0,nan,nan,nan,nan,1.12793,1.56556,1.62032,2.06857,6.18309,32,27,rc,3.142,1.79069e+09,-3.28228,44,-0.00390652
3.143,4,0,nan,nan,nan,nan,1.08281,1.50971,1.61392,2.07155,6.18309,32,27,rc,3.143,1.79069e+09,-3.271,44,-0.00392395
3.144,4,0,nan,nan,nan,nan,1.08281,1.50971,1.61179,2.07155,6.18309,32,27,rc,3.144,1.79069e+09,-3.29355,44,-0.00392931
3.145,4,0,nan,nan,nan,nan,1.04897,1.52193,1.61712,2.07461,6.18309,32,27,rc,3.145,1.79069e+09,-3.29355,44,-0.0039285
3.146,4,0,nan,nan,nan,nan,1.04897,1.52193,1.61925,2.07461,6.18309,32,27,rc,3.146,1.79069e+09,-3.28228,44,-0.00397443
3.147,4,0,nan,nan,nan,nan,1.11665,1.64759,1.62138,2.07787,6.18309,32,27,rc,3.147,1.79069e+09,-3.271,44,-0.00400046
3.148,4,0,nan,nan,nan,nan,1.11665,1.64759,1.62351,2.07787,6.18309,32,27,rc,3.148,1.79069e+09,-3.31611,44,-0.00403458
3.149,4,0,nan,nan,nan,nan,1.06025,1.7017,1.59049,2.08123,6.18309,32,27,rc,3.149,1.79069e+09,-3.271,44,-0.00407488
3.15,4,0,nan,nan,nan,nan,1.06025,1.7017,1.60434,2.08123,6.18309,32,27,rc,3.15,1.79069e+09,-3.271,44,-0.00409009
3.151,4,0,nan,nan,nan,nan,1.11665,1.62316,1.62458,2.08449,6.18309,32,27,rc,3.151,1.79069e+09,-3.28228,44,-0.0040788
3.152,4,0,nan,nan,nan,nan,1.11665,1.62316,1.62032,2.08449,6.18309,32,27,rc,3.152,1.79069e+09,-3.25972,44,-0.00409486
3.153,4,0,nan,nan,nan,nan,1.18433,1.66679,1.61606,2.08784,6.18309,32,27,rc,3.153,1.79069e+09,-3.23716,44,-0.00411788
3.154,4,0,nan,nan,nan,nan,1.18433,1.66679,1.60966,2.08784,6.18309,32,27,rc,3.154,1.79069e+09,-3.29355,44,-0.00413016
3.155,4,0,nan,nan,nan,nan,1.19561,1.64585,1.62245,2.0912,6.18309,32,27,rc,3.155,1.79069e+09,-3.28228,44,-0.00412437
3.156,4,0,nan,nan,nan,nan,1.19561,1.64585,1.60647,2.0912,6.18309,32,27,rc,3.156,1.79069e+09,-3.24844,44,-0.00414168
3.157,4,0,nan,nan,nan,nan,1.21816,1.58825,1.60753,2.09436,6.18309,32,27,rc,3.157,1.79069e+09,-3.23716,44,-0.00413596
3.158,4,0,nan,nan,nan,nan,1.21816,1.58825,1.62351,2.09436,6.18309,32,27,rc,3.158,1.79069e+09,-3.24844,44,-0.00415552
3.159,4,0,nan,nan,nan,nan,1.3084,1.58825,1.62032,2.09753,6.18309,32,27,rc,3.159,1.79069e+09,-3.22588,44,-0.00417945
3.16,4,0,nan,nan,nan,nan,1.3084,1.58825,1.63417,2.09753,6.18309,32,27,rc,3.16,1.79069e+09,-3.29355,44,-0.00419802
3.161,4,0,nan,nan,nan,nan,1.21816,1.61792,1.64269,2.10098,6.18309,32,27,rc,3.161,1.79069e+09,-3.28228,44,-0.004219
3.162,4,0,nan,nan,nan,nan,1.21816,1.61792,1.65228,2.10098,6.18309,32,27,rc,3.162,1.79069e+09,-3.271,44,-0.0042395
3.163,4,0,nan,nan,nan,nan,1.04897,1.63014,1.60221,2.10405,6.18309,32,27,rc,3.163,1.79069e+09,-3.271,44,-0.004243
3.164,4,0,nan,nan,nan,nan,1.04897,1.63014,1.62032,2.10405,6.18309,32,27,rc,3.164,1.79069e+09,-3.24844,44,-0.00425209
3.165,4,0,nan,nan,nan,nan,0.97002,1.56556,1.64695,2.10721,6.18309,32,27,rc,3.165,1.79069e+09,-3.28228,44,-0.00426353
3.166,4,0,nan,nan,nan,nan,0.97002,1.56556,1.61712,2.10721,6.18309,32,27,rc,3.166,1.79069e+09,-3.25972,44,-0.00427271
3.167,4,0,nan,nan,nan,nan,1.12793,1.59349,1.62245,2.11037,6.18309,32,27,rc,3.167,1.79069e+09,-3.24844,44,-0.00429144
3.168,4,0,nan,nan,nan,nan,1.12793,1.59349,1.62777,2.11037,6.18309,32,27,rc,3.168,1.79069e+09,-3.28228,44,-0.00430757
3.169,4,0,nan,nan,nan,nan,1.27456,1.72613,1.6608,2.11373,6.18309,32,27,rc,3.169,1.79069e+09,-3.29355,44,-0.00431272
3.17,4,0,nan,nan,nan,nan,1.27456,1.72613,1.62777,2.11373,6.18309,32,27,rc,3.17,1.79069e+09,-3.24844,44,-0.00430346
3.171,4,0,nan,nan,nan,nan,1.18433,1.71566,1.62777,2.11747,6.18309,32,27,rc,3.171,1.79069e+09,-3.22588,44,-0.00432987
3.172,4,0,nan,nan,nan,nan,1.18433,1.71566,1.63736,2.11747,6.18309,32,27,rc,3.172,1.79069e+09,-3.23716,44,-0.00435805
3.173,4,0,nan,nan,nan,nan,1.34224,1.5708,1.63417,2.12044,6.18309,32,27,rc,3.173,1.79069e+09,-3.271,44,-0.00437291
3.174,4,0,nan,nan,nan,nan,1.34224,1.5708,1.64269,2.12044,6.18309,32,27,rc,3.174,1.79069e+09,-3.271,44,-0.00438334
3.175,4,0,nan,nan,nan,nan,1.21816,1.54985,1.64482,2.12351,6.18309,32,27,rc,3.175,1.79069e+09,-3.24844,44,-0.00440828
3.176,4,0,nan,nan,nan,nan,1.21816,1.54985,1.66399,2.12351,6.18309,32,27,rc,3.176,1.79069e+09,-3.271,44,-0.0044
3.177,4,0,nan,nan,nan,nan,1.11665,1.56382,1.65334,2.12667,6.18309,32,27,rc,3.177,1.79069e+09,-3.28228,44,-0.00442345
3.178,4,0,nan,nan,nan,nan,1.11665,1.56382,1.6363,2.12667,6.18309,32,27,rc,3.178,1.79069e+09,-3.23716,44,-0.00445296
3.179,4,0,nan,nan,nan,nan,0.924902,1.64061,1.64482,2.12993,6.18309,32,27,rc,3.179,1.79069e+09,-3.28228,44,-0.00446773
3.18,4,0,nan,nan,nan,nan,0.924902,1.64061,1.63736,2.12993,6.18309,32,27,rc,3.18,1.79069e+09,-3.28228,44,-0.00449676
3.181,4,0,nan,nan,nan,nan,1.06025,1.66504,1.62245,2.13319,6.18309,32,27,rc,3.181,1.79069e+09,-3.271,44,-0.00454524
3.182,4,0,nan,nan,nan,nan,1.06025,1.66504,1.64056,2.13319,6.18309,32,27,rc,3.182,1.79069e+09,-3.24844,44,-0.00459716
3.183,4,0,nan,nan,nan,nan,1.13921,1.71391,1.63523,2.13664,6.18309,32,27,rc,3.183,1.79069e+09,-3.30483,44,-0.00461127
3.184,4,0,nan,nan,nan,nan,1.13921,1.71391,1.61819,2.13664,6.18309,32,27,rc,3.184,1.79069e+09,-3.29355,44,-0.00460991
3.185,4,0,nan,nan,nan,nan,1.08281,1.76278,1.62458,2.14019,6.18309,32,27,rc,3.185,1.79069e+09,-3.24844,44,-0.00458786
3.186,4,0,nan,nan,nan,nan,1.08281,1.76278,1.64908,2.14019,6.18309,32,27,rc,3.186,1.79069e+09,-3.23716,44,-0.00461058
3.187,4,0,nan,nan,nan,nan,1.51143,1.71566,1.65121,2.14383,6.18309,32,27,rc,3.187,1.79069e+09,-3.11309,44,-0.00462013
3.188,4,0,nan,nan,nan,nan,1.51143,1.71566,1.63203,2.14383,6.18309,32,27,rc,3.188,1.79069e+09,-3.31611,44,-0.00462045
3.189,4,0,nan,nan,nan,nan,1.13921,1.66155,1.64801,2.14719,6.18309,32,27,rc,3.189,1.79069e+09,-3.31611,44,-0.00462925
3.19,4,0,nan,nan,nan,nan,1.13921,1.66155,1.64588,2.14719,6.18319,32,27,rc,3.19,1.79069e+09,-3.271,44,-0.00463495
3.191,4,0,nan,nan,nan,nan,1.48887,1.55683,1.66186,2.15035,6.18319,32,27,rc,3.191,1.79069e+09,-3.24844,44,-0.00462559
3.192,4,0,nan,nan,nan,nan,1.48887,1.55683,1.6885,2.15035,6.18319,32,27,rc,3.192,1.79069e+09,-3.24844,44,-0.00463193
3.193,4,0,nan,nan,nan,nan,1.20688,1.58999,1.68104,2.15333,6.18319,32,27,rc,3.193,1.79069e+09,-3.24844,44,-0.00465544
3.194,4,0,nan,nan,nan,nan,1.20688,1.58999,1.65973,2.15333,6.18319,32,27,rc,3.194,1.79069e+09,-3.24844,44,-0.00468409
3.195,4,0,nan,nan,nan,nan,0.891064,1.62141,1.66826,2.15659,6.18319,32,27,rc,3.195,1.79069e+09,-3.271,44,-0.00471353
3.196,4,0,nan,nan,nan,nan,0.891064,1.62141,1.65441,2.15659,6.18319,32,27,rc,3.196,1.79069e+09,-3.28228,44,-0.00473573
3.197,4,0,nan,nan,nan,nan,1.12793,1.55683,1.65973,2.15965,6.18309,32,27,rc,3.197,1.79069e+09,-3.22588,44,-0.00476395
3.198,4,0,nan,nan,nan,nan,1.12793,1.55683,1.66826,2.15965,6.18309,32,27,rc,3.198,1.79069e+09,-3.23716,44,-0.00475994
3.199,4,0,nan,nan,nan,nan,1.07153,1.6633,1.64801,2.1632,6.18309,32,27,rc,3.199,1.79069e+09,-3.23716,44,-0.00476288
3.2,4,0,nan,nan,nan,nan,1.07153,1.6633,1.67358,2.1632,6.18309,32,27,rc,3.2,1.79069e+09,-3.23716,44,-0.00477891
3.201,4,0,nan,nan,nan,nan,0.981299,1.74009,1.67997,2.16665,6.18309,32,27,rc,3.201,1.79069e+09,-3.28228,44,-0.00479413
3.202,4,0,nan,nan,nan,nan,0.981299,1.74009,1.64801,2.16665,6.18309,32,27,rc,3.202,1.79069e+09,-3.271,44,-0.0048212
3.203,4,0,nan,nan,nan,nan,1.01514,1.67901,1.65121,2.16982,6.18309,32,27,rc,3.203,1.79069e+09,-3.25972,44,-0.00483301
3.204,4,0,nan,nan,nan,nan,1.01514,1.67901,1.66506,2.16982,6.18319,32,27,rc,3.204,1.79069e+09,-3.271,44,-0.00485472
3.205,4,0,nan,nan,nan,nan,1.33096,1.59872,1.65014,2.17298,6.18319,32,27,rc,3.205,1.79069e+09,-3.25972,44,-0.00485545
3.206,4,0,nan,nan,nan,nan,1.33096,1.59872,1.67039,2.17298,6.18319,32,27,rc,3.206,1.79069e+09,-3.271,44,-0.00485957
3.207,4,0,nan,nan,nan,nan,1.04897,1.64585,1.65547,2.17653,6.18319,32,27,rc,3.207,1.79069e+09,-3.10181,44,-0.0048668
3.208,4,0,nan,nan,nan,nan,1.04897,1.64585,1.67252,2.17653,6.18319,32,27,rc,3.208,1.79069e+09,-3.28228,44,-0.00487972
3.209,4,0,nan,nan,nan,nan,1.07153,1.6249,1.6608,2.17979,6.18319,32,27,rc,3.209,1.79069e+09,-3.24844,44,-0.00490767
3.21,4,0,nan,nan,nan,nan,1.07153,1.6249,1.65228,2.17979,6.18319,32,27,rc,3.21,1.79069e+09,-3.24844,44,-0.00497246
3.211,4,0,nan,nan,nan,nan,1.0377,1.66853,1.66186,2.18305,6.18319,32,27,rc,3.211,1.79069e+09,-3.271,44,-0.00499328
3.212,4,0,nan,nan,nan,nan,1.0377,1.66853,1.66506,2.18305,6.18319,32,27,rc,3.212,1.79069e+09,-3.32739,44,-0.00500742
3.213,4,0,nan,nan,nan,nan,1.18433,1.69995,1.67784,2.1865,6.18319,32,27,rc,3.213,1.79069e+09,-3.28228,44,-0.00504345
3.214,4,0,nan,nan,nan,nan,1.18433,1.69995,1.67784,2.1865,6.18309,32,27,rc,3.214,1.79069e+09,-3.28228,44,-0.00506551
3.215,4,0,nan,nan,nan,nan,1.10537,1.74882,1.67465,2.18995,6.18309,32,27,rc,3.215,1.79069e+09,-3.32739,44,-0.00507626
3.216,4,0,nan,nan,nan,nan,1.10537,1.74882,1.66186,2.18995,6.18309,32,27,rc,3.216,1.79069e+09,-3.29355,44,-0.00506145
3.217,4,0,nan,nan,nan,nan,1.17305,1.73486,1.65441,2.1934,6.18309,32,27,rc,3.217,1.79069e+09,-3.29355,44,-0.0050611
3.218,4,0,nan,nan,nan,nan,1.17305,1.73486,1.67465,2.1934,6.18309,32,27,rc,3.218,1.79069e+09,-3.22588,44,-0.00506914
3.219,4,0,nan,nan,nan,nan,1.29712,1.63014,1.67252,2.19676,6.18319,32,27,rc,3.219,1.79069e+09,-3.14692,44,-0.00506738
3.22,4,0,nan,nan,nan,nan,1.29712,1.63014,1.67358,2.19676,6.18319,32,27,rc,3.22,1.79069e+09,-3.29355,44,-0.0050642
3.221,4,0,nan,nan,nan,nan,1.15049,1.63537,1.69382,2.20002,6.18319,32,27,rc,3.221,1.79069e+09,-3.25972,44,-0.0050474
3.222,4,0,nan,nan,nan,nan,1.15049,1.63537,1.70021,2.20002,6.18319,32,27,rc,3.222,1.79069e+09,-3.271,44,-0.00507597
3.223,4,0,nan,nan,nan,nan,1.27456,1.61792,1.69489,2.20328,6.18319,32,27,rc,3.223,1.79069e+09,-3.22588,44,-0.00511728
3.224,4,0,nan,nan,nan,nan,1.27456,1.61792,1.69595,2.20328,6.18319,32,27,rc,3.224,1.79069e+09,-3.28228,44,-0.00512926
3.225,4,0,nan,nan,nan,nan,0.902344,1.64934,1.6885,2.20654,6.18319,32,27,rc,3.225,1.79069e+09,-3.28228,44,-0.00515613
3.226,4,0,nan,nan,nan,nan,0.902344,1.64934,1.67891,2.20654,6.18319,32,27,rc,3.226,1.79069e+09,-3.25972,44,-0.0051824
3.227,4,0,nan,nan,nan,nan,0.936182,1.62839,1.68423,2.2098,6.18319,32,27,rc,3.227,1.79069e+09,-3.271,44,-0.00521438
3.228,4,0,nan,nan,nan,nan,0.936182,1.62839,1.69382,2.2098,6.18319,32,27,rc,3.228,1.79069e+09,-3.271,44,-0.00526044
3.229,4,0,nan,nan,nan,nan,1.13921,1.65108,1.71193,2.21286,6.18319,32,27,rc,3.229,1.79069e+09,-3.30483,44,-0.00529296
3.23,4,0,nan,nan,nan,nan,1.13921,1.65108,1.70661,2.21286,6.18319,32,27,rc,3.23,1.79069e+09,-3.32739,44,-0.00531473
3.231,4,0,nan,nan,nan,nan,0.868506,1.70693,1.68423,2.21651,6.18319,32,27,rc,3.231,1.79069e+09,-3.32739,44,-0.00531648
3.232,4,0,nan,nan,nan,nan,0.868506,1.70693,1.66932,2.21651,6.18319,32,27,rc,3.232,1.79069e+09,-3.271,44,-0.0053155
3.233,4,0,nan,nan,nan,nan,0.879785,1.71391,1.66186,2.21996,6.18319,32,27,rc,3.233,1.79069e+09,-3.271,44,-0.00532217
3.234,4,0,nan,nan,nan,nan,0.879785,1.71391,1.69915,2.21996,6.18319,32,27,rc,3.234,1.79069e+09,-3.24844,44,-0.00533199
3.235,4,0,nan,nan,nan,nan,1.16177,1.64585,1.69702,2.22322,6.18319,32,27,rc,3.235,1.79069e+09,-3.28228,44,-0.00533863
3.236,4,0,nan,nan,nan,nan,1.16177,1.64585,1.69702,2.22322,6.18319,32,27,rc,3.236,1.79069e+09,-3.25972,44,-0.00538922
3.237,4,0,nan,nan,nan,nan,1.08281,1.65457,1.69489,2.22657,6.18319,32,27,rc,3.237,1.79069e+09,-3.271,44,-0.00540962
3.238,4,0,nan,nan,nan,nan,1.08281,1.65457,1.66932,2.22657,6.18319,32,27,rc,3.238,1.79069e+09,-3.32739,44,-0.00540677
3.239,4,0,nan,nan,nan,nan,1.04897,1.61268,1.67784,2.22983,6.18319,32,27,rc,3.239,1.79069e+09,-3.28228,44,-0.00540543
3.24,4,0,nan,nan,nan,nan,1.04897,1.61268,1.71087,2.22983,6.18319,32,27,rc,3.24,1.79069e+09,-3.24844,44,-0.00543512
3.241,4,0,nan,nan,nan,nan,1.35352,1.6633,1.71406,2.23309,6.18319,32,27,rc,3.241,1.79069e+09,-3.25972,44,-0.00548403
3.242,4,0,nan,nan,nan,nan,1.35352,1.6633,1.70448,2.23309,6.18319,32,27,rc,3.242,1.79069e+09,-3.31611,44,-0.00552659
3.243,4,0,nan,nan,nan,nan,1.00386,1.77151,1.69915,2.23664,6.18319,32,27,rc,3.243,1.79069e+09,-3.32739,44,-0.00554745
3.244,4,0,nan,nan,nan,nan,1.00386,1.77151,1.68423,2.23664,6.18319,32,27,rc,3.244,1.79069e+09,-3.31611,44,-0.00556237
3.245,4,0,nan,nan,nan,nan,1.16177,1.63537,1.69063,2.24,6.18319,32,27,rc,3.245,1.79069e+09,-3.28228,44,-0.00557235
3.246,4,0,nan,nan,nan,nan,1.16177,1.63537,1.69808,2.24,6.18319,32,27,rc,3.246,1.79069e+09,-3.29355,44,-0.00556629
3.247,4,0,nan,nan,nan,nan,1.16177,1.67552,1.69595,2.24306,6.18319,32,27,rc,3.247,1.79069e+09,-3.28228,44,-0.00556646
3.248,4,0,nan,nan,nan,nan,1.16177,1.67552,1.69276,2.24306,6.18319,32,27,rc,3.248,1.79069e+09,-3.25972,44,-0.00557478
3.249,4,0,nan,nan,nan,nan,1.13921,1.73835,1.69702,2.2468,6.18319,32,27,rc,3.249,1.79069e+09,-3.13564,44,-0.00558538
3.25,4,0,nan,nan,nan,nan,1.13921,1.73835,1.71406,2.2468,6.18319,32,27,rc,3.25,1.79069e+09,-3.30483,44,-0.00559052
3.251,4,0,nan,nan,nan,nan,1.22944,1.66853,1.713,2.25016,6.18328,32,27,rc,3.251,1.79069e+09,-3.28228,44,-0.00560052
3.252,4,0,nan,nan,nan,nan,1.22944,1.66853,1.72685,2.25016,6.18328,32,27,rc,3.252,1.79069e+09,-3.25972,44,-0.00561831
3.253,4,0,nan,nan,nan,nan,1.02642,1.61094,1.71193,2.25342,6.18328,32,27,rc,3.253,1.79069e+09,-3.24844,44,-0.00562861
3.254,4,0,nan,nan,nan,nan,1.02642,1.61094,1.70874,2.25342,6.18328,32,27,rc,3.254,1.79069e+09,-3.12437,44,-0.00562609
3.255,4,0,nan,nan,nan,nan,0.902344,1.58301,1.7343,2.25658,6.18328,32,27,rc,3.255,1.79069e+09,-3.271,44,-0.00564441
3.256,4,0,nan,nan,nan,nan,0.902344,1.58301,1.73004,2.25658,6.18319,32,27,rc,3.256,1.79069e+09,-3.271,44,-0.00568738
3.257,4,0,nan,nan,nan,nan,0.879785,1.68075,1.7098,2.25984,6.18319,32,27,rc,3.257,1.79069e+09,-3.28228,44,-0.00573283
3.258,4,0,nan,nan,nan,nan,0.879785,1.68075,1.69702,2.25984,6.18319,32,27,rc,3.258,1.79069e+09,-3.29355,44,-0.00576099
3.259,4,0,nan,nan,nan,nan,0.823389,1.76278,1.69276,2.26339,6.18319,32,27,rc,3.259,1.79069e+09,-3.32739,44,-0.00579448
3.26,4,0,nan,nan,nan,nan,0.823389,1.76278,1.71619,2.26339,6.18319,32,27,rc,3.26,1.79069e+09,-3.271,44,-0.00580156
3.261,4,0,nan,nan,nan,nan,1.08281,1.75231,1.72152,2.26694,6.18319,32,27,rc,3.261,1.79069e+09,-3.32739,44,-0.00581499
3.262,4,0,nan,nan,nan,nan,1.08281,1.75231,1.69915,2.26694,6.18319,32,27,rc,3.262,1.79069e+09,-3.12437,44,-0.0058389
3.263,4,0,nan,nan,nan,nan,1.0377,1.79769,1.713,2.27048,6.18319,32,27,rc,3.263,1.79069e+09,-3.12437,44,-0.00586611
3.264,4,0,nan,nan,nan,nan,1.0377,1.79769,1.71832,2.27048,6.18319,32,27,rc,3.264,1.79069e+09,-3.29355,44,-0.00589375
3.265,4,0,nan,nan,nan,nan,1.19561,1.73311,1.7098,2.27403,6.18328,32,27,rc,3.265,1.79069e+09,-3.30483,44,-0.00589161
3.266,4,0,nan,nan,nan,nan,1.19561,1.73311,1.70554,2.27403,6.18328,32,27,rc,3.266,1.79069e+09,-3.14692,44,-0.00588996
3.267,4,0,nan,nan,nan,nan,1.17305,1.67028,1.70341,2.27739,6.18328,32,27,rc,3.267,1.79069e+09,-3.13564,44,-0.00589324
3.268,4,0,nan,nan,nan,nan,1.17305,1.67028,1.70448,2.27739,6.18328,32,27,rc,3.268,1.79069e+09,-3.12437,44,-0.00588475
3.269,4,0,nan,nan,nan,nan,1.21816,1.6441,1.7098,2.28065,6.18328,32,27,rc,3.269,1.79069e+09,-3.28228,44,-0.00588624
3.27,4,0,nan,nan,nan,nan,1.21816,1.6441,1.72045,2.28065,6.18328,32,27,rc,3.27,1.79069e+09,-3.12437,44,-0.00592187
3.271,4,0,nan,nan,nan,nan,1.24072,1.68948,1.72578,2.284,6.18328,32,27,rc,3.271,1.79069e+09,-3.14692,44,-0.00596725
3.272,4,0,nan,nan,nan,nan,1.24072,1.68948,1.69063,2.284,6.18319,32,27,rc,3.272,1.79069e+09,-3.20332,44,-0.00598039
3.273,4,0,nan,nan,nan,nan,1.0377,1.78198,1.7098,2.28755,6.18319,32,27,rc,3.273,1.79069e+09,-3.14692,44,-0.00599431
3.274,4,0,nan,nan,nan,nan,1.0377,1.78198,1.71939,2.28755,6.18319,32,27,rc,3.274,1.79069e+09,-3.13564,44,-0.0060127
3.275,4,0,nan,nan,nan,nan,1.34224,1.73835,1.73537,2.291,6.18319,32,27,rc,3.275,1.79069e+09,-3.16948,44,-0.00604547
3.276,4,0,nan,nan,nan,nan,1.34224,1.73835,1.73217,2.291,6.18319,32,27,rc,3.276,1.79069e+09,-3.14692,44,-0.00607423
3.277,4,0,nan,nan,nan,nan,1.20688,1.75231,1.71939,2.29455,6.18319,32,27,rc,3.277,1.79069e+09,-3.1582,44,-0.00609217
3.278,4,0,nan,nan,nan,nan,1.20688,1.75231,1.71619,2.29455,6.18319,32,27,rc,3.278,1.79069e+09,-3.14692,44,-0.00610985
3.279,4,0,nan,nan,nan,nan,0.992578,1.72089,1.71087,2.298,6.18319,32,27,rc,3.279,1.79069e+09,-3.1582,44,-0.00610762
3.28,4,0,nan,nan,nan,nan,0.992578,1.72089,1.7098,2.298,6.18319,32,27,rc,3.28,1.79069e+09,-3.1582,44,-0.00609462
3.281,4,0,nan,nan,nan,nan,1.3084,1.62839,1.71832,2.30126,6.18319,32,27,rc,3.281,1.79069e+09,-3.10181,44,-0.00609356
3.282,4,0,nan,nan,nan,nan,1.3084,1.62839,1.74283,2.30126,6.18319,32,27,rc,3.282,1.79069e+09,-3.13564,44,-0.00610232
3.283,4,0,nan,nan,nan,nan,1.10537,1.70519,1.73963,2.30461,6.18328,32,27,rc,3.283,1.79069e+09,-3.13564,44,-0.00612523
3.284,4,0,nan,nan,nan,nan,1.10537,1.70519,1.73004,2.30461,6.18328,32,27,rc,3.284,1.79069e+09,-3.12437,44,-0.00614893
3.285,4,0,nan,nan,nan,nan,0.97002,1.69995,1.73643,2.30807,6.18328,32,27,rc,3.285,1.79069e+09,-3.1582,44,-0.00617681
3.286,4,0,nan,nan,nan,nan,0.97002,1.69995,1.7343,2.30807,6.18328,32,27,rc,3.286,1.79069e+09,-3.12437,44,-0.00619442
3.287,4,0,nan,nan,nan,nan,0.924902,1.69297,1.72472,2.31171,6.18319,32,27,rc,3.287,1.79069e+09,-3.1582,44,-0.00620157
3.288,4,0,nan,nan,nan,nan,0.924902,1.69297,1.74283,2.31171,6.18319,32,27,rc,3.288,1.79069e+09,-3.12437,44,-0.00623096
3.289,4,0,nan,nan,nan,nan,1.01514,1.74533,1.75881,2.31516,6.18319,32,27,rc,3.289,1.79069e+09,-3.11309,44,-0.00628436
3.29,4,0,nan,nan,nan,nan,1.01514,1.74533,1.73856,2.31516,6.18319,32,27,rc,3.29,1.79069e+09,-3.1582,44,-0.0063313
3.291,4,0,nan,nan,nan,nan,0.868506,1.78722,1.72365,2.31852,6.18319,32,27,rc,3.291,1.79069e+09,-3.2146,44,-0.00637058
3.292,4,0,nan,nan,nan,nan,0.868506,1.78722,1.72685,2.31852,6.18319,32,27,rc,3.292,1.79069e+09,-3.34995,44,-0.00635723
3.293,4,0,nan,nan,nan,nan,0.936182,1.79943,1.72472,2.32206,6.18319,32,27,rc,3.293,1.79069e+09,-3.16948,44,-0.0063464
3.294,4,0,nan,nan,nan,nan,0.936182,1.79943,1.74389,2.32206,6.18319,32,27,rc,3.294,1.79069e+09,-3.11309,44,-0.00635911
3.295,4,0,nan,nan,nan,nan,1.04897,1.79594,1.72472,2.32571,6.18319,32,27,rc,3.295,1.79069e+09,-3.13564,44,-0.00637264
3.296,4,0,nan,nan,nan,nan,1.04897,1.79594,1.74922,2.32571,6.18319,32,27,rc,3.296,1.79069e+09,-3.14692,44,-0.00639329
3.297,4,0,nan,nan,nan,nan,1.00386,1.70868,1.75561,2.32916,6.18328,32,27,rc,3.297,1.79069e+09,-3.13564,44,-0.00640742
3.298,4,0,nan,nan,nan,nan,1.00386,1.70868,1.74176,2.32916,6.18328,32,27,rc,3.298,1.79069e+09,-3.16948,44,-0.00643112
3.299,4,0,nan,nan,nan,nan,0.947461,1.64235,1.7343,2.33242,6.18328,32,27,rc,3.299,1.79069e+09,-3.14692,44,-0.0064563
3.3,4,0,nan,nan,nan,nan,0.947461,1.64235,1.74283,2.33242,6.18328,32,27,rc,3.3,1.79069e+09,-3.16948,44,-0.006456
3.301,4,0,nan,nan,nan,nan,0.97002,1.64061,1.74709,2.33568,6.18328,32,27,rc,3.301,1.79069e+09,-3.1582,44,-0.0064897
3.302,4,0,nan,nan,nan,nan,0.97002,1.64061,1.75561,2.33568,6.18319,32,27,rc,3.302,1.79069e+09,-3.13564,44,-0.00653081
3.303,4,0,nan,nan,nan,nan,1.04897,1.74533,1.74389,2.33922,6.18319,32,27,rc,3.303,1.79069e+09,-3.33867,44,-0.0065526
3.304,4,0,nan,nan,nan,nan,1.04897,1.74533,1.7343,2.33922,6.18319,32,27,rc,3.304,1.79069e+09,-3.34995,44,-0.00659115
3.305,4,0,nan,nan,nan,nan,0.823389,1.76976,1.76094,2.34296,6.18319,32,27,rc,3.305,1.79069e+09,-3.19204,44,-0.00661362
3.306,4,0,nan,nan,nan,nan,0.823389,1.76976,1.74815,2.34296,6.18319,32,27,rc,3.306,1.79069e+09,-3.16948,44,-0.00663906
3.307,4,0,nan,nan,nan,nan,1.15049,1.74184,1.71832,2.34622,6.18319,32,27,rc,3.307,1.79069e+09,-3.28228,44,-0.00667143
3.308,4,0,nan,nan,nan,nan,1.15049,1.74184,1.72152,2.34622,6.18319,32,27,rc,3.308,1.79069e+09,-3.30483,44,-0.00666776
3.309,4,0,nan,nan,nan,nan,0.981299,1.82736,1.75135,2.34987,6.18319,32,27,rc,3.309,1.79069e+09,-3.16948,44,-0.00665726
3.31,4,0,nan,nan,nan,nan,0.981299,1.82736,1.74496,2.34987,6.18319,32,27,rc,3.31,1.79069e+09,-3.13564,44,-0.00666887
3.311,4,0,nan,nan,nan,nan,1.36479,1.76104,1.74176,2.35341,6.18319,32,27,rc,3.311,1.79069e+09,-3.13564,44,-0.00669334
3.312,4,0,nan,nan,nan,nan,1.36479,1.76104,1.75667,2.35341,6.18328,32,27,rc,3.312,1.79069e+09,-3.16948,44,-0.0066972
3.313,4,0,nan,nan,nan,nan,1.10537,1.75929,1.74283,2.35696,6.18328,32,27,rc,3.313,1.79069e+09,-3.1582,44,-0.00668094
3.314,4,0,nan,nan,nan,nan,1.10537,1.75929,1.73856,2.35696,6.18328,32,27,rc,3.314,1.79069e+09,-3.12437,44,-0.00668155
3.315,4,0,nan,nan,nan,nan,1.08281,1.65981,1.74815,2.36032,6.18328,32,27,rc,3.315,1.79069e+09,-3.10181,44,-0.006698
3.316,4,0,nan,nan,nan,nan,1.08281,1.65981,1.74709,2.36032,6.18328,32,27,rc,3.316,1.79069e+09,-3.31611,44,-0.00673252
3.317,4,0,nan,nan,nan,nan,1.0377,1.7017,1.7652,2.36367,6.18328,32,27,rc,3.317,1.79069e+09,-3.33867,44,-0.00676189
3.318,4,0,nan,nan,nan,nan,1.0377,1.7017,1.75241,2.36367,6.18319,32,27,rc,3.318,1.79069e+09,-3.36123,44,-0.00679173
3.319,4,0,nan,nan,nan,nan,1.02642,1.84307,1.73111,2.36732,6.18319,32,27,rc,3.319,1.79069e+09,-3.32739,44,-0.00683337
3.32,4,0,nan,nan,nan,nan,1.02642,1.84307,1.7375,2.36732,6.18319,32,27,rc,3.32,1.79069e+09,-3.1582,44,-0.00686592
3.321,4,0,nan,nan,nan,nan,0.924902,1.82561,1.75028,2.37096,6.18319,32,27,rc,3.321,1.79069e+09,-3.1582,44,-0.00688982
3.322,4,0,nan,nan,nan,nan,0.924902,1.82561,1.74602,2.37096,6.18319,32,27,rc,3.322,1.79069e+09,-3.31611,44,-0.00691539
3.323,4,0,nan,nan,nan,nan,1.17305,1.82911,1.74389,2.3746,6.18319,32,27,rc,3.323,1.79069e+09,-3.31611,44,-0.00692433
3.324,4,0,nan,nan,nan,nan,1.17305,1.82911,1.73217,2.3746,6.18319,32,27,rc,3.324,1.79069e+09,-3.16948,44,-0.00693289
3.325,4,0,nan,nan,nan,nan,1.13921,1.83958,1.74709,2.37834,6.18319,32,27,rc,3.325,1.79069e+09,-3.33867,44,-0.00692393
3.326,4,0,nan,nan,nan,nan,1.13921,1.83958,1.75135,2.37834,6.18319,32,27,rc,3.326,1.79069e+09,-3.14692,44,-0.00695534
3.327,4,0,nan,nan,nan,nan,1.37607,1.74009,1.74815,2.38189,6.18319,32,27,rc,3.327,1.79069e+09,-3.28228,44,-0.00696025
3.328,4,0,nan,nan,nan,nan,1.37607,1.74009,1.75881,2.38189,6.18319,32,27,rc,3.328,1.79069e+09,-3.19204,44,-0.00693896
3.329,4,0,nan,nan,nan,nan,1.252,1.70519,1.7652,2.38524,6.18319,32,27,rc,3.329,1.79069e+09,-3.14692,44,-0.00693043
3.33,4,0,nan,nan,nan,nan,1.252,1.70519,1.7652,2.38524,6.18319,32,27,rc,3.33,1.79069e+09,-3.29355,44,-0.00694188
3.331,4,0,nan,nan,nan,nan,1.19561,1.66504,1.80035,2.3886,6.18319,32,27,rc,3.331,1.79069e+09,-3.1582,44,-0.00699097
3.332,4,0,nan,nan,nan,nan,1.19561,1.66504,1.78544,2.3886,6.18319,32,27,rc,3.332,1.79069e+09,-3.33867,44,-0.00702783
3.333,4,0,nan,nan,nan,nan,1.12793,1.72788,1.79396,2.39205,6.18319,32,27,rc,3.333,1.79069e+09,-3.19204,44,-0.00706662
3.334,4,0,nan,nan,nan,nan,1.12793,1.72788,1.77478,2.39205,6.18319,32,27,rc,3.334,1.79069e+09,-3.16948,44,-0.0070722
3.335,4,0,nan,nan,nan,nan,0.891064,1.76104,1.76946,2.3956,6.18319,32,27,rc,3.335,1.79069e+09,-3.1582,44,-0.00709305
3.336,4,0,nan,nan,nan,nan,0.891064,1.76104,1.79183,2.3956,6.18319,32,27,rc,3.336,1.79069e+09,-3.28228,44,-0.00712677
3.337,4,0,nan,nan,nan,nan,0.981299,1.73835,1.79929,2.39905,6.18319,32,27,rc,3.337,1.79069e+09,-3.16948,44,-0.00716
3.338,4,0,nan,nan,nan,nan,0.981299,1.73835,1.78224,2.39905,6.18319,32,27,rc,3.338,1.79069e+09,-3.16948,44,-0.00719608
3.339,4,0,nan,nan,nan,nan,0.710596,1.82561,1.77265,2.40269,6.18319,32,27,rc,3.339,1.79069e+09,-3.18076,44,-0.00719469
3.34,4,0,nan,nan,nan,nan,0.710596,1.82561,1.77265,2.40269,6.18319,32,27,rc,3.34,1.79069e+09,-3.18076,44,-0.00719025
3.341,4,0,nan,nan,nan,nan,0.857227,1.77675,1.78224,2.40624,6.18319,32,27,rc,3.341,1.79069e+09,-3.25972,44,-0.00718733
3.342,4,0,nan,nan,nan,nan,0.857227,1.77675,1.78011,2.40624,6.18319,32,27,rc,3.342,1.79069e+09,-3.25972,44,-0.00718031
3.343,4,0,nan,nan,nan,nan,0.845947,1.76453,1.76946,2.40979,6.18319,32,27,rc,3.343,1.79069e+09,-3.12437,44,-0.0071985
3.344,4,0,nan,nan,nan,nan,0.845947,1.76453,1.7652,2.40979,6.18328,32,27,rc,3.344,1.79069e+09,-3.13564,44,-0.00723607
3.345,4,0,nan,nan,nan,nan,0.879785,1.775,1.77692,2.41334,6.18328,32,27,rc,3.345,1.79069e+09,-3.32739,44,-0.00724675
3.346,4,0,nan,nan,nan,nan,0.879785,1.775,1.78757,2.41334,6.18328,32,27,rc,3.346,1.79069e+09,-3.33867,44,-0.00729254
3.347,4,0,nan,nan,nan,nan,0.902344,1.80991,1.79183,2.41698,6.18328,32,27,rc,3.347,1.79069e+09,-3.28228,44,-0.0073221
3.348,4,0,nan,nan,nan,nan,0.902344,1.80991,1.77905,2.41698,6.18328,32,27,rc,3.348,1.79069e+09,-3.33867,44,-0.007343
3.349,4,0,nan,nan,nan,nan,0.891064,1.82911,1.76094,2.42062,6.18319,32,27,rc,3.349,1.79069e+09,-3.30483,44,-0.00736144
3.35,4,0,nan,nan,nan,nan,0.891064,1.82911,1.77798,2.42062,6.18319,32,27,rc,3.35,1.79069e+09,-3.31611,44,-0.00739695
3.351,4,0,nan,nan,nan,nan,0.902344,1.76627,1.77585,2.42417,6.18319,32,27,rc,3.351,1.79069e+09,-3.33867,44,-0.00742051
3.352,4,0,nan,nan,nan,nan,0.902344,1.76627,1.77265,2.42417,6.18319,32,27,rc,3.352,1.79069e+09,-3.37251,44,-0.00742557
3.353,4,0,nan,nan,nan,nan,1.0377,1.79071,1.762,2.42772,6.18319,32,27,rc,3.353,1.79069e+09,-3.32739,44,-0.00744329
3.354,4,0,nan,nan,nan,nan,1.0377,1.79071,1.76839,2.42772,6.18319,32,27,rc,3.354,1.79069e+09,-3.30483,44,-0.00745568
3.355,4,0,nan,nan,nan,nan,1.0377,1.82212,1.77585,2.43136,6.18319,32,27,rc,3.355,1.79069e+09,-3.32739,44,-0.00746317
3.356,4,0,nan,nan,nan,nan,1.0377,1.82212,1.78437,2.43136,6.18319,32,27,rc,3.356,1.79069e+09,-3.31611,44,-0.0074468
3.357,4,0,nan,nan,nan,nan,1.252,1.77151,1.77905,2.43491,6.18328,32,27,rc,3.357,1.79069e+09,-3.30483,44,-0.00746279
3.358,4,0,nan,nan,nan,nan,1.252,1.77151,1.77159,2.43491,6.18328,32,27,rc,3.358,1.79069e+09,-3.29355,44,-0.00748729
3.359,4,0,nan,nan,nan,nan,1.0377,1.76453,1.77905,2.43845,6.18328,32,27,rc,3.359,1.79069e+09,-3.31611,44,-0.00750639
3.36,4,0,nan,nan,nan,nan,1.0377,1.76453,1.77692,2.43845,6.18328,32,27,rc,3.36,1.79069e+09,-3.30483,44,-0.00752182
3.361,4,0,nan,nan,nan,nan,1.15049,1.74533,1.78011,2.44191,6.18328,32,27,rc,3.361,1.79069e+09,-3.32739,44,-0.00755513
3.362,4,0,nan,nan,nan,nan,1.15049,1.74533,1.76307,2.44191,6.18328,32,27,rc,3.362,1.79069e+09,-3.31611,44,-0.00756109
3.363,4,0,nan,nan,nan,nan,1.0377,1.82736,1.76839,2.44555,6.18319,32,27,rc,3.363,1.79069e+09,-3.29355,44,-0.00758042
3.364,4,0,nan,nan,nan,nan,1.0377,1.82736,1.7897,2.44555,6.18319,32,27,rc,3.364,1.79069e+09,-3.29355,44,-0.00761213
3.365,4,0,nan,nan,nan,nan,1.21816,1.82911,1.79076,2.44919,6.18319,32,27,rc,3.365,1.79069e+09,-3.33867,44,-0.00764473
3.366,4,0,nan,nan,nan,nan,1.21816,1.82911,1.77159,2.44919,6.18319,32,27,rc,3.366,1.79069e+09,-3.33867,44,-0.00770152
3.367,4,0,nan,nan,nan,nan,0.936182,1.81863,1.75667,2.45293,6.18319,32,27,rc,3.367,1.79069e+09,-3.29355,44,-0.00770637
3.368,4,0,nan,nan,nan,nan,0.936182,1.81863,1.77159,2.45293,6.18319,32,27,rc,3.368,1.79069e+09,-3.37251,44,-0.00771058
3.369,4,0,nan,nan,nan,nan,1.11665,1.79245,1.79929,2.45667,6.18319,32,27,rc,3.369,1.79069e+09,-3.31611,44,-0.00771703
3.37,4,0,nan,nan,nan,nan,1.11665,1.79245,1.78544,2.45667,6.18319,32,27,rc,3.37,1.79069e+09,-3.32739,44,-0.00770905
3.371,4,0,nan,nan,nan,nan,1.08281,1.79769,1.77265,2.46031,6.18319,32,27,rc,3.371,1.79069e+09,-3.30483,44,-0.00771809
3.372,4,0,nan,nan,nan,nan,1.08281,1.79769,1.79396,2.46031,6.18328,32,27,rc,3.372,1.79069e+09,-3.30483,44,-0.00774132
3.373,4,0,nan,nan,nan,nan,1.07153,1.78722,1.78863,2.46367,6.18328,32,27,rc,3.373,1.79069e+09,-3.33867,44,-0.00776322
3.374,4,0,nan,nan,nan,nan,1.07153,1.78722,1.78331,2.46367,6.18328,32,27,rc,3.374,1.79069e+09,-3.33867,44,-0.00777858
3.375,4,0,nan,nan,nan,nan,1.07153,1.72613,1.80781,2.46731,6.18328,32,27,rc,3.375,1.79069e+09,-3.29355,44,-0.00778277
3.376,4,0,nan,nan,nan,nan,1.07153,1.72613,1.81314,2.46731,6.18328,32,27,rc,3.376,1.79069e+09,-3.31611,44,-0.00778506
3.377,4,0,nan,nan,nan,nan,1.07153,1.77151,1.7897,2.47067,6.18319,32,27,rc,3.377,1.79069e+09,-3.30483,44,-0.00778024
3.378,4,0,nan,nan,nan,nan,1.07153,1.77151,1.79076,2.47067,6.18319,32,27,rc,3.378,1.79069e+09,-3.30483,44,-0.00782753
3.379,4,0,nan,nan,nan,nan,0.902344,1.78896,1.81633,2.47422,6.18319,32,27,rc,3.379,1.79069e+09,-3.30483,44,-0.0078813
3.38,4,0,nan,nan,nan,nan,0.902344,1.78896,1.811,2.47422,6.18319,32,27,rc,3.38,1.79069e+09,-3.38379,44,-0.00791225
3.381,4,0,nan,nan,nan,nan,1.00386,1.74707,1.79503,2.47776,6.18319,32,27,rc,3.381,1.79069e+09,-3.33867,44,-0.00794674
3.382,4,0,nan,nan,nan,nan,1.00386,1.74707,1.81314,2.47776,6.18319,32,27,rc,3.382,1.79069e+09,-3.34995,44,-0.00795298
3.383,4,0,nan,nan,nan,nan,0.913623,1.81863,1.77905,2.48141,6.18319,32,27,rc,3.383,1.79069e+09,-3.30483,44,-0.00796453
3.384,4,0,nan,nan,nan,nan,0.913623,1.81863,1.78757,2.48141,6.18319,32,27,rc,3.384,1.79069e+09,-3.33867,44,-0.00795627
3.385,4,0,nan,nan,nan,nan,0.845947,1.77151,1.80887,2.48495,6.18319,32,27,rc,3.385,1.79069e+09,-3.31611,44,-0.00799562
3.386,4,0,nan,nan,nan,nan,0.845947,1.77151,1.80568,2.48495,6.18319,32,27,rc,3.386,1.79069e+09,-3.29355,44,-0.00803613
3.387,4,0,nan,nan,nan,nan,1.10537,1.75231,1.79609,2.4884,6.18319,32,27,rc,3.387,1.79069e+09,-3.39507,44,-0.00803196
3.388,4,0,nan,nan,nan,nan,1.10537,1.75231,1.78757,2.4884,6.18319,32,27,rc,3.388,1.79069e+09,-3.30483,44,-0.00803693
3.389,4,0,nan,nan,nan,nan,0.857227,1.80991,1.80142,2.49205,6.18319,32,27,rc,3.389,1.79069e+09,-3.28228,44,-0.00806142
3.39,4,0,nan,nan,nan,nan,0.857227,1.80991,1.7897,2.49205,6.18319,32,27,rc,3.39,1.79069e+09,-3.30483,44,-0.0080897
3.391,4,0,nan,nan,nan,nan,1.04897,1.8326,1.79289,2.49588,6.18319,32,27,rc,3.391,1.79069e+09,-3.30483,44,-0.00811889
3.392,4,0,nan,nan,nan,nan,1.04897,1.8326,1.78331,2.49588,6.18319,32,27,rc,3.392,1.79069e+09,-3.36123,44,-0.00815481
3.393,4,0,nan,nan,nan,nan,0.981299,1.85878,1.80568,2.49962,6.18319,32,27,rc,3.393,1.79069e+09,-3.33867,44,-0.00820681
3.394,4,0,nan,nan,nan,nan,0.981299,1.85878,1.79822,2.49962,6.18319,32,27,rc,3.394,1.79069e+09,-3.33867,44,-0.00825115
3.395,4,0,nan,nan,nan,nan,1.26328,1.83609,1.79076,2.50336,6.18319,32,27,rc,3.395,1.79069e+09,-3.40635,44,-0.00826353
3.396,4,0,nan,nan,nan,nan,1.26328,1.83609,1.79929,2.50336,6.18319,32,27,rc,3.396,1.79069e+09,-3.32739,44,-0.00826629
3.397,4,0,nan,nan,nan,nan,1.01514,1.83434,1.811,2.50681,6.18319,32,27,rc,3.397,1.79069e+09,-3.33867,44,-0.00826465
3.398,4,0,nan,nan,nan,nan,1.01514,1.83434,1.80781,2.50681,6.18319,32,27,rc,3.398,1.79069e+09,-3.30483,44,-0.00827668
3.399,4,0,nan,nan,nan,nan,1.16177,1.76976,1.81207,2.51036,6.18319,32,27,rc,3.399,1.79069e+09,-3.32739,44,-0.00829217
3.4,4,0,nan,nan,nan,nan,1.16177,1.76976,1.81633,2.51036,6.18319,32,27,rc,3.4,1.79069e+09,-3.32739,44,-0.00830659
3.401,4,0,nan,nan,nan,nan,0.992578,1.7366,1.80355,2.51381,6.18319,32,27,rc,3.401,1.79069e+09,-3.34995,44,-0.00828624
3.402,4,0,nan,nan,nan,nan,0.992578,1.7366,1.80461,2.51381,6.18328,32,27,rc,3.402,1.79069e+09,-3.33867,44,-0.00829283
3.403,4,0,nan,nan,nan,nan,0.981299,1.70868,1.81314,2.51726,6.18328,32,27,rc,3.403,1.79069e+09,-3.28228,44,-0.00830717
3.404,4,0,nan,nan,nan,nan,0.981299,1.70868,1.81633,2.51726,6.18328,32,27,rc,3.404,1.79069e+09,-3.30483,44,-0.00832663
3.405,4,0,nan,nan,nan,nan,0.947461,1.78547,1.79609,2.52081,6.18328,32,27,rc,3.405,1.79069e+09,-3.18076,44,-0.0083555
3.406,4,0,nan,nan,nan,nan,0.947461,1.78547,1.82379,2.52081,6.18328,32,27,rc,3.406,1.79069e+09,-3.31611,44,-0.00840597
3.407,4,0,nan,nan,nan,nan,0.97002,1.85354,1.8174,2.52445,6.18319,32,27,rc,3.407,1.79069e+09,-3.32739,44,-0.00845547
3.408,4,0,nan,nan,nan,nan,0.97002,1.85354,1.80568,2.52445,6.18319,32,27,rc,3.408,1.79069e+09,-3.33867,44,-0.00847591
3.409,4,0,nan,nan,nan,nan,0.834668,1.79245,1.78437,2.5281,6.18319,32,27,rc,3.409,1.79069e+09,-3.31611,44,-0.00850713
3.41,4,0,nan,nan,nan,nan,0.834668,1.79245,1.78118,2.5281,6.18319,32,27,rc,3.41,1.79069e+09,-3.30483,44,-0.00850254
3.411,4,0,nan,nan,nan,nan,1.02642,1.78547,1.80461,2.53164,6.18319,32,27,rc,3.411,1.79069e+09,-3.32739,44,-0.00851942
3.412,4,0,nan,nan,nan,nan,1.02642,1.78547,1.80674,2.53164,6.18319,32,27,rc,3.412,1.79069e+09,-3.30483,44,-0.00852446
3.413,4,0,nan,nan,nan,nan,1.17305,1.88321,1.79396,2.53538,6.18319,32,27,rc,3.413,1.79069e+09,-3.33867,44,-0.00854126
3.414,4,0,nan,nan,nan,nan,1.17305,1.88321,1.80035,2.53538,6.18319,32,27,rc,3.414,1.79069e+09,-3.32739,44,-0.00855694
3.415,4,0,nan,nan,nan,nan,1.10537,1.85354,1.80674,2.53912,6.18319,32,27,rc,3.415,1.79069e+09,-3.32739,44,-0.00855495
3.416,4,0,nan,nan,nan,nan,1.10537,1.85354,1.83338,2.53912,6.18328,32,27,rc,3.416,1.79069e+09,-3.32739,44,-0.00857566
3.417,4,0,nan,nan,nan,nan,1.08281,1.72089,1.82166,2.54257,6.18328,32,27,rc,3.417,1.79069e+09,-3.30483,44,-0.00860897
3.418,4,0,nan,nan,nan,nan,1.08281,1.72089,1.80248,2.54257,6.18328,32,27,rc,3.418,1.79069e+09,-3.33867,44,-0.00864524
3.419,4,0,nan,nan,nan,nan,0.80083,1.71217,1.80142,2.54602,6.18328,32,27,rc,3.419,1.79069e+09,-3.37251,44,-0.00865993
3.42,4,0,nan,nan,nan,nan,0.80083,1.71217,1.83444,2.54602,6.18319,32,27,rc,3.42,1.79069e+09,-3.33867,44,-0.00868067
3.421,4,0,nan,nan,nan,nan,0.936182,1.78373,1.83977,2.54957,6.18319,32,27,rc,3.421,1.79069e+09,-3.33867,44,-0.00872641
3.422,4,0,nan,nan,nan,nan,0.936182,1.78373,1.82059,2.54957,6.18319,32,27,rc,3.422,1.79069e+09,-3.33867,44,-0.00874798
3.423,4,0,nan,nan,nan,nan,0.710596,1.87797,1.80248,2.55331,6.18319,32,27,rc,3.423,1.79069e+09,-3.37251,44,-0.00874241
3.424,4,0,nan,nan,nan,nan,0.710596,1.87797,1.80248,2.55331,6.18319,32,27,rc,3.424,1.79069e+09,-3.32739,44,-0.00877673
3.425,4,0,nan,nan,nan,nan,0.857227,1.82911,1.80781,2.55695,6.18319,32,27,rc,3.425,1.79069e+09,-3.29355,44,-0.00880156
3.426,4,0,nan,nan,nan,nan,0.857227,1.82911,1.80568,2.55695,6.18319,32,27,rc,3.426,1.79069e+09,-3.33867,44,-0.00882641
3.427,4,0,nan,nan,nan,nan,1.04897,1.84656,1.80674,2.56069,6.18319,32,27,rc,3.427,1.79069e+09,-3.32739,44,-0.0088625
3.428,4,0,nan,nan,nan,nan,1.04897,1.84656,1.80994,2.56069,6.18319,32,27,rc,3.428,1.79069e+09,-3.32739,44,-0.0088705
3.429,4,0,nan,nan,nan,nan,1.13921,1.78896,1.80994,2.56424,6.18319,32,27,rc,3.429,1.79069e+09,-3.33867,44,-0.00885852
3.43,4,0,nan,nan,nan,nan,1.13921,1.78896,1.80994,2.56424,6.18319,32,27,rc,3.43,1.79069e+09,-3.30483,44,-0.00884248
3.431,4,0,nan,nan,nan,nan,1.11665,1.73835,1.81846,2.56779,6.18319,32,27,rc,3.431,1.79069e+09,-3.25972,44,-0.00887423
3.432,4,0,nan,nan,nan,nan,1.11665,1.73835,1.83551,2.56779,6.18319,32,27,rc,3.432,1.79069e+09,-3.271,44,-0.00888927
3.433,4,0,nan,nan,nan,nan,1.18433,1.72962,1.83444,2.57124,6.18319,32,27,rc,3.433,1.79069e+09,-3.33867,44,-0.00889938
3.434,4,0,nan,nan,nan,nan,1.18433,1.72962,1.82379,2.57124,6.18319,32,27,rc,3.434,1.79069e+09,-3.32739,44,-0.008918
3.435,4,0,nan,nan,nan,nan,0.845947,1.77325,1.84403,2.57469,6.18319,32,27,rc,3.435,1.79069e+09,-3.33867,44,-0.00895323
3.436,4,0,nan,nan,nan,nan,0.845947,1.77325,1.85894,2.57469,6.18319,32,27,rc,3.436,1.79069e+09,-3.33867,44,-0.00896535
3.437,4,0,nan,nan,nan,nan,0.992578,1.76802,1.82805,2.57824,6.18319,32,27,rc,3.437,1.79069e+09,-3.32739,44,-0.00899796
3.438,4,0,nan,nan,nan,nan,0.992578,1.76802,1.80781,2.57824,6.18319,32,27,rc,3.438,1.79069e+09,-3.32739,44,-0.00902684
3.439,4,0,nan,nan,nan,nan,0.575244,1.775,1.80994,2.58188,6.18319,32,27,rc,3.439,1.79069e+09,-3.32739,44,-0.00906529
3.44,4,0,nan,nan,nan,nan,0.575244,1.775,1.80994,2.58188,6.18319,32,27,rc,3.44,1.79069e+09,-3.34995,44,-0.00911749
3.441,4,0,nan,nan,nan,nan,0.981299,1.81689,1.8142,2.58543,6.18319,32,27,rc,3.441,1.79069e+09,-3.34995,44,-0.00915792
3.442,4,0,nan,nan,nan,nan,0.981299,1.81689,1.82379,2.58543,6.18319,32,27,rc,3.442,1.79069e+09,-3.34995,44,-0.00916911
3.443,4,0,nan,nan,nan,nan,0.913623,1.91463,1.8142,2.58926,6.18319,32,27,rc,3.443,1.79069e+09,-3.34995,44,-0.00917212
3.444,4,0,nan,nan,nan,nan,0.913623,1.91463,1.81527,2.58926,6.18319,32,27,rc,3.444,1.79069e+09,-3.29355,44,-0.00919082
3.445,4,0,nan,nan,nan,nan,0.95874,1.87448,1.81314,2.593,6.18319,32,27,rc,3.445,1.79069e+09,-3.32739,44,-0.00919022
3.446,4,0,nan,nan,nan,nan,0.95874,1.87448,1.81527,2.593,6.18319,32,27,rc,3.446,1.79069e+09,-3.32739,44,-0.00921227
3.447,4,0,nan,nan,nan,nan,1.01514,1.76627,1.81527,2.59665,6.18319,32,27,rc,3.447,1.79069e+09,-3.16948,44,-0.00922132
3.448,4,0,nan,nan,nan,nan,1.01514,1.76627,1.81207,2.59665,6.18319,32,27,rc,3.448,1.79069e+09,-3.34995,44,-0.00922015
3.449,4,0,nan,nan,nan,nan,1.17305,1.78198,1.83231,2.60039,6.18319,32,27,rc,3.449,1.79069e+09,-3.28228,44,-0.00923566
3.45,4,0,nan,nan,nan,nan,1.17305,1.78198,1.82166,2.60039,6.18319,32,27,rc,3.45,1.79069e+09,-3.33867,44,-0.00925303
3.451,4,0,nan,nan,nan,nan,1.06025,1.84132,1.83231,2.60384,6.18319,32,27,rc,3.451,1.79069e+09,-3.33867,44,-0.00926767
3.452,4,0,nan,nan,nan,nan,1.06025,1.84132,1.83551,2.60384,6.18319,32,27,rc,3.452,1.79069e+09,-3.32739,44,-0.00930705
3.453,4,0,nan,nan,nan,nan,1.10537,1.81689,1.83657,2.60748,6.18319,32,27,rc,3.453,1.79069e+09,-3.32739,44,-0.0093482
3.454,4,0,nan,nan,nan,nan,1.10537,1.81689,1.83764,2.60748,6.18319,32,27,rc,3.454,1.79069e+09,-3.33867,44,-0.0093715
3.455,4,0,nan,nan,nan,nan,0.902344,1.83958,1.82166,2.61112,6.18319,32,27,rc,3.455,1.79069e+09,-3.33867,44,-0.00940051
3.456,4,0,nan,nan,nan,nan,0.902344,1.83958,1.80674,2.61112,6.18319,32,27,rc,3.456,1.79069e+09,-3.34995,44,-0.0094316
3.457,4,0,nan,nan,nan,nan,1.01514,1.77849,1.82698,2.61496,6.18319,32,27,rc,3.457,1.79069e+09,-3.37251,44,-0.00941341
3.458,4,0,nan,nan,nan,nan,1.01514,1.77849,1.80568,2.61496,6.18319,32,27,rc,3.458,1.79069e+09,-3.33867,44,-0.00941125
3.459,4,0,nan,nan,nan,nan,1.13921,1.76627,1.83125,2.61851,6.18319,32,27,rc,3.459,1.79069e+09,-3.28228,44,-0.0094289
3.46,4,0,nan,nan,nan,nan,1.13921,1.76627,1.83977,2.61851,6.18319,32,27,rc,3.46,1.79069e+09,-3.33867,44,-0.00941233
3.461,4,0,nan,nan,nan,nan,1.27456,1.82911,1.84509,2.62215,6.18319,32,27,rc,3.461,1.79069e+09,-3.32739,44,-0.00944472
3.462,4,0,nan,nan,nan,nan,1.27456,1.82911,1.8419,2.62215,6.18319,32,27,rc,3.462,1.79069e+09,-3.29355,44,-0.00948513
3.463,4,0,nan,nan,nan,nan,0.902344,1.83085,1.83551,2.62579,6.18319,32,27,rc,3.463,1.79069e+09,-3.32739,44,-0.00950524
3.464,4,0,nan,nan,nan,nan,0.902344,1.83085,1.83125,2.62579,6.18319,32,27,rc,3.464,1.79069e+09,-3.33867,44,-0.00954427
3.465,4,0,nan,nan,nan,nan,0.857227,1.76104,1.83657,2.62915,6.18319,32,27,rc,3.465,1.79069e+09,-3.34995,44,-0.00954815
3.466,4,0,nan,nan,nan,nan,0.857227,1.76104,1.83231,2.62915,6.18319,32,27,rc,3.466,1.79069e+09,-3.30483,44,-0.00956762
3.467,4,0,nan,nan,nan,nan,0.778271,1.7366,1.83977,2.6326,6.18319,32,27,rc,3.467,1.79069e+09,-3.29355,44,-0.00961838
3.468,4,0,nan,nan,nan,nan,0.778271,1.7366,1.82698,2.6326,6.18319,32,27,rc,3.468,1.79069e+09,-3.33867,44,-0.00963577
3.469,4,0,nan,nan,nan,nan,0.845947,1.84307,1.83977,2.63624,6.18319,32,27,rc,3.469,1.79069e+09,-3.38379,44,-0.00966879
3.47,4,0,nan,nan,nan,nan,0.845947,1.84307,1.82911,2.63624,6.18319,32,27,rc,3.47,1.79069e+09,-3.37251,44,-0.00968331
3.471,4,0,nan,nan,nan,nan,0.845947,1.94081,1.80887,2.64036,6.18319,32,27,rc,3.471,1.79069e+09,-3.34995,44,-0.00969027
3.472,4,0,nan,nan,nan,nan,0.845947,1.94081,1.80355,2.64036,6.18319,32,27,rc,3.472,1.79069e+09,-3.33867,44,-0.00972998
3.473,4,0,nan,nan,nan,nan,0.947461,1.88496,1.8142,2.64391,6.18319,32,27,rc,3.473,1.79069e+09,-3.32739,44,-0.0097448
3.474,4,0,nan,nan,nan,nan,0.947461,1.88496,1.85149,2.64391,6.18319,32,27,rc,3.474,1.79069e+09,-3.34995,44,-0.00977768
3.475,4,0,nan,nan,nan,nan,1.11665,1.80293,1.83551,2.64775,6.18319,32,27,rc,3.475,1.79069e+09,-3.33867,44,-0.0097959
3.476,4,0,nan,nan,nan,nan,1.11665,1.80293,1.83125,2.64775,6.18319,32,27,rc,3.476,1.79069e+09,-3.33867,44,-0.00978967
3.477,4,0,nan,nan,nan,nan,0.834668,1.76802,1.83338,2.6511,6.18319,32,27,rc,3.477,1.79069e+09,-3.32739,44,-0.00978219
3.478,4,0,nan,nan,nan,nan,0.834668,1.76802,1.82698,2.6511,6.18319,32,27,rc,3.478,1.79069e+09,-3.32739,44,-0.00979307
3.479,4,0,nan,nan,nan,nan,0.902344,1.7366,1.85255,2.65455,6.18319,32,27,rc,3.479,1.79069e+09,-3.30483,44,-0.00981602
3.48,4,0,nan,nan,nan,nan,0.902344,1.7366,1.86107,2.65455,6.18319,32,27,rc,3.48,1.79069e+09,-3.34995,44,-0.00983279
3.481,4,0,nan,nan,nan,nan,1.02642,1.78722,1.83657,2.6581,6.18319,32,27,rc,3.481,1.79069e+09,-3.33867,44,-0.00985072
3.482,4,0,nan,nan,nan,nan,1.02642,1.78722,1.83657,2.6581,6.18319,32,27,rc,3.482,1.79069e+09,-3.33867,44,-0.00987097
3.483,4,0,nan,nan,nan,nan,0.64292,1.8483,1.83338,2.66203,6.18319,32,27,rc,3.483,1.79069e+09,-3.29355,44,-0.00993085
3.484,4,0,nan,nan,nan,nan,0.64292,1.8483,1.81527,2.66203,6.18319,32,27,rc,3.484,1.79069e+09,-3.33867,44,-0.00997954
3.485,4,0,nan,nan,nan,nan,0.913623,1.86052,1.81633,2.66577,6.18319,32,27,rc,3.485,1.79069e+09,-3.37251,44,-0.0100084
3.486,4,0,nan,nan,nan,nan,0.913623,1.86052,1.82166,2.66577,6.18319,32,27,rc,3.486,1.79069e+09,-3.32739,44,-0.0100457
3.487,4,0,nan,nan,nan,nan,0.992578,1.90066,1.8419,2.66951,6.18319,32,27,rc,3.487,1.79069e+09,-3.34995,44,-0.0100768
3.488,4,0,nan,nan,nan,nan,0.992578,1.90066,1.85894,2.66951,6.18319,32,27,rc,3.488,1.79069e+09,-3.38379,44,-0.0100871
3.489,4,0,nan,nan,nan,nan,1.00386,1.92335,1.83657,2.67335,6.18319,32,27,rc,3.489,1.79069e+09,-3.37251,44,-0.0100949
3.49,4,0,nan,nan,nan,nan,1.00386,1.92335,1.8174,2.67335,6.18319,32,27,rc,3.49,1.79069e+09,-3.34995,44,-0.0100868
3.491,4,0,nan,nan,nan,nan,0.789551,1.81514,1.83977,2.67708,6.18319,32,27,rc,3.491,1.79069e+09,-3.34995,44,-0.0100809
3.492,4,0,nan,nan,nan,nan,0.789551,1.81514,1.82805,2.67708,6.18319,32,27,rc,3.492,1.79069e+09,-3.29355,44,-0.0100868
3.493,4,0,nan,nan,nan,nan,1.07153,1.79245,1.8174,2.68063,6.18319,32,27,rc,3.493,1.79069e+09,-3.31611,44,-0.0100915
3.494,4,0,nan,nan,nan,nan,1.07153,1.79245,1.84296,2.68063,6.18319,32,27,rc,3.494,1.79069e+09,-3.30483,44,-0.0100957
3.495,4,0,nan,nan,nan,nan,0.992578,1.8483,1.84296,2.68427,6.18319,32,27,rc,3.495,1.79069e+09,-3.33867,44,-0.0101347
3.496,4,0,nan,nan,nan,nan,0.992578,1.8483,1.8419,2.68427,6.18319,32,27,rc,3.496,1.79069e+09,-3.33867,44,-0.0101947
3.497,4,0,nan,nan,nan,nan,0.789551,1.86925,1.84829,2.68782,6.18319,32,27,rc,3.497,1.79069e+09,-3.32739,44,-0.0102174
3.498,4,0,nan,nan,nan,nan,0.789551,1.86925,1.85042,2.68782,6.18319,32,27,rc,3.498,1.79069e+09,-3.38379,44,-0.0102125
3.499,4,0,nan,nan,nan,nan,0.823389,1.84307,1.83977,2.69175,6.18319,32,27,rc,3.499,1.79069e+09,-3.30483,44,-0.010221
3.5,4,0,nan,nan,nan,nan,0.823389,1.84307,1.85681,2.69175,6.18319,32,27,rc,3.5,1.79069e+09,-3.29355,44,-0.0102436
3.501,4,0,nan,nan,nan,nan,0.879785,1.79769,1.85042,2.6954,6.18319,32,27,rc,3.501,1.79069e+09,-3.34995,44,-0.0102615
3.502,4,0,nan,nan,nan,nan,0.879785,1.79769,1.84509,2.6954,6.18319,32,27,rc,3.502,1.79069e+09,-3.37251,44,-0.0102817
3.503,4,0,nan,nan,nan,nan,0.778271,1.72439,1.84083,2.69885,6.18319,32,27,rc,3.503,1.79069e+09,-3.37251,44,-0.0102812
3.504,4,0,nan,nan,nan,nan,0.778271,1.72439,1.8419,2.69885,6.18319,32,27,rc,3.504,1.79069e+09,-3.33867,44,-0.0102877
3.505,4,0,nan,nan,nan,nan,0.80083,1.7017,1.83657,2.7022,6.18319,32,27,rc,3.505,1.79069e+09,-3.32739,44,-0.010301
3.506,4,0,nan,nan,nan,nan,0.80083,1.7017,1.83977,2.7022,6.18319,32,27,rc,3.506,1.79069e+09,-3.30483,44,-0.0103135
3.507,4,0,nan,nan,nan,nan,0.766992,1.77325,1.85149,2.70575,6.18319,32,27,rc,3.507,1.79069e+09,-3.31611,44,-0.0103367
3.508,4,0,nan,nan,nan,nan,0.766992,1.77325,1.84296,2.70575,6.18319,32,27,rc,3.508,1.79069e+09,-3.32739,44,-0.0104115
3.509,4,0,nan,nan,nan,nan,0.676758,1.86576,1.83977,2.70949,6.18319,32,27,rc,3.509,1.79069e+09,-3.33867,44,-0.0104438
3.51,4,0,nan,nan,nan,nan,0.676758,1.86576,1.83764,2.70949,6.18319,32,27,rc,3.51,1.79069e+09,-3.39507,44,-0.010468
3.511,4,0,nan,nan,nan,nan,0.812109,1.86227,1.82059,2.71323,6.18319,32,27,rc,3.511,1.79069e+09,-3.36123,44,-0.010507
3.512,4,0,nan,nan,nan,nan,0.812109,1.86227,1.81207,2.71323,6.18319,32,27,rc,3.512,1.79069e+09,-3.32739,44,-0.0105336
3.513,4,0,nan,nan,nan,nan,0.766992,1.91288,1.81527,2.71706,6.18319,32,27,rc,3.513,1.79069e+09,-3.34995,44,-0.0105528
3.514,4,0,nan,nan,nan,nan,0.766992,1.91288,1.82592,2.71706,6.18319,32,27,rc,3.514,1.79069e+09,-3.33867,44,-0.0105868
3.515,4,0,nan,nan,nan,nan,1.11665,1.90764,1.83551,2.7208,6.18319,32,27,rc,3.515,1.79069e+09,-3.37251,44,-0.0106011
3.516,4,0,nan,nan,nan,nan,1.11665,1.90764,1.83764,2.7208,6.18319,32,27,rc,3.516,1.79069e+09,-3.41763,44,-0.0106215
3.517,4,0,nan,nan,nan,nan,1.06025,1.9059,1.84403,2.72464,6.18319,32,27,rc,3.517,1.79069e+09,-3.37251,44,-0.0106303
3.518,4,0,nan,nan,nan,nan,1.06025,1.9059,1.84296,2.72464,6.18319,32,27,rc,3.518,1.79069e+09,-3.38379,44,-0.010619
3.519,4,0,nan,nan,nan,nan,1.07153,1.82387,1.81527,2.72838,6.18319,32,27,rc,3.519,1.79069e+09,-3.20332,44,-0.0106202
3.52,4,0,nan,nan,nan,nan,1.07153,1.82387,1.82592,2.72838,6.18319,32,27,rc,3.52,1.79069e+09,-3.29355,44,-0.0106405
3.521,4,0,nan,nan,nan,nan,0.913623,1.80467,1.82805,2.73192,6.18319,32,27,rc,3.521,1.79069e+09,-3.37251,44,-0.0106524
3.522,4,0,nan,nan,nan,nan,0.913623,1.80467,1.8387,2.73192,6.18319,32,27,rc,3.522,1.79069e+09,-3.34995,44,-0.0106681
3.523,4,0,nan,nan,nan,nan,1.18433,1.81514,1.84403,2.73557,6.18319,32,27,rc,3.523,1.79069e+09,-3.33867,44,-0.0107025
3.524,4,0,nan,nan,nan,nan,1.18433,1.81514,1.82059,2.73557,6.18319,32,27,rc,3.524,1.79069e+09,-3.34995,44,-0.0107197
3.525,4,0,nan,nan,nan,nan,0.95874,1.86401,1.84616,2.73931,6.18319,32,27,rc,3.525,1.79069e+09,-3.36123,44,-0.0107512
3.526,4,0,nan,nan,nan,nan,0.95874,1.86401,1.8664,2.73931,6.18319,32,27,rc,3.526,1.79069e+09,-3.33867,44,-0.0107745
3.527,4,0,nan,nan,nan,nan,1.16177,1.86576,1.86001,2.74305,6.18319,32,27,rc,3.527,1.79069e+09,-3.36123,44,-0.0107855
3.528,4,0,nan,nan,nan,nan,1.16177,1.86576,1.85149,2.74305,6.18319,32,27,rc,3.528,1.79069e+09,-3.37251,44,-0.0108049
3.529,4,0,nan,nan,nan,nan,0.744434,1.82212,1.85575,2.74669,6.18319,32,27,rc,3.529,1.79069e+09,-3.34995,44,-0.0108181
3.53,4,0,nan,nan,nan,nan,0.744434,1.82212,1.84829,2.74669,6.18319,32,27,rc,3.53,1.79069e+09,-3.38379,44,-0.0108275
3.531,4,0,nan,nan,nan,nan,0.868506,1.68773,1.83764,2.75014,6.18319,32,27,rc,3.531,1.79069e+09,-3.38379,44,-0.0108398
3.532,4,0,nan,nan,nan,nan,0.868506,1.68773,1.8387,2.75014,6.18319,32,27,rc,3.532,1.79069e+09,-3.2146,44,-0.0108472
3.533,4,0,nan,nan,nan,nan,0.744434,1.73311,1.84403,2.75359,6.18319,32,27,rc,3.533,1.79069e+09,-3.34995,44,-0.0108532
3.534,4,0,nan,nan,nan,nan,0.744434,1.73311,1.84509,2.75359,6.18319,32,27,rc,3.534,1.79069e+09,-3.34995,44,-0.0108524
3.535,4,0,nan,nan,nan,nan,0.845947,1.81514,1.86747,2.75714,6.18319,32,27,rc,3.535,1.79069e+09,-3.33867,44,-0.0108708
3.536,4,0,nan,nan,nan,nan,0.845947,1.81514,1.84936,2.75714,6.18319,32,27,rc,3.536,1.79069e+09,-3.30483,44,-0.0109142
3.537,4,0,nan,nan,nan,nan,0.733154,1.93906,1.84509,2.76097,6.18319,32,27,rc,3.537,1.79069e+09,-3.19204,44,-0.0109542
3.538,4,0,nan,nan,nan,nan,0.733154,1.93906,1.85468,2.76097,6.18319,32,27,rc,3.538,1.79069e+09,-3.33867,44,-0.0110125
3.539,4,0,nan,nan,nan,nan,0.845947,1.91812,1.83125,2.7649,6.18319,32,27,rc,3.539,1.79069e+09,-3.34995,44,-0.011032
3.54,4,0,nan,nan,nan,nan,0.845947,1.91812,1.81633,2.7649,6.18319,32,27,rc,3.54,1.79069e+09,-3.23716,44,-0.0110537
3.541,4,0,nan,nan,nan,nan,0.778271,1.89892,1.83444,2.76893,6.18319,32,27,rc,3.541,1.79069e+09,-3.19204,44,-0.0110733
3.542,4,0,nan,nan,nan,nan,0.778271,1.89892,1.84296,2.76893,6.18319,32,27,rc,3.542,1.79069e+09,-3.2146,44,-0.0110854
3.543,4,0,nan,nan,nan,nan,1.11665,1.87274,1.84616,2.77238,6.18319,32,27,rc,3.543,1.79069e+09,-3.22588,44,-0.0111128
3.544,4,0,nan,nan,nan,nan,1.11665,1.87274,1.85149,2.77238,6.18319,32,27,rc,3.544,1.79069e+09,-3.37251,44,-0.0111364
3.545,4,0,nan,nan,nan,nan,0.879785,1.89368,1.83338,2.77622,6.18319,32,27,rc,3.545,1.79069e+09,-3.22588,44,-0.0111161
3.546,4,0,nan,nan,nan,nan,0.879785,1.89368,1.84509,2.77622,6.18319,32,27,rc,3.546,1.79069e+09,-3.34995,44,-0.0111157
3.547,4,0,nan,nan,nan,nan,0.97002,1.78896,1.83444,2.77986,6.18319,32,27,rc,3.547,1.79069e+09,-3.16948,44,-0.0111304
3.548,4,0,nan,nan,nan,nan,0.97002,1.78896,1.84296,2.77986,6.18319,32,27,rc,3.548,1.79069e+09,-3.20332,44,-0.0111371
3.549,4,0,nan,nan,nan,nan,0.879785,1.77151,1.86427,2.78341,6.18319,32,27,rc,3.549,1.79069e+09,-3.19204,44,-0.0111441
3.55,4,0,nan,nan,nan,nan,0.879785,1.77151,1.85255,2.78341,6.18319,32,27,rc,3.55,1.79069e+09,-3.19204,44,-0.0111772
3.551,4,0,nan,nan,nan,nan,0.981299,1.85703,1.84509,2.78705,6.18319,32,27,rc,3.551,1.79069e+09,-3.22588,44,-0.0112266
3.552,4,0,nan,nan,nan,nan,0.981299,1.85703,1.84616,2.78705,6.18319,32,27,rc,3.552,1.79069e+09,-3.23716,44,-0.0112643
3.553,4,0,nan,nan,nan,nan,0.789551,1.86925,1.85894,2.79079,6.18319,32,27,rc,3.553,1.79069e+09,-3.23716,44,-0.0112586
3.554,4,0,nan,nan,nan,nan,0.789551,1.86925,1.86107,2.79079,6.18319,32,27,rc,3.554,1.79069e+09,-3.34995,44,-0.0112862
3.555,4,0,nan,nan,nan,nan,0.891064,1.8483,1.84722,2.79453,6.18309,32,27,rc,3.555,1.79069e+09,-3.20332,44,-0.0113179
3.556,4,0,nan,nan,nan,nan,0.891064,1.8483,1.85149,2.79453,6.18309,32,27,rc,3.556,1.79069e+09,-3.41763,44,-0.0113467
3.557,4,0,nan,nan,nan,nan,0.834668,1.83085,1.8632,2.79817,6.18309,32,27,rc,3.557,1.79069e+09,-3.25972,44,-0.0113632
3.558,4,0,nan,nan,nan,nan,0.834668,1.83085,1.8387,2.79817,6.18309,32,27,rc,3.558,1.79069e+09,-3.22588,44,-0.0113701
3.559,4,0,nan,nan,nan,nan,1.00386,1.75231,1.83338,2.80172,6.18319,32,27,rc,3.559,1.79069e+09,-3.2146,44,-0.011371
3.56,4,0,nan,nan,nan,nan,1.00386,1.75231,1.82379,2.80172,6.18319,32,27,rc,3.56,1.79069e+09,-3.2146,44,-0.0113663
3.561,4,0,nan,nan,nan,nan,0.879785,1.77849,1.85894,2.80527,6.18319,32,27,rc,3.561,1.79069e+09,-3.32739,44,-0.0113792
3.562,4,0,nan,nan,nan,nan,0.879785,1.77849,1.84829,2.80527,6.18319,32,27,rc,3.562,1.79069e+09,-3.20332,44,-0.0113919
3.563,4,0,nan,nan,nan,nan,1.08281,1.85354,1.86107,2.80891,6.18319,32,27,rc,3.563,1.79069e+09,-3.23716,44,-0.0114192
3.564,4,0,nan,nan,nan,nan,1.08281,1.85354,1.86853,2.80891,6.18319,32,27,rc,3.564,1.79069e+09,-3.22588,44,-0.0114729
3.565,4,0,nan,nan,nan,nan,0.891064,1.94255,1.85575,2.81284,6.18319,32,27,rc,3.565,1.79069e+09,-3.24844,44,-0.0114957
3.566,4,0,nan,nan,nan,nan,0.891064,1.94255,1.83125,2.81284,6.18319,32,27,rc,3.566,1.79069e+09,-3.23716,44,-0.0115089
3.567,4,0,nan,nan,nan,nan,0.891064,1.85005,1.83444,2.81658,6.18309,32,27,rc,3.567,1.79069e+09,-3.38379,44,-0.0115285
3.568,4,0,nan,nan,nan,nan,0.891064,1.85005,1.8664,2.81658,6.18309,32,27,rc,3.568,1.79069e+09,-3.2146,44,-0.0115377
3.569,4,0,nan,nan,nan,nan,0.936182,1.8134,1.87918,2.82022,6.18309,32,27,rc,3.569,1.79069e+09,-3.22588,44,-0.0115669
3.57,4,0,nan,nan,nan,nan,0.936182,1.8134,1.86427,2.82022,6.18309,32,27,rc,3.57,1.79069e+09,-3.23716,44,-0.0115966
3.571,4,0,nan,nan,nan,nan,0.902344,1.86227,1.87173,2.82415,6.18309,32,27,rc,3.571,1.79069e+09,-3.271,44,-0.0116118
3.572,4,0,nan,nan,nan,nan,0.902344,1.86227,1.84936,2.82415,6.18309,32,27,rc,3.572,1.79069e+09,-3.25972,44,-0.011619
3.573,4,0,nan,nan,nan,nan,0.755713,1.77675,1.85468,2.82751,6.18319,32,27,rc,3.573,1.79069e+09,-3.2146,44,-0.0116088
3.574,4,0,nan,nan,nan,nan,0.755713,1.77675,1.85575,2.82751,6.18319,32,27,rc,3.574,1.79069e+09,-3.19204,44,-0.0116015
3.575,4,0,nan,nan,nan,nan,0.947461,1.74184,1.86001,2.83096,6.18319,32,27,rc,3.575,1.79069e+09,-3.20332,44,-0.0116151
3.576,4,0,nan,nan,nan,nan,0.947461,1.74184,1.85575,2.83096,6.18319,32,27,rc,3.576,1.79069e+09,-3.18076,44,-0.0116469
3.577,4,0,nan,nan,nan,nan,0.823389,1.79594,1.87066,2.8346,6.18319,32,27,rc,3.577,1.79069e+09,-3.22588,44,-0.0116699
3.578,4,0,nan,nan,nan,nan,0.823389,1.79594,1.86001,2.8346,6.18319,32,27,rc,3.578,1.79069e+09,-3.22588,44,-0.0117008
3.579,4,0,nan,nan,nan,nan,0.879785,1.85005,1.83764,2.83825,6.18319,32,27,rc,3.579,1.79069e+09,-3.23716,44,-0.0117339
3.58,4,0,nan,nan,nan,nan,0.879785,1.85005,1.84616,2.83825,6.18319,32,27,rc,3.58,1.79069e+09,-3.2146,44,-0.0117756
3.581,4,0,nan,nan,nan,nan,0.699316,1.85703,1.84829,2.84199,6.18319,32,27,rc,3.581,1.79069e+09,-3.2146,44,-0.0117936
3.582,4,0,nan,nan,nan,nan,0.699316,1.85703,1.85149,2.84199,6.18309,32,27,rc,3.582,1.79069e+09,-3.23716,44,-0.0118207
3.583,4,0,nan,nan,nan,nan,0.812109,1.8675,1.87812,2.84573,6.18309,32,27,rc,3.583,1.79069e+09,-3.22588,44,-0.0118445
3.584,4,0,nan,nan,nan,nan,0.812109,1.8675,1.84509,2.84573,6.18309,32,27,rc,3.584,1.79069e+09,-3.23716,44,-0.0118755
3.585,4,0,nan,nan,nan,nan,0.789551,1.91463,1.83977,2.84956,6.18309,32,27,rc,3.585,1.79069e+09,-3.23716,44,-0.0118977
3.586,4,0,nan,nan,nan,nan,0.789551,1.91463,1.85788,2.84956,6.18309,32,27,rc,3.586,1.79069e+09,-3.25972,44,-0.0119023
3.587,4,0,nan,nan,nan,nan,0.97002,1.82736,1.83657,2.8532,6.18309,32,27,rc,3.587,1.79069e+09,-3.23716,44,-0.0119039
3.588,4,0,nan,nan,nan,nan,0.97002,1.82736,1.83338,2.8532,6.18319,32,27,rc,3.588,1.79069e+09,-3.2146,44,-0.0118994
3.589,4,0,nan,nan,nan,nan,0.834668,1.75929,1.85788,2.85675,6.18319,32,27,rc,3.589,1.79069e+09,-3.2146,44,-0.0119232
3.59,4,0,nan,nan,nan,nan,0.834668,1.75929,1.85362,2.85675,6.18319,32,27,rc,3.59,1.79069e+09,-3.2146,44,-0.0119446
3.591,4,0,nan,nan,nan,nan,0.992578,1.75755,1.87705,2.8602,6.18319,32,27,rc,3.591,1.79069e+09,-3.23716,44,-0.01197
3.592,4,0,nan,nan,nan,nan,0.992578,1.75755,1.86001,2.8602,6.18319,32,27,rc,3.592,1.79069e+09,-3.22588,44,-0.011986
3.593,4,0,nan,nan,nan,nan,0.789551,1.85528,1.85149,2.86394,6.18319,32,27,rc,3.593,1.79069e+09,-3.2146,44,-0.0120014
3.594,4,0,nan,nan,nan,nan,0.789551,1.85528,1.84936,2.86394,6.18319,32,27,rc,3.594,1.79069e+09,-3.2146,44,-0.0120024
3.595,4,0,nan,nan,nan,nan,0.80083,1.84656,1.83977,2.86768,6.18309,32,27,rc,3.595,1.79069e+09,-3.2146,44,-0.0120332
3.596,4,0,nan,nan,nan,nan,0.80083,1.84656,1.8664,2.86768,6.18309,32,27,rc,3.596,1.79069e+09,-3.22588,44,-0.0120567
3.597,4,0,nan,nan,nan,nan,0.868506,1.85005,1.85042,2.87132,6.18309,32,27,rc,3.597,1.79069e+09,-3.23716,44,-0.0120764
3.598,4,0,nan,nan,nan,nan,0.868506,1.85005,1.85681,2.87132,6.18309,32,27,rc,3.598,1.79069e+09,-3.22588,44,-0.0121071
3.599,4,0,nan,nan,nan,nan,0.812109,1.85528,1.85681,2.87506,6.18309,32,27,rc,3.599,1.79069e+09,-3.23716,44,-0.01214
3.6,4,0,nan,nan,nan,nan,0.812109,1.85528,1.85042,2.87506,6.18309,32,27,rc,3.6,1.79069e+09,-3.23716,44,-0.0121554
3.601,4,0,nan,nan,nan,nan,0.947461,1.76976,1.84083,2.87861,6.18319,32,27,rc,3.601,1.79069e+09,-3.25972,44,-0.012157
3.602,4,0,nan,nan,nan,nan,0.947461,1.76976,1.83764,2.87861,6.18319,32,27,rc,3.602,1.79069e+09,-3.19204,44,-0.0121601
3.603,4,0,nan,nan,nan,nan,0.891064,1.74533,1.86853,2.88216,6.18319,32,27,rc,3.603,1.79069e+09,-3.2146,44,-0.0121847
3.604,4,0,nan,nan,nan,nan,0.891064,1.74533,1.88025,2.88216,6.18319,32,27,rc,3.604,1.79069e+09,-3.39507,44,-0.0121944
3.605,4,0,nan,nan,nan,nan,0.992578,1.81514,1.87492,2.88571,6.18319,32,27,rc,3.605,1.79069e+09,-3.25972,44,-0.0122248
3.606,4,0,nan,nan,nan,nan,0.992578,1.81514,1.84403,2.88571,6.18319,32,27,rc,3.606,1.79069e+09,-3.2146,44,-0.0122656
3.607,4,0,nan,nan,nan,nan,0.575244,1.87797,1.84083,2.88944,6.18319,32,27,rc,3.607,1.79069e+09,-3.23716,44,-0.0122828
3.608,4,0,nan,nan,nan,nan,0.575244,1.87797,1.85042,2.88944,6.18319,32,27,rc,3.608,1.79069e+09,-3.41763,44,-0.012303
3.609,4,0,nan,nan,nan,nan,1.02642,1.82387,1.86001,2.89309,6.18309,32,27,rc,3.609,1.79069e+09,-3.22588,44,-0.0123314
3.61,4,0,nan,nan,nan,nan,1.02642,1.82387,1.85575,2.89309,6.18309,32,27,rc,3.61,1.79069e+09,-3.23716,44,-0.0123784
3.611,4,0,nan,nan,nan,nan,0.879785,1.90066,1.85894,2.89692,6.18309,32,27,rc,3.611,1.79069e+09,-3.23716,44,-0.012437
3.612,4,0,nan,nan,nan,nan,0.879785,1.90066,1.83977,2.89692,6.18309,32,27,rc,3.612,1.79069e+09,-3.271,44,-0.0124605
3.613,4,0,nan,nan,nan,nan,0.857227,1.94604,1.83657,2.90076,6.18309,32,27,rc,3.613,1.79069e+09,-3.29355,44,-0.0124653
3.614,4,0,nan,nan,nan,nan,0.857227,1.94604,1.84296,2.90076,6.18309,32,27,rc,3.614,1.79069e+09,-3.22588,44,-0.0124701
3.615,4,0,nan,nan,nan,nan,0.95874,1.90764,1.84083,2.90459,6.18309,32,27,rc,3.615,1.79069e+09,-3.33867,44,-0.0124773
3.616,4,0,nan,nan,nan,nan,0.95874,1.90764,1.84722,2.90459,6.18309,32,27,rc,3.616,1.79069e+09,-3.25972,44,-0.0124782
3.617,4,0,nan,nan,nan,nan,1.00386,1.8867,1.85894,2.90843,6.18319,32,27,rc,3.617,1.79069e+09,-3.22588,44,-0.0124703
3.618,4,0,nan,nan,nan,nan,1.00386,1.8867,1.8664,2.90843,6.18319,32,27,rc,3.618,1.79069e+09,-3.24844,44,-0.0124838
3.619,4,0,nan,nan,nan,nan,0.981299,1.82387,1.87705,2.91207,6.18319,32,27,rc,3.619,1.79069e+09,-3.22588,44,-0.0125145
3.62,4,0,nan,nan,nan,nan,0.981299,1.82387,1.86107,2.91207,6.18319,32,27,rc,3.62,1.79069e+09,-3.25972,44,-0.0125359
3.621,4,0,nan,nan,nan,nan,0.879785,1.82038,1.86747,2.91571,6.18319,32,27,rc,3.621,1.79069e+09,-3.39507,44,-0.0125412
3.622,4,0,nan,nan,nan,nan,0.879785,1.82038,1.84829,2.91571,6.18319,32,27,rc,3.622,1.79069e+09,-3.39507,44,-0.0125361
3.623,4,0,nan,nan,nan,nan,0.891064,1.77151,1.85788,2.91936,6.18309,32,27,rc,3.623,1.79069e+09,-3.23716,44,-0.012562
3.624,4,0,nan,nan,nan,nan,0.891064,1.77151,1.87918,2.91936,6.18309,32,27,rc,3.624,1.79069e+09,-3.23716,44,-0.0126052
3.625,4,0,nan,nan,nan,nan,1.04897,1.81863,1.87492,2.9229,6.18309,32,27,rc,3.625,1.79069e+09,-3.271,44,-0.0126382
3.626,4,0,nan,nan,nan,nan,1.04897,1.81863,1.86107,2.9229,6.18309,32,27,rc,3.626,1.79069e+09,-3.271,44,-0.0126601
3.627,4,0,nan,nan,nan,nan,0.766992,1.92684,1.85468,2.92674,6.18309,32,27,rc,3.627,1.79069e+09,-3.25972,44,-0.0126744
3.628,4,0,nan,nan,nan,nan,0.766992,1.92684,1.8632,2.92674,6.18309,32,27,rc,3.628,1.79069e+09,-3.24844,44,-0.0126894
3.629,4,0,nan,nan,nan,nan,1.00386,1.8134,1.85575,2.93038,6.18309,32,27,rc,3.629,1.79069e+09,-3.23716,44,-0.0126938
3.63,4,0,nan,nan,nan,nan,1.00386,1.8134,1.88131,2.93038,6.18309,32,27,rc,3.63,1.79069e+09,-3.23716,44,-0.0126935
3.631,4,0,nan,nan,nan,nan,0.891064,1.80467,1.87386,2.93403,6.18309,32,27,rc,3.631,1.79069e+09,-3.37251,44,-0.0127115
3.632,4,0,nan,nan,nan,nan,0.891064,1.80467,1.88558,2.93403,6.18309,32,27,rc,3.632,1.79069e+09,-3.22588,44,-0.0127448
3.633,4,0,nan,nan,nan,nan,0.789551,1.76802,1.88131,2.93757,6.18319,32,27,rc,3.633,1.79069e+09,-3.271,44,-0.0127573
3.634,4,0,nan,nan,nan,nan,0.789551,1.76802,1.8632,2.93757,6.18319,32,27,rc,3.634,1.79069e+09,-3.41763,44,-0.0127554
3.635,4,0,nan,nan,nan,nan,0.620361,1.7942,1.85788,2.94112,6.18319,32,27,rc,3.635,1.79069e+09,-3.19204,44,-0.0127751
3.636,4,0,nan,nan,nan,nan,0.620361,1.7942,1.85681,2.94112,6.18319,32,27,rc,3.636,1.79069e+09,-3.37251,44,-0.0128029
3.637,4,0,nan,nan,nan,nan,0.80083,1.83609,1.85575,2.94486,6.18309,32,27,rc,3.637,1.79069e+09,-3.40635,44,-0.0128476
3.638,4,0,nan,nan,nan,nan,0.80083,1.83609,1.89303,2.94486,6.18309,32,27,rc,3.638,1.79069e+09,-3.25972,44,-0.0128748
3.639,4,0,nan,nan,nan,nan,0.721875,1.95302,1.87492,2.94869,6.18309,32,27,rc,3.639,1.79069e+09,-3.41763,44,-0.0128898
3.64,4,0,nan,nan,nan,nan,0.721875,1.95302,1.85042,2.94869,6.18309,32,27,rc,3.64,1.79069e+09,-3.24844,44,-0.0129258
3.641,4,0,nan,nan,nan,nan,0.507568,1.98793,1.84296,2.95272,6.18309,32,27,rc,3.641,1.79069e+09,-3.39507,44,-0.0129624
3.642,4,0,nan,nan,nan,nan,0.507568,1.98793,1.84083,2.95272,6.18309,32,27,rc,3.642,1.79069e+09,-3.38379,44,-0.012978
3.643,4,0,nan,nan,nan,nan,0.845947,1.85179,1.84296,2.95646,6.18309,32,27,rc,3.643,1.79069e+09,-3.40635,44,-0.0129914
3.644,4,0,nan,nan,nan,nan,0.845947,1.85179,1.84296,2.95646,6.18309,32,27,rc,3.644,1.79069e+09,-3.38379,44,-0.0129956
3.645,4,0,nan,nan,nan,nan,1.06025,1.89368,1.87599,2.9602,6.18309,32,27,rc,3.645,1.79069e+09,-3.41763,44,-0.013023
3.646,4,0,nan,nan,nan,nan,1.06025,1.89368,1.86427,2.9602,6.18309,32,27,rc,3.646,1.79069e+09,-3.40635,44,-0.0130246
3.647,4,0,nan,nan,nan,nan,1.08281,1.90939,1.85255,2.96403,6.18309,32,27,rc,3.647,1.79069e+09,-3.41763,44,-0.0130283
3.648,4,0,nan,nan,nan,nan,1.08281,1.90939,1.8664,2.96403,6.18309,32,27,rc,3.648,1.79069e+09,-3.38379,44,-0.0130398
3.649,4,0,nan,nan,nan,nan,1.07153,1.86576,1.86747,2.96777,6.18309,32,27,rc,3.649,1.79069e+09,-3.41763,44,-0.0130232
3.65,4,0,nan,nan,nan,nan,1.07153,1.86576,1.85681,2.96777,6.18309,32,27,rc,3.65,1.79069e+09,-3.37251,44,-0.0130481
3.651,4,0,nan,nan,nan,nan,1.00386,1.75755,1.88558,2.97132,6.18309,32,27,rc,3.651,1.79069e+09,-3.36123,44,-0.0130895
3.652,4,0,nan,nan,nan,nan,1.00386,1.75755,1.89516,2.97132,6.18309,32,27,rc,3.652,1.79069e+09,-3.28228,44,-0.0131241
3.653,4,0,nan,nan,nan,nan,1.12793,1.76453,1.89197,2.97487,6.18309,32,27,rc,3.653,1.79069e+09,-3.45146,44,-0.0131537
3.654,4,0,nan,nan,nan,nan,1.12793,1.76453,1.88025,2.97487,6.18309,32,27,rc,3.654,1.79069e+09,-3.44019,44,-0.0131802
3.655,4,0,nan,nan,nan,nan,0.665479,1.87797,1.8696,2.97861,6.18309,32,27,rc,3.655,1.79069e+09,-3.44019,44,-0.0131921
3.656,4,0,nan,nan,nan,nan,0.665479,1.87797,1.87386,2.97861,6.18309,32,27,rc,3.656,1.79069e+09,-3.40635,44,-0.0132329
3.657,4,0,nan,nan,nan,nan,0.834668,1.79594,1.87066,2.98225,6.18309,32,27,rc,3.657,1.79069e+09,-3.40635,44,-0.0132478
3.658,4,0,nan,nan,nan,nan,0.834668,1.79594,1.87066,2.98225,6.18309,32,27,rc,3.658,1.79069e+09,-3.45146,44,-0.0132808
3.659,4,0,nan,nan,nan,nan,0.744434,1.83783,1.88451,2.98589,6.18309,32,27,rc,3.659,1.79069e+09,-3.38379,44,-0.0133122
3.66,4,0,nan,nan,nan,nan,0.744434,1.83783,1.85575,2.98589,6.18309,32,27,rc,3.66,1.79069e+09,-3.44019,44,-0.0133095
3.661,4,0,nan,nan,nan,nan,0.789551,1.8483,1.8419,2.98982,6.18309,32,27,rc,3.661,1.79069e+09,-3.40635,44,-0.0133227
3.662,4,0,nan,nan,nan,nan,0.789551,1.8483,1.84509,2.98982,6.18309,32,27,rc,3.662,1.79069e+09,-3.36123,44,-0.0133224
3.663,4,0,nan,nan,nan,nan,0.789551,1.94604,1.85894,2.99366,6.18309,32,27,rc,3.663,1.79069e+09,-3.38379,44,-0.013333
3.664,4,0,nan,nan,nan,nan,0.789551,1.94604,1.87279,2.99366,6.18309,32,27,rc,3.664,1.79069e+09,-3.36123,44,-0.0133847
3.665,4,0,nan,nan,nan,nan,1.11665,2.00189,1.85468,2.99769,6.18309,32,27,rc,3.665,1.79069e+09,-3.41763,44,-0.0134238
3.666,4,0,nan,nan,nan,nan,1.11665,2.00189,1.85149,2.99769,6.18309,32,27,rc,3.666,1.79069e+09,-3.44019,44,-0.0134507
3.667,4,0,nan,nan,nan,nan,0.823389,1.96873,1.87173,3.00133,6.18309,32,27,rc,3.667,1.79069e+09,-3.40635,44,-0.0134813
3.668,4,0,nan,nan,nan,nan,0.823389,1.96873,1.86107,3.00133,6.18309,32,27,rc,3.668,1.79069e+09,-3.40635,44,-0.0134819
3.669,4,0,nan,nan,nan,nan,1.07153,1.87099,1.85149,3.00516,6.18309,32,27,rc,3.669,1.79069e+09,-3.42891,44,-0.0134884
3.67,4,0,nan,nan,nan,nan,1.07153,1.87099,1.85681,3.00516,6.18309,32,27,rc,3.67,1.79069e+09,-3.36123,44,-0.0134991
3.671,4,0,nan,nan,nan,nan,0.992578,1.83783,1.88345,3.00881,6.18309,32,27,rc,3.671,1.79069e+09,-3.44019,44,-0.0134919
3.672,4,0,nan,nan,nan,nan,0.992578,1.83783,1.88238,3.00881,6.18309,32,27,rc,3.672,1.79069e+09,-3.36123,44,-0.0135336
3.673,4,0,nan,nan,nan,nan,1.12793,1.76976,1.87279,3.01235,6.18309,32,27,rc,3.673,1.79069e+09,-3.44019,44,-0.0135584
3.674,4,0,nan,nan,nan,nan,1.12793,1.76976,1.88131,3.01235,6.18309,32,27,rc,3.674,1.79069e+09,-3.41763,44,-0.0135765
3.675,4,0,nan,nan,nan,nan,0.834668,1.80293,1.87066,3.016,6.18319,32,27,rc,3.675,1.79069e+09,-3.38379,44,-0.0135804
3.676,4,0,nan,nan,nan,nan,0.834668,1.80293,1.87812,3.016,6.18319,32,27,rc,3.676,1.79069e+09,-3.37251,44,-0.013596
3.677,4,0,nan,nan,nan,nan,0.879785,1.80991,1.88025,3.01964,6.18319,32,27,rc,3.677,1.79069e+09,-3.30483,44,-0.0136149
3.678,4,0,nan,nan,nan,nan,0.879785,1.80991,1.88025,3.01964,6.18319,32,27,rc,3.678,1.79069e+09,-3.33867,44,-0.0136578
3.679,4,0,nan,nan,nan,nan,0.766992,1.87623,1.86107,3.02338,6.18319,32,27,rc,3.679,1.79069e+09,-3.36123,44,-0.0136868
3.68,4,0,nan,nan,nan,nan,0.766992,1.87623,1.88345,3.02338,6.18319,32,27,rc,3.68,1.79069e+09,-3.38379,44,-0.0137244
3.681,4,0,nan,nan,nan,nan,0.80083,1.86401,1.87386,3.02712,6.18319,32,27,rc,3.681,1.79069e+09,-3.32739,44,-0.0137748
3.682,4,0,nan,nan,nan,nan,0.80083,1.86401,1.86427,3.02712,6.18319,32,27,rc,3.682,1.79069e+09,-3.37251,44,-0.0137943
3.683,4,0,nan,nan,nan,nan,0.654199,1.91812,1.85042,3.03095,6.18319,32,27,rc,3.683,1.79069e+09,-3.32739,44,-0.0138075
3.684,4,0,nan,nan,nan,nan,0.654199,1.91812,1.86107,3.03095,6.18319,32,27,rc,3.684,1.79069e+09,-3.30483,44,-0.0138299
3.685,4,0,nan,nan,nan,nan,0.868506,1.89892,1.86214,3.03469,6.18319,32,27,rc,3.685,1.79069e+09,-3.33867,44,-0.0138677
3.686,4,0,nan,nan,nan,nan,0.868506,1.89892,1.86427,3.03469,6.18319,32,27,rc,3.686,1.79069e+09,-3.32739,44,-0.0138923
3.687,4,0,nan,nan,nan,nan,0.834668,1.88496,1.87173,3.03853,6.18319,32,27,rc,3.687,1.79069e+09,-3.37251,44,-0.0139115
3.688,4,0,nan,nan,nan,nan,0.834668,1.88496,1.84936,3.03853,6.18319,32,27,rc,3.688,1.79069e+09,-3.29355,44,-0.013942
3.689,4,0,nan,nan,nan,nan,0.902344,1.87797,1.84296,3.04227,6.18319,32,27,rc,3.689,1.79069e+09,-3.29355,44,-0.0139419
3.69,4,0,nan,nan,nan,nan,0.902344,1.87797,1.85468,3.04227,6.18319,32,27,rc,3.69,1.79069e+09,-3.29355,44,-0.0139391
3.691,4,0,nan,nan,nan,nan,0.947461,1.91288,1.87279,3.0461,6.18319,32,27,rc,3.691,1.79069e+09,-3.23716,44,-0.0139479
3.692,4,0,nan,nan,nan,nan,0.947461,1.91288,1.87812,3.0461,6.18319,32,27,rc,3.692,1.79069e+09,-3.25972,44,-0.0140045
3.693,4,0,nan,nan,nan,nan,1.02642,1.93382,1.86533,3.04994,6.18319,32,27,rc,3.693,1.79069e+09,-3.28228,44,-0.0140557
3.694,4,0,nan,nan,nan,nan,1.02642,1.93382,1.85894,3.04994,6.18328,32,27,rc,3.694,1.79069e+09,-3.29355,44,-0.0140911
3.695,4,0,nan,nan,nan,nan,0.834668,1.89892,1.87386,3.05377,6.18328,32,27,rc,3.695,1.79069e+09,-3.25972,44,-0.0141004
3.696,4,0,nan,nan,nan,nan,0.834668,1.89892,1.87812,3.05377,6.18328,32,27,rc,3.696,1.79069e+09,-3.2146,44,-0.0141119
3.697,4,0,nan,nan,nan,nan,1.06025,1.83783,1.87492,3.05742,6.18328,32,27,rc,3.697,1.79069e+09,-3.20332,44,-0.0141202
3.698,4,0,nan,nan,nan,nan,1.06025,1.83783,1.87918,3.05742,6.18328,32,27,rc,3.698,1.79069e+09,-3.1582,44,-0.0141408
3.699,4,0,nan,nan,nan,nan,0.868506,1.83609,1.87918,3.06115,6.18328,32,27,rc,3.699,1.79069e+09,-3.20332,44,-0.0141487
3.7,4,0,nan,nan,nan,nan,0.868506,1.83609,1.88025,3.06115,6.18328,32,27,rc,3.7,1.79069e+09,-3.19204,44,-0.0141615
3.701,4,0,nan,nan,nan,nan,0.891064,1.79071,1.88345,3.0647,6.18328,32,27,rc,3.701,1.79069e+09,-3.16948,44,-0.0141783
3.702,4,0,nan,nan,nan,nan,0.891064,1.79071,1.88345,3.0647,6.18338,32,27,rc,3.702,1.79069e+09,-3.16948,44,-0.014206
3.703,4,0,nan,nan,nan,nan,0.766992,1.79594,1.8632,3.06835,6.18348,32,27,rc,3.703,1.79069e+09,-3.16948,44,-0.0142221
3.704,4,0,nan,nan,nan,nan,0.766992,1.79594,1.86853,3.06835,6.18348,32,27,rc,3.704,1.79069e+09,-3.14692,44,-0.014245
3.705,4,0,nan,nan,nan,nan,0.597803,1.86227,1.88131,3.07228,6.18357,32,27,rc,3.705,1.79069e+09,-3.10181,44,-0.0142863
3.706,4,0,nan,nan,nan,nan,0.597803,1.86227,1.90049,3.07228,6.18367,32,27,rc,3.706,1.79069e+09,-3.10181,44,-0.0143441
3.707,4,0,nan,nan,nan,nan,0.721875,1.93732,1.88025,3.07592,6.18376,32,27,rc,3.707,1.79069e+09,-3.12437,44,-0.0144286
3.708,4,0,nan,nan,nan,nan,0.721875,1.93732,1.8632,3.07592,6.18386,32,27,rc,3.708,1.79069e+09,-3.06797,44,-0.0144686
3.709,4,0,nan,nan,nan,nan,0.48501,1.94779,1.85575,3.07975,6.18396,32,27,rc,3.709,1.79069e+09,-3.06797,44,-0.0145162
3.71,4,0,nan,nan,nan,nan,0.48501,1.94779,1.86001,3.07975,6.18405,32,27,rc,3.71,1.79069e+09,-3.07925,44,-0.014577
3.711,4,0,nan,nan,nan,nan,0.710596,1.93033,1.85575,3.08388,6.18405,32,27,rc,3.711,1.79069e+09,-2.89878,44,-0.0146417
3.712,4,0,nan,nan,nan,nan,0.710596,1.93033,1.8696,3.08388,6.18415,32,27,rc,3.712,1.79069e+09,-3.05669,44,-0.0146796
3.713,4,0,nan,nan,nan,nan,0.812109,1.92859,1.86214,3.08781,6.18424,32,27,rc,3.713,1.79069e+09,-3.05669,44,-0.0147334
3.714,4,0,nan,nan,nan,nan,0.812109,1.92859,1.87492,3.08781,6.18434,32,27,rc,3.714,1.79069e+09,-2.97773,44,-0.0147777
3.715,4,0,nan,nan,nan,nan,0.891064,1.8675,1.88238,3.09155,6.18444,32,27,rc,3.715,1.79069e+09,-3.01157,44,-0.0148402
3.716,4,0,nan,nan,nan,nan,0.891064,1.8675,1.87386,3.09155,6.18453,32,27,rc,3.716,1.79069e+09,-2.98901,44,-0.0149185
3.717,4,0,nan,nan,nan,nan,0.891064,1.76802,1.84403,3.09509,6.18472,32,27,rc,3.717,1.79069e+09,-3.00029,44,-0.0149883
3.718,4,0,nan,nan,nan,nan,0.891064,1.76802,1.85362,3.09509,6.18482,32,27,rc,3.718,1.79069e+09,-2.98901,44,-0.0150598
3.719,4,0,nan,nan,nan,nan,0.755713,1.79943,1.8664,3.09864,6.18491,32,27,rc,3.719,1.79069e+09,-2.96646,44,-0.0151495
3.72,4,0,nan,nan,nan,nan,0.755713,1.79943,1.88771,3.09864,6.18501,32,27,rc,3.72,1.79069e+09,-2.96646,44,-0.0152727
3.721,4,0,nan,nan,nan,nan,0.947461,1.86052,1.88558,3.10219,6.1852,32,27,rc,3.721,1.79069e+09,-2.97773,44,-0.0154
3.722,4,0,nan,nan,nan,nan,0.947461,1.86052,1.89197,3.10219,6.1853,32,27,rc,3.722,1.79069e+09,-3.01157,44,-0.0155455
3.723,4,0,nan,nan,nan,nan,0.620361,1.89543,1.86747,3.10593,6.18539,32,27,rc,3.723,1.79069e+09,-2.97773,44,-0.0157131
3.724,4,0,nan,nan,nan,nan,0.620361,1.89543,1.84509,3.10593,6.18549,32,27,rc,3.724,1.79069e+09,-2.9439,44,-0.0158509
3.725,4,0,nan,nan,nan,nan,0.631641,1.82561,1.86427,3.10957,6.18559,32,27,rc,3.725,1.79069e+09,-2.98901,44,-0.0159618
3.726,4,0,nan,nan,nan,nan,0.631641,1.82561,1.86214,3.10957,6.18559,32,27,rc,3.726,1.79069e+09,-2.9439,44,-0.0161071
3.727,4,0,nan,nan,nan,nan,0.924902,1.81165,1.85681,3.11321,6.18568,32,27,rc,3.727,1.79069e+09,-2.92134,44,-0.0162685
3.728,4,0,nan,nan,nan,nan,0.924902,1.81165,1.87279,3.11321,6.18578,32,27,rc,3.728,1.79069e+09,-2.97773,44,-0.0164133
3.729,4,0,nan,nan,nan,nan,0.845947,1.88496,1.85149,3.11695,6.18597,32,27,rc,3.729,1.79069e+09,-2.96646,44,-0.0165454
3.73,4,0,nan,nan,nan,nan,0.845947,1.88496,1.85681,3.11695,6.18607,32,27,rc,3.73,1.79069e+09,-2.9439,44,-0.0167078
3.731,4,0,nan,nan,nan,nan,0.676758,1.83783,1.86853,3.12069,6.18616,32,27,rc,3.731,1.79069e+09,-2.95518,44,-0.0168532
3.732,4,0,nan,nan,nan,nan,0.676758,1.83783,1.87279,3.12069,6.18635,32,27,rc,3.732,1.79069e+09,-2.96646,44,-0.0170263
3.733,4,0,nan,nan,nan,nan,0.80083,1.81689,1.8941,3.12434,6.18645,32,27,rc,3.733,1.79069e+09,-2.89878,44,-0.0172362
3.734,4,0,nan,nan,nan,nan,0.80083,1.81689,1.88451,3.12434,6.18664,32,27,rc,3.734,1.79069e+09,-2.93262,44,-0.0174341
3.735,4,0,nan,nan,nan,nan,0.575244,1.85354,1.8664,3.12807,6.18674,32,27,rc,3.735,1.79069e+09,-2.93262,44,-0.0176643
3.736,4,0,nan,nan,nan,nan,0.575244,1.85354,1.8696,3.12807,6.18693,32,27,rc,3.736,1.79069e+09,-2.95518,44,-0.0178552
3.737,4,0,nan,nan,nan,nan,0.496289,1.84481,1.8664,3.13172,6.18712,32,27,rc,3.737,1.79069e+09,-2.91006,44,-0.0180338
3.738,4,0,nan,nan,nan,nan,0.496289,1.84481,1.8387,3.13172,6.18722,32,27,rc,3.738,1.79069e+09,-2.86494,44,-0.0182481
3.739,4,0,nan,nan,nan,nan,0.507568,1.89194,1.84403,3.13546,6.18741,32,27,rc,3.739,1.79069e+09,-2.86494,44,-0.018448
3.74,4,0,nan,nan,nan,nan,0.507568,1.89194,1.8632,3.13546,6.1876,32,27,rc,3.74,1.79069e+09,-2.8875,44,-0.0186799
3.741,4,0,nan,nan,nan,nan,0.868506,1.9251,1.85788,3.13929,6.18779,32,27,rc,3.741,1.79069e+09,-2.8875,44,-0.018898
3.742,4,0,nan,nan,nan,nan,0.868506,1.9251,1.85362,3.13929,6.18808,32,27,rc,3.742,1.79069e+09,-2.93262,44,-0.0191051
3.743,4,0,nan,nan,nan,nan,0.688037,1.90241,1.84936,3.14313,6.18827,32,27,rc,3.743,1.79069e+09,-2.87622,44,-0.0193186
3.744,4,0,nan,nan,nan,nan,0.688037,1.90241,1.85575,3.14313,6.18856,32,27,rc,3.744,1.79069e+09,-2.84238,44,-0.019521
3.745,4,0,nan,nan,nan,nan,0.891064,1.71391,1.84403,3.14667,6.18875,32,27,rc,3.745,1.79069e+09,-2.81982,44,-0.0197329
3.746,4,0,nan,nan,nan,nan,0.891064,1.71391,1.84509,3.14667,6.18904,32,27,rc,3.746,1.79069e+09,-2.80854,44,-0.0199466
3.747,4,0,nan,nan,nan,nan,0.744434,1.77151,1.8632,3.15022,6.18942,32,27,rc,3.747,1.79069e+09,-2.78599,44,-0.0201813
3.748,4,0,nan,nan,nan,nan,0.744434,1.77151,1.86533,3.15022,6.18971,32,27,rc,3.748,1.79069e+09,-2.75215,44,-0.0204338
3.749,4,0,nan,nan,nan,nan,0.879785,1.82038,1.87492,3.15377,6.19009,32,27,rc,3.749,1.79069e+09,-2.71831,44,-0.0206752
3.75,4,0,nan,nan,nan,nan,0.879785,1.82038,1.87386,3.15377,6.19048,32,27,rc,3.75,1.79069e+09,-2.70703,44,-0.0209592
3.751,4,0,nan,nan,nan,nan,0.620361,1.84481,1.84616,3.15751,6.19086,32,27,rc,3.751,1.79069e+09,-2.68447,44,-0.0212446
3.752,4,0,nan,nan,nan,nan,0.620361,1.84481,1.83125,3.15751,6.19124,32,27,rc,3.752,1.79069e+09,-2.68447,44,-0.0215071
3.753,4,0,nan,nan,nan,nan,0.575244,1.82212,1.84403,3.16115,6.19163,32,27,rc,3.753,1.79069e+09,-2.65063,44,-0.0218273
3.754,4,0,nan,nan,nan,nan,0.575244,1.82212,1.83125,3.16115,6.19211,32,27,rc,3.754,1.79069e+09,-2.63936,44,-0.0221342
3.755,4,0,nan,nan,nan,nan,0.789551,1.82911,1.82805,3.16499,6.19258,32,27,rc,3.755,1.79069e+09,-2.67319,44,-0.0224456
3.756,4,0,nan,nan,nan,nan,0.789551,1.82911,1.84296,3.16499,6.19297,32,27,rc,3.756,1.79069e+09,-2.67319,44,-0.0227654
3.757,4,0,nan,nan,nan,nan,0.834668,1.89543,1.84296,3.16882,6.19345,32,27,rc,3.757,1.79069e+09,-2.62808,44,-0.0230849
3.758,4,0,nan,nan,nan,nan,0.834668,1.89543,1.80674,3.16882,6.19383,32,27,rc,3.758,1.79069e+09,-2.62808,44,-0.0234336
3.759,4,0,nan,nan,nan,nan,0.665479,1.84481,1.82379,3.17256,6.19421,32,27,rc,3.759,1.79069e+09,-2.6168,44,-0.0237695
3.76,4,0,nan,nan,nan,nan,0.665479,1.84481,1.8387,3.17256,6.1946,32,27,rc,3.76,1.79069e+09,-2.6168,44,-0.0241501
3.761,4,0,nan,nan,nan,nan,1.02642,1.80293,1.83764,3.17592,6.19489,32,27,rc,3.761,1.79069e+09,-2.62808,44,-0.0245417
3.762,4,0,nan,nan,nan,nan,1.02642,1.80293,1.84509,3.17592,6.19517,32,27,rc,3.762,1.79069e+09,-2.65063,44,-0.0249395
3.763,4,0,nan,nan,nan,nan,0.721875,1.88496,1.82805,3.17965,6.19546,32,27,rc,3.763,1.79069e+09,-2.65063,44,-0.025359
3.764,4,0,nan,nan,nan,nan,0.721875,1.88496,1.82485,3.17965,6.19575,32,27,rc,3.764,1.79069e+09,-2.65063,44,-0.0257628
3.765,4,0,nan,nan,nan,nan,0.755713,1.76976,1.84829,3.1833,6.19594,32,27,rc,3.765,1.79069e+09,-2.67319,44,-0.026161
3.766,4,0,nan,nan,nan,nan,0.755713,1.76976,1.85362,3.1833,6.19613,32,27,rc,3.766,1.79069e+09,-2.68447,44,-0.0265783
3.767,4,0,nan,nan,nan,nan,0.778271,1.81689,1.84296,3.18685,6.19632,32,27,rc,3.767,1.79069e+09,-2.65063,44,-0.0270292
3.768,4,0,nan,nan,nan,nan,0.778271,1.81689,1.8632,3.18685,6.19661,32,27,rc,3.768,1.79069e+09,-2.70703,44,-0.0274871
3.769,4,0,nan,nan,nan,nan,0.64292,1.82212,1.87492,3.19049,6.1969,32,27,rc,3.769,1.79069e+09,-2.70703,44,-0.0279226
3.77,4,0,nan,nan,nan,nan,0.64292,1.82212,1.86107,3.19049,6.19719,32,27,rc,3.77,1.79069e+09,-2.67319,44,-0.0283839
3.771,4,0,nan,nan,nan,nan,0.47373,1.73486,1.83338,3.19404,6.19757,32,27,rc,3.771,1.79069e+09,-2.65063,44,-0.0288325
3.772,4,0,nan,nan,nan,nan,0.47373,1.73486,1.83444,3.19404,6.19795,32,27,rc,3.772,1.79069e+09,-2.65063,44,-0.0292768
3.773,4,0,nan,nan,nan,nan,0.462451,1.66155,1.82379,3.19739,6.19834,32,27,rc,3.773,1.79069e+09,-2.6168,44,-0.02978
3.774,4,0,nan,nan,nan,nan,0.462451,1.66155,1.84509,3.19739,6.19891,32,27,rc,3.774,1.79069e+09,-2.63936,44,-0.0302434
3.775,4,0,nan,nan,nan,nan,0.541406,1.71391,1.85894,3.20075,6.19939,32,27,rc,3.775,1.79069e+09,-2.66191,44,-0.0307321
3.776,4,0,nan,nan,nan,nan,0.541406,1.71391,1.85788,3.20075,6.20006,32,27,rc,3.776,1.79069e+09,-2.65063,44,-0.0312253
3.777,4,0,nan,nan,nan,nan,0.417334,1.82911,1.83551,3.20439,6.20064,32,27,rc,3.777,1.79069e+09,-2.63936,44,-0.0317303
3.778,4,0,nan,nan,nan,nan,0.417334,1.82911,1.83125,3.20439,6.20131,32,27,rc,3.778,1.79069e+09,-2.60552,44,-0.0322969
3.779,4,0,nan,nan,nan,nan,0.293262,1.82212,1.81633,3.20803,6.20198,32,27,rc,3.779,1.79069e+09,-2.65063,44,-0.0328122
3.78,4,0,nan,nan,nan,nan,0.293262,1.82212,1.80781,3.20803,6.20265,32,27,rc,3.78,1.79069e+09,-2.62808,44,-0.0333363
3.781,4,0,nan,nan,nan,nan,0.417334,1.83958,1.81953,3.21168,6.20332,32,27,rc,3.781,1.79069e+09,-2.6168,44,-0.0338785
3.782,4,0,nan,nan,nan,nan,0.417334,1.83958,1.80994,3.21168,6.2039,32,27,rc,3.782,1.79069e+09,-2.60552,44,-0.0344256
3.783,4,0,nan,nan,nan,nan,0.541406,1.91812,1.82592,3.21551,6.20447,32,27,rc,3.783,1.79069e+09,-2.58296,44,-0.0350214
3.784,4,0,nan,nan,nan,nan,0.541406,1.91812,1.79609,3.21551,6.20505,32,27,rc,3.784,1.79069e+09,-2.52656,44,-0.0355679
3.785,4,0,nan,nan,nan,nan,0.620361,1.90764,1.78437,3.21935,6.20562,32,27,rc,3.785,1.79069e+09,-2.49272,44,-0.0361262
3.786,4,0,nan,nan,nan,nan,0.620361,1.90764,1.79822,3.21935,6.2062,32,27,rc,3.786,1.79069e+09,-2.504,44,-0.0366933
3.787,4,0,nan,nan,nan,nan,0.744434,1.82212,1.81953,3.22299,6.20677,32,27,rc,3.787,1.79069e+09,-2.47017,44,-0.0372834
3.788,4,0,nan,nan,nan,nan,0.744434,1.82212,1.80248,3.22299,6.20735,32,27,rc,3.788,1.79069e+09,-2.48145,44,-0.0379205
3.789,4,0,nan,nan,nan,nan,0.879785,1.74009,1.79076,3.22673,6.20792,32,27,rc,3.789,1.79069e+09,-2.53784,44,-0.0384832
3.79,4,0,nan,nan,nan,nan,0.879785,1.74009,1.81527,3.22673,6.2085,32,27,rc,3.79,1.79069e+09,-2.68447,44,-0.0390917
3.791,4,0,nan,nan,nan,nan,0.733154,1.775,1.79929,3.23008,6.20907,32,27,rc,3.791,1.79069e+09,-2.5604,44,-0.0397346
3.792,4,0,nan,nan,nan,nan,0.733154,1.775,1.79076,3.23008,6.20965,32,27,rc,3.792,1.79069e+09,-2.57168,44,-0.0403712
3.793,4,0,nan,nan,nan,nan,0.597803,1.74009,1.79822,3.23363,6.21023,32,27,rc,3.793,1.79069e+09,-2.59424,44,-0.0410416
3.794,4,0,nan,nan,nan,nan,0.597803,1.74009,1.80674,3.23363,6.2108,32,27,rc,3.794,1.79069e+09,-2.75215,44,-0.0416763
3.795,4,0,nan,nan,nan,nan,0.766992,1.74358,1.8142,3.23747,6.21128,32,27,rc,3.795,1.79069e+09,-2.63936,44,-0.0423723
3.796,4,0,nan,nan,nan,nan,0.766992,1.74358,1.79396,3.23747,6.21176,32,27,rc,3.796,1.79069e+09,-2.68447,44,-0.0430696
3.797,4,0,nan,nan,nan,nan,0.586523,1.87448,1.79503,3.24073,6.21233,32,27,rc,3.797,1.79069e+09,-2.65063,44,-0.0437382
3.798,4,0,nan,nan,nan,nan,0.586523,1.87448,1.762,3.24073,6.21291,32,27,rc,3.798,1.79069e+09,-2.6168,44,-0.0444271
3.799,4,0,nan,nan,nan,nan,0.80083,1.76976,1.79503,3.24456,6.21349,32,27,rc,3.799,1.79069e+09,-2.60552,44,-0.0450642
3.8,4,0,nan,nan,nan,nan,0.80083,1.76976,1.79716,3.24456,6.21416,32,27,rc,3.8,1.79069e+09,-2.59424,44,-0.0457796
3.801,4,0,nan,nan,nan,nan,0.823389,1.78198,1.79822,3.24811,6.21483,32,27,rc,3.801,1.79069e+09,-2.63936,44,-0.0464557
3.802,4,0,nan,nan,nan,nan,0.823389,1.78198,1.81527,3.24811,6.21569,32,27,rc,3.802,1.79069e+09,-2.74087,44,-0.047179
3.803,4,0,nan,nan,nan,nan,0.620361,1.79245,1.82059,3.25175,6.21627,32,27,rc,3.803,1.79069e+09,-2.69575,44,-0.0479271
3.804,4,0,nan,nan,nan,nan,0.620361,1.79245,1.8142,3.25175,6.21703,32,27,rc,3.804,1.79069e+09,-2.74087,44,-0.0486167
3.805,4,0,nan,nan,nan,nan,0.383496,1.73486,1.80142,3.2552,6.2178,32,27,rc,3.805,1.79069e+09,-2.72959,44,-0.0493401
3.806,4,0,nan,nan,nan,nan,0.383496,1.73486,1.80781,3.2552,6.21847,32,27,rc,3.806,1.79069e+09,-2.71831,44,-0.0500743
3.807,4,0,nan,nan,nan,nan,0.428613,1.66504,1.80461,3.25856,6.21924,32,27,rc,3.807,1.79069e+09,-2.66191,44,-0.0508051
3.808,4,0,nan,nan,nan,nan,0.428613,1.66504,1.80248,3.25856,6.21991,32,27,rc,3.808,1.79069e+09,-2.58296,44,-0.0515929
3.809,4,0,nan,nan,nan,nan,0.338379,1.70868,1.811,3.26191,6.22048,32,27,rc,3.809,1.79069e+09,-2.60552,44,-0.0523034
3.81,4,0,nan,nan,nan,nan,0.338379,1.70868,1.79929,3.26191,6.22115,32,27,rc,3.81,1.79069e+09,-2.60552,44,-0.0530538
3.811,4,0,nan,nan,nan,nan,0.394775,1.80642,1.78011,3.26556,6.22183,32,27,rc,3.811,1.79069e+09,-2.58296,44,-0.0538285
3.812,4,0,nan,nan,nan,nan,0.394775,1.80642,1.77159,3.26556,6.2225,32,27,rc,3.812,1.79069e+09,-2.60552,44,-0.0546024
3.813,4,0,nan,nan,nan,nan,0.349658,1.83434,1.79289,3.2692,6.22317,32,27,rc,3.813,1.79069e+09,-2.59424,44,-0.0553962
3.814,4,0,nan,nan,nan,nan,0.349658,1.83434,1.79289,3.2692,6.22374,32,27,rc,3.814,1.79069e+09,-2.6168,44,-0.0561659
3.815,4,0,nan,nan,nan,nan,0.586523,1.82038,1.78863,3.27265,6.22441,32,27,rc,3.815,1.79069e+09,-2.63936,44,-0.0569609
3.816,4,0,nan,nan,nan,nan,0.586523,1.82038,1.76733,3.27265,6.22509,32,27,rc,3.816,1.79069e+09,-2.71831,44,-0.0577692
3.817,4,0,nan,nan,nan,nan,0.451172,1.78373,1.76094,3.27649,6.22566,32,27,rc,3.817,1.79069e+09,-2.72959,44,-0.0585692
3.818,4,0,nan,nan,nan,nan,0.451172,1.78373,1.74496,3.27649,6.22624,32,27,rc,3.818,1.79069e+09,-2.75215,44,-0.0593703
3.819,4,0,nan,nan,nan,nan,0.654199,1.7017,1.7407,3.27965,6.22681,32,27,rc,3.819,1.79069e+09,-2.72959,44,-0.0601017
3.82,4,0,nan,nan,nan,nan,0.654199,1.7017,1.75454,3.27965,6.22748,32,27,rc,3.82,1.79069e+09,-2.67319,44,-0.0608427
3.821,4,0,nan,nan,nan,nan,0.778271,1.79071,1.75028,3.2832,6.22815,32,27,rc,3.821,1.79069e+09,-2.69575,44,-0.0615778
3.822,4,0,nan,nan,nan,nan,0.778271,1.79071,1.76839,3.2832,6.22902,32,27,rc,3.822,1.79069e+09,-2.68447,44,-0.0623412
3.823,4,0,nan,nan,nan,nan,0.778271,1.82911,1.76733,3.28684,6.22988,32,27,rc,3.823,1.79069e+09,-2.66191,44,-0.0631446
3.824,4,0,nan,nan,nan,nan,0.778271,1.82911,1.77159,3.28684,6.23074,32,27,rc,3.824,1.79069e+09,-2.70703,44,-0.0638663
3.825,4,0,nan,nan,nan,nan,0.64292,1.78198,1.75667,3.29048,6.2317,32,27,rc,3.825,1.79069e+09,-2.72959,44,-0.064637
3.826,4,0,nan,nan,nan,nan,0.64292,1.78198,1.76626,3.29048,6.23266,32,27,rc,3.826,1.79069e+09,-2.69575,44,-0.0654187
3.827,4,0,nan,nan,nan,nan,0.530127,1.72962,1.75135,3.29413,6.23362,32,27,rc,3.827,1.79069e+09,-2.67319,44,-0.0662166
3.828,4,0,nan,nan,nan,nan,0.530127,1.72962,1.71513,3.29413,6.23448,32,27,rc,3.828,1.79069e+09,-2.65063,44,-0.0669891
3.829,4,0,nan,nan,nan,nan,0.609082,1.67377,1.74709,3.29729,6.23534,32,27,rc,3.829,1.79069e+09,-2.57168,44,-0.0677166
3.83,4,0,nan,nan,nan,nan,0.609082,1.67377,1.76413,3.29729,6.23621,32,27,rc,3.83,1.79069e+09,-2.504,44,-0.0684921
3.831,4,0,nan,nan,nan,nan,0.891064,1.78547,1.74176,3.30084,6.23717,32,27,rc,3.831,1.79069e+09,-2.45889,44,-0.0692445
3.832,4,0,nan,nan,nan,nan,0.891064,1.78547,1.74283,3.30084,6.23803,32,27,rc,3.832,1.79069e+09,-2.5604,44,-0.069981
3.833,4,0,nan,nan,nan,nan,0.541406,1.86401,1.73537,3.30458,6.23889,32,27,rc,3.833,1.79069e+09,-2.52656,44,-0.0707464
3.834,4,0,nan,nan,nan,nan,0.541406,1.86401,1.7407,3.30458,6.23975,32,27,rc,3.834,1.79069e+09,-2.49272,44,-0.0714777
3.835,4,0,nan,nan,nan,nan,0.755713,1.80991,1.73643,3.30841,6.24071,32,27,rc,3.835,1.79069e+09,-2.49272,44,-0.0722773
3.836,4,0,nan,nan,nan,nan,0.755713,1.80991,1.762,3.30841,6.24148,32,27,rc,3.836,1.79069e+09,-2.51528,44,-0.073101
3.837,4,0,nan,nan,nan,nan,0.676758,1.775,1.75348,3.31196,6.24215,32,27,rc,3.837,1.79069e+09,-2.48145,44,-0.0739223
3.838,4,0,nan,nan,nan,nan,0.676758,1.775,1.75561,3.31196,6.24273,32,27,rc,3.838,1.79069e+09,-2.45889,44,-0.0747733
3.839,4,0,nan,nan,nan,nan,0.64292,1.7366,1.75241,3.31551,6.24349,32,27,rc,3.839,1.79069e+09,-2.44761,44,-0.0755405
3.84,4,0,nan,nan,nan,nan,0.64292,1.7366,1.75987,3.31551,6.24416,32,27,rc,3.84,1.79069e+09,-2.44761,44,-0.0763379
3.841,4,0,nan,nan,nan,nan,0.597803,1.70693,1.75348,3.31886,6.24493,32,27,rc,3.841,1.79069e+09,-2.53784,44,-0.0771531
3.842,4,0,nan,nan,nan,nan,0.597803,1.70693,1.75348,3.31886,6.24551,32,27,rc,3.842,1.79069e+09,-2.504,44,-0.0780131
3.843,4,0,nan,nan,nan,nan,0.462451,1.70693,1.76946,3.32231,6.24627,32,27,rc,3.843,1.79069e+09,-2.54912,44,-0.0789103
3.844,4,0,nan,nan,nan,nan,0.462451,1.70693,1.75881,3.32231,6.24695,32,27,rc,3.844,1.79069e+09,-2.6168,44,-0.0797025
3.845,4,0,nan,nan,nan,nan,0.586523,1.6633,1.75667,3.32567,6.24762,32,27,rc,3.845,1.79069e+09,-2.59424,44,-0.0805635
3.846,4,0,nan,nan,nan,nan,0.586523,1.6633,1.74815,3.32567,6.24829,32,27,rc,3.846,1.79069e+09,-2.58296,44,-0.0814124
3.847,4,0,nan,nan,nan,nan,0.428613,1.69821,1.72898,3.32903,6.24896,32,27,rc,3.847,1.79069e+09,-2.58296,44,-0.0822572
3.848,4,0,nan,nan,nan,nan,0.428613,1.69821,1.74496,3.32903,6.24963,32,27,rc,3.848,1.79069e+09,-2.5604,44,-0.083175
3.849,4,0,nan,nan,nan,nan,0.552686,1.70344,1.75135,3.33248,6.2504,32,27,rc,3.849,1.79069e+09,-2.53784,44,-0.0839942
3.85,4,0,nan,nan,nan,nan,0.552686,1.70344,1.71832,3.33248,6.25116,32,27,rc,3.85,1.79069e+09,-2.54912,44,-0.0848754
3.851,4,0,nan,nan,nan,nan,0.383496,1.78373,1.72578,3.33602,6.25203,32,27,rc,3.851,1.79069e+09,-2.71831,44,-0.0857643
3.852,4,0,nan,nan,nan,nan,0.383496,1.78373,1.74922,3.33602,6.2527,32,27,rc,3.852,1.79069e+09,-2.6168,44,-0.0866307
3.853,4,0,nan,nan,nan,nan,0.654199,1.76802,1.7407,3.33957,6.25375,32,27,rc,3.853,1.79069e+09,-2.78599,44,-0.0875164
3.854,4,0,nan,nan,nan,nan,0.654199,1.76802,1.72685,3.33957,6.25461,32,27,rc,3.854,1.79069e+09,-2.78599,44,-0.0883224
3.855,4,0,nan,nan,nan,nan,0.47373,1.80991,1.713,3.34312,6.25557,32,27,rc,3.855,1.79069e+09,-2.79727,44,-0.0891963
3.856,4,0,nan,nan,nan,nan,0.47373,1.80991,1.73856,3.34312,6.25644,32,27,rc,3.856,1.79069e+09,-2.78599,44,-0.090089
3.857,4,0,nan,nan,nan,nan,0.676758,1.71566,1.72685,3.34657,6.2574,32,27,rc,3.857,1.79069e+09,-2.71831,44,-0.0909784
3.858,4,0,nan,nan,nan,nan,0.676758,1.71566,1.71939,3.34657,6.25816,32,27,rc,3.858,1.79069e+09,-2.68447,44,-0.0918964
3.859,4,0,nan,nan,nan,nan,0.507568,1.68599,1.72259,3.35002,6.25912,32,27,rc,3.859,1.79069e+09,-2.62808,44,-0.0927002
3.86,4,0,nan,nan,nan,nan,0.507568,1.68599,1.72365,3.35002,6.26008,32,27,rc,3.86,1.79069e+09,-2.62808,44,-0.0935426
3.861,4,0,nan,nan,nan,nan,0.586523,1.68424,1.71513,3.35338,6.26094,32,27,rc,3.861,1.79069e+09,-2.57168,44,-0.09439
3.862,4,0,nan,nan,nan,nan,0.586523,1.68424,1.70554,3.35338,6.26181,32,27,rc,3.862,1.79069e+09,-2.53784,44,-0.0952679
3.863,4,0,nan,nan,nan,nan,0.552686,1.74358,1.71832,3.35683,6.26267,32,27,rc,3.863,1.79069e+09,-2.59424,44,-0.0962009
3.864,4,0,nan,nan,nan,nan,0.552686,1.74358,1.73111,3.35683,6.26344,32,27,rc,3.864,1.79069e+09,-2.60552,44,-0.0970578
3.865,4,0,nan,nan,nan,nan,0.80083,1.80816,1.71513,3.36038,6.2642,32,27,rc,3.865,1.79069e+09,-2.57168,44,-0.0979761
3.866,4,0,nan,nan,nan,nan,0.80083,1.80816,1.71406,3.36038,6.26497,32,27,rc,3.866,1.79069e+09,-2.51528,44,-0.0988703
3.867,4,0,nan,nan,nan,nan,0.710596,1.78198,1.71193,3.36402,6.26574,32,27,rc,3.867,1.79069e+09,-2.54912,44,-0.0997372
3.868,4,0,nan,nan,nan,nan,0.710596,1.78198,1.6821,3.36402,6.26641,32,27,rc,3.868,1.79069e+09,-2.54912,44,-0.10065
3.869,4,0,nan,nan,nan,nan,0.721875,1.70693,1.71193,3.36747,6.26717,32,27,rc,3.869,1.79069e+09,-2.45889,44,-0.101917
3.87,4,0,nan,nan,nan,nan,0.721875,1.70693,1.70661,3.36747,6.26794,32,27,rc,3.87,1.79069e+09,-2.51528,44,-0.102347
3.871,4,0,nan,nan,nan,nan,1.0377,1.76802,1.73217,3.37092,6.26871,32,27,rc,3.871,1.79069e+09,-2.54912,44,-0.10363
3.872,4,0,nan,nan,nan,nan,1.0377,1.76802,1.73643,3.37092,6.26948,32,27,rc,3.872,1.79069e+09,-2.5604,44,-0.104073
3.873,4,0,nan,nan,nan,nan,0.778271,1.7942,1.72152,3.37457,6.27024,32,27,rc,3.873,1.79069e+09,-2.6168,44,-0.104985
3.874,4,0,nan,nan,nan,nan,0.778271,1.7942,1.72898,3.37457,6.27091,32,27,rc,3.874,1.79069e+09,-2.60552,44,-0.106221
3.875,4,0,nan,nan,nan,nan,0.744434,1.62316,1.73004,3.37792,6.27168,32,27,rc,3.875,1.79069e+09,-2.57168,44,-0.106645
3.876,4,0,nan,nan,nan,nan,0.744434,1.62316,1.71406,3.37792,6.27245,32,27,rc,3.876,1.79069e+09,-2.51528,44,-0.107938
3.877,4,0,nan,nan,nan,nan,0.428613,1.5324,1.71513,3.38099,6.27321,32,27,rc,3.877,1.79069e+09,-2.45889,44,-0.10881
3.878,4,0,nan,nan,nan,nan,0.428613,1.5324,1.71619,3.38099,6.27408,32,27,rc,3.878,1.79069e+09,-2.51528,44,-0.109679
3.879,4,0,nan,nan,nan,nan,0.586523,1.59872,1.72259,3.38415,6.27494,32,27,rc,3.879,1.79069e+09,-2.54912,44,-0.110089
3.88,4,0,nan,nan,nan,nan,0.586523,1.59872,1.713,3.38415,6.27571,32,27,rc,3.88,1.79069e+09,-2.48145,44,-0.110907
3.881,4,0,nan,nan,nan,nan,0.47373,1.74184,1.70341,3.3876,6.27657,32,27,rc,3.881,1.79069e+09,-2.47017,44,-0.112161
3.882,4,0,nan,nan,nan,nan,0.47373,1.74184,1.69702,3.3876,6.27734,32,27,rc,3.882,1.79069e+09,-2.47017,44,-0.113024
3.883,4,0,nan,nan,nan,nan,0.518848,1.81165,1.70661,3.39115,6.2782,32,27,rc,3.883,1.79069e+09,-2.504,44,-0.113914
3.884,4,0,nan,nan,nan,nan,0.518848,1.81165,1.70874,3.39115,6.27897,32,27,rc,3.884,1.79069e+09,-2.52656,44,-0.114774
3.885,4,0,nan,nan,nan,nan,0.530127,1.84132,1.69702,3.39489,6.27973,32,27,rc,3.885,1.79069e+09,-2.52656,44,-0.115192
3.886,4,0,nan,nan,nan,nan,0.530127,1.84132,1.6821,3.39489,6.2805,32,27,rc,3.886,1.79069e+09,-2.57168,44,-0.116376
3.887,4,0,nan,nan,nan,nan,0.496289,1.85354,1.68104,3.39853,6.28127,32,27,rc,3.887,1.79069e+09,-2.44761,44,-0.117181
3.888,4,0,nan,nan,nan,nan,0.496289,1.85354,1.67784,3.39853,6.28213,32,27,rc,3.888,1.79069e+09,-2.43633,44,-0.117972
3.889,4,0,nan,nan,nan,nan,0.733154,1.71042,1.6853,3.40208,6.28309,32,27,rc,3.889,1.79069e+09,-2.504,44,-0.118757
3.89,4,0,nan,nan,nan,nan,0.733154,1.71042,1.69808,3.40208,0.00076699,32,27,rc,3.89,1.79069e+09,-2.504,44,-0.11915
3.891,4,0,nan,nan,nan,nan,0.778271,1.68075,1.69915,3.40544,0.00162985,32,27,rc,3.891,1.79069e+09,-2.504,44,-0.120356
3.892,4,0,nan,nan,nan,nan,0.778271,1.68075,1.69595,3.40544,0.00249272,32,27,rc,3.892,1.79069e+09,-2.51528,44,-0.121186
3.893,4,0,nan,nan,nan,nan,0.789551,1.65806,1.69702,3.4087,0.00325971,32,27,rc,3.893,1.79069e+09,-2.53784,44,-0.122012
3.894,4,0,nan,nan,nan,nan,0.789551,1.65806,1.68743,3.4087,0.0040267,32,27,rc,3.894,1.79069e+09,-2.47017,44,-0.122842
3.895,4,0,nan,nan,nan,nan,0.654199,1.67203,1.6885,3.41205,0.00479369,32,27,rc,3.895,1.79069e+09,-2.43633,44,-0.12326
3.896,4,0,nan,nan,nan,nan,0.654199,1.67203,1.69276,3.41205,0.00556068,32,27,rc,3.896,1.79069e+09,-2.45889,44,-0.124089
3.897,4,0,nan,nan,nan,nan,0.812109,1.69471,1.6821,3.41541,0.0062318,32,27,rc,3.897,1.79069e+09,-2.40249,44,-0.125319
3.898,4,0,nan,nan,nan,nan,0.812109,1.69471,1.69595,3.41541,0.00699879,32,27,rc,3.898,1.79069e+09,-2.44761,44,-0.126132
3.899,4,0,nan,nan,nan,nan,0.744434,1.72439,1.69915,3.41886,0.00776578,32,27,rc,3.899,1.79069e+09,-2.53784,44,-0.126945
3.9,4,0,nan,nan,nan,nan,0.744434,1.72439,1.69595,3.41886,0.00862864,32,27,rc,3.9,1.79069e+09,-2.53784,44,-0.12735
3.901,4,0,nan,nan,nan,nan,0.755713,1.73835,1.6885,3.42241,0.00939563,32,27,rc,3.901,1.79069e+09,-2.58296,44,-0.128528
3.902,4,0,nan,nan,nan,nan,0.755713,1.73835,1.68104,3.42241,0.0100667,32,27,rc,3.902,1.79069e+09,-2.58296,44,-0.129324
3.903,4,0,nan,nan,nan,nan,0.755713,1.72613,1.67678,3.42586,0.0108337,32,27,rc,3.903,1.79069e+09,-2.504,44,-0.130122
3.904,4,0,nan,nan,nan,nan,0.755713,1.72613,1.68423,3.42586,0.0116007,32,27,rc,3.904,1.79069e+09,-2.43633,44,-0.130926
3.905,4,0,nan,nan,nan,nan,0.913623,1.67028,1.70021,3.42921,0.0123677,32,27,rc,3.905,1.79069e+09,-2.53784,44,-0.131335
3.906,4,0,nan,nan,nan,nan,0.913623,1.67028,1.6885,3.42921,0.0132306,32,27,rc,3.906,1.79069e+09,-2.58296,44,-0.132504
3.907,4,0,nan,nan,nan,nan,0.778271,1.66504,1.69169,3.43257,0.0139976,32,27,rc,3.907,1.79069e+09,-2.58296,44,-0.133278
3.908,4,0,nan,nan,nan,nan,0.778271,1.66504,1.70341,3.43257,0.0149563,32,27,rc,3.908,1.79069e+09,-2.53784,44,-0.134058
3.909,4,0,nan,nan,nan,nan,0.699316,1.6441,1.67571,3.43583,0.0158192,32,27,rc,3.909,1.79069e+09,-2.5604,44,-0.13486
3.91,4,0,nan,nan,nan,nan,0.699316,1.6441,1.6608,3.43583,0.016682,32,27,rc,3.91,1.79069e+09,-2.5604,44,-0.135282
3.911,4,0,nan,nan,nan,nan,0.496289,1.67028,1.67678,3.43918,0.0175449,32,27,rc,3.911,1.79069e+09,-2.58296,44,-0.136556
3.912,4,0,nan,nan,nan,nan,0.496289,1.67028,1.70448,3.43918,0.0183119,32,27,rc,3.912,1.79069e+09,-2.53784,44,-0.137407
3.913,4,0,nan,nan,nan,nan,0.812109,1.71566,1.70554,3.44254,0.0190789,32,27,rc,3.913,1.79069e+09,-2.37993,44,-0.138268
3.914,4,0,nan,nan,nan,nan,0.812109,1.71566,1.67145,3.44254,0.01975,32,27,rc,3.914,1.79069e+09,-2.48145,44,-0.139089
3.915,4,0,nan,nan,nan,nan,0.47373,1.79071,1.67678,3.44618,0.0204211,32,27,rc,3.915,1.79069e+09,-2.45889,44,-0.139495
3.916,4,0,nan,nan,nan,nan,0.47373,1.79071,1.69276,3.44618,0.0211881,32,27,rc,3.916,1.79069e+09,-2.43633,44,-0.140696
3.917,4,0,nan,nan,nan,nan,0.688037,1.73311,1.70874,3.44964,0.0219551,32,27,rc,3.917,1.79069e+09,-2.42505,44,-0.141527
3.918,4,0,nan,nan,nan,nan,0.688037,1.73311,1.68956,3.44964,0.0226262,32,27,rc,3.918,1.79069e+09,-2.45889,44,-0.142332
3.919,4,0,nan,nan,nan,nan,0.654199,1.68424,1.6821,3.45299,0.0233932,32,27,rc,3.919,1.79069e+09,-2.504,44,-0.143155
3.92,4,0,nan,nan,nan,nan,0.654199,1.68424,1.67678,3.45299,0.0241602,32,27,rc,3.92,1.79069e+09,-2.51528,44,-0.143566
3.921,4,0,nan,nan,nan,nan,0.609082,1.61094,1.70448,3.45625,0.0249272,32,27,rc,3.921,1.79069e+09,-2.54912,44,-0.144796
3.922,4,0,nan,nan,nan,nan,0.609082,1.61094,1.70448,3.45625,0.0256942,32,27,rc,3.922,1.79069e+09,-2.504,44,-0.145622
3.923,4,0,nan,nan,nan,nan,0.834668,1.6249,1.69702,3.45951,0.0264612,32,27,rc,3.923,1.79069e+09,-2.47017,44,-0.146457
3.924,4,0,nan,nan,nan,nan,0.834668,1.6249,1.69382,3.45951,0.0271323,32,27,rc,3.924,1.79069e+09,-2.39121,44,-0.147318
3.925,4,0,nan,nan,nan,nan,0.518848,1.68773,1.68637,3.46287,0.0278993,32,27,rc,3.925,1.79069e+09,-2.37993,44,-0.148212
3.926,4,0,nan,nan,nan,nan,0.518848,1.68773,1.69169,3.46287,0.0286663,32,27,rc,3.926,1.79069e+09,-2.40249,44,-0.149065
3.927,4,0,nan,nan,nan,nan,0.586523,1.65457,1.67678,3.46622,0.0294333,32,27,rc,3.927,1.79069e+09,-2.40249,44,-0.149913
3.928,4,0,nan,nan,nan,nan,0.586523,1.65457,1.66399,3.46622,0.0301044,32,27,rc,3.928,1.79069e+09,-2.44761,44,-0.150757
3.929,4,0,nan,nan,nan,nan,0.586523,1.65806,1.67891,3.46948,0.0308714,32,27,rc,3.929,1.79069e+09,-2.48145,44,-0.151603
3.93,4,0,nan,nan,nan,nan,0.586523,1.65806,1.67252,3.46948,0.0315425,32,27,rc,3.93,1.79069e+09,-2.53784,44,-0.152479
3.931,4,0,nan,nan,nan,nan,0.597803,1.71915,1.69169,3.47312,0.0322136,32,27,rc,3.931,1.79069e+09,-2.59424,44,-0.153269
3.932,4,0,nan,nan,nan,nan,0.597803,1.71915,1.67571,3.47312,0.0328847,32,27,rc,3.932,1.79069e+09,-2.58296,44,-0.15407
3.933,4,0,nan,nan,nan,nan,0.620361,1.8134,1.67891,3.47677,0.0336517,32,27,rc,3.933,1.79069e+09,-2.39121,44,-0.154882
3.934,4,0,nan,nan,nan,nan,0.620361,1.8134,1.66293,3.47677,0.0343228,32,27,rc,3.934,1.79069e+09,-2.47017,44,-0.155674
3.935,4,0,nan,nan,nan,nan,0.665479,1.71566,1.66826,3.48003,0.0350898,32,27,rc,3.935,1.79069e+09,-2.48145,44,-0.156501
3.936,4,0,nan,nan,nan,nan,0.665479,1.71566,1.66293,3.48003,0.0358568,32,27,rc,3.936,1.79069e+09,-2.47017,44,-0.157236
3.937,4,0,nan,nan,nan,nan,0.823389,1.60745,1.65973,3.48329,0.0367197,32,27,rc,3.937,1.79069e+09,-2.48145,44,-0.158015
3.938,4,0,nan,nan,nan,nan,0.823389,1.60745,1.67145,3.48329,0.0375825,32,27,rc,3.938,1.79069e+09,-2.504,44,-0.15881
3.939,4,0,nan,nan,nan,nan,0.699316,1.63363,1.68956,3.48645,0.0384454,32,27,rc,3.939,1.79069e+09,-2.504,44,-0.159614
3.94,4,0,nan,nan,nan,nan,0.699316,1.63363,1.68104,3.48645,0.0393083,32,27,rc,3.94,1.79069e+09,-2.53784,44,-0.160413
3.941,4,0,nan,nan,nan,nan,0.688037,1.67028,1.67571,3.48981,0.0400752,32,27,rc,3.941,1.79069e+09,-2.51528,44,-0.161167
3.942,4,0,nan,nan,nan,nan,0.688037,1.67028,1.67784,3.48981,0.0409381,32,27,rc,3.942,1.79069e+09,-2.39121,44,-0.161941
3.943,4,0,nan,nan,nan,nan,0.507568,1.70344,1.67252,3.49326,0.0417051,32,27,rc,3.943,1.79069e+09,-2.37993,44,-0.16273
3.944,4,0,nan,nan,nan,nan,0.507568,1.70344,1.66186,3.49326,0.0424721,32,27,rc,3.944,1.79069e+09,-2.31226,44,-0.163526
3.945,4,0,nan,nan,nan,nan,0.64292,1.63014,1.66506,3.49652,0.0432391,32,27,rc,3.945,1.79069e+09,-2.33481,44,-0.164329
3.946,4,0,nan,nan,nan,nan,0.64292,1.63014,1.65441,3.49652,0.0440061,32,27,rc,3.946,1.79069e+09,-2.34609,44,-0.165042
3.947,4,0,nan,nan,nan,nan,0.665479,1.69471,1.66506,3.49987,0.0447731,32,27,rc,3.947,1.79069e+09,-2.32354,44,-0.165782
3.948,4,0,nan,nan,nan,nan,0.665479,1.69471,1.66826,3.49987,0.0455401,32,27,rc,3.948,1.79069e+09,-2.27842,44,-0.166519
3.949,4,0,nan,nan,nan,nan,0.812109,1.75057,1.67571,3.50342,0.0462112,32,27,rc,3.949,1.79069e+09,-2.26714,44,-0.167269
3.95,4,0,nan,nan,nan,nan,0.812109,1.75057,1.65867,3.50342,0.0468823,32,27,rc,3.95,1.79069e+09,-2.27842,44,-0.168082
3.951,4,0,nan,nan,nan,nan,0.823389,1.66679,1.64056,3.50678,0.0475534,32,27,rc,3.951,1.79069e+09,-2.33481,44,-0.168804
3.952,4,0,nan,nan,nan,nan,0.823389,1.66679,1.65334,3.50678,0.0482245,32,27,rc,3.952,1.79069e+09,-2.33481,44,-0.169563
3.953,4,0,nan,nan,nan,nan,0.845947,1.57952,1.67145,3.50994,0.0488956,32,27,rc,3.953,1.79069e+09,-2.26714,44,-0.170312
3.954,4,0,nan,nan,nan,nan,0.845947,1.57952,1.64375,3.50994,0.0495668,32,27,rc,3.954,1.79069e+09,-2.24458,44,-0.170997
3.955,4,0,nan,nan,nan,nan,0.95874,1.60047,1.80568,3.5131,0.0503337,32,27,rc,3.955,1.79069e+09,-2.1769,44,-0.171553
3.956,4,0,nan,nan,nan,nan,0.95874,1.60047,1.99317,3.5131,0.0511007,32,27,rc,3.956,1.79069e+09,-2.08667,44,-0.172126
3.957,4,0,nan,nan,nan,nan,0.868506,1.72962,1.80248,3.51656,0.0519636,32,27,rc,3.957,1.79069e+09,-1.89492,44,-0.172995
3.958,4,0,nan,nan,nan,nan,0.868506,1.72962,1.501,3.51656,0.0527306,32,27,rc,3.958,1.79069e+09,-2.06411,44,-0.173755
3.959,4,0,nan,nan,nan,nan,-0.879785,1.60396,1.46052,3.51981,0.0535935,32,27,rc,3.959,1.79069e+09,-2.33481,44,-0.174178
3.96,4,0,nan,nan,nan,nan,-0.879785,1.60396,1.74709,3.51981,0.0543604,32,27,rc,3.96,1.79069e+09,-2.07539,44,-0.174513
3.961,4,0,nan,nan,nan,nan,1.20688,1.28805,1.95375,3.5225,0.0551274,32,27,rc,3.961,1.79069e+09,-1.70317,44,-0.174754
3.962,4,0,nan,nan,nan,nan,1.20688,1.28805,1.87492,3.5225,0.0557986,32,27,rc,3.962,1.79069e+09,-1.52271,44,-0.174875
3.963,4,0,nan,nan,nan,nan,0.0338379,1.66853,1.67997,3.52566,0.0565655,32,27,rc,3.963,1.79069e+09,-1.33096,44,-0.174973
3.964,4,0,nan,nan,nan,nan,0.0338379,1.66853,1.58303,3.52566,0.0574284,32,27,rc,3.964,1.79069e+09,-1.04897,44,-0.175211
3.965,4,0,nan,nan,nan,nan,-0.665479,1.5516,1.34334,3.52911,0.0583871,32,27,rc,3.965,1.79069e+09,-0.992578,44,-0.175676
3.966,4,0,nan,nan,nan,nan,-0.665479,1.5516,1.15691,3.52911,0.0593459,32,27,rc,3.966,1.79069e+09,-1.13921,44,-0.176139
3.967,4,0,nan,nan,nan,nan,0.281982,1.38405,1.28262,3.53189,0.0604005,32,27,rc,3.967,1.79069e+09,-1.36479,44,-0.17646
3.968,4,0,nan,nan,nan,nan,0.281982,1.38405,1.58942,3.53189,0.0613592,32,27,rc,3.968,1.79069e+09,-1.31968,44,-0.176581
3.969,4,0,nan,nan,nan,nan,4.09438,2.01062,1.72578,3.53554,0.0622221,32,27,rc,3.969,1.79069e+09,-1.09409,44,-0.176403
3.97,4,0,nan,nan,nan,nan,4.09438,2.01062,1.57131,3.53554,0.0629891,32,27,rc,3.97,1.79069e+09,-0.710596,44,-0.175972
3.971,4,0,nan,nan,nan,nan,1.61294,3.02989,1.39128,3.54148,0.0637561,32,27,rc,3.971,1.79069e+09,-0.259424,44,-0.175642
3.972,4,0,nan,nan,nan,nan,1.61294,3.02989,1.37636,3.54148,0.0646189,32,27,rc,3.972,1.79069e+09,-0.0902344,44,-0.175499
3.973,4,0,nan,nan,nan,nan,2.27842,1.81863,1.38062,3.54532,0.0656736,32,27,rc,3.973,1.79069e+09,-0.0676758,44,-0.175452
3.974,4,0,nan,nan,nan,nan,2.27842,1.81863,1.36038,3.54532,0.0667282,32,27,rc,3.974,1.79069e+09,-0.135352,44,-0.175543
3.975,4,0,nan,nan,nan,nan,3.94775,1.04545,1.48822,3.54752,0.0679745,32,27,rc,3.975,1.79069e+09,-0.225586,44,-0.175711
3.976,4,0,nan,nan,nan,nan,3.94775,1.04545,1.72152,3.54752,0.069125,32,27,rc,3.976,1.79069e+09,-0.383496,44,-0.175825
3.977,4,0,nan,nan,nan,nan,4.15078,1.75231,1.79503,3.55069,0.0702755,32,27,rc,3.977,1.79069e+09,-0.451172,44,-0.176
3.978,4,0,nan,nan,nan,nan,4.15078,1.75231,1.70128,3.55069,0.071426,32,27,rc,3.978,1.79069e+09,-0.417334,44,-0.17625
3.979,4,0,nan,nan,nan,nan,1.38735,1.87623,1.65973,3.55462,0.0724806,32,27,rc,3.979,1.79069e+09,-0.496289,44,-0.176604
3.98,4,0,nan,nan,nan,nan,1.38735,1.87623,1.75348,3.55462,0.0733435,32,27,rc,3.98,1.79069e+09,-0.597803,44,-0.177117
3.981,4,0,nan,nan,nan,nan,1.29712,0.919789,1.80994,3.55673,0.0742063,32,27,rc,3.981,1.79069e+09,-0.834668,44,-0.177555
3.982,4,0,nan,nan,nan,nan,1.29712,0.919789,1.811,3.55673,0.0749733,32,27,rc,3.982,1.79069e+09,-1.04897,44,-0.177958
3.983,4,0,nan,nan,nan,nan,0.383496,0.993092,1.84403,3.55855,0.0754527,32,27,rc,3.983,1.79069e+09,-1.07153,44,-0.17837
3.984,4,0,nan,nan,nan,nan,0.383496,0.993092,1.81207,3.55855,0.0758362,32,27,rc,3.984,1.79069e+09,-1.10537,44,-0.178757
3.985,4,0,nan,nan,nan,nan,0.112793,1.1589,1.75561,3.56085,0.075932,32,27,rc,3.985,1.79069e+09,-1.12793,44,-0.179176
3.986,4,0,nan,nan,nan,nan,0.112793,1.1589,1.67997,3.56085,0.0758362,32,27,rc,3.986,1.79069e+09,-1.17305,44,-0.179547
3.987,4,0,nan,nan,nan,nan,-0.0112793,1.42593,1.65547,3.56363,0.0756444,32,27,rc,3.987,1.79069e+09,-1.24072,44,-0.179861
3.988,4,0,nan,nan,nan,nan,-0.0112793,1.42593,1.69382,3.56363,0.0751651,32,27,rc,3.988,1.79069e+09,-1.26328,44,-0.180053
3.989,4,0,nan,nan,nan,nan,0.0902344,1.87099,1.69063,3.56718,0.0745898,32,27,rc,3.989,1.79069e+09,-1.21816,44,-0.180156
3.99,4,0,nan,nan,nan,nan,0.0902344,1.87099,1.60966,3.56718,0.0738228,32,27,rc,3.99,1.79069e+09,-1.12793,44,-0.180254
3.991,4,0,nan,nan,nan,nan,-0.0112793,2.14675,1.55427,3.57149,0.0730558,32,27,rc,3.991,1.79069e+09,-1.09409,44,-0.180285
3.992,4,0,nan,nan,nan,nan,-0.0112793,2.14675,1.59475,3.57149,0.0722888,32,27,rc,3.992,1.79069e+09,-1.09409,44,-0.180266
3.993,4,0,nan,nan,nan,nan,0.124072,2.0176,1.66506,3.57552,0.071426,32,27,rc,3.993,1.79069e+09,-1.15049,44,-0.180173
3.994,4,0,nan,nan,nan,nan,0.124072,2.0176,1.69169,3.57552,0.070659,32,27,rc,3.994,1.79069e+09,-1.16177,44,-0.180035
3.995,4,0,nan,nan,nan,nan,0.710596,2.00713,1.63097,3.57954,0.069892,32,27,rc,3.995,1.79069e+09,-1.0377,44,-0.179896
3.996,4,0,nan,nan,nan,nan,0.710596,2.00713,1.61925,3.57954,0.0692209,32,27,rc,3.996,1.79069e+09,-1.01514,44,-0.179761
3.997,4,0,nan,nan,nan,nan,0.259424,1.86576,1.67678,3.58338,0.0686456,32,27,rc,3.997,1.79069e+09,-0.992578,44,-0.179657
3.998,4,0,nan,nan,nan,nan,0.259424,1.86576,1.67784,3.58338,0.0682621,32,27,rc,3.998,1.79069e+09,-0.981299,44,-0.179574
3.999,4,0,nan,nan,nan,nan,1.01514,1.44513,1.65547,3.58635,0.0679745,32,27,rc,3.999,1.79069e+09,-1.04897,44,-0.179493
4,4,0,nan,nan,nan,nan,1.01514,1.44513,1.65014,3.58635,0.0678786,32,27,rc,4,1.79069e+09,-1.07153,44,-0.179433
4.001,4,0,nan,nan,nan,nan,0.530127,1.50971,1.69595,3.58942,0.0678786,32,27,rc,4.001,1.79069e+09,-1.07153,44,-0.179443
4.002,4,0,nan,nan,nan,nan,0.530127,1.50971,1.73537,3.58942,0.0679745,32,27,rc,4.002,1.79069e+09,-1.08281,44,-0.17949
4.003,4,0,nan,nan,nan,nan,0.620361,1.6057,1.74283,3.59258,0.0682621,32,27,rc,4.003,1.79069e+09,-1.10537,44,-0.17945
4.004,4,0,nan,nan,nan,nan,0.620361,1.6057,1.72259,3.59258,0.0685498,32,27,rc,4.004,1.79069e+09,-1.11665,44,-0.17935
4.005,4,0,nan,nan,nan,nan,0.0676758,1.69297,1.70128,3.59594,0.0688374,32,27,rc,4.005,1.79069e+09,-1.01514,44,-0.179207
4.006,4,0,nan,nan,nan,nan,0.0676758,1.69297,1.65973,3.59594,0.069125,32,27,rc,4.006,1.79069e+09,-0.924902,44,-0.17905
4.007,4,0,nan,nan,nan,nan,0.101514,1.55683,1.56705,3.5991,0.0694126,32,27,rc,4.007,1.79069e+09,-0.834668,44,-0.178887
4.008,4,0,nan,nan,nan,nan,0.101514,1.55683,1.51911,3.5991,0.0697961,32,27,rc,4.008,1.79069e+09,-0.744434,44,-0.178664
4.009,4,0,nan,nan,nan,nan,0.451172,1.53764,1.52444,3.60217,0.0701796,32,27,rc,4.009,1.79069e+09,-0.688037,44,-0.178391
4.01,4,0,nan,nan,nan,nan,0.451172,1.53764,1.56492,3.60217,0.0705631,32,27,rc,4.01,1.79069e+09,-0.541406,44,-0.178103
4.011,4,0,nan,nan,nan,nan,1.46631,1.81863,1.54255,3.60572,0.0708507,32,27,rc,4.011,1.79069e+09,-0.451172,44,-0.177882
4.012,4,0,nan,nan,nan,nan,1.46631,1.81863,1.52337,3.60572,0.0711384,32,27,rc,4.012,1.79069e+09,-0.406055,44,-0.177665
4.013,4,0,nan,nan,nan,nan,1.52271,2.17468,1.56173,3.60994,0.071426,32,27,rc,4.013,1.79069e+09,-0.372217,44,-0.177447
4.014,4,0,nan,nan,nan,nan,1.52271,2.17468,1.62884,3.60994,0.0717136,32,27,rc,4.014,1.79069e+09,-0.372217,44,-0.177286
4.015,4,0,nan,nan,nan,nan,2.08667,1.91812,1.64801,3.61396,0.0720012,32,27,rc,4.015,1.79069e+09,-0.372217,44,-0.177216
4.016,4,0,nan,nan,nan,nan,2.08667,1.91812,1.61925,3.61396,0.072193,32,27,rc,4.016,1.79069e+09,-0.417334,44,-0.177239
4.017,4,0,nan,nan,nan,nan,1.52271,1.46957,1.6086,3.61703,0.0723847,32,27,rc,4.017,1.79069e+09,-0.552686,44,-0.177361
4.018,4,0,nan,nan,nan,nan,1.52271,1.46957,1.65867,3.61703,0.0725765,32,27,rc,4.018,1.79069e+09,-0.654199,44,-0.17754
4.019,4,0,nan,nan,nan,nan,1.252,1.27584,1.71193,3.61972,0.0725765,32,27,rc,4.019,1.79069e+09,-0.812109,44,-0.17773
4.02,4,0,nan,nan,nan,nan,1.252,1.27584,1.74283,3.61972,0.0725765,32,27,rc,4.02,1.79069e+09,-0.95874,44,-0.177902
4.021,4,0,nan,nan,nan,nan,0.688037,1.57429,1.762,3.62278,0.0723847,32,27,rc,4.021,1.79069e+09,-1.00386,44,-0.178077
4.022,4,0,nan,nan,nan,nan,0.688037,1.57429,1.74602,3.62278,0.0720971,32,27,rc,4.022,1.79069e+09,-1.04897,44,-0.178246
4.023,4,0,nan,nan,nan,nan,0.101514,1.65806,1.70554,3.62614,0.0718095,32,27,rc,4.023,1.79069e+09,-1.08281,44,-0.178421
4.024,4,0,nan,nan,nan,nan,0.101514,1.65806,1.67891,3.62614,0.0713301,32,27,rc,4.024,1.79069e+09,-1.11665,44,-0.178615
4.025,4,0,nan,nan,nan,nan,-0.0676758,1.54462,1.67465,3.62921,0.0708507,32,27,rc,4.025,1.79069e+09,-1.19561,44,-0.17884
4.026,4,0,nan,nan,nan,nan,-0.0676758,1.54462,1.64908,3.62921,0.0703714,32,27,rc,4.026,1.79069e+09,-1.28584,44,-0.179036
4.027,4,0,nan,nan,nan,nan,0.101514,1.5708,1.63097,3.63218,0.069892,32,27,rc,4.027,1.79069e+09,-1.34224,44,-0.179217
4.028,4,0,nan,nan,nan,nan,0.101514,1.5708,1.62458,3.63218,0.0694126,32,27,rc,4.028,1.79069e+09,-1.37607,44,-0.179402
4.029,4,0,nan,nan,nan,nan,0.293262,1.65457,1.6054,3.63544,0.0689333,32,27,rc,4.029,1.79069e+09,-1.36479,44,-0.179531
4.03,4,0,nan,nan,nan,nan,0.293262,1.65457,1.62777,3.63544,0.0685498,32,27,rc,4.03,1.79069e+09,-1.36479,44,-0.179608
4.031,4,0,nan,nan,nan,nan,0.631641,1.76104,1.63736,3.63889,0.0681663,32,27,rc,4.031,1.79069e+09,-1.33096,44,-0.179651
4.032,4,0,nan,nan,nan,nan,0.631641,1.76104,1.6331,3.63889,0.0678786,32,27,rc,4.032,1.79069e+09,-1.3084,44,-0.179665
4.033,4,0,nan,nan,nan,nan,0.654199,1.89019,1.6086,3.64263,0.0677828,32,27,rc,4.033,1.79069e+09,-1.26328,44,-0.17965
4.034,4,0,nan,nan,nan,nan,0.654199,1.89019,1.43389,3.64263,0.0676869,32,27,rc,4.034,1.79069e+09,-1.24072,44,-0.17956
4.035,4,0,nan,nan,nan,nan,0.845947,1.78198,1.35293,3.64627,0.0677828,32,27,rc,4.035,1.79069e+09,-1.18433,44,-0.1802
4.036,4,0,nan,nan,nan,nan,0.845947,1.78198,0.975812,3.64627,0.0679745,32,27,rc,4.036,1.79069e+09,-1.13921,44,-0.182226
4.037,4,0,nan,nan,nan,nan,2.5604,1.6441,0.467665,3.64953,0.068358,32,27,rc,4.037,1.79069e+09,-2.34609,44,-0.184396
4.038,4,0,nan,nan,nan,nan,2.5604,1.6441,0.471927,3.64953,0.0686456,32,27,rc,4.038,1.79069e+09,-4.15078,44,-0.184969
4.039,4,0,nan,nan,nan,nan,6.84653,2.01935,0.503885,3.65346,0.0685498,32,27,rc,4.039,1.79069e+09,-3.76729,44,-0.183922
4.04,4,0,nan,nan,nan,nan,6.84653,2.01935,0.271651,3.65346,0.0679745,32,27,rc,4.04,1.79069e+09,-1.68062,44,-0.181971
4.041,4,0,nan,nan,nan,nan,9.07983,2.56738,-0.0990726,3.65845,0.0673993,32,27,rc,4.041,1.79069e+09,-0.15791,44,-0.179887
4.042,4,0,nan,nan,nan,nan,9.07983,2.56738,-0.37818,3.65845,0.0673034,32,27,rc,4.042,1.79069e+09,0.0676758,44,-0.17797
4.043,4,0,nan,nan,nan,nan,10.6477,1.7017,-0.535844,3.66219,0.067591,32,27,rc,4.043,1.79069e+09,0.349658,44,-0.176771
4.044,4,0,nan,nan,nan,nan,10.6477,1.7017,-0.397356,3.66219,0.0682621,32,27,rc,4.044,1.79069e+09,0.406055,44,-0.176335
4.045,4,0,nan,nan,nan,nan,11.3244,0.544543,0.120379,3.66372,0.0693168,32,27,rc,4.045,1.79069e+09,0.0902344,44,-0.176156
4.046,4,0,nan,nan,nan,nan,11.3244,0.544543,0.670072,3.66372,0.0704672,32,27,rc,4.046,1.79069e+09,-0,44,-0.175881
4.047,4,0,nan,nan,nan,nan,11.4259,0.00698132,0.948114,3.66382,0.0716177,32,27,rc,4.047,1.79069e+09,-0.0338379,44,-0.175508
4.048,4,0,nan,nan,nan,nan,11.4259,0.00698132,0.780863,3.66382,0.0728641,32,27,rc,4.048,1.79069e+09,-0,44,-0.175197
4.049,4,0,nan,nan,nan,nan,11.3019,0.146608,0.324916,3.66401,0.0741104,32,27,rc,4.049,1.79069e+09,-0,44,-0.175098
4.05,4,0,nan,nan,nan,nan,11.3019,0.146608,-0.0159795,3.66401,0.0754527,32,27,rc,4.05,1.79069e+09,0.135352,44,-0.175208
4.051,4,0,nan,nan,nan,nan,11.3583,0.181514,-0.0532648,3.66439,0.0766032,32,27,rc,4.051,1.79069e+09,-0.0676758,44,-0.175287
4.052,4,0,nan,nan,nan,nan,11.3583,0.181514,0.103334,3.66439,0.0777537,32,27,rc,4.052,1.79069e+09,-0.203027,44,-0.175143
4.053,4,0,nan,nan,nan,nan,11.4598,-0.0575959,0.145946,3.66439,0.079,32,27,rc,4.053,1.79069e+09,-0.225586,44,-0.174792
4.054,4,0,nan,nan,nan,nan,11.4598,-0.0575959,-0.0340895,3.66439,0.0800546,32,27,rc,4.054,1.79069e+09,-0.112793,44,-0.17441
4.055,4,0,nan,nan,nan,nan,11.4485,-0.29147,-0.258867,3.66382,0.0811092,32,27,rc,4.055,1.79069e+09,-0.0676758,44,-0.17413
4.056,4,0,nan,nan,nan,nan,11.4485,-0.29147,-0.41227,3.66382,0.082068,32,27,rc,4.056,1.79069e+09,-0.0789551,44,-0.174054
4.057,4,0,nan,nan,nan,nan,11.4034,-0.296706,-0.451686,3.66324,0.0829308,32,27,rc,4.057,1.79069e+09,-0.180469,44,-0.173967
4.058,4,0,nan,nan,nan,nan,11.4034,-0.296706,-0.406943,3.66324,0.0837937,32,27,rc,4.058,1.79069e+09,-0.439893,44,-0.173679
4.059,4,0,nan,nan,nan,nan,11.4146,-0.333358,-0.274847,3.66257,0.0844648,32,27,rc,4.059,1.79069e+09,-0.428613,44,-0.173284
4.06,4,0,nan,nan,nan,nan,11.4146,-0.333358,-0.192819,3.66257,0.0849442,32,27,rc,4.06,1.79069e+09,-0.248145,44,-0.17287
4.061,4,0,nan,nan,nan,nan,11.4372,-0.485202,-0.194949,3.66171,0.0853277,32,27,rc,4.061,1.79069e+09,-0.248145,44,-0.172503
4.062,4,0,nan,nan,nan,nan,11.4372,-0.485202,-0.187492,3.66171,0.0856153,32,27,rc,4.062,1.79069e+09,-0.236865,44,-0.172302
4.063,4,0,nan,nan,nan,nan,11.3583,-0.603884,-0.123574,3.66056,0.0858071,32,27,rc,4.063,1.79069e+09,-0.248145,44,-0.17238
4.064,4,0,nan,nan,nan,nan,11.3583,-0.603884,-0.0330242,3.66056,0.0859029,32,27,rc,4.064,1.79069e+09,-0.586523,44,-0.172689
4.065,4,0,nan,nan,nan,nan,11.2455,-0.560251,0.0703096,3.65941,0.0859029,32,27,rc,4.065,1.79069e+09,-0.95874,44,-0.173127
4.066,4,0,nan,nan,nan,nan,11.2455,-0.560251,0.102269,3.65941,0.0855194,32,27,rc,4.066,1.79069e+09,-1.3084,44,-0.173443
4.067,4,0,nan,nan,nan,nan,11.1327,-0.340339,0.0266324,3.65864,0.0849442,32,27,rc,4.067,1.79069e+09,-1.45503,44,-0.173748
4.068,4,0,nan,nan,nan,nan,11.1327,-0.340339,-0.0628525,3.65864,0.0840813,32,27,rc,4.068,1.79069e+09,-1.36479,44,-0.174089
4.069,4,0,nan,nan,nan,nan,11.0875,-0.0994838,-0.152337,3.65835,0.0829308,32,27,rc,4.069,1.79069e+09,-1.42119,44,-0.174339
4.07,4,0,nan,nan,nan,nan,11.0875,-0.0994838,-0.141684,3.65835,0.0814927,32,27,rc,4.07,1.79069e+09,-1.48887,44,-0.174445
4.071,4,0,nan,nan,nan,nan,11.0312,0.00349066,-0.0873543,3.65835,0.0798629,32,27,rc,4.071,1.79069e+09,-1.46631,44,-0.174538
4.072,4,0,nan,nan,nan,nan,11.0312,0.00349066,-0.0926808,3.65835,0.0781371,32,27,rc,4.072,1.79069e+09,-1.48887,44,-0.174572
4.073,4,0,nan,nan,nan,nan,11.2116,0.015708,-0.104399,3.65835,0.0761238,32,27,rc,4.073,1.79069e+09,-1.39863,44,-0.174503
4.074,4,0,nan,nan,nan,nan,11.2116,0.015708,-0.112921,3.65835,0.0741104,32,27,rc,4.074,1.79069e+09,-1.38735,44,-0.174373
4.075,4,0,nan,nan,nan,nan,11.2567,-0.0366519,-0.0415466,3.65835,0.0720971,32,27,rc,4.075,1.79069e+09,-1.43247,44,-0.174225
4.076,4,0,nan,nan,nan,nan,11.2567,-0.0366519,0.0213059,3.65835,0.0700837,32,27,rc,4.076,1.79069e+09,-1.52271,44,-0.174024
4.077,4,0,nan,nan,nan,nan,11.1778,-0.0593412,0.00532648,3.65816,0.0682621,32,27,rc,4.077,1.79069e+09,-1.42119,44,-0.173836
4.078,4,0,nan,nan,nan,nan,11.1778,-0.0593412,-0.0319589,3.65816,0.0664405,32,27,rc,4.078,1.79069e+09,-1.37607,44,-0.173615
4.079,4,0,nan,nan,nan,nan,11.2342,-0.0226893,-0.0458078,3.65816,0.0649066,32,27,rc,4.079,1.79069e+09,-1.39863,44,-0.173407
4.08,4,0,nan,nan,nan,nan,11.2342,-0.0226893,-0.0234365,3.65816,0.0635643,32,27,rc,4.08,1.79069e+09,-1.48887,44,-0.173156
4.081,4,0,nan,nan,nan,nan,11.2229,0.015708,0.0937461,3.65816,0.0624138,32,27,rc,4.081,1.79069e+09,-1.46631,44,-0.172936
4.082,4,0,nan,nan,nan,nan,11.2229,0.015708,0.127836,3.65816,0.0616469,32,27,rc,4.082,1.79069e+09,-1.43247,44,-0.172662
4.083,4,0,nan,nan,nan,nan,11.1214,0.122173,0.133162,3.65835,0.0609757,32,27,rc,4.083,1.79069e+09,-1.36479,44,-0.172523
4.084,4,0,nan,nan,nan,nan,11.1214,0.122173,0.107595,3.65835,0.0606881,32,27,rc,4.084,1.79069e+09,-1.37607,44,-0.172539
4.085,4,0,nan,nan,nan,nan,11.0763,0.230383,0.0617872,3.65883,0.0605922,32,27,rc,4.085,1.79069e+09,-1.45503,44,-0.172622
4.086,4,0,nan,nan,nan,nan,11.0763,0.230383,0.0308936,3.65883,0.060784,32,27,rc,4.086,1.79069e+09,-1.53398,44,-0.172645
4.087,4,0,nan,nan,nan,nan,11.1778,0.329867,0.0415466,3.65941,0.0611675,32,27,rc,4.087,1.79069e+09,-1.59038,44,-0.172686
4.088,4,0,nan,nan,nan,nan,11.1778,0.329867,0.0564607,3.65941,0.0616469,32,27,rc,4.088,1.79069e+09,-1.55654,44,-0.172581
4.089,4,0,nan,nan,nan,nan,11.2567,0.336849,0.0319589,3.66008,0.062318,32,27,rc,4.089,1.79069e+09,-1.39863,44,-0.172435
4.09,4,0,nan,nan,nan,nan,11.2567,0.336849,0.0553954,3.66008,0.063085,32,27,rc,4.09,1.79069e+09,-1.18433,44,-0.172282
4.091,4,0,nan,nan,nan,nan,11.3357,0.254818,0.0521996,3.66065,0.0639478,32,27,rc,4.091,1.79069e+09,-1.07153,44,-0.172192
4.092,4,0,nan,nan,nan,nan,11.3357,0.254818,0.068179,3.66065,0.0649066,32,27,rc,4.092,1.79069e+09,-0.981299,44,-0.172084
4.093,4,0,nan,nan,nan,nan,11.3808,0.137881,0.0937461,3.66094,0.0658653,32,27,rc,4.093,1.79069e+09,-0.981299,44,-0.172012
4.094,4,0,nan,nan,nan,nan,11.3808,0.137881,0.129966,3.66094,0.0669199,32,27,rc,4.094,1.79069e+09,-0.902344,44,-0.171957
4.095,4,0,nan,nan,nan,nan,11.3808,0.0767945,0.129966,3.66113,0.0679745,32,27,rc,4.095,1.79069e+09,-0.812109,44,-0.171992
4.096,4,0,nan,nan,nan,nan,11.3808,0.0767945,0.113987,3.66113,0.0688374,32,27,rc,4.096,1.79069e+09,-0.733154,44,-0.171964
4.097,4,0,nan,nan,nan,nan,11.3583,0.0488692,0.0639178,3.66123,0.0696044,32,27,rc,4.097,1.79069e+09,-0.64292,44,-0.171968
4.098,4,0,nan,nan,nan,nan,11.3583,0.0488692,-4.63137e-18,3.66123,0.0703714,32,27,rc,4.098,1.79069e+09,-0.620361,44,-0.171916
4.099,4,0,nan,nan,nan,nan,11.2793,0.0575959,-0.01811,3.66132,0.0709466,32,27,rc,4.099,1.79069e+09,-0.586523,44,-0.171789
4.1,4,0,nan,nan,nan,nan,11.2793,0.0575959,-0.00532648,3.66132,0.071426,32,27,rc,4.1,1.79069e+09,-0.47373,44,-0.171562
4.101,4,0,nan,nan,nan,nan,11.2567,0.111701,0.0458078,3.66161,0.0719053,32,27,rc,4.101,1.79069e+09,-0.3271,44,-0.171319
4.102,4,0,nan,nan,nan,nan,11.2567,0.111701,0.0852238,3.66161,0.072193,32,27,rc,4.102,1.79069e+09,-0.248145,44,-0.171052
4.103,4,0,nan,nan,nan,nan,11.268,0.1309,0.0990726,3.6618,0.0724806,32,27,rc,4.103,1.79069e+09,-0.236865,44,-0.17078
4.104,4,0,nan,nan,nan,nan,11.268,0.1309,0.12464,3.6618,0.0727682,32,27,rc,4.104,1.79069e+09,-0.203027,44,-0.170501
4.105,4,0,nan,nan,nan,nan,11.2906,0.141372,0.217321,3.66209,0.07296,32,27,rc,4.105,1.79069e+09,-0.214307,44,-0.170139
4.106,4,0,nan,nan,nan,nan,11.2906,0.141372,0.361136,3.66209,0.0731517,32,27,rc,4.106,1.79069e+09,-0.180469,44,-0.169665
4.107,4,0,nan,nan,nan,nan,11.3019,0.122173,0.447425,3.66238,0.0732476,32,27,rc,4.107,1.79069e+09,-0.0902344,44,-0.168992
4.108,4,0,nan,nan,nan,nan,11.3019,0.122173,0.514538,3.66238,0.0733435,32,27,rc,4.108,1.79069e+09,-0.101514,44,-0.168265
4.109,4,0,nan,nan,nan,nan,11.2116,0.176278,0.562477,3.66267,0.0734393,32,27,rc,4.109,1.79069e+09,-0.0451172,44,-0.167817
4.11,4,0,nan,nan,nan,nan,11.2116,0.176278,0.616807,3.66267,0.0734393,32,27,rc,4.11,1.79069e+09,-0.0112793,44,-0.167586
4.111,4,0,nan,nan,nan,nan,11.1101,0.342085,0.748904,3.66334,0.0734393,32,27,rc,4.111,1.79069e+09,-0.0112793,44,-0.167633
4.112,4,0,nan,nan,nan,nan,11.1101,0.342085,0.747838,3.66334,0.0734393,32,27,rc,4.112,1.79069e+09,-0.101514,44,-0.167936
4.113,4,0,nan,nan,nan,nan,11.0312,0.565487,0.711618,3.66439,0.0734393,32,27,rc,4.113,1.79069e+09,-0.270703,44,-0.168235
4.114,4,0,nan,nan,nan,nan,11.0312,0.565487,0.691378,3.66439,0.0733435,32,27,rc,4.114,1.79069e+09,-0.609082,44,-0.168463
4.115,4,0,nan,nan,nan,nan,10.9973,0.752237,0.655158,3.66583,0.0731517,32,27,rc,4.115,1.79069e+09,-0.676758,44,-0.168563
4.116,4,0,nan,nan,nan,nan,10.9973,0.752237,0.6999,3.66583,0.0727682,32,27,rc,4.116,1.79069e+09,-0.766992,44,-0.168447
4.117,4,0,nan,nan,nan,nan,11.0312,0.912807,0.673268,3.66756,0.0723847,32,27,rc,4.117,1.79069e+09,-0.654199,44,-0.168188
4.118,4,0,nan,nan,nan,nan,11.0312,0.912807,0.649831,3.66756,0.0718095,32,27,rc,4.118,1.79069e+09,-0.507568,44,-0.167724
4.119,4,0,nan,nan,nan,nan,11.2567,0.987856,0.659419,3.66957,0.0712342,32,27,rc,4.119,1.79069e+09,-0.394775,44,-0.167059
4.12,4,0,nan,nan,nan,nan,11.2567,0.987856,0.691378,3.66957,0.0705631,32,27,rc,4.12,1.79069e+09,-0.15791,44,-0.1664
4.121,4,0,nan,nan,nan,nan,11.1778,0.980875,0.662615,3.67149,0.0700837,32,27,rc,4.121,1.79069e+09,-0.0902344,44,-0.165947
4.122,4,0,nan,nan,nan,nan,11.1778,0.980875,0.674333,3.67149,0.0696044,32,27,rc,4.122,1.79069e+09,-0.0902344,44,-0.165674
4.123,4,0,nan,nan,nan,nan,11.1214,0.987856,0.80643,3.6735,0.069125,32,27,rc,4.123,1.79069e+09,-0.135352,44,-0.165643
4.124,4,0,nan,nan,nan,nan,11.1214,0.987856,1.05997,3.6735,0.0688374,32,27,rc,4.124,1.79069e+09,-0.3271,44,-0.165778
4.125,4,0,nan,nan,nan,nan,11.1778,1.23569,1.1633,3.6759,0.0686456,32,27,rc,4.125,1.79069e+09,-0.609082,44,-0.165975
4.126,4,0,nan,nan,nan,nan,11.1778,1.23569,1.05677,3.6759,0.068358,32,27,rc,4.126,1.79069e+09,-0.789551,44,-0.166401
4.127,4,0,nan,nan,nan,nan,11.2342,1.35961,0.948114,3.67858,0.0679745,32,27,rc,4.127,1.79069e+09,-0.857227,44,-0.16757
4.128,4,0,nan,nan,nan,nan,11.2342,1.35961,0.787254,3.67858,0.067591,32,27,rc,4.128,1.79069e+09,-1.34224,44,-0.168754
4.129,4,0,nan,nan,nan,nan,11.2793,1.11701,0.907633,3.68088,0.0671117,32,27,rc,4.129,1.79069e+09,-2.35737,44,-0.168936
4.13,4,0,nan,nan,nan,nan,11.2793,1.11701,1.12495,3.68088,0.0663447,32,27,rc,4.13,1.79069e+09,-2.14307,44,-0.16822
4.131,4,0,nan,nan,nan,nan,11.3244,1.00182,1.11004,3.6829,0.0652901,32,27,rc,4.131,1.79069e+09,-1.01514,44,-0.166785
4.132,4,0,nan,nan,nan,nan,11.3244,1.00182,0.938527,3.6829,0.0642354,32,27,rc,4.132,1.79069e+09,-0.293262,44,-0.164455
4.133,4,0,nan,nan,nan,nan,11.3808,1.0821,0.719075,3.6851,0.0634685,32,27,rc,4.133,1.79069e+09,0.0676758,44,-0.161955
4.134,4,0,nan,nan,nan,nan,11.3808,1.0821,0.84478,3.6851,0.0629891,32,27,rc,4.134,1.79069e+09,1.08281,44,-0.159973
4.135,4,0,nan,nan,nan,nan,11.2116,1.10654,1.33375,3.68731,0.0627015,32,27,rc,4.135,1.79069e+09,1.6355,44,-0.15873
4.136,4,0,nan,nan,nan,nan,11.2116,1.10654,1.85681,3.68731,0.0627973,32,27,rc,4.136,1.79069e+09,1.36479,44,-0.158409
4.137,4,0,nan,nan,nan,nan,11.0988,1.28456,2.0475,3.6897,0.0632767,32,27,rc,4.137,1.79069e+09,0.688037,44,-0.158706
4.138,4,0,nan,nan,nan,nan,11.0988,1.28456,2.00702,3.6897,0.0640437,32,27,rc,4.138,1.79069e+09,0.0676758,44,-0.159491
4.139,4,0,nan,nan,nan,nan,10.9748,1.73486,1.8909,3.69306,0.0647148,32,27,rc,4.139,1.79069e+09,-0.0338379,44,-0.16053
4.14,4,0,nan,nan,nan,nan,10.9748,1.73486,1.75987,3.69306,0.0654818,32,27,rc,4.14,1.79069e+09,-0.372217,44,-0.161478
4.141,4,0,nan,nan,nan,nan,10.7266,1.69995,1.76733,3.69661,0.066057,32,27,rc,4.141,1.79069e+09,-0.879785,44,-0.161973
4.142,4,0,nan,nan,nan,nan,10.7266,1.69995,1.84509,3.69661,0.0665364,32,27,rc,4.142,1.79069e+09,-0.936182,44,-0.162017
4.143,4,0,nan,nan,nan,nan,11.0424,1.63014,1.86001,3.69977,0.066824,32,27,rc,4.143,1.79069e+09,-0.597803,44,-0.161672
4.144,4,0,nan,nan,nan,nan,11.0424,1.63014,1.84616,3.69977,0.0669199,32,27,rc,4.144,1.79069e+09,-0.225586,44,-0.161075
4.145,4,0,nan,nan,nan,nan,10.8056,1.92859,1.84722,3.7036,0.0670158,32,27,rc,4.145,1.79069e+09,-0.0902344,44,-0.16035
4.146,4,0,nan,nan,nan,nan,10.8056,1.92859,1.73963,3.7036,0.0672075,32,27,rc,4.146,1.79069e+09,-0.0338379,44,-0.159801
4.147,4,0,nan,nan,nan,nan,11.0424,2.1293,1.49142,3.70773,0.0673034,32,27,rc,4.147,1.79069e+09,0.0225586,44,-0.15963
4.148,4,0,nan,nan,nan,nan,11.0424,2.1293,1.20059,3.70773,0.0674952,32,27,rc,4.148,1.79069e+09,0.0225586,44,-0.159803
4.149,4,0,nan,nan,nan,nan,11.065,2.2794,1.16757,3.71233,0.0676869,32,27,rc,4.149,1.79069e+09,-0.124072,44,-0.160128
4.15,4,0,nan,nan,nan,nan,11.065,2.2794,1.4797,3.71233,0.0678786,32,27,rc,4.15,1.79069e+09,-0.236865,44,-0.160495
4.151,4,0,nan,nan,nan,nan,11.1778,2.2218,2.04217,3.71674,0.0679745,32,27,rc,4.151,1.79069e+09,-0.417334,44,-0.160885
4.152,4,0,nan,nan,nan,nan,11.1778,2.2218,2.47149,3.71674,0.0680704,32,27,rc,4.152,1.79069e+09,-0.620361,44,-0.16144
4.153,4,0,nan,nan,nan,nan,11.2906,2.1293,2.50132,3.72105,0.0680704,32,27,rc,4.153,1.79069e+09,-0.812109,44,-0.162167
4.154,4,0,nan,nan,nan,nan,11.2906,2.1293,2.32341,3.72105,0.0679745,32,27,rc,4.154,1.79069e+09,-1.09409,44,-0.163
4.155,4,0,nan,nan,nan,nan,6.4292,1.70693,2.26376,3.72479,0.0676869,32,27,rc,4.155,1.79069e+09,-1.40991,44,-0.163852
4.156,4,0,nan,nan,nan,nan,6.4292,1.70693,2.39159,3.72479,0.0672075,32,27,rc,4.156,1.79069e+09,-1.61294,44,-0.164502
4.157,4,0,nan,nan,nan,nan,6.13594,1.11527,2.66324,3.727,0.0665364,32,27,rc,4.157,1.79069e+09,-1.72573,44,-0.164973
4.158,4,0,nan,nan,nan,nan,6.13594,1.11527,2.76764,3.727,0.0656736,32,27,rc,4.158,1.79069e+09,-1.68062,44,-0.1652
4.159,4,0,nan,nan,nan,nan,4.51172,2.23402,2.65792,3.73112,0.0647148,32,27,rc,4.159,1.79069e+09,-1.55654,44,-0.165329
4.16,4,0,nan,nan,nan,nan,4.51172,2.23402,2.52582,3.73112,0.063852,32,27,rc,4.16,1.79069e+09,-1.43247,44,-0.165519
4.161,4,0,nan,nan,nan,nan,0.80083,2.50804,2.51517,3.7362,0.0629891,32,27,rc,4.161,1.79069e+09,-1.50015,44,-0.165863
4.162,4,0,nan,nan,nan,nan,0.80083,2.50804,2.68455,3.7362,0.062318,32,27,rc,4.162,1.79069e+09,-1.61294,44,-0.166481
4.163,4,0,nan,nan,nan,nan,1.71445,1.90066,2.81878,3.74013,0.0617427,32,27,rc,4.163,1.79069e+09,-1.87236,44,-0.167269
4.164,4,0,nan,nan,nan,nan,1.71445,1.90066,2.82517,3.74013,0.0611675,32,27,rc,4.164,1.79069e+09,-2.21074,44,-0.168155
4.165,4,0,nan,nan,nan,nan,0.0451172,2.13279,2.75912,3.74435,0.0606881,32,27,rc,4.165,1.79069e+09,-2.49272,44,-0.168969
4.166,4,0,nan,nan,nan,nan,0.0451172,2.13279,2.6707,3.74435,0.0602087,32,27,rc,4.166,1.79069e+09,-2.67319,44,-0.169529
4.167,4,0,nan,nan,nan,nan,-0.688037,1.90066,2.63768,3.74819,0.0596335,32,27,rc,4.167,1.79069e+09,-2.6168,44,-0.170008
4.168,4,0,nan,nan,nan,nan,-0.688037,1.90066,2.60146,3.74819,0.0591541,32,27,rc,4.168,1.79069e+09,-2.49272,44,-0.170471
4.169,4,0,nan,nan,nan,nan,-0.654199,1.71217,2.55565,3.75173,0.0586748,32,27,rc,4.169,1.79069e+09,-2.45889,44,-0.170971
4.17,4,0,nan,nan,nan,nan,-0.654199,1.71217,2.4651,3.75173,0.0583871,32,27,rc,4.17,1.79069e+09,-2.52656,44,-0.171543
4.171,4,0,nan,nan,nan,nan,-0.879785,1.83434,2.37987,3.75528,0.0581954,32,27,rc,4.171,1.79069e+09,-2.49272,44,-0.172078
4.172,4,0,nan,nan,nan,nan,-0.879785,1.83434,2.37668,3.75528,0.0580995,32,27,rc,4.172,1.79069e+09,-2.75215,44,-0.172589
4.173,4,0,nan,nan,nan,nan,-0.586523,2.48186,2.37881,3.75998,0.0580995,32,27,rc,4.173,1.79069e+09,-2.80854,44,-0.173057
4.174,4,0,nan,nan,nan,nan,-0.586523,2.48186,2.37135,3.75998,0.0581954,32,27,rc,4.174,1.79069e+09,-2.77471,44,-0.173346
4.175,4,0,nan,nan,nan,nan,-0.214307,3.08225,2.30956,3.76602,0.0583871,32,27,rc,4.175,1.79069e+09,-2.504,44,-0.173628
4.176,4,0,nan,nan,nan,nan,-0.214307,3.08225,2.21582,3.76602,0.0585789,32,27,rc,4.176,1.79069e+09,-2.41377,44,-0.173925
4.177,4,0,nan,nan,nan,nan,-0.101514,3.03513,2.23286,3.77215,0.0588665,32,27,rc,4.177,1.79069e+09,-2.39121,44,-0.174323
4.178,4,0,nan,nan,nan,nan,-0.101514,3.03513,2.35005,3.77215,0.05925,32,27,rc,4.178,1.79069e+09,-2.58296,44,-0.174858
4.179,4,0,nan,nan,nan,nan,0.755713,2.83267,2.50132,3.77791,0.0596335,32,27,rc,4.179,1.79069e+09,-2.69575,44,-0.175495
4.18,4,0,nan,nan,nan,nan,0.755713,2.83267,2.52369,3.77791,0.0601129,32,27,rc,4.18,1.79069e+09,-2.74087,44,-0.176193
4.181,4,0,nan,nan,nan,nan,0.248145,2.71399,2.50132,3.78337,0.0604964,32,27,rc,4.181,1.79069e+09,-3.00029,44,-0.176796
4.182,4,0,nan,nan,nan,nan,0.248145,2.71399,2.46723,3.78337,0.060784,32,27,rc,4.182,1.79069e+09,-2.9439,44,-0.177354
4.183,4,0,nan,nan,nan,nan,-0.124072,2.0944,2.49493,3.78778,0.0609757,32,27,rc,4.183,1.79069e+09,-3.06797,44,-0.177888
4.184,4,0,nan,nan,nan,nan,-0.124072,2.0944,2.53541,3.78778,0.0611675,32,27,rc,4.184,1.79069e+09,-3.00029,44,-0.178424
4.185,4,0,nan,nan,nan,nan,-0.597803,1.72439,2.52262,3.79133,0.0612634,32,27,rc,4.185,1.79069e+09,-3.03413,44,-0.178895
4.186,4,0,nan,nan,nan,nan,-0.597803,1.72439,2.47042,3.79133,0.0613592,32,27,rc,4.186,1.79069e+09,-2.84238,44,-0.179238
4.187,4,0,nan,nan,nan,nan,-1.65806,1.34914,2.41716,3.79421,0.0613592,32,27,rc,4.187,1.79069e+09,-2.9439,44,-0.179506
4.188,4,0,nan,nan,nan,nan,-1.65806,1.34914,2.36709,3.79421,0.0614551,32,27,rc,4.188,1.79069e+09,-2.91006,44,-0.179534
4.189,4,0,nan,nan,nan,nan,-2.22202,1.16763,2.23393,3.79651,0.0614551,32,27,rc,4.189,1.79069e+09,-2.79727,44,-0.179285
4.19,4,0,nan,nan,nan,nan,-2.22202,1.16763,2.27654,3.79651,0.061551,32,27,rc,4.19,1.79069e+09,-2.44761,44,-0.179272
4.191,4,0,nan,nan,nan,nan,-2.13179,2.03331,2.11355,3.80025,0.061551,32,27,rc,4.191,1.79069e+09,-2.1769,44,-0.179228
4.192,4,0,nan,nan,nan,nan,-2.13179,2.03331,2.04004,3.80025,0.0617427,32,27,rc,4.192,1.79069e+09,-2.39121,44,-0.178526
4.193,4,0,nan,nan,nan,nan,-1.66934,2.88154,1.9463,3.80581,0.0619345,32,27,rc,4.193,1.79069e+09,-2.2333,44,-0.177761
4.194,4,0,nan,nan,nan,nan,-1.66934,2.88154,1.79396,3.80581,0.0621262,32,27,rc,4.194,1.79069e+09,-1.42119,44,-0.177497
4.195,4,0,nan,nan,nan,nan,-0.0563965,2.88154,1.66719,3.81156,0.0624138,32,27,rc,4.195,1.79069e+09,-1.50015,44,-0.177589
4.196,4,0,nan,nan,nan,nan,-0.0563965,2.88154,1.55107,3.81156,0.0628932,32,27,rc,4.196,1.79069e+09,-2.03027,44,-0.177707
4.197,4,0,nan,nan,nan,nan,2.08667,2.94263,1.47224,3.81779,0.0632767,32,27,rc,4.197,1.79069e+09,-2.32354,44,-0.177797
4.198,4,0,nan,nan,nan,nan,2.08667,2.94263,1.40726,3.81779,0.0635643,32,27,rc,4.198,1.79069e+09,-2.13179,44,-0.177711
4.199,4,0,nan,nan,nan,nan,5.23359,3.17301,1.33801,3.82402,0.0635643,32,27,rc,4.199,1.79069e+09,-2.1769,44,-0.177098
4.2,4,0,nan,nan,nan,nan,5.23359,3.17301,1.35186,3.82402,0.0635643,32,27,rc,4.2,1.79069e+09,-1.77085,44,-0.176016
4.201,4,0,nan,nan,nan,nan,8.0083,2.68955,1.37104,3.8293,0.0633726,32,27,rc,4.201,1.79069e+09,-1.07153,44,-0.175192
4.202,4,0,nan,nan,nan,nan,8.0083,2.68955,1.22509,3.8293,0.0633726,32,27,rc,4.202,1.79069e+09,-0.823389,44,-0.174462
4.203,4,0,nan,nan,nan,nan,9.56484,1.76976,1.08128,3.83313,0.0633726,32,27,rc,4.203,1.79069e+09,-0.891064,44,-0.173647
4.204,4,0,nan,nan,nan,nan,9.56484,1.76976,1.08767,3.83313,0.0635643,32,27,rc,4.204,1.79069e+09,-0.891064,44,-0.17293
4.205,4,0,nan,nan,nan,nan,10.6251,1.31947,1.15159,3.83581,0.0637561,32,27,rc,4.205,1.79069e+09,-0.710596,44,-0.172585
4.206,4,0,nan,nan,nan,nan,10.6251,1.31947,1.15052,3.83581,0.0640437,32,27,rc,4.206,1.79069e+09,-0.857227,44,-0.172347
4.207,4,0,nan,nan,nan,nan,10.8056,1.25315,1.16437,3.83831,0.0643313,32,27,rc,4.207,1.79069e+09,-1.38735,45,-0.172008
4.208,4,0,nan,nan,nan,nan,10.8056,1.25315,1.16011,3.83831,0.0646189,32,27,rc,4.208,1.79069e+09,-1.252,45,-0.171732
4.209,4,0,nan,nan,nan,nan,11.1327,1.23569,1.04293,3.8408,0.0647148,32,27,rc,4.209,1.79069e+09,-1.12793,44,-0.17148
4.21,4,0,nan,nan,nan,nan,11.1327,1.23569,0.925743,3.8408,0.0647148,32,27,rc,4.21,1.79069e+09,-1.29712,44,-0.171031
4.211,4,0,nan,nan,nan,nan,11.3695,1.0088,0.696704,3.84291,0.0646189,32,27,rc,4.211,1.79069e+09,-1.252,44,-0.170635
4.212,4,0,nan,nan,nan,nan,11.3695,1.0088,0.479384,3.84291,0.0644272,32,27,rc,4.212,1.79069e+09,-1.17305,44,-0.17016
4.213,4,0,nan,nan,nan,nan,11.5387,0.499164,0.37605,3.84416,0.0641396,32,27,rc,4.213,1.79069e+09,-1.11665,45,-0.169455
4.214,4,0,nan,nan,nan,nan,11.5387,0.499164,0.313197,3.84416,0.0637561,32,27,rc,4.214,1.79069e+09,-0.981299,45,-0.168582
4.215,4,0,nan,nan,nan,nan,11.471,0.261799,0.268455,3.84473,0.0633726,32,27,rc,4.215,1.79069e+09,-0.834668,44,-0.1676
4.216,4,0,nan,nan,nan,nan,11.471,0.261799,0.225843,3.84473,0.0628932,32,27,rc,4.216,1.79069e+09,-0.631641,44,-0.166754
4.217,4,0,nan,nan,nan,nan,11.4485,0.272271,0.177905,3.84531,0.0625097,32,27,rc,4.217,1.79069e+09,-0.552686,45,-0.165899
4.218,4,0,nan,nan,nan,nan,11.4485,0.272271,0.16299,3.84531,0.0622221,32,27,rc,4.218,1.79069e+09,-0.338379,45,-0.16515
4.219,4,0,nan,nan,nan,nan,11.4936,0.139626,0.14275,3.84559,0.0619345,32,27,rc,4.219,1.79069e+09,-0.439893,45,-0.164359
4.22,4,0,nan,nan,nan,nan,11.4936,0.139626,0.169382,3.84559,0.0616469,32,27,rc,4.22,1.79069e+09,-0.462451,45,-0.163502
4.221,4,0,nan,nan,nan,nan,11.5387,-0.109956,0.232235,3.8455,0.0613592,32,27,rc,4.221,1.79069e+09,-0.383496,45,-0.162745
4.222,4,0,nan,nan,nan,nan,11.5387,-0.109956,0.335569,3.8455,0.0610716,32,27,rc,4.222,1.79069e+09,-0.349658,45,-0.161865
4.223,4,0,nan,nan,nan,nan,11.4936,-0.249582,0.563542,3.84492,0.060784,32,27,rc,4.223,1.79069e+09,-0.293262,45,-0.16052
4.224,4,0,nan,nan,nan,nan,11.4936,-0.249582,1.12495,3.84492,0.0604964,32,27,rc,4.224,1.79069e+09,-0.146631,45,-0.158188
4.225,4,0,nan,nan,nan,nan,11.3695,-0.235619,1.87386,3.84454,0.0602087,32,27,rc,4.225,1.79069e+09,0.0225586,45,-0.155552
4.226,4,0,nan,nan,nan,nan,11.3695,-0.235619,1.59155,3.84454,0.060017,32,27,rc,4.226,1.79069e+09,0.913623,45,-0.154246
4.227,4,0,nan,nan,nan,nan,11.1778,-0.0541052,0.694574,3.84435,0.0599211,32,27,rc,4.227,1.79069e+09,1.24072,45,-0.153524
4.228,4,0,nan,nan,nan,nan,11.1778,-0.0541052,0.409074,3.84435,0.060017,32,27,rc,4.228,1.79069e+09,0.191748,45,-0.153062
4.229,4,0,nan,nan,nan,nan,9.05728,0.10472,0.719075,3.84454,0.0603046,32,27,rc,4.229,1.79069e+09,0.124072,45,-0.153154
4.23,4,0,nan,nan,nan,nan,9.05728,0.10472,1.1942,3.84454,0.0604964,32,27,rc,4.23,1.79069e+09,0.0676758,45,-0.153485
4.231,4,0,nan,nan,nan,nan,10.4672,0.352557,1.20911,3.84502,0.0606881,32,27,rc,4.231,1.79069e+09,-0.101514,45,-0.153551
4.232,4,0,nan,nan,nan,nan,10.4672,0.352557,0.782993,3.84502,0.0608799,32,27,rc,4.232,1.79069e+09,-0.293262,45,-0.153426
4.233,4,0,nan,nan,nan,nan,10.4897,1.22871,0.563542,3.84722,0.0609757,32,27,rc,4.233,1.79069e+09,-0.259424,44,-0.153461
4.234,4,0,nan,nan,nan,nan,10.4897,1.22871,0.513473,3.84722,0.0609757,32,27,rc,4.234,1.79069e+09,-0.383496,44,-0.153563
4.235,4,0,nan,nan,nan,nan,10.8732,1.31947,0.588044,3.84991,0.0608799,32,27,rc,4.235,1.79069e+09,-0.699316,45,-0.15333
4.236,4,0,nan,nan,nan,nan,10.8732,1.31947,0.697769,3.84991,0.0606881,32,27,rc,4.236,1.79069e+09,-0.789551,45,-0.152915
4.237,4,0,nan,nan,nan,nan,11.0988,0.858702,0.68179,3.85183,0.0604005,32,27,rc,4.237,1.79069e+09,-0.507568,45,-0.152433
4.238,4,0,nan,nan,nan,nan,11.0988,0.858702,0.579522,3.85183,0.0599211,32,27,rc,4.238,1.79069e+09,-0.372217,45,-0.151989
4.239,4,0,nan,nan,nan,nan,11.0199,0.781908,0.366462,3.85336,0.0595376,32,27,rc,4.239,1.79069e+09,-0.338379,45,-0.15163
4.24,4,0,nan,nan,nan,nan,11.0199,0.781908,0.148076,3.85336,0.0591541,32,27,rc,4.24,1.79069e+09,-0.439893,45,-0.151301
4.241,4,0,nan,nan,nan,nan,10.9748,1.26711,0.155533,3.85566,0.0588665,32,27,rc,4.241,1.79069e+09,-0.575244,45,-0.151097
4.242,4,0,nan,nan,nan,nan,10.9748,1.26711,0.449555,3.85566,0.058483,32,27,rc,4.242,1.79069e+09,-0.699316,45,-0.151038
4.243,4,0,nan,nan,nan,nan,11.1214,1.44164,0.953441,3.85854,0.0580995,32,27,rc,4.243,1.79069e+09,-0.902344,45,-0.151251
4.244,4,0,nan,nan,nan,nan,11.1214,1.44164,1.36678,3.85854,0.057716,32,27,rc,4.244,1.79069e+09,-1.15049,45,-0.151883
4.245,4,0,nan,nan,nan,nan,11.2455,1.05069,1.35612,3.86084,0.0572367,32,27,rc,4.245,1.79069e+09,-1.65806,45,-0.152873
4.246,4,0,nan,nan,nan,nan,11.2455,1.05069,1.20165,3.86084,0.0566614,32,27,rc,4.246,1.79069e+09,-2.24458,45,-0.153832
4.247,4,0,nan,nan,nan,nan,11.1891,1.15366,1.12389,3.86304,0.0559903,32,27,rc,4.247,1.79069e+09,-2.74087,45,-0.154789
4.248,4,0,nan,nan,nan,nan,11.1891,1.15366,1.25918,3.86304,0.0549357,32,27,rc,4.248,1.79069e+09,-2.89878,45,-0.155736
4.249,4,0,nan,nan,nan,nan,11.0537,1.60221,1.73643,3.86611,0.0536893,32,27,rc,4.249,1.79069e+09,-2.91006,45,-0.156307
4.25,4,0,nan,nan,nan,nan,11.0537,1.60221,2.382,3.86611,0.0520595,32,27,rc,4.25,1.79069e+09,-2.96646,45,-0.156225
4.251,4,0,nan,nan,nan,nan,11.1214,1.74184,2.55565,3.86956,0.0503337,32,27,rc,4.251,1.79069e+09,-2.57168,45,-0.155917
4.252,4,0,nan,nan,nan,nan,11.1214,1.74184,2.03152,3.86956,0.0485121,32,27,rc,4.252,1.79069e+09,-2.03027,45,-0.155927
4.253,4,0,nan,nan,nan,nan,3.06797,1.03498,1.65654,3.87215,0.0467864,32,27,rc,4.253,1.79069e+09,-1.95132,45,-0.15634
4.254,4,0,nan,nan,nan,nan,3.06797,1.03498,1.88451,3.87215,0.0453483,32,27,rc,4.254,1.79069e+09,-2.43633,45,-0.156991
4.255,4,0,nan,nan,nan,nan,4.01543,-0.167552,2.13272,3.87186,0.0440061,32,27,rc,4.255,1.79069e+09,-3.01157,45,-0.157759
4.256,4,0,nan,nan,nan,nan,4.01543,-0.167552,2.05602,3.87186,0.0426638,32,27,rc,4.256,1.79069e+09,-3.38379,45,-0.158376
4.257,4,0,nan,nan,nan,nan,3.8124,1.41721,1.95482,3.87416,0.0414175,32,27,rc,4.257,1.79069e+09,-3.60938,45,-0.158854
4.258,4,0,nan,nan,nan,nan,3.8124,1.41721,1.98571,3.87416,0.0400752,32,27,rc,4.258,1.79069e+09,-3.64321,45,-0.159148
4.259,4,0,nan,nan,nan,nan,2.04155,2.58832,2.04004,3.87905,0.0388289,32,27,rc,4.259,1.79069e+09,-3.47402,45,-0.159136
4.26,4,0,nan,nan,nan,nan,2.04155,2.58832,1.97613,3.87905,0.0376784,32,27,rc,4.26,1.79069e+09,-3.29355,45,-0.158824
4.261,4,0,nan,nan,nan,nan,2.47017,2.35445,1.78224,3.88394,0.0366238,32,27,rc,4.261,1.79069e+09,-2.98901,45,-0.158371
4.262,4,0,nan,nan,nan,nan,2.47017,2.35445,1.62564,3.88394,0.0356651,32,27,rc,4.262,1.79069e+09,-2.74087,45,-0.15784
4.263,4,0,nan,nan,nan,nan,2.5604,1.82561,1.55107,3.88768,0.0350898,32,27,rc,4.263,1.79069e+09,-2.58296,45,-0.157356
4.264,4,0,nan,nan,nan,nan,2.5604,1.82561,1.34227,3.88768,0.0348022,32,27,rc,4.264,1.79069e+09,-2.52656,45,-0.156941
4.265,4,0,nan,nan,nan,nan,5.04185,1.98444,1.11856,3.89152,0.0348022,32,27,rc,4.265,1.79069e+09,-2.54912,45,-0.156336
4.266,4,0,nan,nan,nan,nan,5.04185,1.98444,1.17502,3.89152,0.0349939,32,27,rc,4.266,1.79069e+09,-2.52656,45,-0.155617
4.267,4,0,nan,nan,nan,nan,7.59097,3.17301,1.51059,3.89746,0.0352816,32,27,rc,4.267,1.79069e+09,-2.16563,45,-0.155019
4.268,4,0,nan,nan,nan,nan,7.59097,3.17301,1.88238,3.89746,0.0356651,32,27,rc,4.268,1.79069e+09,-1.92876,45,-0.154672
4.269,4,0,nan,nan,nan,nan,9.59868,3.29867,2.14338,3.90417,0.0361444,32,27,rc,4.269,1.79069e+09,-2.12051,45,-0.154395
4.27,4,0,nan,nan,nan,nan,9.59868,3.29867,2.27121,3.90417,0.0367197,32,27,rc,4.27,1.79069e+09,-2.2897,45,-0.15413
4.271,4,0,nan,nan,nan,nan,5.76372,1.68948,2.2286,3.9083,0.0372949,32,27,rc,4.271,1.79069e+09,-2.2897,45,-0.153922
4.272,4,0,nan,nan,nan,nan,5.76372,1.68948,2.21262,3.9083,0.0376784,32,27,rc,4.272,1.79069e+09,-2.26714,44,-0.153779
4.273,4,0,nan,nan,nan,nan,1.43247,-0.188496,2.2808,3.90839,0.037966,32,27,rc,4.273,1.79069e+09,-2.2897,44,-0.153688
4.274,4,0,nan,nan,nan,nan,1.43247,-0.188496,2.36816,3.90839,0.0381578,32,27,rc,4.274,1.79069e+09,-2.39121,45,-0.153585
4.275,4,0,nan,nan,nan,nan,0.0789551,-0.125664,2.46936,3.90791,0.0381578,32,27,rc,4.275,1.79069e+09,-2.35737,45,-0.153487
4.276,4,0,nan,nan,nan,nan,0.0789551,-0.125664,2.5418,3.90791,0.0380619,32,27,rc,4.276,1.79069e+09,-2.39121,45,-0.153485
4.277,4,0,nan,nan,nan,nan,-1.97388,1.0821,2.53434,3.90964,0.0378702,32,27,rc,4.277,1.79069e+09,-2.45889,45,-0.153558
4.278,4,0,nan,nan,nan,nan,-1.97388,1.0821,2.39905,3.90964,0.0374867,32,27,rc,4.278,1.79069e+09,-2.57168,45,-0.153718
4.279,4,0,nan,nan,nan,nan,-4.82754,2.06472,2.24458,3.91347,0.0371032,32,27,rc,4.279,1.79069e+09,-2.85366,45,-0.153888
4.28,4,0,nan,nan,nan,nan,-4.82754,2.06472,2.12101,3.91347,0.0366238,32,27,rc,4.28,1.79069e+09,-3.00029,45,-0.15398
4.281,4,0,nan,nan,nan,nan,-4.63579,1.9635,2.07733,3.9175,0.0361444,32,27,rc,4.281,1.79069e+09,-3.14692,45,-0.153989
4.282,4,0,nan,nan,nan,nan,-4.63579,1.9635,1.96547,3.9175,0.0355692,32,27,rc,4.282,1.79069e+09,-3.07925,45,-0.154011
4.283,4,0,nan,nan,nan,nan,-2.97773,2.27067,1.82166,3.92181,0.0350898,32,27,rc,4.283,1.79069e+09,-3.19204,45,-0.154032
4.284,4,0,nan,nan,nan,nan,-2.97773,2.27067,1.68423,3.92181,0.0346104,32,27,rc,4.284,1.79069e+09,-3.30483,45,-0.154006
4.285,4,0,nan,nan,nan,nan,-1.43247,2.82918,1.5809,3.92776,0.0342269,32,27,rc,4.285,1.79069e+09,-3.40635,45,-0.153938
4.286,4,0,nan,nan,nan,nan,-1.43247,2.82918,1.37423,3.92776,0.0338435,32,27,rc,4.286,1.79069e+09,-3.40635,45,-0.153853
4.287,4,0,nan,nan,nan,nan,0.0563965,2.88852,1.31245,3.93351,0.0336517,32,27,rc,4.287,1.79069e+09,-3.47402,45,-0.153739
4.288,4,0,nan,nan,nan,nan,0.0563965,2.88852,1.43602,3.93351,0.03346,32,27,rc,4.288,1.79069e+09,-3.50786,45,-0.153402
4.289,4,0,nan,nan,nan,nan,3.64321,3.084,1.67145,3.93955,0.0333641,32,27,rc,4.289,1.79069e+09,-3.53042,45,-0.153153
4.29,4,0,nan,nan,nan,nan,3.64321,3.084,1.85894,3.93955,0.0333641,32,27,rc,4.29,1.79069e+09,-3.37251,45,-0.153006
4.291,4,0,nan,nan,nan,nan,4.64707,3.34929,1.92925,3.94626,0.0335558,32,27,rc,4.291,1.79069e+09,-3.44019,45,-0.152936
4.292,4,0,nan,nan,nan,nan,4.64707,3.34929,1.92925,3.94626,0.0338435,32,27,rc,4.292,1.79069e+09,-3.5417,45,-0.15293
4.293,4,0,nan,nan,nan,nan,2.21074,1.92859,1.88877,3.95038,0.0341311,32,27,rc,4.293,1.79069e+09,-3.62065,45,-0.152974
4.294,4,0,nan,nan,nan,nan,2.21074,1.92859,1.97506,3.95038,0.0343228,32,27,rc,4.294,1.79069e+09,-3.65449,45,-0.153183
4.295,4,0,nan,nan,nan,nan,1.21816,0.0855211,2.07946,3.95096,0.0345146,32,27,rc,4.295,1.79069e+09,-3.77856,45,-0.153315
4.296,4,0,nan,nan,nan,nan,1.21816,0.0855211,2.11035,3.95096,0.0346104,32,27,rc,4.296,1.79069e+09,-3.89136,44,-0.153354
4.297,4,0,nan,nan,nan,nan,0.0225586,0.249582,2.17427,3.95134,0.0346104,32,27,rc,4.297,1.79069e+09,-3.8124,44,-0.153388
4.298,4,0,nan,nan,nan,nan,0.0225586,0.249582,2.27334,3.95134,0.0344187,32,27,rc,4.298,1.79069e+09,-3.8124,45,-0.15331
4.299,4,0,nan,nan,nan,nan,-1.44375,0.991347,2.32554,3.95297,0.0341311,32,27,rc,4.299,1.79069e+09,-3.8124,45,-0.15326
4.3,4,0,nan,nan,nan,nan,-1.44375,0.991347,2.35111,3.95297,0.0337476,32,27,rc,4.3,1.79069e+09,-3.69961,45,-0.153136
4.301,4,0,nan,nan,nan,nan,-4.03799,1.82212,2.21475,3.95642,0.0332682,32,27,rc,4.301,1.79069e+09,-3.77856,45,-0.153049
4.302,4,0,nan,nan,nan,nan,-4.03799,1.82212,2.1029,3.95642,0.0327888,32,27,rc,4.302,1.79069e+09,-3.85752,45,-0.153015
4.303,4,0,nan,nan,nan,nan,-5.54941,1.50273,1.84829,3.95959,0.0322136,32,27,rc,4.303,1.79069e+09,-3.8688,45,-0.152897
4.304,4,0,nan,nan,nan,nan,-5.54941,1.50273,1.78011,3.95959,0.0316384,32,27,rc,4.304,1.79069e+09,-3.85752,45,-0.152756
4.305,4,0,nan,nan,nan,nan,-4.34253,1.33867,1.68317,3.96237,0.0308714,32,27,rc,4.305,1.79069e+09,-3.84624,45,-0.152534
4.306,4,0,nan,nan,nan,nan,-4.34253,1.33867,1.64482,3.96237,0.0302002,32,27,rc,4.306,1.79069e+09,-3.80112,45,-0.152392
4.307,4,0,nan,nan,nan,nan,-2.07539,2.27765,1.62671,3.96659,0.0294333,32,27,rc,4.307,1.79069e+09,-3.75601,45,-0.15207
4.308,4,0,nan,nan,nan,nan,-2.07539,2.27765,1.55533,3.96659,0.0286663,32,27,rc,4.308,1.79069e+09,-3.80112,45,-0.151565
4.309,4,0,nan,nan,nan,nan,-0.281982,3.01418,1.51379,3.97205,0.0279951,32,27,rc,4.309,1.79069e+09,-3.82368,45,-0.151275
4.31,4,0,nan,nan,nan,nan,-0.281982,3.01418,1.51059,3.97205,0.0275158,32,27,rc,4.31,1.79069e+09,-3.88008,45,-0.151137
4.311,4,0,nan,nan,nan,nan,0.0112793,2.86409,1.51805,3.9779,0.0270364,32,27,rc,4.311,1.79069e+09,-3.99287,45,-0.150917
4.312,4,0,nan,nan,nan,nan,0.0112793,2.86409,1.51379,3.9779,0.0266529,32,27,rc,4.312,1.79069e+09,-4.07183,45,-0.150676
4.313,4,0,nan,nan,nan,nan,1.39863,2.29162,1.45733,3.98269,0.0262694,32,27,rc,4.313,1.79069e+09,-4.16206,45,-0.150339
4.314,4,0,nan,nan,nan,nan,1.39863,2.29162,1.452,3.98269,0.0260777,32,27,rc,4.314,1.79069e+09,-4.1959,45,-0.15022
4.315,4,0,nan,nan,nan,nan,2.06411,1.58476,1.54575,3.98614,0.0258859,32,27,rc,4.315,1.79069e+09,-4.26357,45,-0.149906
4.316,4,0,nan,nan,nan,nan,2.06411,1.58476,1.67039,3.98614,0.0256942,32,27,rc,4.316,1.79069e+09,-4.27485,45,-0.149747
4.317,4,0,nan,nan,nan,nan,2.78599,1.45735,1.75561,3.98902,0.0255983,32,27,rc,4.317,1.79069e+09,-4.36509,45,-0.149672
4.318,4,0,nan,nan,nan,nan,2.78599,1.45735,1.84722,3.98902,0.0255024,32,27,rc,4.318,1.79069e+09,-4.43276,45,-0.149509
4.319,4,0,nan,nan,nan,nan,1.10537,1.5708,1.91647,3.99219,0.0254066,32,27,rc,4.319,1.79069e+09,-4.47788,45,-0.149217
4.32,4,0,nan,nan,nan,nan,1.10537,1.5708,1.96441,3.99219,0.0252148,32,27,rc,4.32,1.79069e+09,-4.47788,45,-0.148977
4.321,4,0,nan,nan,nan,nan,-0.0451172,1.06291,1.9953,3.99449,0.0250231,32,27,rc,4.321,1.79069e+09,-4.43276,45,-0.148693
4.322,4,0,nan,nan,nan,nan,-0.0451172,1.06291,1.97826,3.99449,0.0248313,32,27,rc,4.322,1.79069e+09,-4.37637,45,-0.148378
4.323,4,0,nan,nan,nan,nan,-1.17305,0.7662,1.87705,3.99612,0.0245437,32,27,rc,4.323,1.79069e+09,-4.31997,45,-0.148075
4.324,4,0,nan,nan,nan,nan,-1.17305,0.7662,1.72152,3.99612,0.0242561,32,27,rc,4.324,1.79069e+09,-4.29741,45,-0.147675
4.325,4,0,nan,nan,nan,nan,-2.52656,0.535816,1.65121,3.99727,0.0239684,32,27,rc,4.325,1.79069e+09,-4.27485,45,-0.147224
4.326,4,0,nan,nan,nan,nan,-2.52656,0.535816,1.65014,3.99727,0.023585,32,27,rc,4.326,1.79069e+09,-4.17334,45,-0.146755
4.327,4,0,nan,nan,nan,nan,-1.64678,1.1781,1.65121,3.99918,0.0232015,32,27,rc,4.327,1.79069e+09,-4.1395,45,-0.146211
4.328,4,0,nan,nan,nan,nan,-1.64678,1.1781,1.60434,3.99918,0.022818,32,27,rc,4.328,1.79069e+09,-4.12822,45,-0.145676
4.329,4,0,nan,nan,nan,nan,-1.17305,2.51327,1.5532,4.00388,0.0224345,32,27,rc,4.329,1.79069e+09,-4.08311,45,-0.14507
4.33,4,0,nan,nan,nan,nan,-1.17305,2.51327,1.51379,4.00388,0.022051,32,27,rc,4.33,1.79069e+09,-4.03799,45,-0.144477
4.331,4,0,nan,nan,nan,nan,-0.281982,2.51676,1.48183,4.00906,0.0217634,32,27,rc,4.331,1.79069e+09,-4.01543,45,-0.143972
4.332,4,0,nan,nan,nan,nan,-0.281982,2.51676,1.46585,4.00906,0.0214757,32,27,rc,4.332,1.79069e+09,-4.07183,45,-0.143497
4.333,4,0,nan,nan,nan,nan,0.0902344,2.11359,1.38276,4.01337,0.0211881,32,27,rc,4.333,1.79069e+09,-4.1959,45,-0.143054
4.334,4,0,nan,nan,nan,nan,0.0902344,2.11359,1.33908,4.01337,0.0208046,32,27,rc,4.334,1.79069e+09,-4.22974,45,-0.142472
4.335,4,0,nan,nan,nan,nan,0.428613,1.84656,1.36997,4.01721,0.0204211,32,27,rc,4.335,1.79069e+09,-4.21846,45,-0.141914
4.336,4,0,nan,nan,nan,nan,0.428613,1.84656,1.46904,4.01721,0.0199418,32,27,rc,4.336,1.79069e+09,-4.15078,45,-0.141329
4.337,4,0,nan,nan,nan,nan,2.04155,1.59872,1.53829,4.02037,0.0194624,32,27,rc,4.337,1.79069e+09,-4.12822,45,-0.141029
4.338,4,0,nan,nan,nan,nan,2.04155,1.59872,1.66293,4.02037,0.0188871,32,27,rc,4.338,1.79069e+09,-4.11694,45,-0.14019
4.339,4,0,nan,nan,nan,nan,1.31968,1.78547,1.73856,4.02392,0.018216,32,27,rc,4.339,1.79069e+09,-4.1395,45,-0.139641
4.34,4,0,nan,nan,nan,nan,1.31968,1.78547,1.75881,4.02392,0.0175449,32,27,rc,4.34,1.79069e+09,-4.22974,45,-0.13911
4.341,4,0,nan,nan,nan,nan,0.0225586,1.36485,1.78863,4.02689,0.0167779,32,27,rc,4.341,1.79069e+09,-4.17334,45,-0.138586
4.342,4,0,nan,nan,nan,nan,0.0225586,1.36485,1.79609,4.02689,0.0160109,32,27,rc,4.342,1.79069e+09,-4.17334,45,-0.13803
4.343,4,0,nan,nan,nan,nan,-0.214307,0.7662,1.77585,4.02862,0.0151481,32,27,rc,4.343,1.79069e+09,-4.1959,45,-0.137516
4.344,4,0,nan,nan,nan,nan,-0.214307,0.7662,1.73963,4.02862,0.0142852,32,27,rc,4.344,1.79069e+09,-4.24102,45,-0.13691
4.345,4,0,nan,nan,nan,nan,-1.33096,0.640536,1.68423,4.02986,0.0134223,32,27,rc,4.345,1.79069e+09,-4.25229,45,-0.136271
4.346,4,0,nan,nan,nan,nan,-1.33096,0.640536,1.67358,4.02986,0.0125595,32,27,rc,4.346,1.79069e+09,-4.26357,45,-0.135658
4.347,4,0,nan,nan,nan,nan,-1.80469,0.715585,1.64482,4.03121,0.0117925,32,27,rc,4.347,1.79069e+09,-4.26357,45,-0.135007
4.348,4,0,nan,nan,nan,nan,-1.80469,0.715585,1.59795,4.03121,0.0109296,32,27,rc,4.348,1.79069e+09,-4.25229,45,-0.13436
4.349,4,0,nan,nan,nan,nan,-1.98516,1.55509,1.58303,4.03408,0.0100667,32,27,rc,4.349,1.79069e+09,-4.30869,45,-0.133648
4.35,4,0,nan,nan,nan,nan,-1.98516,1.55509,1.56492,4.03408,0.00910801,32,27,rc,4.35,1.79069e+09,-4.18462,45,-0.132902
4.351,4,0,nan,nan,nan,nan,-1.37607,2.05251,1.5042,4.03801,0.00824515,32,27,rc,4.351,1.79069e+09,-4.12822,45,-0.132189
4.352,4,0,nan,nan,nan,nan,-1.37607,2.05251,1.42537,4.03801,0.00728641,32,27,rc,4.352,1.79069e+09,-4.1395,45,-0.131463
4.353,4,0,nan,nan,nan,nan,-0.902344,1.93557,1.32629,4.04194,0.00642354,32,27,rc,4.353,1.79069e+09,-4.24102,45,-0.130795
4.354,4,0,nan,nan,nan,nan,-0.902344,1.93557,1.25705,4.04194,0.00556068,32,27,rc,4.354,1.79069e+09,-4.34253,45,-0.13008
4.355,4,0,nan,nan,nan,nan,0.0112793,1.6249,1.17928,4.0453,0.00498544,32,27,rc,4.355,1.79069e+09,-4.31997,45,-0.129351
4.356,4,0,nan,nan,nan,nan,0.0112793,1.6249,1.20059,4.0453,0.00421845,32,27,rc,4.356,1.79069e+09,-4.34253,45,-0.128603
4.357,4,0,nan,nan,nan,nan,1.07153,1.6441,1.25918,4.04875,0.0036432,32,27,rc,4.357,1.79069e+09,-4.36509,45,-0.127823
4.358,4,0,nan,nan,nan,nan,1.07153,1.6441,1.36145,4.04875,0.00297209,32,27,rc,4.358,1.79069e+09,-4.36509,45,-0.127094
4.359,4,0,nan,nan,nan,nan,2.18818,2.09265,1.43815,4.05259,0.00239684,32,27,rc,4.359,1.79069e+09,-4.35381,45,-0.126308
4.36,4,0,nan,nan,nan,nan,2.18818,2.09265,1.50207,4.05259,0.00172573,32,27,rc,4.36,1.79069e+09,-4.26357,45,-0.1255
4.361,4,0,nan,nan,nan,nan,1.56782,2.37365,1.53722,4.05728,0.00115049,32,27,rc,4.361,1.79069e+09,-4.22974,45,-0.124706
4.362,4,0,nan,nan,nan,nan,1.56782,2.37365,1.56173,4.05728,0.000479369,32,27,rc,4.362,1.79069e+09,-4.27485,45,-0.123934
4.363,4,0,nan,nan,nan,nan,0.891064,1.36659,1.52977,4.06045,6.28309,32,27,rc,4.363,1.79069e+09,-4.30869,45,-0.12322
4.364,4,0,nan,nan,nan,nan,0.891064,1.36659,1.47544,4.06045,6.28261,32,27,rc,4.364,1.79069e+09,-4.31997,45,-0.122457
4.365,4,0,nan,nan,nan,nan,0.225586,0.375246,1.44454,4.0615,6.28203,32,27,rc,4.365,1.79069e+09,-4.34253,45,-0.121663
4.366,4,0,nan,nan,nan,nan,0.225586,0.375246,1.45839,4.0615,6.28146,32,27,rc,4.366,1.79069e+09,-4.30869,45,-0.120843
4.367,4,0,nan,nan,nan,nan,0.259424,0.380482,1.51592,4.06217,6.28098,32,27,rc,4.367,1.79069e+09,-4.26357,45,-0.119929
4.368,4,0,nan,nan,nan,nan,0.259424,0.380482,1.56812,4.06217,6.28031,32,27,rc,4.368,1.79069e+09,-4.22974,45,-0.119075
4.369,4,0,nan,nan,nan,nan,0.0676758,0.972148,1.61073,4.0638,6.27973,32,27,rc,4.369,1.79069e+09,-4.1395,45,-0.118247
4.37,4,0,nan,nan,nan,nan,0.0676758,0.972148,1.57025,4.0638,6.27906,32,27,rc,4.37,1.79069e+09,-4.09438,45,-0.117346
4.371,4,0,nan,nan,nan,nan,-0.281982,1.92335,1.49781,4.06754,6.2783,32,27,rc,4.371,1.79069e+09,-4.10566,45,-0.116465
4.372,4,0,nan,nan,nan,nan,-0.281982,1.92335,1.37423,4.06754,6.27753,32,27,rc,4.372,1.79069e+09,-4.04927,45,-0.115572
4.373,4,0,nan,nan,nan,nan,-0.575244,1.9984,1.26238,4.07157,6.27667,32,27,rc,4.373,1.79069e+09,-4.00415,45,-0.114783
4.374,4,0,nan,nan,nan,nan,-0.575244,1.9984,1.20485,4.07157,6.2758,32,27,rc,4.374,1.79069e+09,-4.04927,45,-0.113975
4.375,4,0,nan,nan,nan,nan,-0.112793,1.6633,1.1633,4.07483,6.27484,32,27,rc,4.375,1.79069e+09,-4.07183,45,-0.113114
4.376,4,0,nan,nan,nan,nan,-0.112793,1.6633,1.14946,4.07483,6.27398,32,27,rc,4.376,1.79069e+09,-4.08311,45,-0.112216
4.377,4,0,nan,nan,nan,nan,1.24072,1.79071,1.17609,4.07847,6.27302,32,27,rc,4.377,1.79069e+09,-4.15078,45,-0.111239
4.378,4,0,nan,nan,nan,nan,1.24072,1.79071,1.25599,4.07847,6.27216,32,27,rc,4.378,1.79069e+09,-4.18462,45,-0.110412
4.379,4,0,nan,nan,nan,nan,2.32354,2.21133,1.33801,4.08279,6.2713,32,27,rc,4.379,1.79069e+09,-4.26357,45,-0.10951
4.38,4,0,nan,nan,nan,nan,2.32354,2.21133,1.43922,4.08279,6.27043,32,27,rc,4.38,1.79069e+09,-4.25229,45,-0.10859
4.381,4,0,nan,nan,nan,nan,2.27842,2.03331,1.52231,4.087,6.26957,32,27,rc,4.381,1.79069e+09,-4.12822,45,-0.107667
4.382,4,0,nan,nan,nan,nan,2.27842,2.03331,1.501,4.087,6.26871,32,27,rc,4.382,1.79069e+09,-4.09438,45,-0.106715
4.383,4,0,nan,nan,nan,nan,1.20688,0.95295,1.4552,4.08931,6.26785,32,27,rc,4.383,1.79069e+09,-4.09438,45,-0.105883
4.384,4,0,nan,nan,nan,nan,1.20688,0.95295,1.43495,4.08931,6.26708,32,27,rc,4.384,1.79069e+09,-4.11694,45,-0.10503
4.385,4,0,nan,nan,nan,nan,0.236865,0.274017,1.45839,4.08998,6.26622,32,27,rc,4.385,1.79069e+09,-4.18462,45,-0.104158
4.386,4,0,nan,nan,nan,nan,0.236865,0.274017,1.49994,4.08998,6.26545,32,27,rc,4.386,1.79069e+09,-4.20718,45,-0.103251
4.387,4,0,nan,nan,nan,nan,0.180469,0.411898,1.55959,4.09074,6.26459,32,27,rc,4.387,1.79069e+09,-4.17334,45,-0.102159
4.388,4,0,nan,nan,nan,nan,0.180469,0.411898,1.5777,4.09074,6.26363,32,27,rc,4.388,1.79069e+09,-4.17334,45,-0.101275
4.389,4,0,nan,nan,nan,nan,-0.0225586,1.07163,1.59795,4.09256,6.26267,32,27,rc,4.389,1.79069e+09,-4.04927,45,-0.100411
4.39,4,0,nan,nan,nan,nan,-0.0225586,1.07163,1.58729,4.09256,6.26161,32,27,rc,4.39,1.79069e+09,-4.02671,45,-0.0995862
4.391,4,0,nan,nan,nan,nan,-1.22944,1.84481,1.56705,4.09611,6.26056,32,27,rc,4.391,1.79069e+09,-4.01543,45,-0.0986929
4.392,4,0,nan,nan,nan,nan,-1.22944,1.84481,1.46798,4.09611,6.2595,32,27,rc,4.392,1.79069e+09,-4.07183,45,-0.0977224
4.393,4,0,nan,nan,nan,nan,-1.46631,1.54985,1.32949,4.09937,6.25845,32,27,rc,4.393,1.79069e+09,-4.07183,45,-0.0968407
4.394,4,0,nan,nan,nan,nan,-1.46631,1.54985,1.23468,4.09937,6.2574,32,27,rc,4.394,1.79069e+09,-4.10566,45,-0.0959249
4.395,4,0,nan,nan,nan,nan,-0.924902,1.19904,1.16437,4.10186,6.25624,32,27,rc,4.395,1.79069e+09,-4.1395,45,-0.0950128
4.396,4,0,nan,nan,nan,nan,-0.924902,1.19904,1.18568,4.10186,6.25538,32,27,rc,4.396,1.79069e+09,-4.1395,45,-0.0941019
4.397,4,0,nan,nan,nan,nan,0,1.49051,1.22935,4.10464,6.25433,32,27,rc,4.397,1.79069e+09,-4.07183,45,-0.093115
4.398,4,0,nan,nan,nan,nan,0,1.49051,1.31138,4.10464,6.25346,32,27,rc,4.398,1.79069e+09,-4.09438,45,-0.0922177
4.399,4,0,nan,nan,nan,nan,0.428613,1.86576,1.33695,4.10829,6.25251,32,27,rc,4.399,1.79069e+09,-4.10566,45,-0.0912664
4.4,4,0,nan,nan,nan,nan,0.428613,1.86576,1.3444,4.10829,6.25174,32,27,rc,4.4,1.79069e+09,-4.11694,45,-0.0902623
4.401,4,0,nan,nan,nan,nan,0.124072,1.80991,1.34867,4.11193,6.25097,32,27,rc,4.401,1.79069e+09,-4.12822,45,-0.0893134
4.402,4,0,nan,nan,nan,nan,0.124072,1.80991,1.34014,4.11193,6.2502,32,27,rc,4.402,1.79069e+09,-4.12822,45,-0.0883765
4.403,4,0,nan,nan,nan,nan,0.0676758,1.60919,1.35399,4.115,6.24953,32,27,rc,4.403,1.79069e+09,-4.15078,45,-0.087497
4.404,4,0,nan,nan,nan,nan,0.0676758,1.60919,1.34014,4.115,6.24867,32,27,rc,4.404,1.79069e+09,-4.18462,45,-0.0865775
4.405,4,0,nan,nan,nan,nan,0.259424,1.23569,1.30499,4.11788,6.24781,32,27,rc,4.405,1.79069e+09,-4.10566,45,-0.0856631
4.406,4,0,nan,nan,nan,nan,0.259424,1.23569,1.32736,4.11788,6.24695,32,27,rc,4.406,1.79069e+09,-4.03799,45,-0.0847163
4.407,4,0,nan,nan,nan,nan,0.180469,1.05941,1.34654,4.11998,6.24599,32,27,rc,4.407,1.79069e+09,-4.03799,45,-0.0836889
4.408,4,0,nan,nan,nan,nan,0.180469,1.05941,1.32097,4.11998,6.24503,32,27,rc,4.408,1.79069e+09,-4.01543,45,-0.0827331
4.409,4,0,nan,nan,nan,nan,0.248145,1.08909,1.32629,4.12219,6.24416,32,27,rc,4.409,1.79069e+09,-4.02671,45,-0.0817469
4.41,4,0,nan,nan,nan,nan,0.248145,1.08909,1.36784,4.12219,6.2433,32,27,rc,4.41,1.79069e+09,-4.03799,45,-0.0807879
4.411,4,0,nan,nan,nan,nan,0.169189,1.12923,1.36571,4.1243,6.24244,32,27,rc,4.411,1.79069e+09,-4.06055,45,-0.0797987
4.412,4,0,nan,nan,nan,nan,0.169189,1.12923,1.36571,4.1243,6.24158,32,27,rc,4.412,1.79069e+09,-4.09438,45,-0.0787737
4.413,4,0,nan,nan,nan,nan,-0.0676758,1.16064,1.30392,4.1266,6.24071,32,27,rc,4.413,1.79069e+09,-4.01543,45,-0.0778014
4.414,4,0,nan,nan,nan,nan,-0.0676758,1.16064,1.26877,4.1266,6.23985,32,27,rc,4.414,1.79069e+09,-3.91392,45,-0.0768424
4.415,4,0,nan,nan,nan,nan,-0.0563965,1.15017,1.26344,4.1289,6.23889,32,27,rc,4.415,1.79069e+09,-3.9252,45,-0.0759681
4.416,4,0,nan,nan,nan,nan,-0.0563965,1.15017,1.23681,4.1289,6.23803,32,27,rc,4.416,1.79069e+09,-4.00415,45,-0.075052
4.417,4,0,nan,nan,nan,nan,0.135352,1.17461,1.26664,4.13139,6.23717,32,27,rc,4.417,1.79069e+09,-4.07183,45,-0.0740649
4.418,4,0,nan,nan,nan,nan,0.135352,1.17461,1.26238,4.13139,6.2363,32,27,rc,4.418,1.79069e+09,-4.04927,45,-0.0731516
4.419,4,0,nan,nan,nan,nan,0.47373,1.24791,1.25812,4.13379,6.23544,32,27,rc,4.419,1.79069e+09,-4.04927,45,-0.0721482
4.42,4,0,nan,nan,nan,nan,0.47373,1.24791,1.24853,4.13379,6.23448,32,27,rc,4.42,1.79069e+09,-4.06055,45,-0.0711458
4.421,4,0,nan,nan,nan,nan,0.270703,1.40324,1.25066,4.13657,6.23352,32,27,rc,4.421,1.79069e+09,-4.01543,45,-0.0701691
4.422,4,0,nan,nan,nan,nan,0.270703,1.40324,1.25492,4.13657,6.23256,32,27,rc,4.422,1.79069e+09,-3.93647,45,-0.069172
4.423,4,0,nan,nan,nan,nan,0.372217,1.40848,1.25385,4.13945,6.23151,32,27,rc,4.423,1.79069e+09,-3.91392,45,-0.0682514
4.424,4,0,nan,nan,nan,nan,0.372217,1.40848,1.2187,4.13945,6.23036,32,27,rc,4.424,1.79069e+09,-3.95903,45,-0.0672765
4.425,4,0,nan,nan,nan,nan,0.349658,1.45211,1.191,4.14232,6.2294,32,27,rc,4.425,1.79069e+09,-3.97031,45,-0.066287
4.426,4,0,nan,nan,nan,nan,0.349658,1.45211,1.18461,4.14232,6.22835,32,27,rc,4.426,1.79069e+09,-3.88008,45,-0.0652416
4.427,4,0,nan,nan,nan,nan,0.530127,1.51146,1.18141,4.1453,6.22739,32,27,rc,4.427,1.79069e+09,-4.06055,45,-0.0641467
4.428,4,0,nan,nan,nan,nan,0.530127,1.51146,1.22403,4.1453,6.22643,32,27,rc,4.428,1.79069e+09,-4.06055,45,-0.0631563
4.429,4,0,nan,nan,nan,nan,1.02642,1.50273,1.26557,4.14836,6.22537,32,27,rc,4.429,1.79069e+09,-3.98159,45,-0.0621733
4.43,4,0,nan,nan,nan,nan,1.02642,1.50273,1.31351,4.14836,6.22432,32,27,rc,4.43,1.79069e+09,-3.95903,45,-0.0611976
4.431,4,0,nan,nan,nan,nan,0.80083,1.31947,1.31884,4.15105,6.22326,32,27,rc,4.431,1.79069e+09,-3.98159,45,-0.0602673
4.432,4,0,nan,nan,nan,nan,0.80083,1.31947,1.2741,4.15105,6.22221,32,27,rc,4.432,1.79069e+09,-4.00415,45,-0.0592828
4.433,4,0,nan,nan,nan,nan,0.225586,0.937242,1.26344,4.15306,6.22115,32,27,rc,4.433,1.79069e+09,-4.03799,45,-0.0583912
4.434,4,0,nan,nan,nan,nan,0.225586,0.937242,1.2709,4.15306,6.2202,32,27,rc,4.434,1.79069e+09,-4.08311,45,-0.0574281
4.435,4,0,nan,nan,nan,nan,0.236865,0.71384,1.27196,4.1546,6.21914,32,27,rc,4.435,1.79069e+09,-4.12822,45,-0.0564801
4.436,4,0,nan,nan,nan,nan,0.236865,0.71384,1.27729,4.1546,6.21809,32,27,rc,4.436,1.79069e+09,-4.10566,45,-0.0555644
4.437,4,0,nan,nan,nan,nan,0.101514,0.82205,1.26557,4.15613,6.21732,32,27,rc,4.437,1.79069e+09,-4.04927,45,-0.0545893
4.438,4,0,nan,nan,nan,nan,0.101514,0.82205,1.27729,4.15613,6.21627,32,27,rc,4.438,1.79069e+09,-4.09438,45,-0.0537495
4.439,4,0,nan,nan,nan,nan,0.0338379,0.898845,1.25599,4.15795,6.2155,32,27,rc,4.439,1.79069e+09,-4.04927,45,-0.052854
4.44,4,0,nan,nan,nan,nan,0.0338379,0.898845,1.21018,4.15795,6.21454,32,27,rc,4.44,1.79069e+09,-4.15078,45,-0.0519727
4.441,4,0,nan,nan,nan,nan,0.0112793,1.13272,1.18674,4.16006,6.21368,32,27,rc,4.441,1.79069e+09,-4.18462,45,-0.0510471
4.442,4,0,nan,nan,nan,nan,0.0112793,1.13272,1.14946,4.16006,6.21291,32,27,rc,4.442,1.79069e+09,-4.02671,45,-0.0500503
4.443,4,0,nan,nan,nan,nan,0.0563965,1.39277,1.1388,4.16284,6.21214,32,27,rc,4.443,1.79069e+09,-4.1395,45,-0.049167
4.444,4,0,nan,nan,nan,nan,0.0563965,1.39277,1.15159,4.16284,6.21118,32,27,rc,4.444,1.79069e+09,-4.1959,45,-0.0482056
4.445,4,0,nan,nan,nan,nan,0.383496,1.39801,1.13454,4.16562,6.21032,32,27,rc,4.445,1.79069e+09,-4.10566,45,-0.0472581
4.446,4,0,nan,nan,nan,nan,0.383496,1.39801,1.12282,4.16562,6.20946,32,27,rc,4.446,1.79069e+09,-4.09438,45,-0.0462643
4.447,4,0,nan,nan,nan,nan,0.710596,1.53065,1.1111,4.16859,6.2085,32,27,rc,4.447,1.79069e+09,-4.07183,45,-0.0452156
4.448,4,0,nan,nan,nan,nan,0.710596,1.53065,1.1143,4.16859,6.20773,32,27,rc,4.448,1.79069e+09,-3.94775,45,-0.0442372
4.449,4,0,nan,nan,nan,nan,1.12793,1.72264,1.142,4.17204,6.20677,32,27,rc,4.449,1.79069e+09,-4.10566,45,-0.0432139
4.45,4,0,nan,nan,nan,nan,1.12793,1.72264,1.17396,4.17204,6.20591,32,27,rc,4.45,1.79069e+09,-4.12822,45,-0.0422079
4.451,4,0,nan,nan,nan,nan,1.42119,1.5708,1.19952,4.17521,6.20505,32,27,rc,4.451,1.79069e+09,-4.11694,45,-0.041215
4.452,4,0,nan,nan,nan,nan,1.42119,1.5708,1.22722,4.17521,6.20419,32,27,rc,4.452,1.79069e+09,-4.04927,45,-0.0402281
4.453,4,0,nan,nan,nan,nan,1.20688,1.0664,1.23788,4.17751,6.20323,32,27,rc,4.453,1.79069e+09,-4.16206,45,-0.0393566
4.454,4,0,nan,nan,nan,nan,1.20688,1.0664,1.23042,4.17751,6.20217,32,27,rc,4.454,1.79069e+09,-4.12822,45,-0.0384578
4.455,4,0,nan,nan,nan,nan,0.665479,0.706858,1.24746,4.17904,6.20121,32,27,rc,4.455,1.79069e+09,-4.10566,45,-0.0375332
4.456,4,0,nan,nan,nan,nan,0.665479,0.706858,1.25812,4.17904,6.20016,32,27,rc,4.456,1.79069e+09,-4.09438,45,-0.0366026
4.457,4,0,nan,nan,nan,nan,0.293262,0.673697,1.2432,4.18039,6.1993,32,27,rc,4.457,1.79069e+09,-4.1395,45,-0.0356465
4.458,4,0,nan,nan,nan,nan,0.293262,0.673697,1.25812,4.18039,6.19805,32,27,rc,4.458,1.79069e+09,-4.15078,45,-0.0347862
4.459,4,0,nan,nan,nan,nan,0.124072,0.788889,1.23255,4.18192,6.19699,32,27,rc,4.459,1.79069e+09,-4.1959,45,-0.0338985
4.46,4,0,nan,nan,nan,nan,0.124072,0.788889,1.21444,4.18192,6.19584,32,27,rc,4.46,1.79069e+09,-4.16206,45,-0.0329821
4.461,4,0,nan,nan,nan,nan,0.112793,0.788889,1.18035,4.18355,6.19469,32,27,rc,4.461,1.79069e+09,-4.07183,45,-0.032108
4.462,4,0,nan,nan,nan,nan,0.112793,0.788889,1.15478,4.18355,6.19354,32,27,rc,4.462,1.79069e+09,-4.03799,45,-0.0311362
4.463,4,0,nan,nan,nan,nan,0.0225586,0.888373,1.12176,4.18527,6.19239,32,27,rc,4.463,1.79069e+09,-4.07183,45,-0.0302517
4.464,4,0,nan,nan,nan,nan,0.0225586,0.888373,1.08873,4.18527,6.19134,32,27,rc,4.464,1.79069e+09,-4.11694,45,-0.0292661
4.465,4,0,nan,nan,nan,nan,0.0225586,1.22697,1.08234,4.18777,6.19038,32,27,rc,4.465,1.79069e+09,-4.12822,45,-0.0282263
4.466,4,0,nan,nan,nan,nan,0.0225586,1.22697,1.10152,4.18777,6.18942,32,27,rc,4.466,1.79069e+09,-4.12822,45,-0.0271685
4.467,4,0,nan,nan,nan,nan,0.48501,1.43641,1.10791,4.19055,6.18846,32,27,rc,4.467,1.79069e+09,-4.09438,45,-0.0260675
4.468,4,0,nan,nan,nan,nan,0.48501,1.43641,1.12921,4.19055,6.1875,32,27,rc,4.468,1.79069e+09,-3.97031,45,-0.0250815
4.469,4,0,nan,nan,nan,nan,0.857227,1.49226,1.14839,4.19333,6.18654,32,27,rc,4.469,1.79069e+09,-3.94775,45,-0.0240747
4.47,4,0,nan,nan,nan,nan,0.857227,1.49226,1.15265,4.19333,6.18559,32,27,rc,4.47,1.79069e+09,-3.97031,45,-0.0230737
4.471,4,0,nan,nan,nan,nan,0.64292,1.68599,1.142,4.19659,6.18472,32,27,rc,4.471,1.79069e+09,-4.03799,45,-0.0220616
4.472,4,0,nan,nan,nan,nan,0.64292,1.68599,1.15478,4.19659,6.18386,32,27,rc,4.472,1.79069e+09,-4.04927,45,-0.0209528
4.473,4,0,nan,nan,nan,nan,0.778271,1.50796,1.15904,4.19975,6.183,32,27,rc,4.473,1.79069e+09,-4.09438,45,-0.0199663
4.474,4,0,nan,nan,nan,nan,0.778271,1.50796,1.15904,4.19975,6.18204,32,27,rc,4.474,1.79069e+09,-4.03799,45,-0.0189557
4.475,4,0,nan,nan,nan,nan,0.845947,1.00531,1.18568,4.20196,6.18118,32,27,rc,4.475,1.79069e+09,-4.10566,45,-0.0179606
4.476,4,0,nan,nan,nan,nan,0.845947,1.00531,1.20805,4.20196,6.18022,32,27,rc,4.476,1.79069e+09,-4.03799,45,-0.0169821
4.477,4,0,nan,nan,nan,nan,0.710596,0.74351,1.20485,4.20359,6.17926,32,27,rc,4.477,1.79069e+09,-4.15078,45,-0.0159332
4.478,4,0,nan,nan,nan,nan,0.710596,0.74351,1.20379,4.20359,6.1782,32,27,rc,4.478,1.79069e+09,-4.08311,45,-0.0149655
4.479,4,0,nan,nan,nan,nan,0.169189,0.82205,1.18354,4.20512,6.17724,32,27,rc,4.479,1.79069e+09,-4.08311,45,-0.01392
4.48,4,0,nan,nan,nan,nan,0.169189,0.82205,1.16863,4.20512,6.17619,32,27,rc,4.48,1.79069e+09,-4.11694,45,-0.0128561
4.481,4,0,nan,nan,nan,nan,0.15791,0.916298,1.15159,4.20704,6.17514,32,27,rc,4.481,1.79069e+09,-4.09438,45,-0.0118496
4.482,4,0,nan,nan,nan,nan,0.15791,0.916298,1.1388,4.20704,6.17418,32,27,rc,4.482,1.79069e+09,-4.16206,45,-0.0107983
4.483,4,0,nan,nan,nan,nan,0.15791,0.965167,1.11537,4.20886,6.17322,32,27,rc,4.483,1.79069e+09,-4.17334,45,-0.0098232
4.484,4,0,nan,nan,nan,nan,0.15791,0.965167,1.11324,4.20886,6.17216,32,27,rc,4.484,1.79069e+09,-4.09438,45,-0.00883421
4.485,4,0,nan,nan,nan,nan,0.281982,1.0472,1.10791,4.21087,6.17101,32,27,rc,4.485,1.79069e+09,-4.10566,45,-0.00779473
4.486,4,0,nan,nan,nan,nan,0.281982,1.0472,1.09832,4.21087,6.16996,32,27,rc,4.486,1.79069e+09,-4.16206,45,-0.00674517
4.487,4,0,nan,nan,nan,nan,0.518848,1.22348,1.06104,4.21327,6.16881,32,27,rc,4.487,1.79069e+09,-4.10566,45,-0.00559474
4.488,4,0,nan,nan,nan,nan,0.518848,1.22348,1.03653,4.21327,6.16775,32,27,rc,4.488,1.79069e+09,-4.09438,45,-0.00451701
4.489,4,0,nan,nan,nan,nan,0.744434,1.4591,1.05997,4.21615,6.1667,32,27,rc,4.489,1.79069e+09,-4.20718,45,-0.00339937
4.49,4,0,nan,nan,nan,nan,0.744434,1.4591,1.08341,4.21615,6.16574,32,27,rc,4.49,1.79069e+09,-4.1959,45,-0.00233027
4.491,4,0,nan,nan,nan,nan,1.28584,1.68075,1.16543,4.21941,6.16469,32,27,rc,4.491,1.79069e+09,-4.17334,45,-0.00126986
4.492,4,0,nan,nan,nan,nan,1.28584,1.68075,1.19313,4.21941,6.16363,32,27,rc,4.492,1.79069e+09,-4.1959,45,-0.000176218
4.493,4,0,nan,nan,nan,nan,1.42119,1.56382,1.16224,4.22267,6.16267,32,27,rc,4.493,1.79069e+09,-4.25229,45,0.000808204
4.494,4,0,nan,nan,nan,nan,1.42119,1.56382,1.15904,4.22267,6.16162,32,27,rc,4.494,1.79069e+09,-4.28613,45,0.00182368
4.495,4,0,nan,nan,nan,nan,0.710596,0.921534,1.15904,4.22468,6.16066,32,27,rc,4.495,1.79069e+09,-4.33125,45,0.00283982
4.496,4,0,nan,nan,nan,nan,0.710596,0.921534,1.17289,4.22468,6.1597,32,27,rc,4.496,1.79069e+09,-4.38765,45,0.003891
4.497,4,0,nan,nan,nan,nan,0.733154,0.441568,1.18781,4.22573,6.15874,32,27,rc,4.497,1.79069e+09,-4.43276,45,0.00501568
4.498,4,0,nan,nan,nan,nan,0.733154,0.441568,1.18141,4.22573,6.15769,32,27,rc,4.498,1.79069e+09,-4.33125,45,0.00602345
4.499,4,0,nan,nan,nan,nan,0.383496,0.602139,1.18887,4.22679,6.15654,32,27,rc,4.499,1.79069e+09,-4.20718,45,0.00709344
4.5,4,0,nan,nan,nan,nan,0.383496,0.602139,1.21018,4.22679,6.15539,32,27,rc,4.5,1.79069e+09,-4.18462,45,0.0080822
4.501,4,0,nan,nan,nan,nan,0.236865,0.706858,1.21018,4.22823,6.15424,32,27,rc,4.501,1.79069e+09,-4.20718,45,0.00909606
4.502,4,0,nan,nan,nan,nan,0.236865,0.706858,1.1697,4.22823,6.15308,32,27,rc,4.502,1.79069e+09,-4.25229,45,0.0100936
4.503,4,0,nan,nan,nan,nan,0.124072,0.886627,1.11217,4.22986,6.15193,32,27,rc,4.503,1.79069e+09,-4.28613,45,0.0110735
4.504,4,0,nan,nan,nan,nan,0.124072,0.886627,1.07382,4.22986,6.15078,32,27,rc,4.504,1.79069e+09,-4.27485,45,0.0120793
4.505,4,0,nan,nan,nan,nan,0.135352,1.28282,1.07808,4.23235,6.14954,32,27,rc,4.505,1.79069e+09,-4.17334,45,0.0130788
4.506,4,0,nan,nan,nan,nan,0.135352,1.28282,1.05784,4.23235,6.14839,32,27,rc,4.506,1.79069e+09,-4.18462,45,0.0141516
4.507,4,0,nan,nan,nan,nan,0.304541,1.48877,1.04612,4.23523,6.14724,32,27,rc,4.507,1.79069e+09,-4.20718,45,0.0152483
4.508,4,0,nan,nan,nan,nan,0.304541,1.48877,1.05677,4.23523,6.14618,32,27,rc,4.508,1.79069e+09,-4.16206,45,0.0162749
4.509,4,0,nan,nan,nan,nan,0.902344,1.52891,1.0344,4.23829,6.14503,32,27,rc,4.509,1.79069e+09,-4.1959,45,0.0173726
4.51,4,0,nan,nan,nan,nan,0.902344,1.52891,1.01949,4.23829,6.14398,32,27,rc,4.51,1.79069e+09,-4.26357,45,0.0184997
4.511,4,0,nan,nan,nan,nan,1.01514,1.74184,1.05997,4.24174,6.14283,32,27,rc,4.511,1.79069e+09,-4.15078,45,0.0196257
4.512,4,0,nan,nan,nan,nan,1.01514,1.74184,1.0898,4.24174,6.14168,32,27,rc,4.512,1.79069e+09,-4.11694,45,0.020806
4.513,4,0,nan,nan,nan,nan,1.73701,1.58127,1.11004,4.245,6.14053,32,27,rc,4.513,1.79069e+09,-4.30869,45,0.0218728
4.514,4,0,nan,nan,nan,nan,1.73701,1.58127,1.10684,4.245,6.13947,32,27,rc,4.514,1.79069e+09,-4.1959,45,0.0230111
4.515,4,0,nan,nan,nan,nan,1.40991,1.08036,1.09299,4.24731,6.13842,32,27,rc,4.515,1.79069e+09,-4.36509,45,0.0241507
4.516,4,0,nan,nan,nan,nan,1.40991,1.08036,1.10684,4.24731,6.13746,32,27,rc,4.516,1.79069e+09,-4.27485,45,0.0252703
4.517,4,0,nan,nan,nan,nan,1.26328,0.649262,1.14413,4.24874,6.1364,32,27,rc,4.517,1.79069e+09,-4.34253,45,0.0265149
4.518,4,0,nan,nan,nan,nan,1.26328,0.649262,1.14413,4.24874,6.13535,32,27,rc,4.518,1.79069e+09,-4.41021,45,0.0276287
4.519,4,0,nan,nan,nan,nan,0.95874,0.71384,1.15585,4.25009,6.13429,32,27,rc,4.519,1.79069e+09,-4.30869,45,0.0288328
4.52,4,0,nan,nan,nan,nan,0.95874,0.71384,1.16863,4.25009,6.13305,32,27,rc,4.52,1.79069e+09,-4.27485,45,0.0299953
4.521,4,0,nan,nan,nan,nan,0.518848,0.993092,1.13135,4.252,6.13199,32,27,rc,4.521,1.79069e+09,-4.30869,45,0.031167
4.522,4,0,nan,nan,nan,nan,0.518848,0.993092,1.11217,4.252,6.13084,32,27,rc,4.522,1.79069e+09,-4.25229,45,0.0323686
4.523,4,0,nan,nan,nan,nan,0.15791,1.10479,1.12708,4.25421,6.12969,32,27,rc,4.523,1.79069e+09,-4.28613,45,0.0334593
4.524,4,0,nan,nan,nan,nan,0.15791,1.10479,1.10152,4.25421,6.12854,32,27,rc,4.524,1.79069e+09,-4.30869,45,0.0345944
4.525,4,0,nan,nan,nan,nan,0.439893,1.18508,1.09086,4.25651,6.12739,32,27,rc,4.525,1.79069e+09,-4.24102,45,0.0357309
4.526,4,0,nan,nan,nan,nan,0.439893,1.18508,1.06423,4.25651,6.12614,32,27,rc,4.526,1.79069e+09,-4.21846,45,0.036913
4.527,4,0,nan,nan,nan,nan,0.631641,1.35612,1.03973,4.25919,6.12499,32,27,rc,4.527,1.79069e+09,-4.22974,45,0.038165
4.528,4,0,nan,nan,nan,nan,0.631641,1.35612,1.05571,4.25919,6.12384,32,27,rc,4.528,1.79069e+09,-4.22974,45,0.0393494
4.529,4,0,nan,nan,nan,nan,1.06025,1.41895,1.0621,4.26197,6.12269,32,27,rc,4.529,1.79069e+09,-4.22974,45,0.0405968
4.53,4,0,nan,nan,nan,nan,1.06025,1.41895,1.08128,4.26197,6.12164,32,27,rc,4.53,1.79069e+09,-4.24102,45,0.0418281
4.531,4,0,nan,nan,nan,nan,1.34224,1.30551,1.09299,4.26466,6.12058,32,27,rc,4.531,1.79069e+09,-4.18462,45,0.0430433
4.532,4,0,nan,nan,nan,nan,1.34224,1.30551,1.10365,4.26466,6.11943,32,27,rc,4.532,1.79069e+09,-4.16206,45,0.0443186
4.533,4,0,nan,nan,nan,nan,1.37607,1.03673,1.12815,4.26686,6.11828,32,27,rc,4.533,1.79069e+09,-4.17334,45,0.0454813
4.534,4,0,nan,nan,nan,nan,1.37607,1.03673,1.12495,4.26686,6.11713,32,27,rc,4.534,1.79069e+09,-4.18462,45,0.0466662
4.535,4,0,nan,nan,nan,nan,1.21816,0.853466,1.14306,4.26859,6.11598,32,27,rc,4.535,1.79069e+09,-4.26357,45,0.0478928
4.536,4,0,nan,nan,nan,nan,1.21816,0.853466,1.15052,4.26859,6.11474,32,27,rc,4.536,1.79069e+09,-4.33125,45,0.0491098
4.537,4,0,nan,nan,nan,nan,0.834668,0.877901,1.15159,4.27031,6.11358,32,27,rc,4.537,1.79069e+09,-4.33125,45,0.0504217
4.538,4,0,nan,nan,nan,nan,0.834668,0.877901,1.15478,4.27031,6.11234,32,27,rc,4.538,1.79069e+09,-4.22974,45,0.0515994
4.539,4,0,nan,nan,nan,nan,0.47373,0.92677,1.16757,4.27223,6.11109,32,27,rc,4.539,1.79069e+09,-4.25229,45,0.0527728
4.54,4,0,nan,nan,nan,nan,0.47373,0.92677,1.1697,4.27223,6.10975,32,27,rc,4.54,1.79069e+09,-4.26357,45,0.0539214
4.541,4,0,nan,nan,nan,nan,0.428613,1.00007,1.14519,4.27415,6.1085,32,27,rc,4.541,1.79069e+09,-4.33125,45,0.055105
4.542,4,0,nan,nan,nan,nan,0.428613,1.00007,1.14839,4.27415,6.10716,32,27,rc,4.542,1.79069e+09,-4.37637,45,0.0563783
4.543,4,0,nan,nan,nan,nan,0.293262,1.05941,1.12069,4.27626,6.10591,32,27,rc,4.543,1.79069e+09,-4.35381,45,0.0575165
4.544,4,0,nan,nan,nan,nan,0.293262,1.05941,1.10684,4.27626,6.10457,32,27,rc,4.544,1.79069e+09,-4.26357,45,0.0587438
4.545,4,0,nan,nan,nan,nan,0.360938,1.06291,1.08341,4.27837,6.10323,32,27,rc,4.545,1.79069e+09,-4.31997,45,0.0599776
4.546,4,0,nan,nan,nan,nan,0.360938,1.06291,1.08341,4.27837,6.10198,32,27,rc,4.546,1.79069e+09,-4.31997,45,0.0611981
4.547,4,0,nan,nan,nan,nan,0.586523,1.11701,1.08234,4.28057,6.10074,32,27,rc,4.547,1.79069e+09,-4.38765,45,0.062462
4.548,4,0,nan,nan,nan,nan,0.586523,1.11701,1.08128,4.28057,6.09949,32,27,rc,4.548,1.79069e+09,-4.51172,45,0.0636604
4.549,4,0,nan,nan,nan,nan,0.913623,1.2706,1.08234,4.28307,6.09834,32,27,rc,4.549,1.79069e+09,-4.48916,45,0.064931
4.55,4,0,nan,nan,nan,nan,0.913623,1.2706,1.06743,4.28307,6.09719,32,27,rc,4.55,1.79069e+09,-4.37637,45,0.0661886
4.551,4,0,nan,nan,nan,nan,0.891064,1.50273,1.05891,4.28604,6.09604,32,27,rc,4.551,1.79069e+09,-4.36509,45,0.0674364
4.552,4,0,nan,nan,nan,nan,0.891064,1.50273,1.07915,4.28604,6.09489,32,27,rc,4.552,1.79069e+09,-4.37637,45,0.0687288
4.553,4,0,nan,nan,nan,nan,1.28584,1.37881,1.07169,4.28882,6.09374,32,27,rc,4.553,1.79069e+09,-4.45532,45,0.0699064
4.554,4,0,nan,nan,nan,nan,1.28584,1.37881,1.10045,4.28882,6.09259,32,27,rc,4.554,1.79069e+09,-4.48916,45,0.0711509
4.555,4,0,nan,nan,nan,nan,1.39863,1.09432,1.10045,4.29112,6.09144,32,27,rc,4.555,1.79069e+09,-4.50044,45,0.0724323
4.556,4,0,nan,nan,nan,nan,1.39863,1.09432,1.08554,4.29112,6.09019,32,27,rc,4.556,1.79069e+09,-4.39893,45,0.0737636
4.557,4,0,nan,nan,nan,nan,1.16177,0.877901,1.09406,4.29304,6.08885,32,27,rc,4.557,1.79069e+09,-4.36509,45,0.0751282
4.558,4,0,nan,nan,nan,nan,1.16177,0.877901,1.11643,4.29304,6.0876,32,27,rc,4.558,1.79069e+09,-4.37637,45,0.0764418
4.559,4,0,nan,nan,nan,nan,1.252,0.897099,1.1143,4.29486,6.08626,32,27,rc,4.559,1.79069e+09,-4.42148,45,0.077758
4.56,4,0,nan,nan,nan,nan,1.252,0.897099,1.12389,4.29486,6.08501,32,27,rc,4.56,1.79069e+09,-4.45532,45,0.0791431
4.561,4,0,nan,nan,nan,nan,1.02642,1.08385,1.12708,4.29697,6.08377,32,27,rc,4.561,1.79069e+09,-4.51172,45,0.080518
4.562,4,0,nan,nan,nan,nan,1.02642,1.08385,1.11004,4.29697,6.08243,32,27,rc,4.562,1.79069e+09,-4.34253,45,0.0819207
4.563,4,0,nan,nan,nan,nan,0.80083,1.15366,1.10365,4.29908,6.08108,32,27,rc,4.563,1.79069e+09,-4.28613,45,0.0831739
4.564,4,0,nan,nan,nan,nan,0.80083,1.15366,1.11324,4.29908,6.07974,32,27,rc,4.564,1.79069e+09,-4.31997,45,0.0844628
4.565,4,0,nan,nan,nan,nan,0.845947,1.18159,1.10152,4.30147,6.0784,32,27,rc,4.565,1.79069e+09,-4.35381,45,0.0857332
4.566,4,0,nan,nan,nan,nan,0.845947,1.18159,1.08447,4.30147,6.07706,32,27,rc,4.566,1.79069e+09,-4.42148,45,0.0870266
4.567,4,0,nan,nan,nan,nan,0.913623,1.17984,1.09086,4.30387,6.07571,32,27,rc,4.567,1.79069e+09,-4.36509,45,0.0884202
4.568,4,0,nan,nan,nan,nan,0.913623,1.17984,1.1143,4.30387,6.07437,32,27,rc,4.568,1.79069e+09,-4.24102,45,0.0896644
4.569,4,0,nan,nan,nan,nan,1.36479,1.14145,1.12815,4.30627,6.07303,32,27,rc,4.569,1.79069e+09,-4.24102,45,0.0909841
4.57,4,0,nan,nan,nan,nan,1.36479,1.14145,1.11963,4.30627,6.07169,32,27,rc,4.57,1.79069e+09,-4.30869,45,0.0923003
4.571,4,0,nan,nan,nan,nan,1.08281,1.16413,1.1175,4.30857,6.07035,32,27,rc,4.571,1.79069e+09,-4.38765,45,0.0936302
4.572,4,0,nan,nan,nan,nan,1.08281,1.16413,1.11217,4.30857,6.0691,32,27,rc,4.572,1.79069e+09,-4.41021,45,0.0950206
4.573,4,0,nan,nan,nan,nan,1.01514,1.07687,1.1175,4.31068,6.06785,32,27,rc,4.573,1.79069e+09,-4.39893,45,0.0962904
4.574,4,0,nan,nan,nan,nan,1.01514,1.07687,1.14413,4.31068,6.06651,32,27,rc,4.574,1.79069e+09,-4.33125,45,0.0976493
4.575,4,0,nan,nan,nan,nan,1.13921,1.06989,1.1111,4.31279,6.06517,32,27,rc,4.575,1.79069e+09,-4.37637,45,0.0990102
4.576,4,0,nan,nan,nan,nan,1.13921,1.06989,1.13028,4.31279,6.06373,32,27,rc,4.576,1.79069e+09,-4.37637,45,0.100383
4.577,4,0,nan,nan,nan,nan,0.845947,1.09432,1.13987,4.31499,6.06239,32,27,rc,4.577,1.79069e+09,-4.44404,45,0.101807
4.578,4,0,nan,nan,nan,nan,0.845947,1.09432,1.142,4.31499,6.06105,32,27,rc,4.578,1.79069e+09,-4.4666,45,0.103137
4.579,4,0,nan,nan,nan,nan,0.902344,1.00531,1.12389,4.31701,6.0597,32,27,rc,4.579,1.79069e+09,-4.37637,45,0.104502
4.58,4,0,nan,nan,nan,nan,0.902344,1.00531,1.13241,4.31701,6.05836,32,27,rc,4.58,1.79069e+09,-4.39893,45,0.10586
4.581,4,0,nan,nan,nan,nan,0.823389,1.02451,1.13987,4.31902,6.05692,32,27,rc,4.581,1.79069e+09,-4.44404,45,0.107231
4.582,4,0,nan,nan,nan,nan,0.823389,1.02451,1.14626,4.31902,6.05558,32,27,rc,4.582,1.79069e+09,-4.4666,45,0.108698
4.583,4,0,nan,nan,nan,nan,0.891064,1.09956,1.14413,4.32122,6.05424,32,27,rc,4.583,1.79069e+09,-4.50044,45,0.110025
4.584,4,0,nan,nan,nan,nan,0.891064,1.09956,1.12708,4.32122,6.0529,32,27,rc,4.584,1.79069e+09,-4.37637,45,0.111395
4.585,4,0,nan,nan,nan,nan,0.721875,1.16937,1.13241,4.32352,6.05146,32,27,rc,4.585,1.79069e+09,-4.31997,45,0.112772
4.586,4,0,nan,nan,nan,nan,0.721875,1.16937,1.13135,4.32352,6.05012,32,27,rc,4.586,1.79069e+09,-4.38765,45,0.114189
4.587,4,0,nan,nan,nan,nan,0.879785,1.14668,1.142,4.32583,6.04868,32,27,rc,4.587,1.79069e+09,-4.42148,45,0.115682
4.588,4,0,nan,nan,nan,nan,0.879785,1.14668,1.13561,4.32583,6.04734,32,27,rc,4.588,1.79069e+09,-4.43276,45,0.117008
4.589,4,0,nan,nan,nan,nan,0.95874,1.1781,1.1111,4.32822,6.04599,32,27,rc,4.589,1.79069e+09,-4.43276,45,0.118406
4.59,4,0,nan,nan,nan,nan,0.95874,1.1781,1.10791,4.32822,6.04465,32,27,rc,4.59,1.79069e+09,-4.34253,45,0.119841
4.591,4,0,nan,nan,nan,nan,0.857227,1.17461,1.10578,4.33052,6.04331,32,27,rc,4.591,1.79069e+09,-4.33125,45,0.121256
4.592,4,0,nan,nan,nan,nan,0.857227,1.17461,1.09193,4.33052,6.04197,32,27,rc,4.592,1.79069e+09,-4.35381,45,0.122722
4.593,4,0,nan,nan,nan,nan,1.11665,1.09781,1.12282,4.33273,6.04062,32,27,rc,4.593,1.79069e+09,-4.38765,45,0.124042
4.594,4,0,nan,nan,nan,nan,1.11665,1.09781,1.12602,4.33273,6.03928,32,27,rc,4.594,1.79069e+09,-4.44404,45,0.125454
4.595,4,0,nan,nan,nan,nan,1.34224,1.16239,1.10152,4.33503,6.03794,32,27,rc,4.595,1.79069e+09,-4.37637,45,0.12689
4.596,4,0,nan,nan,nan,nan,1.34224,1.16239,1.11217,4.33503,6.0365,32,27,rc,4.596,1.79069e+09,-4.31997,45,0.12837
4.597,4,0,nan,nan,nan,nan,1.01514,1.24617,1.13454,4.33752,6.03506,32,27,rc,4.597,1.79069e+09,-4.34253,45,0.129931
4.598,4,0,nan,nan,nan,nan,1.01514,1.24617,1.1175,4.33752,6.03363,32,27,rc,4.598,1.79069e+09,-4.34253,45,0.131364
4.599,4,0,nan,nan,nan,nan,1.17305,1.16763,1.09832,4.33992,6.03228,32,27,rc,4.599,1.79069e+09,-4.38765,45,0.132904
4.6,4,0,nan,nan,nan,nan,1.17305,1.16763,1.10791,4.33992,6.03085,32,27,rc,4.6,1.79069e+09,-4.30869,45,0.134386
4.601,4,0,nan,nan,nan,nan,1.252,1.09607,1.12921,4.34212,6.0295,32,27,rc,4.601,1.79069e+09,-4.25229,45,0.135954
4.602,4,0,nan,nan,nan,nan,1.252,1.09607,1.13561,4.34212,6.02807,32,27,rc,4.602,1.79069e+09,-4.26357,45,0.137562
4.603,4,0,nan,nan,nan,nan,1.252,1.09607,1.12389,4.34433,6.02663,32,27,rc,4.603,1.79069e+09,-4.20718,45,0.138983
4.604,4,0,nan,nan,nan,nan,1.252,1.09607,1.14306,4.34433,6.02528,32,27,rc,4.604,1.79069e+09,-4.27485,45,0.140477
4.605,4,0,nan,nan,nan,nan,1.00386,1.10479,1.15159,4.34653,6.02385,32,27,rc,4.605,1.79069e+09,-4.29741,45,0.141955
4.606,4,0,nan,nan,nan,nan,1.00386,1.10479,1.14413,4.34653,6.02241,32,27,rc,4.606,1.79069e+09,-4.18462,45,0.143426
4.607,4,0,nan,nan,nan,nan,0.97002,1.05069,1.15372,4.34864,6.02087,32,27,rc,4.607,1.79069e+09,-4.18462,45,0.14492
4.608,4,0,nan,nan,nan,nan,0.97002,1.05069,1.18141,4.34864,6.01934,32,27,rc,4.608,1.79069e+09,-4.22974,45,0.146311
4.609,4,0,nan,nan,nan,nan,0.95874,1.06465,1.18354,4.35075,6.0179,32,27,rc,4.609,1.79069e+09,-4.31997,45,0.147746
4.61,4,0,nan,nan,nan,nan,0.95874,1.06465,1.17289,4.35075,6.01637,32,27,rc,4.61,1.79069e+09,-4.31997,45,0.149188
4.611,4,0,nan,nan,nan,nan,0.507568,1.11177,1.14519,4.35296,6.01483,32,27,rc,4.611,1.79069e+09,-4.25229,45,0.150643
4.612,4,0,nan,nan,nan,nan,0.507568,1.11177,1.15159,4.35296,6.0133,32,27,rc,4.612,1.79069e+09,-4.27485,45,0.152188
4.613,4,0,nan,nan,nan,nan,0.575244,1.08385,1.15904,4.35526,6.01177,32,27,rc,4.613,1.79069e+09,-4.30869,45,0.153572
4.614,4,0,nan,nan,nan,nan,0.575244,1.08385,1.14732,4.35526,6.01014,32,27,rc,4.614,1.79069e+09,-4.34253,45,0.155052
4.615,4,0,nan,nan,nan,nan,0.755713,1.1013,1.15052,4.35737,6.0087,32,27,rc,4.615,1.79069e+09,-4.43276,45,0.156573
4.616,4,0,nan,nan,nan,nan,0.755713,1.1013,1.16011,4.35737,6.00716,32,27,rc,4.616,1.79069e+09,-4.30869,45,0.158067
4.617,4,0,nan,nan,nan,nan,0.721875,1.19555,1.13987,4.35986,6.00573,32,27,rc,4.617,1.79069e+09,-4.28613,45,0.159621
4.618,4,0,nan,nan,nan,nan,0.721875,1.19555,1.13667,4.35986,6.00419,32,27,rc,4.618,1.79069e+09,-4.36509,45,0.161066
4.619,4,0,nan,nan,nan,nan,0.620361,1.22522,1.12176,4.36216,6.00275,32,27,rc,4.619,1.79069e+09,-4.38765,45,0.162592
4.62,4,0,nan,nan,nan,nan,0.620361,1.22522,1.13667,4.36216,6.00132,32,27,rc,4.62,1.79069e+09,-4.38765,45,0.164092
4.621,4,0,nan,nan,nan,nan,0.891064,1.18159,1.16117,4.36446,5.99997,32,27,rc,4.621,1.79069e+09,-4.26357,45,0.165589
4.622,4,0,nan,nan,nan,nan,0.891064,1.18159,1.13028,4.36446,5.99854,32,27,rc,4.622,1.79069e+09,-4.25229,45,0.167171
4.623,4,0,nan,nan,nan,nan,0.95874,1.19904,1.13241,4.36686,5.99691,32,27,rc,4.623,1.79069e+09,-4.21846,45,0.168622
4.624,4,0,nan,nan,nan,nan,0.95874,1.19904,1.14519,4.36686,5.99566,32,27,rc,4.624,1.79069e+09,-4.27485,45,0.170166
4.625,4,0,nan,nan,nan,nan,0.947461,1.13795,1.13348,4.36916,5.99422,32,27,rc,4.625,1.79069e+09,-4.34253,45,0.171703
4.626,4,0,nan,nan,nan,nan,0.947461,1.13795,1.14306,4.36916,5.99278,32,27,rc,4.626,1.79069e+09,-4.1959,45,0.173245
4.627,4,0,nan,nan,nan,nan,0.891064,1.07338,1.15798,4.37137,5.99144,32,27,rc,4.627,1.79069e+09,-4.20718,45,0.174816
4.628,4,0,nan,nan,nan,nan,0.891064,1.07338,1.14732,4.37137,5.99,32,27,rc,4.628,1.79069e+09,-4.1959,45,0.176226
4.629,4,0,nan,nan,nan,nan,0.891064,1.0472,1.15585,4.37348,5.98857,32,27,rc,4.629,1.79069e+09,-4.25229,45,0.177718
4.63,4,0,nan,nan,nan,nan,0.891064,1.0472,1.15904,4.37348,5.98722,32,27,rc,4.63,1.79069e+09,-4.28613,45,0.179219
4.631,4,0,nan,nan,nan,nan,0.676758,1.08036,1.13241,4.37578,5.98578,32,27,rc,4.631,1.79069e+09,-4.16206,45,0.180723
4.632,4,0,nan,nan,nan,nan,0.676758,1.08036,1.13774,4.37578,5.98435,32,27,rc,4.632,1.79069e+09,-4.1395,45,0.182304
4.633,4,0,nan,nan,nan,nan,0.563965,1.09781,1.14946,4.37779,5.98281,32,27,rc,4.633,1.79069e+09,-4.15078,45,0.18374
4.634,4,0,nan,nan,nan,nan,0.563965,1.09781,1.12495,4.37779,5.98137,32,27,rc,4.634,1.79069e+09,-4.24102,45,0.185247
4.635,4,0,nan,nan,nan,nan,0.688037,1.16239,1.10791,4.38028,5.97994,32,27,rc,4.635,1.79069e+09,-4.30869,45,0.186782
4.636,4,0,nan,nan,nan,nan,0.688037,1.16239,1.12495,4.38028,5.9785,32,27,rc,4.636,1.79069e+09,-4.21846,45,0.188327
4.637,4,0,nan,nan,nan,nan,0.688037,1.25489,1.12708,4.38258,5.97706,32,27,rc,4.637,1.79069e+09,-4.15078,45,0.189928
4.638,4,0,nan,nan,nan,nan,0.688037,1.25489,1.10578,4.38258,5.97543,32,27,rc,4.638,1.79069e+09,-4.15078,45,0.19141
4.639,4,0,nan,nan,nan,nan,0.744434,1.24966,1.09726,4.38527,5.97399,32,27,rc,4.639,1.79069e+09,-4.1959,45,0.192984
4.64,4,0,nan,nan,nan,nan,0.744434,1.24966,1.12069,4.38527,5.97246,32,27,rc,4.64,1.79069e+09,-4.21846,45,0.19454
4.641,4,0,nan,nan,nan,nan,0.95874,1.18857,1.10897,4.38766,5.97092,32,27,rc,4.641,1.79069e+09,-4.16206,45,0.196073
4.642,4,0,nan,nan,nan,nan,0.95874,1.18857,1.09193,4.38766,5.96939,32,27,rc,4.642,1.79069e+09,-4.1395,45,0.197704
4.643,4,0,nan,nan,nan,nan,0.857227,1.213,1.11004,4.39006,5.96786,32,27,rc,4.643,1.79069e+09,-4.18462,45,0.199156
4.644,4,0,nan,nan,nan,nan,0.857227,1.213,1.13561,4.39006,5.96642,32,27,rc,4.644,1.79069e+09,-4.1959,45,0.200698
4.645,4,0,nan,nan,nan,nan,1.08281,1.1589,1.14732,4.39236,5.96498,32,27,rc,4.645,1.79069e+09,-4.26357,45,0.20225
4.646,4,0,nan,nan,nan,nan,1.08281,1.1589,1.13454,4.39236,5.96345,32,27,rc,4.646,1.79069e+09,-4.16206,45,0.203768
4.647,4,0,nan,nan,nan,nan,0.823389,1.10305,1.14519,4.39466,5.96191,32,27,rc,4.647,1.79069e+09,-4.12822,45,0.205352
4.648,4,0,nan,nan,nan,nan,0.823389,1.10305,1.1633,4.39466,5.96038,32,27,rc,4.648,1.79069e+09,-4.21846,45,0.20678
4.649,4,0,nan,nan,nan,nan,0.721875,0.996583,1.16863,4.39677,5.95884,32,27,rc,4.649,1.79069e+09,-4.22974,45,0.208264
4.65,4,0,nan,nan,nan,nan,0.721875,0.996583,1.15372,4.39677,5.95731,32,27,rc,4.65,1.79069e+09,-4.31997,45,0.209763
4.651,4,0,nan,nan,nan,nan,0.270703,0.975639,1.14626,4.3985,5.95578,32,27,rc,4.651,1.79069e+09,-4.25229,45,0.211303
4.652,4,0,nan,nan,nan,nan,0.270703,0.975639,1.14626,4.3985,5.95415,32,27,rc,4.652,1.79069e+09,-4.1959,45,0.2129
4.653,4,0,nan,nan,nan,nan,0.225586,0.947714,1.13667,4.40051,5.95242,32,27,rc,4.653,1.79069e+09,-4.10566,45,0.214336
4.654,4,0,nan,nan,nan,nan,0.225586,0.947714,1.10791,4.40051,5.95079,32,27,rc,4.654,1.79069e+09,-4.17334,45,0.21582
4.655,4,0,nan,nan,nan,nan,0.236865,0.945968,1.13241,4.40243,5.94954,32,27,rc,4.655,1.79069e+09,-4.30869,45,0.217307
4.656,4,0,nan,nan,nan,nan,0.236865,0.945968,1.11537,4.40243,5.94801,32,27,rc,4.656,1.79069e+09,-4.25229,45,0.21882
4.657,4,0,nan,nan,nan,nan,0.439893,1.02276,1.08767,4.40444,5.94648,32,27,rc,4.657,1.79069e+09,-4.20718,45,0.220394
4.658,4,0,nan,nan,nan,nan,0.439893,1.02276,1.09086,4.40444,5.94494,32,27,rc,4.658,1.79069e+09,-4.20718,45,0.221824
4.659,4,0,nan,nan,nan,nan,0.225586,1.15192,1.10152,4.40674,5.94331,32,27,rc,4.659,1.79069e+09,-4.28613,45,0.223347
4.66,4,0,nan,nan,nan,nan,0.225586,1.15192,1.08554,4.40674,5.94187,32,27,rc,4.66,1.79069e+09,-4.41021,45,0.224851
4.661,4,0,nan,nan,nan,nan,0.462451,1.20602,1.08021,4.40895,5.94063,32,27,rc,4.661,1.79069e+09,-4.18462,45,0.226346
4.662,4,0,nan,nan,nan,nan,0.462451,1.20602,1.06956,4.40895,5.93919,32,27,rc,4.662,1.79069e+09,-4.18462,45,0.227909
4.663,4,0,nan,nan,nan,nan,0.541406,1.27235,1.07915,4.41144,5.93785,32,27,rc,4.663,1.79069e+09,-4.20718,45,0.229331
4.664,4,0,nan,nan,nan,nan,0.541406,1.27235,1.11004,4.41144,5.93641,32,27,rc,4.664,1.79069e+09,-4.21846,45,0.23084
4.665,4,0,nan,nan,nan,nan,0.563965,1.35263,1.08128,4.41432,5.93507,32,27,rc,4.665,1.79069e+09,-4.25229,45,0.232327
4.666,4,0,nan,nan,nan,nan,0.563965,1.35263,1.05038,4.41432,5.93363,32,27,rc,4.666,1.79069e+09,-4.1959,45,0.233837
4.667,4,0,nan,nan,nan,nan,0.394775,1.31947,1.06423,4.41681,5.9321,32,27,rc,4.667,1.79069e+09,-4.17334,45,0.235402
4.668,4,0,nan,nan,nan,nan,0.394775,1.31947,1.07382,4.41681,5.93066,32,27,rc,4.668,1.79069e+09,-4.16206,45,0.236823
4.669,4,0,nan,nan,nan,nan,0.733154,1.07338,1.08021,4.41921,5.92912,32,27,rc,4.669,1.79069e+09,-4.20718,45,0.238316
4.67,4,0,nan,nan,nan,nan,0.733154,1.07338,1.08447,4.41921,5.92769,32,27,rc,4.67,1.79069e+09,-4.29741,45,0.239844
4.671,4,0,nan,nan,nan,nan,0.563965,0.989602,1.07169,4.42122,5.92625,32,27,rc,4.671,1.79069e+09,-4.29741,45,0.241387
4.672,4,0,nan,nan,nan,nan,0.563965,0.989602,1.07382,4.42122,5.92481,32,27,rc,4.672,1.79069e+09,-4.1959,45,0.243037
4.673,4,0,nan,nan,nan,nan,0.451172,0.895354,1.07169,4.42295,5.92328,32,27,rc,4.673,1.79069e+09,-4.1959,45,0.244487
4.674,4,0,nan,nan,nan,nan,0.451172,0.895354,1.07169,4.42295,5.92184,32,27,rc,4.674,1.79069e+09,-4.18462,45,0.245983
4.675,4,0,nan,nan,nan,nan,0.406055,0.902335,1.0653,4.42467,5.9204,32,27,rc,4.675,1.79069e+09,-4.28613,45,0.24747
4.676,4,0,nan,nan,nan,nan,0.406055,0.902335,1.06956,4.42467,5.91896,32,27,rc,4.676,1.79069e+09,-4.28613,45,0.248971
4.677,4,0,nan,nan,nan,nan,0.248145,0.97913,1.06317,4.42678,5.91724,32,27,rc,4.677,1.79069e+09,-4.26357,45,0.250558
4.678,4,0,nan,nan,nan,nan,0.248145,0.97913,1.03973,4.42678,5.91599,32,27,rc,4.678,1.79069e+09,-4.18462,45,0.251949
4.679,4,0,nan,nan,nan,nan,0.191748,1.00007,1.00458,4.4287,5.91445,32,27,rc,4.679,1.79069e+09,-4.21846,45,0.253446
4.68,4,0,nan,nan,nan,nan,0.191748,1.00007,1.0099,4.4287,5.91302,32,27,rc,4.68,1.79069e+09,-4.31997,45,0.254941
4.681,4,0,nan,nan,nan,nan,0.372217,1.04545,1.03653,4.43071,5.91148,32,27,rc,4.681,1.79069e+09,-4.26357,45,0.256438
4.682,4,0,nan,nan,nan,nan,0.372217,1.04545,1.03014,4.43071,5.90995,32,27,rc,4.682,1.79069e+09,-4.15078,45,0.258002
4.683,4,0,nan,nan,nan,nan,0.541406,1.18682,1.01523,4.43301,5.90841,32,27,rc,4.683,1.79069e+09,-4.18462,45,0.259412
4.684,4,0,nan,nan,nan,nan,0.541406,1.18682,1.0099,4.43301,5.90669,32,27,rc,4.684,1.79069e+09,-4.22974,45,0.260914
4.685,4,0,nan,nan,nan,nan,0.439893,1.3439,1.02801,4.43579,5.90525,32,27,rc,4.685,1.79069e+09,-4.27485,45,0.262436
4.686,4,0,nan,nan,nan,nan,0.439893,1.3439,1.0376,4.43579,5.90372,32,27,rc,4.686,1.79069e+09,-4.24102,45,0.263957
4.687,4,0,nan,nan,nan,nan,0.620361,1.20428,1.01949,4.43809,5.90218,32,27,rc,4.687,1.79069e+09,-4.18462,45,0.265542
4.688,4,0,nan,nan,nan,nan,0.620361,1.20428,1.01842,4.43809,5.90065,32,27,rc,4.688,1.79069e+09,-4.22974,45,0.267007
4.689,4,0,nan,nan,nan,nan,0.48501,1.01229,1.00777,4.4402,5.89911,32,27,rc,4.689,1.79069e+09,-4.24102,45,0.268543
4.69,4,0,nan,nan,nan,nan,0.48501,1.01229,1.03014,4.4402,5.89758,32,27,rc,4.69,1.79069e+09,-4.27485,45,0.270069
4.691,4,0,nan,nan,nan,nan,0.541406,0.884882,1.04293,4.44212,5.89614,32,27,rc,4.691,1.79069e+09,-4.1959,45,0.271603
4.692,4,0,nan,nan,nan,nan,0.541406,0.884882,1.02801,4.44212,5.89461,32,27,rc,4.692,1.79069e+09,-4.1959,45,0.273202
4.693,4,0,nan,nan,nan,nan,0.31582,0.893609,1.02269,4.44394,5.89307,32,27,rc,4.693,1.79069e+09,-4.17334,45,0.274665
4.694,4,0,nan,nan,nan,nan,0.31582,0.893609,1.02375,4.44394,5.89164,32,27,rc,4.694,1.79069e+09,-4.15078,45,0.276198
4.695,4,0,nan,nan,nan,nan,0.214307,0.90059,1.03547,4.44567,5.8902,32,27,rc,4.695,1.79069e+09,-4.22974,45,0.277707
4.696,4,0,nan,nan,nan,nan,0.214307,0.90059,1.03227,4.44567,5.88876,32,27,rc,4.696,1.79069e+09,-4.16206,45,0.279192
4.697,4,0,nan,nan,nan,nan,0.169189,0.907571,1.00884,4.44739,5.88723,32,27,rc,4.697,1.79069e+09,-4.1395,45,0.280765
4.698,4,0,nan,nan,nan,nan,0.169189,0.907571,0.990726,4.44739,5.88579,32,27,rc,4.698,1.79069e+09,-4.1395,45,0.282187
4.699,4,0,nan,nan,nan,nan,0.0563965,0.95295,0.9854,4.44941,5.88435,32,27,rc,4.699,1.79069e+09,-4.12822,45,0.283682
4.7,4,0,nan,nan,nan,nan,0.0563965,0.95295,0.979008,4.44941,5.88282,32,27,rc,4.7,1.79069e+09,-4.17334,45,0.285192
4.701,4,0,nan,nan,nan,nan,0.0902344,0.980875,0.98753,4.45142,5.88138,32,27,rc,4.701,1.79069e+09,-4.15078,45,0.286705
4.702,4,0,nan,nan,nan,nan,0.0902344,0.980875,0.996053,4.45142,5.87984,32,27,rc,4.702,1.79069e+09,-4.08311,45,0.288277
4.703,4,0,nan,nan,nan,nan,0.0902344,1.02625,0.984334,4.45343,5.87831,32,27,rc,4.703,1.79069e+09,-4.11694,45,0.289684
4.704,4,0,nan,nan,nan,nan,0.0902344,1.02625,0.957702,4.45343,5.87678,32,27,rc,4.704,1.79069e+09,-4.16206,45,0.291178
4.705,4,0,nan,nan,nan,nan,0.0451172,1.01055,0.947049,4.45545,5.87534,32,27,rc,4.705,1.79069e+09,-4.1959,45,0.292692
4.706,4,0,nan,nan,nan,nan,0.0451172,1.01055,0.966224,4.45545,5.8738,32,27,rc,4.706,1.79069e+09,-4.15078,45,0.294182
4.707,4,0,nan,nan,nan,nan,0.112793,0.989602,0.942788,4.45746,5.87217,32,27,rc,4.707,1.79069e+09,-4.12822,45,0.296448
4.708,4,0,nan,nan,nan,nan,0.112793,0.989602,0.94918,4.45746,5.87083,32,27,rc,4.708,1.79069e+09,-4.15078,45,0.297206
4.709,4,0,nan,nan,nan,nan,0.0338379,1.00356,0.944918,4.45947,5.86939,32,27,rc,4.709,1.79069e+09,-4.12822,45,0.298716
4.71,4,0,nan,nan,nan,nan,0.0338379,1.00356,0.956637,4.45947,5.86776,32,27,rc,4.71,1.79069e+09,-4.11694,45,0.301009
4.711,4,0,nan,nan,nan,nan,0.101514,0.965167,0.956637,4.46139,5.86652,32,27,rc,4.711,1.79069e+09,-4.17334,45,0.30178
4.712,4,0,nan,nan,nan,nan,0.101514,0.965167,0.938527,4.46139,5.86498,32,27,rc,4.712,1.79069e+09,-4.06055,45,0.304056
4.713,4,0,nan,nan,nan,nan,0.0563965,0.902335,0.944918,4.46321,5.86355,32,27,rc,4.713,1.79069e+09,-4.09438,45,0.305558
4.714,4,0,nan,nan,nan,nan,0.0563965,0.902335,0.938527,4.46321,5.86211,32,27,rc,4.714,1.79069e+09,-4.08311,45,0.3063
4.715,4,0,nan,nan,nan,nan,0.0451172,0.879646,0.926808,4.46494,5.86057,32,27,rc,4.715,1.79069e+09,-4.07183,45,0.308532
4.716,4,0,nan,nan,nan,nan,0.0451172,0.879646,0.909764,4.46494,5.85933,32,27,rc,4.716,1.79069e+09,-4.16206,45,0.31002
4.717,4,0,nan,nan,nan,nan,0.0338379,0.942478,0.919351,4.46686,5.85789,32,27,rc,4.717,1.79069e+09,-4.01543,45,0.311517
4.718,4,0,nan,nan,nan,nan,0.0338379,0.942478,0.924678,4.46686,5.85645,32,27,rc,4.718,1.79069e+09,-4.00415,45,0.312989
4.719,4,0,nan,nan,nan,nan,0.0338379,1.0088,0.914025,4.46887,5.85492,32,27,rc,4.719,1.79069e+09,-3.99287,45,0.313735
4.72,4,0,nan,nan,nan,nan,0.0338379,1.0088,0.873543,4.46887,5.85348,32,27,rc,4.72,1.79069e+09,-3.98159,45,0.315945
4.721,4,0,nan,nan,nan,nan,0,0.975639,0.866086,4.47079,5.85204,32,27,rc,4.721,1.79069e+09,-4.03799,45,0.31741
4.722,4,0,nan,nan,nan,nan,0,0.975639,0.891654,4.47079,5.8506,32,27,rc,4.722,1.79069e+09,-3.98159,45,0.31888
4.723,4,0,nan,nan,nan,nan,-0.0112793,0.898845,0.89698,4.47261,5.84916,32,27,rc,4.723,1.79069e+09,-3.94775,45,0.320334
4.724,4,0,nan,nan,nan,nan,-0.0112793,0.898845,0.892719,4.47261,5.84773,32,27,rc,4.724,1.79069e+09,-3.99287,45,0.32107
4.725,4,0,nan,nan,nan,nan,-0.0563965,0.834267,0.858629,4.47433,5.84629,32,27,rc,4.725,1.79069e+09,-3.99287,45,0.323276
4.726,4,0,nan,nan,nan,nan,-0.0563965,0.834267,0.853303,4.47433,5.84485,32,27,rc,4.726,1.79069e+09,-4.07183,45,0.324736
4.727,4,0,nan,nan,nan,nan,-0.0676758,0.834267,0.854368,4.47596,5.84341,32,27,rc,4.727,1.79069e+09,-3.93647,45,0.326218
4.728,4,0,nan,nan,nan,nan,-0.0676758,0.834267,0.861825,4.47596,5.84197,32,27,rc,4.728,1.79069e+09,-3.90264,45,0.327663
4.729,4,0,nan,nan,nan,nan,-0.0789551,0.82205,0.845846,4.47759,5.84044,32,27,rc,4.729,1.79069e+09,-3.91392,45,0.328386
4.73,4,0,nan,nan,nan,nan,-0.0789551,0.82205,0.86076,4.47759,5.839,32,27,rc,4.73,1.79069e+09,-3.98159,45,0.330549
4.731,4,0,nan,nan,nan,nan,-0.146631,0.846485,0.833062,4.47932,5.83756,32,27,rc,4.731,1.79069e+09,-4.09438,45,0.332001
4.732,4,0,nan,nan,nan,nan,-0.146631,0.846485,0.84265,4.47932,5.83613,32,27,rc,4.732,1.79069e+09,-3.98159,45,0.333433
4.733,4,0,nan,nan,nan,nan,-0.191748,0.865683,0.835193,4.48105,5.83469,32,27,rc,4.733,1.79069e+09,-3.91392,45,0.334829
4.734,4,0,nan,nan,nan,nan,-0.191748,0.865683,0.820279,4.48105,5.83325,32,27,rc,4.734,1.79069e+09,-3.97031,45,0.335526
4.735,4,0,nan,nan,nan,nan,-0.0789551,0.890118,0.807495,4.48287,5.83162,32,27,rc,4.735,1.79069e+09,-3.90264,45,0.337647
4.736,4,0,nan,nan,nan,nan,-0.0789551,0.890118,0.807495,4.48287,5.83028,32,27,rc,4.736,1.79069e+09,-3.94775,45,0.339033
4.737,4,0,nan,nan,nan,nan,-0.203027,0.881391,0.812822,4.48459,5.82903,32,27,rc,4.737,1.79069e+09,-3.82368,45,0.340389
4.738,4,0,nan,nan,nan,nan,-0.203027,0.881391,0.80643,4.48459,5.82769,32,27,rc,4.738,1.79069e+09,-3.91392,45,0.341741
4.739,4,0,nan,nan,nan,nan,-0.0902344,0.84823,0.801103,4.48641,5.82625,32,27,rc,4.739,1.79069e+09,-3.84624,45,0.343185
4.74,4,0,nan,nan,nan,nan,-0.0902344,0.84823,0.801103,4.48641,5.82472,32,27,rc,4.74,1.79069e+09,-4.02671,45,0.344512
4.741,4,0,nan,nan,nan,nan,-0.225586,0.794125,0.798973,4.48795,5.82337,32,27,rc,4.741,1.79069e+09,-3.85752,45,0.345868
4.742,4,0,nan,nan,nan,nan,-0.225586,0.794125,0.771275,4.48795,5.82213,32,27,rc,4.742,1.79069e+09,-3.93647,45,0.347234
4.743,4,0,nan,nan,nan,nan,-0.293262,0.747001,0.771275,4.48948,5.82079,32,27,rc,4.743,1.79069e+09,-3.85752,45,0.348588
4.744,4,0,nan,nan,nan,nan,-0.293262,0.747001,0.780863,4.48948,5.81944,32,27,rc,4.744,1.79069e+09,-3.80112,45,0.34926
4.745,4,0,nan,nan,nan,nan,-0.304541,0.733038,0.784059,4.49092,5.8182,32,27,rc,4.745,1.79069e+09,-3.82368,45,0.351255
4.746,4,0,nan,nan,nan,nan,-0.304541,0.733038,0.767014,4.49092,5.81686,32,27,rc,4.746,1.79069e+09,-3.9252,45,0.352614
4.747,4,0,nan,nan,nan,nan,-0.496289,0.741765,0.751034,4.49245,5.81561,32,27,rc,4.747,1.79069e+09,-3.95903,45,0.353975
4.748,4,0,nan,nan,nan,nan,-0.496289,0.741765,0.73612,4.49245,5.81427,32,27,rc,4.748,1.79069e+09,-3.95903,45,0.355325
4.749,4,0,nan,nan,nan,nan,-0.563965,0.738274,0.716945,4.49389,5.81292,32,27,rc,4.749,1.79069e+09,-3.88008,45,0.355996
4.75,4,0,nan,nan,nan,nan,-0.563965,0.738274,0.711618,4.49389,5.81187,32,27,rc,4.75,1.79069e+09,-3.85752,45,0.357973
4.751,4,0,nan,nan,nan,nan,-0.47373,0.790634,0.703096,4.49543,5.81043,32,27,rc,4.751,1.79069e+09,-3.93647,45,0.35928
4.752,4,0,nan,nan,nan,nan,-0.47373,0.790634,0.707357,4.49543,5.80919,32,27,rc,4.752,1.79069e+09,-3.97031,45,0.360585
4.753,4,0,nan,nan,nan,nan,-0.462451,0.834267,0.696704,4.49715,5.80803,32,27,rc,4.753,1.79069e+09,-4.01543,45,0.361891
4.754,4,0,nan,nan,nan,nan,-0.462451,0.834267,0.698835,4.49715,5.80679,32,27,rc,4.754,1.79069e+09,-3.99287,45,0.363243
4.755,4,0,nan,nan,nan,nan,-0.507568,0.755728,0.698835,4.49869,5.80564,32,27,rc,4.755,1.79069e+09,-3.90264,45,0.36446
4.756,4,0,nan,nan,nan,nan,-0.507568,0.755728,0.680725,4.49869,5.80449,32,27,rc,4.756,1.79069e+09,-3.85752,45,0.365689
4.757,4,0,nan,nan,nan,nan,-0.541406,0.617847,0.661549,4.49993,5.80324,32,27,rc,4.757,1.79069e+09,-3.91392,45,0.366916
4.758,4,0,nan,nan,nan,nan,-0.541406,0.617847,0.683921,4.49993,5.80199,32,27,rc,4.758,1.79069e+09,-3.95903,45,0.36816
4.759,4,0,nan,nan,nan,nan,-0.372217,0.621337,0.682855,4.50118,5.80084,32,27,rc,4.759,1.79069e+09,-3.88008,45,0.369436
4.76,4,0,nan,nan,nan,nan,-0.372217,0.621337,0.660484,4.50118,5.7996,32,27,rc,4.76,1.79069e+09,-3.97031,45,0.370622
4.761,4,0,nan,nan,nan,nan,-0.48501,0.680678,0.675398,4.50252,5.79845,32,27,rc,4.761,1.79069e+09,-3.78984,45,0.371835
4.762,4,0,nan,nan,nan,nan,-0.48501,0.680678,0.648766,4.50252,5.7972,32,27,rc,4.762,1.79069e+09,-3.8124,45,0.373
4.763,4,0,nan,nan,nan,nan,-0.451172,0.699877,0.623199,4.50396,5.79595,32,27,rc,4.763,1.79069e+09,-3.82368,45,0.374161
4.764,4,0,nan,nan,nan,nan,-0.451172,0.699877,0.632786,4.50396,5.79471,32,27,rc,4.764,1.79069e+09,-3.8688,45,0.375361
4.765,4,0,nan,nan,nan,nan,-0.654199,0.680678,0.615742,4.5053,5.79346,32,27,rc,4.765,1.79069e+09,-3.89136,45,0.376464
4.766,4,0,nan,nan,nan,nan,-0.654199,0.680678,0.585913,4.5053,5.79222,32,27,rc,4.766,1.79069e+09,-3.90264,45,0.377634
4.767,4,0,nan,nan,nan,nan,-0.64292,0.58294,0.562477,4.50655,5.79107,32,27,rc,4.767,1.79069e+09,-3.80112,45,0.378803
4.768,4,0,nan,nan,nan,nan,-0.64292,0.58294,0.562477,4.50655,5.78982,32,27,rc,4.768,1.79069e+09,-3.73345,45,0.37995
4.769,4,0,nan,nan,nan,nan,-0.248145,0.598648,0.561411,4.5077,5.78857,32,27,rc,4.769,1.79069e+09,-3.71089,45,0.381134
4.77,4,0,nan,nan,nan,nan,-0.248145,0.598648,0.551824,4.5077,5.78733,32,27,rc,4.77,1.79069e+09,-3.75601,45,0.382215
4.771,4,0,nan,nan,nan,nan,-0.225586,0.731293,0.569934,4.50914,5.78618,32,27,rc,4.771,1.79069e+09,-3.76729,45,0.383362
4.772,4,0,nan,nan,nan,nan,-0.225586,0.731293,0.560346,4.50914,5.78512,32,27,rc,4.772,1.79069e+09,-3.80112,45,0.384486
4.773,4,0,nan,nan,nan,nan,-0.146631,0.773181,0.540106,4.51067,5.78397,32,27,rc,4.773,1.79069e+09,-3.68833,45,0.385604
4.774,4,0,nan,nan,nan,nan,-0.146631,0.773181,0.537975,4.51067,5.78292,32,27,rc,4.774,1.79069e+09,-3.80112,45,0.386743
4.775,4,0,nan,nan,nan,nan,-0.180469,0.6353,0.521996,4.51201,5.78177,32,27,rc,4.775,1.79069e+09,-3.64321,45,0.387775
4.776,4,0,nan,nan,nan,nan,-0.180469,0.6353,0.512408,4.51201,5.78081,32,27,rc,4.776,1.79069e+09,-3.66577,45,0.388861
4.777,4,0,nan,nan,nan,nan,-0.124072,0.446804,0.545432,4.51297,5.77975,32,27,rc,4.777,1.79069e+09,-3.67705,45,0.389922
4.778,4,0,nan,nan,nan,nan,-0.124072,0.446804,0.537975,4.51297,5.77879,32,27,rc,4.778,1.79069e+09,-3.69961,45,0.390997
4.779,4,0,nan,nan,nan,nan,-0.0451172,0.424115,0.526257,4.51374,5.77783,32,27,rc,4.779,1.79069e+09,-3.74473,45,0.392113
4.78,4,0,nan,nan,nan,nan,-0.0451172,0.424115,0.508147,4.51374,5.77678,32,27,rc,4.78,1.79069e+09,-3.67705,45,0.393095
4.781,4,0,nan,nan,nan,nan,-0.214307,0.551524,0.523061,4.51479,5.77582,32,27,rc,4.781,1.79069e+09,-3.55298,45,0.394135
4.782,4,0,nan,nan,nan,nan,-0.214307,0.551524,0.516669,4.51479,5.77477,32,27,rc,4.782,1.79069e+09,-3.55298,45,0.395136
4.783,4,0,nan,nan,nan,nan,-0.135352,0.626573,0.492167,4.51604,5.77371,32,27,rc,4.783,1.79069e+09,-3.55298,45,0.396132
4.784,4,0,nan,nan,nan,nan,-0.135352,0.626573,0.481514,4.51604,5.77275,32,27,rc,4.784,1.79069e+09,-3.62065,45,0.397177
4.785,4,0,nan,nan,nan,nan,-0.236865,0.598648,0.449555,4.51729,5.77179,32,27,rc,4.785,1.79069e+09,-3.68833,45,0.398128
4.786,4,0,nan,nan,nan,nan,-0.236865,0.598648,0.468731,4.51729,5.77093,32,27,rc,4.786,1.79069e+09,-3.71089,45,0.399107
4.787,4,0,nan,nan,nan,nan,-0.112793,0.516617,0.479384,4.51834,5.77007,32,27,rc,4.787,1.79069e+09,-3.74473,45,0.400091
4.788,4,0,nan,nan,nan,nan,-0.112793,0.516617,0.447425,4.51834,5.7693,32,27,rc,4.788,1.79069e+09,-3.72217,45,0.401068
4.789,4,0,nan,nan,nan,nan,-0.191748,0.514872,0.436772,4.5194,5.76844,32,27,rc,4.789,1.79069e+09,-3.62065,45,0.402047
4.79,4,0,nan,nan,nan,nan,-0.191748,0.514872,0.454882,4.5194,5.76758,32,27,rc,4.79,1.79069e+09,-3.5981,45,0.40295
4.791,4,0,nan,nan,nan,nan,-0.0789551,0.5044,0.471927,4.52035,5.76671,32,27,rc,4.791,1.79069e+09,-3.62065,45,0.40386
4.792,4,0,nan,nan,nan,nan,-0.0789551,0.5044,0.452751,4.52035,5.76595,32,27,rc,4.792,1.79069e+09,-3.5981,45,0.40474
4.793,4,0,nan,nan,nan,nan,-0.203027,0.469494,0.434641,4.52131,5.76518,32,27,rc,4.793,1.79069e+09,-3.60938,45,0.405648
4.794,4,0,nan,nan,nan,nan,-0.203027,0.469494,0.433576,4.52131,5.76441,32,27,rc,4.794,1.79069e+09,-3.68833,45,0.406575
4.795,4,0,nan,nan,nan,nan,-0.203027,0.441568,0.433576,4.52227,5.76374,32,27,rc,4.795,1.79069e+09,-3.66577,45,0.407391
4.796,4,0,nan,nan,nan,nan,-0.203027,0.441568,0.426119,4.52227,5.76307,32,27,rc,4.796,1.79069e+09,-3.69961,45,0.408244
4.797,4,0,nan,nan,nan,nan,-0.203027,0.455531,0.43038,4.52313,5.7624,32,27,rc,4.797,1.79069e+09,-3.68833,45,0.40905
4.798,4,0,nan,nan,nan,nan,-0.203027,0.455531,0.421858,4.52313,5.76163,32,27,rc,4.798,1.79069e+09,-3.64321,45,0.409829
4.799,4,0,nan,nan,nan,nan,-0.191748,0.457276,0.426119,4.52409,5.76086,32,27,rc,4.799,1.79069e+09,-3.62065,45,0.410638
4.8,4,0,nan,nan,nan,nan,-0.191748,0.457276,0.410139,4.52409,5.76019,32,27,rc,4.8,1.79069e+09,-3.62065,45,0.411363
4.801,4,0,nan,nan,nan,nan,-0.214307,0.459022,0.405878,4.52496,5.75943,32,27,rc,4.801,1.79069e+09,-3.49658,45,0.412104
4.802,4,0,nan,nan,nan,nan,-0.214307,0.459022,0.400552,4.52496,5.75866,32,27,rc,4.802,1.79069e+09,-3.64321,45,0.41287
4.803,4,0,nan,nan,nan,nan,-0.203027,0.427606,0.39416,4.52582,5.75789,32,27,rc,4.803,1.79069e+09,-3.68833,45,0.41363
4.804,4,0,nan,nan,nan,nan,-0.203027,0.427606,0.381376,4.52582,5.75722,32,27,rc,4.804,1.79069e+09,-3.66577,45,0.414367
4.805,4,0,nan,nan,nan,nan,-0.180469,0.404916,0.37818,4.52668,5.75665,32,27,rc,4.805,1.79069e+09,-3.57554,45,0.415032
4.806,4,0,nan,nan,nan,nan,-0.180469,0.404916,0.381376,4.52668,5.75598,32,27,rc,4.806,1.79069e+09,-3.60938,45,0.415703
4.807,4,0,nan,nan,nan,nan,-0.203027,0.389208,0.39629,4.52745,5.7554,32,27,rc,4.807,1.79069e+09,-3.62065,45,0.41634
4.808,4,0,nan,nan,nan,nan,-0.203027,0.389208,0.37605,4.52745,5.75482,32,27,rc,4.808,1.79069e+09,-3.63193,45,0.416963
4.809,4,0,nan,nan,nan,nan,-0.203027,0.378736,0.381376,4.52822,5.75415,32,27,rc,4.809,1.79069e+09,-3.58682,45,0.417615
4.81,4,0,nan,nan,nan,nan,-0.203027,0.378736,0.367527,4.52822,5.75358,32,27,rc,4.81,1.79069e+09,-3.49658,45,0.418175
4.811,4,0,nan,nan,nan,nan,-0.0902344,0.376991,0.344091,4.52898,5.75281,32,27,rc,4.811,1.79069e+09,-3.49658,45,0.418724
4.812,4,0,nan,nan,nan,nan,-0.0902344,0.376991,0.346222,4.52898,5.75214,32,27,rc,4.812,1.79069e+09,-3.4853,45,0.419275
4.813,4,0,nan,nan,nan,nan,-0.0902344,0.380482,0.349417,4.52975,5.75147,32,27,rc,4.813,1.79069e+09,-3.57554,45,0.41984
4.814,4,0,nan,nan,nan,nan,-0.0902344,0.380482,0.328111,4.52975,5.75089,32,27,rc,4.814,1.79069e+09,-3.63193,45,0.420409
4.815,4,0,nan,nan,nan,nan,-0.0676758,0.380482,0.316393,4.53052,5.75022,32,27,rc,4.815,1.79069e+09,-3.5981,45,0.420911
4.816,4,0,nan,nan,nan,nan,-0.0676758,0.380482,0.325981,4.53052,5.74965,32,27,rc,4.816,1.79069e+09,-3.63193,45,0.421426
4.817,4,0,nan,nan,nan,nan,-0.0112793,0.352557,0.324916,4.53128,5.74907,32,27,rc,4.817,1.79069e+09,-3.66577,45,0.421894
4.818,4,0,nan,nan,nan,nan,-0.0112793,0.352557,0.315328,4.53128,5.74859,32,27,rc,4.818,1.79069e+09,-3.71089,45,0.422357
4.819,4,0,nan,nan,nan,nan,-0.146631,0.331613,0.311067,4.53186,5.74802,32,27,rc,4.819,1.79069e+09,-3.77856,45,0.422849
4.82,4,0,nan,nan,nan,nan,-0.146631,0.331613,0.325981,4.53186,5.74763,32,27,rc,4.82,1.79069e+09,-3.78984,45,0.423283
4.821,4,0,nan,nan,nan,nan,-0.101514,0.329867,0.302544,4.53253,5.74715,32,27,rc,4.821,1.79069e+09,-3.75601,45,0.423725
4.822,4,0,nan,nan,nan,nan,-0.101514,0.329867,0.304675,4.53253,5.74668,32,27,rc,4.822,1.79069e+09,-3.71089,45,0.424148
4.823,4,0,nan,nan,nan,nan,-0.101514,0.329867,0.301479,4.5332,5.7462,32,27,rc,4.823,1.79069e+09,-3.68833,45,0.424548
4.824,4,0,nan,nan,nan,nan,-0.101514,0.329867,0.282304,4.5332,5.74581,32,27,rc,4.824,1.79069e+09,-3.68833,45,0.424978
4.825,4,0,nan,nan,nan,nan,-0.0676758,0.328122,0.266324,4.53387,5.74543,32,27,rc,4.825,1.79069e+09,-3.69961,45,0.425361
4.826,4,0,nan,nan,nan,nan,-0.0676758,0.328122,0.271651,4.53387,5.74505,32,27,rc,4.826,1.79069e+09,-3.68833,45,0.425752
4.827,4,0,nan,nan,nan,nan,-0.0225586,0.312414,0.288695,4.53445,5.74476,32,27,rc,4.827,1.79069e+09,-3.68833,45,0.426126
4.828,4,0,nan,nan,nan,nan,-0.0225586,0.312414,0.266324,4.53445,5.74437,32,27,rc,4.828,1.79069e+09,-3.67705,45,0.426458
4.829,4,0,nan,nan,nan,nan,0,0.29147,0.237561,4.53502,5.74409,32,27,rc,4.829,1.79069e+09,-3.72217,45,0.426814
4.83,4,0,nan,nan,nan,nan,0,0.29147,0.241822,4.53502,5.7439,32,27,rc,4.83,1.79069e+09,-3.74473,45,0.427129
4.831,4,0,nan,nan,nan,nan,0.0563965,0.280998,0.236496,4.53569,5.74361,32,27,rc,4.831,1.79069e+09,-3.75601,45,0.427419
4.832,4,0,nan,nan,nan,nan,0.0563965,0.280998,0.246084,4.53569,5.74342,32,27,rc,4.832,1.79069e+09,-3.75601,45,0.427726
4.833,4,0,nan,nan,nan,nan,0.112793,0.272271,0.276977,4.53617,5.74313,32,27,rc,4.833,1.79069e+09,-3.80112,45,0.428009
4.834,4,0,nan,nan,nan,nan,0.112793,0.272271,0.256737,4.53617,5.74294,32,27,rc,4.834,1.79069e+09,-3.76729,45,0.428313
4.835,4,0,nan,nan,nan,nan,0.135352,0.272271,0.246084,4.53675,5.74274,32,27,rc,4.835,1.79069e+09,-3.78984,45,0.428552
4.836,4,0,nan,nan,nan,nan,0.135352,0.272271,0.227974,4.53675,5.74255,32,27,rc,4.836,1.79069e+09,-3.76729,45,0.428811
4.837,4,0,nan,nan,nan,nan,0.124072,0.26529,0.239692,4.53732,5.74236,32,27,rc,4.837,1.79069e+09,-3.82368,45,0.42906
4.838,4,0,nan,nan,nan,nan,0.124072,0.26529,0.238627,4.53732,5.74207,32,27,rc,4.838,1.79069e+09,-3.8124,45,0.429292
4.839,4,0,nan,nan,nan,nan,0.281982,0.253073,0.234365,4.5378,5.74188,32,27,rc,4.839,1.79069e+09,-3.78984,45,0.429543
4.84,4,0,nan,nan,nan,nan,0.281982,0.253073,0.226908,4.5378,5.74159,32,27,rc,4.84,1.79069e+09,-3.85752,45,0.429767
4.841,4,0,nan,nan,nan,nan,0.248145,0.261799,0.230104,4.53828,5.7414,32,27,rc,4.841,1.79069e+09,-3.8688,45,0.429991
4.842,4,0,nan,nan,nan,nan,0.248145,0.261799,0.2333,4.53828,5.74111,32,27,rc,4.842,1.79069e+09,-3.85752,45,0.430208
4.843,4,0,nan,nan,nan,nan,0.3271,0.228638,0.241822,4.53876,5.74083,32,27,rc,4.843,1.79069e+09,-3.8688,45,0.430387
4.844,4,0,nan,nan,nan,nan,0.3271,0.228638,0.218386,4.53876,5.74054,32,27,rc,4.844,1.79069e+09,-3.8688,45,0.430551
4.845,4,0,nan,nan,nan,nan,0.270703,0.211185,0.223712,4.53924,5.74025,32,27,rc,4.845,1.79069e+09,-3.9252,45,0.430713
4.846,4,0,nan,nan,nan,nan,0.270703,0.211185,0.225843,4.53924,5.73996,32,27,rc,4.846,1.79069e+09,-3.98159,45,0.430847
4.847,4,0,nan,nan,nan,nan,0.31582,0.188496,0.208798,4.53962,5.73968,32,27,rc,4.847,1.79069e+09,-3.95903,45,0.430967
4.848,4,0,nan,nan,nan,nan,0.31582,0.188496,0.203472,4.53962,5.73939,32,27,rc,4.848,1.79069e+09,-3.97031,45,0.431094
4.849,4,0,nan,nan,nan,nan,0.236865,0.188496,0.207733,4.54001,5.7391,32,27,rc,4.849,1.79069e+09,-3.95903,45,0.43124
4.85,4,0,nan,nan,nan,nan,0.236865,0.188496,0.208798,4.54001,5.73881,32,27,rc,4.85,1.79069e+09,-3.90264,45,0.431361
4.851,4,0,nan,nan,nan,nan,0.338379,0.219911,0.201341,4.54039,5.73853,32,27,rc,4.851,1.79069e+09,-3.90264,45,0.431454
4.852,4,0,nan,nan,nan,nan,0.338379,0.219911,0.187492,4.54039,5.73833,32,27,rc,4.852,1.79069e+09,-3.97031,45,0.431559
4.853,4,0,nan,nan,nan,nan,0.281982,0.230383,0.186427,4.54087,5.73814,32,27,rc,4.853,1.79069e+09,-3.98159,45,0.43167
4.854,4,0,nan,nan,nan,nan,0.281982,0.230383,0.190688,4.54087,5.73795,32,27,rc,4.854,1.79069e+09,-3.95903,45,0.431804
4.855,4,0,nan,nan,nan,nan,0.383496,0.200713,0.169382,4.54125,5.73776,32,27,rc,4.855,1.79069e+09,-3.99287,45,0.431912
4.856,4,0,nan,nan,nan,nan,0.383496,0.200713,0.196015,4.54125,5.73766,32,27,rc,4.856,1.79069e+09,-3.94775,45,0.432009
4.857,4,0,nan,nan,nan,nan,0.372217,0.18675,0.186427,4.54164,5.73747,32,27,rc,4.857,1.79069e+09,-3.98159,45,0.432115
4.858,4,0,nan,nan,nan,nan,0.372217,0.18675,0.170448,4.54164,5.73747,32,27,rc,4.858,1.79069e+09,-3.98159,45,0.432198
4.859,4,0,nan,nan,nan,nan,0.304541,0.15708,0.177905,4.54202,5.73738,32,27,rc,4.859,1.79069e+09,-3.95903,45,0.432274
4.86,4,0,nan,nan,nan,nan,0.304541,0.15708,0.14275,4.54202,5.73728,32,27,rc,4.86,1.79069e+09,-4.02671,45,0.432368
4.861,4,0,nan,nan,nan,nan,0.406055,0.148353,0.152337,4.54231,5.73728,32,27,rc,4.861,1.79069e+09,-4.00415,45,0.432469
4.862,4,0,nan,nan,nan,nan,0.406055,0.148353,0.145946,4.54231,5.73718,32,27,rc,4.862,1.79069e+09,-3.99287,45,0.432575
4.863,4,0,nan,nan,nan,nan,0.620361,0.233874,0.134227,4.54269,5.73718,32,27,rc,4.863,1.79069e+09,-3.90264,45,0.432658
4.864,4,0,nan,nan,nan,nan,0.620361,0.233874,0.158729,4.54269,5.73709,32,27,rc,4.864,1.79069e+09,-3.9252,45,0.432713
4.865,4,0,nan,nan,nan,nan,0.665479,0.289725,0.157664,4.54327,5.73709,32,27,rc,4.865,1.79069e+09,-3.97031,45,0.432764
4.866,4,0,nan,nan,nan,nan,0.665479,0.289725,0.166186,4.54327,5.73709,32,27,rc,4.866,1.79069e+09,-3.99287,45,0.432825
4.867,4,0,nan,nan,nan,nan,0.64292,0.225147,0.139554,4.54375,5.73699,32,27,rc,4.867,1.79069e+09,-4.01543,45,0.432887
4.868,4,0,nan,nan,nan,nan,0.64292,0.225147,0.149142,4.54375,5.73699,32,27,rc,4.868,1.79069e+09,-4.00415,45,0.432956
4.869,4,0,nan,nan,nan,nan,0.541406,0.111701,0.133162,4.54403,5.7369,32,27,rc,4.869,1.79069e+09,-3.97031,45,0.433014
4.87,4,0,nan,nan,nan,nan,0.541406,0.111701,0.134227,4.54403,5.7369,32,27,rc,4.87,1.79069e+09,-3.99287,45,0.433051
4.871,4,0,nan,nan,nan,nan,0.631641,0.0750492,0.167252,4.54413,5.7368,32,27,rc,4.871,1.79069e+09,-3.99287,45,0.433085
4.872,4,0,nan,nan,nan,nan,0.631641,0.0750492,0.155533,4.54413,5.7368,32,27,rc,4.872,1.79069e+09,-4.01543,45,0.433125
4.873,4,0,nan,nan,nan,nan,0.688037,0.172788,0.123574,4.54451,5.7367,32,27,rc,4.873,1.79069e+09,-4.04927,45,0.433189
4.874,4,0,nan,nan,nan,nan,0.688037,0.172788,0.12464,4.54451,5.7367,32,27,rc,4.874,1.79069e+09,-4.00415,45,0.433222
4.875,4,0,nan,nan,nan,nan,0.496289,0.219911,0.134227,4.5449,5.73661,32,27,rc,4.875,1.79069e+09,-3.97031,45,0.433237
4.876,4,0,nan,nan,nan,nan,0.496289,0.219911,0.150207,4.5449,5.73661,32,27,rc,4.876,1.79069e+09,-4.02671,45,0.433259
4.877,4,0,nan,nan,nan,nan,0.744434,0.171042,0.140619,4.54528,5.73661,32,27,rc,4.877,1.79069e+09,-3.99287,45,0.433276
4.878,4,0,nan,nan,nan,nan,0.744434,0.171042,0.151272,4.54528,5.73651,32,27,rc,4.878,1.79069e+09,-4.01543,45,0.433296
4.879,4,0,nan,nan,nan,nan,0.541406,0.151844,0.14275,4.54557,5.73651,32,27,rc,4.879,1.79069e+09,-4.06055,45,0.433326
4.88,4,0,nan,nan,nan,nan,0.541406,0.151844,0.158729,4.54557,5.73651,32,27,rc,4.88,1.79069e+09,-4.01543,45,0.433337
4.881,4,0,nan,nan,nan,nan,0.47373,0.0925025,0.168317,4.54576,5.73651,32,27,rc,4.881,1.79069e+09,-4.04927,45,0.43334
4.882,4,0,nan,nan,nan,nan,0.47373,0.0925025,0.148076,4.54576,5.73642,32,27,rc,4.882,1.79069e+09,-4.04927,45,0.433355
4.883,4,0,nan,nan,nan,nan,0.372217,0.0698132,0.138489,4.54595,5.73642,32,27,rc,4.883,1.79069e+09,-4.02671,45,0.433393
4.884,4,0,nan,nan,nan,nan,0.372217,0.0698132,0.133162,4.54595,5.73642,32,27,rc,4.884,1.79069e+09,-4.03799,45,0.43341
4.885,4,0,nan,nan,nan,nan,0.3271,0.10472,0.131032,4.54614,5.73642,32,27,rc,4.885,1.79069e+09,-4.02671,45,0.433408
4.886,4,0,nan,nan,nan,nan,0.3271,0.10472,0.14488,4.54614,5.73642,32,27,rc,4.886,1.79069e+09,-4.07183,45,0.433386
4.887,4,0,nan,nan,nan,nan,0.394775,0.179769,0.138489,4.54643,5.73642,32,27,rc,4.887,1.79069e+09,-4.06055,45,0.433378
4.888,4,0,nan,nan,nan,nan,0.394775,0.179769,0.12677,4.54643,5.73642,32,27,rc,4.888,1.79069e+09,-4.09438,45,0.43339
4.889,4,0,nan,nan,nan,nan,0.31582,0.193732,0.134227,4.54681,5.73642,32,27,rc,4.889,1.79069e+09,-4.08311,45,0.433362
4.89,4,0,nan,nan,nan,nan,0.31582,0.193732,0.14275,4.54681,5.73632,32,27,rc,4.89,1.79069e+09,-4.03799,45,0.433351
4.891,4,0,nan,nan,nan,nan,0.417334,0.13439,0.119313,4.5471,5.73632,32,27,rc,4.891,1.79069e+09,-4.07183,45,0.43333
4.892,4,0,nan,nan,nan,nan,0.417334,0.13439,0.116117,4.5471,5.73632,32,27,rc,4.892,1.79069e+09,-4.08311,45,0.43331
4.893,4,0,nan,nan,nan,nan,0.3271,0.102974,0.131032,4.54739,5.73632,32,27,rc,4.893,1.79069e+09,-4.09438,45,0.433298
4.894,4,0,nan,nan,nan,nan,0.3271,0.102974,0.128901,4.54739,5.73632,32,27,rc,4.894,1.79069e+09,-4.10566,45,0.433302
4.895,4,0,nan,nan,nan,nan,0.451172,0.0942478,0.122509,4.54749,5.73623,32,27,rc,4.895,1.79069e+09,-4.08311,45,0.433314
4.896,4,0,nan,nan,nan,nan,0.451172,0.0942478,0.109726,4.54749,5.73623,32,27,rc,4.896,1.79069e+09,-4.06055,45,0.433308
4.897,4,0,nan,nan,nan,nan,0.349658,0.139626,0.101203,4.54777,5.73623,32,27,rc,4.897,1.79069e+09,-4.06055,45,0.4333
4.898,4,0,nan,nan,nan,nan,0.349658,0.139626,0.103334,4.54777,5.73623,32,27,rc,4.898,1.79069e+09,-4.04927,45,0.433291
4.899,4,0,nan,nan,nan,nan,0.47373,0.132645,0.0980073,4.54806,5.73623,32,27,rc,4.899,1.79069e+09,-4.06055,45,0.433265
4.9,4,0,nan,nan,nan,nan,0.47373,0.132645,0.0990726,4.54806,5.73623,32,27,rc,4.9,1.79069e+09,-4.09438,45,0.433243
4.901,4,0,nan,nan,nan,nan,0.518848,0.143117,0.096942,4.54835,5.73623,32,27,rc,4.901,1.79069e+09,-4.10566,45,0.433213
4.902,4,0,nan,nan,nan,nan,0.518848,0.143117,0.119313,4.54835,5.73623,32,27,rc,4.902,1.79069e+09,-4.10566,45,0.433198
4.903,4,0,nan,nan,nan,nan,0.575244,0.1309,0.116117,4.54864,5.73623,32,27,rc,4.903,1.79069e+09,-4.09438,45,0.433185
4.904,4,0,nan,nan,nan,nan,0.575244,0.1309,0.0798973,4.54864,5.73623,32,27,rc,4.904,1.79069e+09,-4.10566,45,0.433172
4.905,4,0,nan,nan,nan,nan,0.417334,0.0890118,0.0926808,4.54883,5.73623,32,27,rc,4.905,1.79069e+09,-4.08311,45,0.433159
4.906,4,0,nan,nan,nan,nan,0.417334,0.0890118,0.104399,4.54883,5.73623,32,27,rc,4.906,1.79069e+09,-4.06055,45,0.433158
4.907,4,0,nan,nan,nan,nan,0.688037,0.0715585,0.0958767,4.54892,5.73623,32,27,rc,4.907,1.79069e+09,-4.09438,45,0.433173
4.908,4,0,nan,nan,nan,nan,0.688037,0.0715585,0.0884196,4.54892,5.73623,32,27,rc,4.908,1.79069e+09,-4.10566,45,0.433197
4.909,4,0,nan,nan,nan,nan,0.48501,0.139626,0.0905502,4.54921,5.73623,32,27,rc,4.909,1.79069e+09,-4.08311,45,0.433205
4.91,4,0,nan,nan,nan,nan,0.48501,0.139626,0.0873543,4.54921,5.73623,32,27,rc,4.91,1.79069e+09,-4.06055,45,0.433206
4.911,4,0,nan,nan,nan,nan,0.609082,0.0977384,0.0873543,4.5494,5.73623,32,27,rc,4.911,1.79069e+09,-4.06055,45,0.433212
4.912,4,0,nan,nan,nan,nan,0.609082,0.0977384,0.0884196,4.5494,5.73623,32,27,rc,4.912,1.79069e+09,-4.07183,45,0.433195
4.913,4,0,nan,nan,nan,nan,0.609082,0.0994838,0.0713749,4.5496,5.73623,32,27,rc,4.913,1.79069e+09,-4.06055,45,0.433185
4.914,4,0,nan,nan,nan,nan,0.609082,0.0994838,0.0884196,4.5496,5.73623,32,27,rc,4.914,1.79069e+09,-4.10566,45,0.433199
4.915,4,0,nan,nan,nan,nan,0.620361,0.0855211,0.0958767,4.54979,5.73623,32,27,rc,4.915,1.79069e+09,-4.07183,45,0.433191
4.916,4,0,nan,nan,nan,nan,0.620361,0.0855211,0.0862891,4.54979,5.73623,32,27,rc,4.916,1.79069e+09,-4.08311,45,0.433213
4.917,4,0,nan,nan,nan,nan,0.597803,0.0698132,0.0862891,4.54998,5.73623,32,27,rc,4.917,1.79069e+09,-4.08311,45,0.433221
4.918,4,0,nan,nan,nan,nan,0.597803,0.0698132,0.0617872,4.54998,5.73623,32,27,rc,4.918,1.79069e+09,-4.06055,45,0.433231
4.919,4,0,nan,nan,nan,nan,0.631641,0.0837758,0.0703096,4.55017,5.73623,32,27,rc,4.919,1.79069e+09,-4.09438,45,0.43322
4.92,4,0,nan,nan,nan,nan,0.631641,0.0837758,0.0713749,4.55017,5.73623,32,27,rc,4.92,1.79069e+09,-4.04927,45,0.433212
4.921,4,0,nan,nan,nan,nan,0.64292,0.0994838,0.0873543,4.55027,5.73623,32,27,rc,4.921,1.79069e+09,-4.06055,45,0.433185
4.922,4,0,nan,nan,nan,nan,0.64292,0.0994838,0.0894849,4.55027,5.73623,32,27,rc,4.922,1.79069e+09,-4.07183,45,0.433179
4.923,4,0,nan,nan,nan,nan,0.699316,0.143117,0.0841585,4.55055,5.73623,32,27,rc,4.923,1.79069e+09,-4.08311,45,0.433202
4.924,4,0,nan,nan,nan,nan,0.699316,0.143117,0.0862891,4.55055,5.73623,32,27,rc,4.924,1.79069e+09,-4.06055,45,0.433236
4.925,4,0,nan,nan,nan,nan,0.496289,0.0785398,0.0820279,4.55075,5.73623,32,27,rc,4.925,1.79069e+09,-4.03799,45,0.433234
4.926,4,0,nan,nan,nan,nan,0.496289,0.0785398,0.0820279,4.55075,5.73623,32,27,rc,4.926,1.79069e+09,-4.06055,45,0.433229
4.927,4,0,nan,nan,nan,nan,0.575244,0.00872665,0.0798973,4.55084,5.73623,32,27,rc,4.927,1.79069e+09,-4.09438,45,0.433231
4.928,4,0,nan,nan,nan,nan,0.575244,0.00872665,0.0894849,4.55084,5.73623,32,27,rc,4.928,1.79069e+09,-4.10566,45,0.433237
4.929,4,0,nan,nan,nan,nan,0.518848,0.00174533,0.102269,4.55084,5.73623,32,27,rc,4.929,1.79069e+09,-4.09438,45,0.433238
4.93,4,0,nan,nan,nan,nan,0.518848,0.00174533,0.0830932,4.55084,5.73623,32,27,rc,4.93,1.79069e+09,-4.07183,45,0.433239
4.931,4,0,nan,nan,nan,nan,0.428613,0.0802851,0.0735055,4.55094,5.73613,32,27,rc,4.931,1.79069e+09,-4.04927,45,0.433239
4.932,4,0,nan,nan,nan,nan,0.428613,0.0802851,0.0628525,4.55094,5.73613,32,27,rc,4.932,1.79069e+09,-4.07183,45,0.433231
4.933,4,0,nan,nan,nan,nan,0.451172,0.0942478,0.0596566,4.55113,5.73613,32,27,rc,4.933,1.79069e+09,-4.06055,45,0.43321
4.934,4,0,nan,nan,nan,nan,0.451172,0.0942478,0.0713749,4.55113,5.73613,32,27,rc,4.934,1.79069e+09,-4.07183,45,0.433193
4.935,4,0,nan,nan,nan,nan,0.518848,0.0907571,0.0692443,4.55132,5.73613,32,27,rc,4.935,1.79069e+09,-4.12822,45,0.433186
4.936,4,0,nan,nan,nan,nan,0.518848,0.0907571,0.0607219,4.55132,5.73613,32,27,rc,4.936,1.79069e+09,-4.03799,45,0.433203
4.937,4,0,nan,nan,nan,nan,0.563965,0.106465,0.0617872,4.55151,5.73613,32,27,rc,4.937,1.79069e+09,-4.08311,45,0.433213
4.938,4,0,nan,nan,nan,nan,0.563965,0.106465,0.0532648,4.55151,5.73613,32,27,rc,4.938,1.79069e+09,-4.03799,45,0.433198
4.939,4,0,nan,nan,nan,nan,0.654199,0.0575959,0.0468731,4.55161,5.73613,32,27,rc,4.939,1.79069e+09,-4.04927,45,0.433209
4.94,4,0,nan,nan,nan,nan,0.654199,0.0575959,0.050069,4.55161,5.73613,32,27,rc,4.94,1.79069e+09,-4.06055,45,0.433207
4.941,4,0,nan,nan,nan,nan,0.710596,0.0488692,0.0596566,4.5517,5.73613,32,27,rc,4.941,1.79069e+09,-4.07183,45,0.433185
4.942,4,0,nan,nan,nan,nan,0.710596,0.0488692,0.0884196,4.5517,5.73613,32,27,rc,4.942,1.79069e+09,-4.07183,45,0.433179
4.943,4,0,nan,nan,nan,nan,0.755713,0.0645772,0.0660484,4.5519,5.73613,32,27,rc,4.943,1.79069e+09,-4.09438,45,0.433194
4.944,4,0,nan,nan,nan,nan,0.755713,0.0645772,0.0468731,4.5519,5.73613,32,27,rc,4.944,1.79069e+09,-4.03799,45,0.433213
4.945,4,0,nan,nan,nan,nan,0.428613,0.0314159,0.0383507,4.55199,5.73613,32,27,rc,4.945,1.79069e+09,-4.02671,45,0.433236
4.946,4,0,nan,nan,nan,nan,0.428613,0.0314159,0.0447425,4.55199,5.73613,32,27,rc,4.946,1.79069e+09,-4.01543,45,0.433232
4.947,4,0,nan,nan,nan,nan,0.699316,0,0.0383507,4.55199,5.73613,32,27,rc,4.947,1.79069e+09,-3.98159,45,0.433231
4.948,4,0,nan,nan,nan,nan,0.699316,0,0.0447425,4.55199,5.73613,32,27,rc,4.948,1.79069e+09,-4.04927,45,0.433228
4.949,4,0,nan,nan,nan,nan,0.699316,0.0855211,0.028763,4.55209,5.73613,32,27,rc,4.949,1.79069e+09,-4.03799,45,0.433226
4.95,4,0,nan,nan,nan,nan,0.699316,0.0855211,0.0170448,4.55209,5.73613,32,27,rc,4.95,1.79069e+09,-4.01543,45,0.433228
4.951,4,0,nan,nan,nan,nan,0.721875,0.10472,0.0245018,4.55228,5.73613,32,27,rc,4.951,1.79069e+09,-4.00415,45,0.433231
4.952,4,0,nan,nan,nan,nan,0.721875,0.10472,0.0330242,4.55228,5.73613,32,27,rc,4.952,1.79069e+09,-3.99287,45,0.433234
4.953,4,0,nan,nan,nan,nan,0.947461,0.0837758,0.0436772,4.55247,5.73613,32,27,rc,4.953,1.79069e+09,-3.99287,45,0.433218
4.954,4,0,nan,nan,nan,nan,0.947461,0.0837758,0.0255671,4.55247,5.73613,32,27,rc,4.954,1.79069e+09,-3.99287,45,0.433182
4.955,4,0,nan,nan,nan,nan,0.913623,0.0890118,0.0415466,4.55266,5.73613,32,27,rc,4.955,1.79069e+09,-4.00415,45,0.433195
4.956,4,0,nan,nan,nan,nan,0.913623,0.0890118,0.0490037,4.55266,5.73623,32,27,rc,4.956,1.79069e+09,-4.02671,45,0.433229
4.957,4,0,nan,nan,nan,nan,0.97002,0.0331613,0.0596566,4.55276,5.73623,32,27,rc,4.957,1.79069e+09,-3.95903,45,0.433231
4.958,4,0,nan,nan,nan,nan,0.97002,0.0331613,0.0532648,4.55276,5.73623,32,27,rc,4.958,1.79069e+09,-3.90264,45,0.433243
4.959,4,0,nan,nan,nan,nan,0.789551,0.00698132,0.0458078,4.55276,5.73623,32,27,rc,4.959,1.79069e+09,-3.94775,45,0.433242
4.96,4,0,nan,nan,nan,nan,0.789551,0.00698132,0.0404813,4.55276,5.73623,32,27,rc,4.96,1.79069e+09,-3.8688,45,0.433232
4.961,4,0,nan,nan,nan,nan,0.699316,-0.00174533,0.0553954,4.55276,5.73623,32,27,rc,4.961,1.79069e+09,-3.94775,45,0.433219
4.962,4,0,nan,nan,nan,nan,0.699316,-0.00174533,0.0362201,4.55276,5.73623,32,27,rc,4.962,1.79069e+09,-3.91392,45,0.433189
4.963,4,0,nan,nan,nan,nan,0.721875,0,0.0404813,4.55276,5.73623,32,27,rc,4.963,1.79069e+09,-3.94775,45,0.433183
4.964,4,0,nan,nan,nan,nan,0.721875,0,0.0617872,4.55276,5.73623,32,27,rc,4.964,1.79069e+09,-3.91392,45,0.433183
4.965,4,0,nan,nan,nan,nan,0.744434,0.0837758,0.0543301,4.55295,5.73623,32,27,rc,4.965,1.79069e+09,-3.90264,45,0.433183
4.966,4,0,nan,nan,nan,nan,0.744434,0.0837758,0.0404813,4.55295,5.73623,32,27,rc,4.966,1.79069e+09,-3.88008,45,0.433176
4.967,4,0,nan,nan,nan,nan,0.552686,0.0575959,0.0490037,4.55305,5.73623,32,27,rc,4.967,1.79069e+09,-3.8688,45,0.433163
4.968,4,0,nan,nan,nan,nan,0.552686,0.0575959,0.0458078,4.55305,5.73623,32,27,rc,4.968,1.79069e+09,-3.85752,45,0.433184
4.969,4,0,nan,nan,nan,nan,0.688037,0,0.0330242,4.55305,5.73632,32,27,rc,4.969,1.79069e+09,-3.8688,45,0.433207
4.97,4,0,nan,nan,nan,nan,0.688037,0,0.0404813,4.55305,5.73632,32,27,rc,4.97,1.79069e+09,-3.8124,45,0.433199
4.971,4,0,nan,nan,nan,nan,0.620361,0.0383972,0.0404813,4.55314,5.73632,32,27,rc,4.971,1.79069e+09,-3.80112,45,0.433187
4.972,4,0,nan,nan,nan,nan,0.620361,0.0383972,0.0543301,4.55314,5.73642,32,27,rc,4.972,1.79069e+09,-3.8124,45,0.433197
4.973,4,0,nan,nan,nan,nan,0.586523,0.0575959,0.050069,4.55324,5.73642,32,27,rc,4.973,1.79069e+09,-3.77856,45,0.433203
4.974,4,0,nan,nan,nan,nan,0.586523,0.0575959,0.0458078,4.55324,5.73642,32,27,rc,4.974,1.79069e+09,-3.75601,45,0.433209
4.975,4,0,nan,nan,nan,nan,0.552686,0.0488692,0.0383507,4.55333,5.73642,32,27,rc,4.975,1.79069e+09,-3.74473,45,0.433196
4.976,4,0,nan,nan,nan,nan,0.552686,0.0488692,0.0383507,4.55333,5.73651,32,27,rc,4.976,1.79069e+09,-3.73345,45,0.43318
4.977,4,0,nan,nan,nan,nan,0.586523,0.0174533,0.0426119,4.55333,5.73651,32,27,rc,4.977,1.79069e+09,-3.75601,45,0.433178
4.978,4,0,nan,nan,nan,nan,0.586523,0.0174533,0.050069,4.55333,5.73651,32,27,rc,4.978,1.79069e+09,-3.72217,45,0.433203
4.979,4,0,nan,nan,nan,nan,0.64292,0.0383972,0.0564607,4.55343,5.73651,32,27,rc,4.979,1.79069e+09,-3.72217,45,0.433203
4.98,4,0,nan,nan,nan,nan,0.64292,0.0383972,0.0447425,4.55343,5.73651,32,27,rc,4.98,1.79069e+09,-3.67705,45,0.433197
4.981,4,0,nan,nan,nan,nan,0.530127,0.0506145,0.0362201,4.55353,5.73651,32,27,rc,4.981,1.79069e+09,-3.67705,45,0.433188
4.982,4,0,nan,nan,nan,nan,0.530127,0.0506145,0.0298283,4.55353,5.73651,32,27,rc,4.982,1.79069e+09,-3.69961,45,0.433181
4.983,4,0,nan,nan,nan,nan,0.586523,0.0174533,0.0362201,4.55353,5.73651,32,27,rc,4.983,1.79069e+09,-3.69961,45,0.433188
4.984,4,0,nan,nan,nan,nan,0.586523,0.0174533,0.0223712,4.55353,5.73651,32,27,rc,4.984,1.79069e+09,-3.49658,45,0.433185
4.985,4,0,nan,nan,nan,nan,0.688037,0.020944,0.00852238,4.55362,5.73661,32,27,rc,4.985,1.79069e+09,-3.63193,45,0.43318
4.986,4,0,nan,nan,nan,nan,0.688037,0.020944,0.039416,4.55362,5.73661,32,27,rc,4.986,1.79069e+09,-3.64321,45,0.433195
4.987,4,0,nan,nan,nan,nan,0.654199,0.0645772,0.0340895,4.55372,5.73661,32,27,rc,4.987,1.79069e+09,-3.60938,45,0.433202
4.988,4,0,nan,nan,nan,nan,0.654199,0.0645772,0.0319589,4.55372,5.73661,32,27,rc,4.988,1.79069e+09,-3.5981,45,0.433183
4.989,4,0,nan,nan,nan,nan,0.563965,0.0610865,0.0149142,4.55381,5.7367,32,27,rc,4.989,1.79069e+09,-3.56426,45,0.433155
4.99,4,0,nan,nan,nan,nan,0.563965,0.0610865,0.0149142,4.55381,5.7368,32,27,rc,4.99,1.79069e+09,-3.63193,45,0.433145
4.991,4,0,nan,nan,nan,nan,0.609082,0.00872665,0.00958767,4.55381,5.7368,32,27,rc,4.991,1.79069e+09,-3.55298,45,0.433134
4.992,4,0,nan,nan,nan,nan,0.609082,0.00872665,0.0330242,4.55381,5.7368,32,27,rc,4.992,1.79069e+09,-3.53042,45,0.433146
4.993,4,0,nan,nan,nan,nan,0.733154,0,0.0298283,4.55381,5.7369,32,27,rc,4.993,1.79069e+09,-3.49658,45,0.433133
4.994,4,0,nan,nan,nan,nan,0.733154,0,0.0266324,4.55381,5.7369,32,27,rc,4.994,1.79069e+09,-3.45146,45,0.433119
4.995,4,0,nan,nan,nan,nan,0.609082,0.0541052,0.00639178,4.55391,5.7369,32,27,rc,4.995,1.79069e+09,-3.51914,45,0.433097
4.996,4,0,nan,nan,nan,nan,0.609082,0.0541052,-0.00319589,4.55391,5.73699,32,27,rc,4.996,1.79069e+09,-3.49658,45,0.433067
4.997,4,0,nan,nan,nan,nan,0.64292,0.00349066,0.00745708,4.55401,5.73709,32,27,rc,4.997,1.79069e+09,-3.50786,45,0.433059
4.998,4,0,nan,nan,nan,nan,0.64292,0.00349066,0.01811,4.55401,5.73709,32,27,rc,4.998,1.79069e+09,-3.4853,45,0.433063
4.999,4,0,nan,nan,nan,nan,0.891064,0.0279253,0.0255671,4.55401,5.73709,32,27,rc,4.999,1.79069e+09,-3.40635,45,0.433032
5,4,0,nan,nan,nan,nan,0.891064,0.0279253,0.0447425,4.55401,5.73718,32,27,rc,5,1.79069e+09,-3.25972,45,0.432992
5.001,4,0,nan,nan,nan,nan,0.755713,0.0802851,0.0266324,4.5542,5.73728,32,27,rc,5.001,1.79069e+09,-3.30483,45,0.432971
5.002,4,0,nan,nan,nan,nan,0.755713,0.0802851,0.00426119,4.5542,5.73728,32,27,rc,5.002,1.79069e+09,-3.40635,45,0.432947
5.003,4,0,nan,nan,nan,nan,0.64292,0.00174533,0.010653,4.5542,5.73738,32,27,rc,5.003,1.79069e+09,-3.38379,45,0.43292
5.004,4,0,nan,nan,nan,nan,0.64292,0.00174533,0.0170448,4.5542,5.73747,32,27,rc,5.004,1.79069e+09,-3.38379,45,0.432865
5.005,4,0,nan,nan,nan,nan,0.812109,-0.0349066,0.0159795,4.5542,5.73757,32,27,rc,5.005,1.79069e+09,-3.20332,45,0.432831
5.006,4,0,nan,nan,nan,nan,0.812109,-0.0349066,0.0255671,4.5542,5.73757,32,27,rc,5.006,1.79069e+09,-3.32739,45,0.432802
5.007,4,0,nan,nan,nan,nan,0.733154,0.0663225,0.0415466,4.55429,5.73766,32,27,rc,5.007,1.79069e+09,-3.14692,45,0.432759
5.008,4,0,nan,nan,nan,nan,0.733154,0.0663225,0.0362201,4.55429,5.73776,32,27,rc,5.008,1.79069e+09,-3.13564,45,0.432707
5.009,4,0,nan,nan,nan,nan,0.744434,0.0453786,0.0223712,4.55439,5.73786,32,27,rc,5.009,1.79069e+09,-3.12437,45,0.432662
5.01,4,0,nan,nan,nan,nan,0.744434,0.0453786,0.01811,4.55439,5.73805,32,27,rc,5.01,1.79069e+09,-3.14692,45,0.432606
5.011,4,0,nan,nan,nan,nan,0.676758,0,0.0223712,4.55439,5.73814,32,27,rc,5.011,1.79069e+09,-3.10181,45,0.432549
5.012,4,0,nan,nan,nan,nan,0.676758,0,0.0191753,4.55439,5.73824,32,27,rc,5.012,1.79069e+09,-3.25972,45,0.43248
5.013,4,0,nan,nan,nan,nan,0.778271,-0.0122173,0.0010653,4.55429,5.73843,32,27,rc,5.013,1.79069e+09,-3.09053,45,0.432422
5.014,4,0,nan,nan,nan,nan,0.778271,-0.0122173,0.0191753,4.55429,5.73853,32,27,rc,5.014,1.79069e+09,-3.09053,45,0.432362
5.015,4,0,nan,nan,nan,nan,0.766992,0.0558505,0.0330242,4.55439,5.73872,32,27,rc,5.015,1.79069e+09,-3.05669,45,0.432265
5.016,4,0,nan,nan,nan,nan,0.766992,0.0558505,0.0479384,4.55439,5.73881,32,27,rc,5.016,1.79069e+09,-3.18076,45,0.432165
5.017,4,0,nan,nan,nan,nan,0.778271,0.0418879,0.028763,4.55448,5.73901,32,27,rc,5.017,1.79069e+09,-3.06797,45,0.432105
5.018,4,0,nan,nan,nan,nan,0.778271,0.0418879,0.0308936,4.55448,5.7391,32,27,rc,5.018,1.79069e+09,-3.03413,45,0.432037
5.019,4,0,nan,nan,nan,nan,0.575244,0.00349066,0.0159795,4.55448,5.73929,32,27,rc,5.019,1.79069e+09,-2.96646,45,0.431921
5.02,4,0,nan,nan,nan,nan,0.575244,0.00349066,0.0276977,4.55448,5.73948,32,27,rc,5.02,1.79069e+09,-2.96646,45,0.431825
5.021,4,0,nan,nan,nan,nan,0.530127,-0.0418879,0.0149142,4.55448,5.73968,32,27,rc,5.021,1.79069e+09,-2.97773,45,0.431721
5.022,4,0,nan,nan,nan,nan,0.530127,-0.0418879,0.00745708,4.55448,5.73987,32,27,rc,5.022,1.79069e+09,-2.95518,45,0.431587
5.023,4,0,nan,nan,nan,nan,0.631641,0.00174533,0.0213059,4.55448,5.74006,32,27,rc,5.023,1.79069e+09,-2.93262,45,0.431456
5.024,4,0,nan,nan,nan,nan,0.631641,0.00174533,0.0234365,4.55448,5.74025,32,27,rc,5.024,1.79069e+09,-2.93262,45,0.431329
5.025,4,0,nan,nan,nan,nan,0.710596,0.0575959,0.00745708,4.55458,5.74044,32,27,rc,5.025,1.79069e+09,-2.8875,45,0.4312
5.026,4,0,nan,nan,nan,nan,0.710596,0.0575959,0.01811,4.55458,5.74073,32,27,rc,5.026,1.79069e+09,-2.85366,45,0.431076
5.027,4,0,nan,nan,nan,nan,0.699316,0.0471239,0.0170448,4.55468,5.74092,32,27,rc,5.027,1.79069e+09,-2.84238,45,0.430916
5.028,4,0,nan,nan,nan,nan,0.699316,0.0471239,0.0202406,4.55468,5.74121,32,27,rc,5.028,1.79069e+09,-2.79727,45,0.430738
5.029,4,0,nan,nan,nan,nan,0.766992,0,-0.00639178,4.55477,5.7414,32,27,rc,5.029,1.79069e+09,-2.9439,45,0.43055
5.03,4,0,nan,nan,nan,nan,0.766992,0,0.0159795,4.55477,5.74169,32,27,rc,5.03,1.79069e+09,-2.91006,45,0.430381
5.031,4,0,nan,nan,nan,nan,0.64292,0,0.0255671,4.55477,5.74207,32,27,rc,5.031,1.79069e+09,-2.80854,45,0.430202
5.032,4,0,nan,nan,nan,nan,0.64292,0,0.0127836,4.55477,5.74236,32,27,rc,5.032,1.79069e+09,-2.8875,45,0.430021
5.033,4,0,nan,nan,nan,nan,0.676758,0.00174533,0.00319589,4.55477,5.74274,32,27,rc,5.033,1.79069e+09,-2.75215,45,0.429834
5.034,4,0,nan,nan,nan,nan,0.676758,0.00174533,0.00639178,4.55477,5.74313,32,27,rc,5.034,1.79069e+09,-2.74087,45,0.429608
5.035,4,0,nan,nan,nan,nan,0.710596,0.0366519,-0.0010653,4.55477,5.74351,32,27,rc,5.035,1.79069e+09,-2.74087,45,0.429393
5.036,4,0,nan,nan,nan,nan,0.710596,0.0366519,-0.00532648,4.55477,5.7438,32,27,rc,5.036,1.79069e+09,-2.75215,45,0.42914
5.037,4,0,nan,nan,nan,nan,0.834668,0.0366519,-0.00852238,4.55487,5.74418,32,27,rc,5.037,1.79069e+09,-2.77471,45,0.428895
5.038,4,0,nan,nan,nan,nan,0.834668,0.0366519,-0.00426119,4.55487,5.74457,32,27,rc,5.038,1.79069e+09,-2.76343,45,0.428628
5.039,4,0,nan,nan,nan,nan,0.879785,0.0401426,0.0149142,4.55496,5.74485,32,27,rc,5.039,1.79069e+09,-2.75215,45,0.428338
5.04,4,0,nan,nan,nan,nan,0.879785,0.0401426,0.0127836,4.55496,5.74524,32,27,rc,5.04,1.79069e+09,-2.75215,45,0.428056
5.041,4,0,nan,nan,nan,nan,0.891064,0.0541052,0.028763,4.55506,5.74553,32,27,rc,5.041,1.79069e+09,-2.76343,45,0.427732
5.042,4,0,nan,nan,nan,nan,0.891064,0.0541052,0.0245018,4.55506,5.74572,32,27,rc,5.042,1.79069e+09,-2.81982,45,0.427427
5.043,4,0,nan,nan,nan,nan,0.789551,0.015708,0.0127836,4.55516,5.746,32,27,rc,5.043,1.79069e+09,-2.78599,45,0.427085
5.044,4,0,nan,nan,nan,nan,0.789551,0.015708,0.00213059,4.55516,5.74629,32,27,rc,5.044,1.79069e+09,-2.78599,45,0.426735
5.045,4,0,nan,nan,nan,nan,0.665479,-0.0122173,0.0149142,4.55506,5.74658,32,27,rc,5.045,1.79069e+09,-2.80854,45,0.426418
5.046,4,0,nan,nan,nan,nan,0.665479,-0.0122173,0.00319589,4.55506,5.74687,32,27,rc,5.046,1.79069e+09,-2.8311,45,0.426074
5.047,4,0,nan,nan,nan,nan,0.80083,-0.00523599,0.0202406,4.55506,5.74715,32,27,rc,5.047,1.79069e+09,-2.81982,45,0.425714
5.048,4,0,nan,nan,nan,nan,0.80083,-0.00523599,0.0426119,4.55506,5.74744,32,27,rc,5.048,1.79069e+09,-2.81982,45,0.425313
5.049,4,0,nan,nan,nan,nan,0.778271,0.0610865,0.0340895,4.55516,5.74773,32,27,rc,5.049,1.79069e+09,-2.84238,45,0.424881
5.05,4,0,nan,nan,nan,nan,0.778271,0.0610865,0.0404813,4.55516,5.74811,32,27,rc,5.05,1.79069e+09,-2.87622,45,0.424472
5.051,4,0,nan,nan,nan,nan,0.507568,0.0139626,0.0170448,4.55516,5.7485,32,27,rc,5.051,1.79069e+09,-2.85366,45,0.424032
5.052,4,0,nan,nan,nan,nan,0.507568,0.0139626,0.0191753,4.55516,5.74898,32,27,rc,5.052,1.79069e+09,-2.84238,45,0.423604
5.053,4,0,nan,nan,nan,nan,0.507568,-0.0698132,0.0127836,4.55506,5.74936,32,27,rc,5.053,1.79069e+09,-2.81982,45,0.423187
5.054,4,0,nan,nan,nan,nan,0.507568,-0.0698132,0.0010653,4.55506,5.74994,32,27,rc,5.054,1.79069e+09,-2.8311,45,0.422725
5.055,4,0,nan,nan,nan,nan,0.609082,-0.00872665,0.0149142,4.55506,5.75041,32,27,rc,5.055,1.79069e+09,-2.79727,45,0.422296
5.056,4,0,nan,nan,nan,nan,0.609082,-0.00872665,0.0276977,4.55506,5.75099,32,27,rc,5.056,1.79069e+09,-2.76343,45,0.421821
5.057,4,0,nan,nan,nan,nan,0.766992,0.0994838,0.0117183,4.55516,5.75147,32,27,rc,5.057,1.79069e+09,-2.8311,45,0.421334
5.058,4,0,nan,nan,nan,nan,0.766992,0.0994838,0.0213059,4.55516,5.75204,32,27,rc,5.058,1.79069e+09,-2.86494,45,0.420854
5.059,4,0,nan,nan,nan,nan,0.631641,0.0628319,0.0213059,4.55535,5.75262,32,27,rc,5.059,1.79069e+09,-2.72959,45,0.42034
5.06,4,0,nan,nan,nan,nan,0.631641,0.0628319,0.0255671,4.55535,5.7531,32,27,rc,5.06,1.79069e+09,-2.80854,45,0.419862
5.061,4,0,nan,nan,nan,nan,0.597803,-0.0331613,0.0170448,4.55535,5.75358,32,27,rc,5.061,1.79069e+09,-2.85366,45,0.419365
5.062,4,0,nan,nan,nan,nan,0.597803,-0.0331613,0.0245018,4.55535,5.75406,32,27,rc,5.062,1.79069e+09,-2.86494,45,0.418873
5.063,4,0,nan,nan,nan,nan,0.530127,-0.0122173,0.00532648,4.55525,5.75454,32,27,rc,5.063,1.79069e+09,-2.86494,45,0.418384
5.064,4,0,nan,nan,nan,nan,0.530127,-0.0122173,0.0191753,4.55525,5.75502,32,27,rc,5.064,1.79069e+09,-2.8875,45,0.417848
5.065,4,0,nan,nan,nan,nan,0.507568,0,0.0191753,4.55525,5.7555,32,27,rc,5.065,1.79069e+09,-2.87622,45,0.417361
5.066,4,0,nan,nan,nan,nan,0.507568,0,0.0276977,4.55525,5.75607,32,27,rc,5.066,1.79069e+09,-2.84238,45,0.41683
5.067,4,0,nan,nan,nan,nan,0.609082,0.0261799,0.0170448,4.55535,5.75665,32,27,rc,5.067,1.79069e+09,-2.8311,45,0.416297
5.068,4,0,nan,nan,nan,nan,0.609082,0.0261799,0.0308936,4.55535,5.75722,32,27,rc,5.068,1.79069e+09,-2.85366,45,0.415767
5.069,4,0,nan,nan,nan,nan,0.563965,0.00872665,0.0351548,4.55535,5.75799,32,27,rc,5.069,1.79069e+09,-2.85366,45,0.415172
5.07,4,0,nan,nan,nan,nan,0.563965,0.00872665,0.0127836,4.55535,5.75866,32,27,rc,5.07,1.79069e+09,-2.80854,45,0.414606
5.071,4,0,nan,nan,nan,nan,0.518848,0,-0.00639178,4.55535,5.75943,33,27,rc,5.071,1.79069e+09,-2.71831,45,0.414028
5.072,4,0,nan,nan,nan,nan,0.518848,0,3.56159e-17,4.55535,5.76019,33,27,rc,5.072,1.79069e+09,-2.86494,45,0.413441
5.073,4,0,nan,nan,nan,nan,0.620361,0,-0.00426119,4.55535,5.76086,33,27,rc,5.073,1.79069e+09,-2.8311,45,0.412833
5.074,4,0,nan,nan,nan,nan,0.620361,0,0.0191753,4.55535,5.76154,33,27,rc,5.074,1.79069e+09,-2.77471,45,0.412216
5.075,4,0,nan,nan,nan,nan,0.755713,0.0645772,0.0372854,4.55544,5.76221,33,27,rc,5.075,1.79069e+09,-2.84238,45,0.411628
5.076,4,0,nan,nan,nan,nan,0.755713,0.0645772,0.00532648,4.55544,5.76278,33,27,rc,5.076,1.79069e+09,-2.8311,45,0.411006
5.077,4,0,nan,nan,nan,nan,0.665479,0.0244346,-0.0223712,4.55554,5.76345,32,27,rc,5.077,1.79069e+09,-2.78599,45,0.410382
5.078,4,0,nan,nan,nan,nan,0.665479,0.0244346,0.0159795,4.55554,5.76403,32,27,rc,5.078,1.79069e+09,-2.78599,45,0.409758
5.079,4,0,nan,nan,nan,nan,0.766992,0,0.0213059,4.55554,5.7647,33,27,rc,5.079,1.79069e+09,-2.79727,45,0.409088
5.08,4,0,nan,nan,nan,nan,0.766992,0,0.0010653,4.55554,5.76528,33,27,rc,5.08,1.79069e+09,-2.74087,45,0.408484
5.081,4,0,nan,nan,nan,nan,0.688037,0,0.0138489,4.55544,5.76595,33,27,rc,5.081,1.79069e+09,-2.71831,45,0.407826
5.082,4,0,nan,nan,nan,nan,0.688037,0,0.01811,4.55544,5.76662,33,27,rc,5.082,1.79069e+09,-2.74087,45,0.407143
5.083,4,0,nan,nan,nan,nan,0.755713,0,0.0245018,4.55544,5.76729,33,27,rc,5.083,1.79069e+09,-2.81982,45,0.406463
5.084,4,0,nan,nan,nan,nan,0.755713,0,0.010653,4.55544,5.76796,33,27,rc,5.084,1.79069e+09,-2.84238,45,0.405729
5.085,4,0,nan,nan,nan,nan,0.654199,0.00872665,0.00532648,4.55554,5.76863,33,27,rc,5.085,1.79069e+09,-2.84238,45,0.405069
5.086,4,0,nan,nan,nan,nan,0.654199,0.00872665,0.010653,4.55554,5.76921,33,27,rc,5.086,1.79069e+09,-2.86494,45,0.404371
5.087,4,0,nan,nan,nan,nan,0.699316,0,0.0245018,4.55554,5.76978,33,27,rc,5.087,1.79069e+09,-2.87622,45,0.403655
5.088,4,0,nan,nan,nan,nan,0.699316,0,0.00639178,4.55554,5.77036,33,27,rc,5.088,1.79069e+09,-2.86494,45,0.402951
5.089,4,0,nan,nan,nan,nan,0.699316,0,-0.00532648,4.55544,5.77093,33,27,rc,5.089,1.79069e+09,-2.8311,45,0.402218
5.09,4,0,nan,nan,nan,nan,0.699316,0,0.0362201,4.55544,5.77151,33,27,rc,5.09,1.79069e+09,-2.80854,45,0.401527
5.091,4,0,nan,nan,nan,nan,0.631641,0,0.0213059,4.55544,5.77218,33,27,rc,5.091,1.79069e+09,-2.79727,45,0.400791
5.092,4,0,nan,nan,nan,nan,0.631641,0,0.00745708,4.55544,5.77285,33,27,rc,5.092,1.79069e+09,-2.84238,45,0.400059
5.093,4,0,nan,nan,nan,nan,0.507568,0,0.00532648,4.55554,5.77362,33,27,rc,5.093,1.79069e+09,-2.81982,45,0.399294
5.094,4,0,nan,nan,nan,nan,0.507568,0,-0.00213059,4.55554,5.77438,33,27,rc,5.094,1.79069e+09,-2.84238,45,0.398473
5.095,4,0,nan,nan,nan,nan,0.665479,-0.0191986,-0.00745708,4.55544,5.77515,33,27,rc,5.095,1.79069e+09,-2.8311,45,0.397732
5.096,4,0,nan,nan,nan,nan,0.665479,-0.0191986,0.00852238,4.55544,5.77592,33,27,rc,5.096,1.79069e+09,-2.8311,45,0.396933
5.097,4,0,nan,nan,nan,nan,0.688037,0.0279253,-0.010653,4.55544,5.77668,33,27,rc,5.097,1.79069e+09,-3.03413,45,0.396137
5.098,4,0,nan,nan,nan,nan,0.688037,0.0279253,-0.0010653,4.55544,5.77736,33,27,rc,5.098,1.79069e+09,-2.91006,45,0.395353
5.099,4,0,nan,nan,nan,nan,0.699316,0.0401426,0.0298283,4.55554,5.77803,33,27,rc,5.099,1.79069e+09,-2.8875,45,0.394561
5.1,4,0,nan,nan,nan,nan,0.699316,0.0401426,0.0159795,4.55554,5.7787,33,27,rc,5.1,1.79069e+09,-2.80854,45,0.393829
5.101,4,0,nan,nan,nan,nan,0.789551,0,-0.00852238,4.55554,5.77937,33,27,rc,5.101,1.79069e+09,-2.9439,45,0.393083
5.102,4,0,nan,nan,nan,nan,0.789551,0,0.00426119,4.55554,5.78014,33,27,rc,5.102,1.79069e+09,-3.01157,45,0.392332
5.103,4,0,nan,nan,nan,nan,0.665479,0,-0.00852238,4.55554,5.7809,33,27,rc,5.103,1.79069e+09,-2.84238,45,0.391597
5.104,4,0,nan,nan,nan,nan,0.665479,0,-0.01811,4.55554,5.78177,33,27,rc,5.104,1.79069e+09,-2.85366,45,0.390807
5.105,4,0,nan,nan,nan,nan,0.744434,-0.00872665,0.0266324,4.55554,5.78253,33,27,rc,5.105,1.79069e+09,-2.89878,45,0.390081
5.106,4,0,nan,nan,nan,nan,0.744434,-0.00872665,0.0266324,4.55554,5.7834,33,27,rc,5.106,1.79069e+09,-2.9439,45,0.389307
5.107,4,0,nan,nan,nan,nan,0.924902,0.020944,0.0276977,4.55554,5.78426,33,27,rc,5.107,1.79069e+09,-2.9439,45,0.388115
5.108,4,0,nan,nan,nan,nan,0.924902,0.020944,0.0234365,4.55554,5.78512,33,27,rc,5.108,1.79069e+09,-2.93262,45,0.38771
5.109,4,0,nan,nan,nan,nan,0.597803,0.0296706,-0.010653,4.55564,5.78589,33,27,rc,5.109,1.79069e+09,-2.92134,45,0.386525
5.11,4,0,nan,nan,nan,nan,0.597803,0.0296706,0.00426119,4.55564,5.78675,33,27,rc,5.11,1.79069e+09,-2.8875,45,0.386122
5.111,4,0,nan,nan,nan,nan,0.586523,-0.0785398,0.00639178,4.55554,5.78752,33,27,rc,5.111,1.79069e+09,-2.89878,45,0.38531
5.112,4,0,nan,nan,nan,nan,0.586523,-0.0785398,0.0127836,4.55554,5.78838,33,27,rc,5.112,1.79069e+09,-2.98901,45,0.384507
5.113,4,0,nan,nan,nan,nan,0.688037,-0.0122173,0.00319589,4.55554,5.78924,33,27,rc,5.113,1.79069e+09,-2.96646,45,0.383334
5.114,4,0,nan,nan,nan,nan,0.688037,-0.0122173,-0.00426119,4.55554,5.79011,33,27,rc,5.114,1.79069e+09,-3.04541,45,0.382564
5.115,4,0,nan,nan,nan,nan,0.631641,0.0698132,0.00213059,4.55564,5.79087,33,27,rc,5.115,1.79069e+09,-3.00029,45,0.382164
5.116,4,0,nan,nan,nan,nan,0.631641,0.0698132,0.00213059,4.55564,5.79164,33,27,rc,5.116,1.79069e+09,-3.04541,45,0.381352
5.117,4,0,nan,nan,nan,nan,0.789551,0.0244346,0.00213059,4.55564,5.79241,33,27,rc,5.117,1.79069e+09,-3.07925,45,0.380538
5.118,4,0,nan,nan,nan,nan,0.789551,0.0244346,-0.00745708,4.55564,5.79308,33,27,rc,5.118,1.79069e+09,-3.04541,45,0.37932
5.119,4,0,nan,nan,nan,nan,0.755713,0,0.00532648,4.55564,5.79375,33,27,rc,5.119,1.79069e+09,-3.00029,45,0.378524
5.12,4,0,nan,nan,nan,nan,0.755713,0,0.00958767,4.55564,5.79452,33,27,rc,5.12,1.79069e+09,-3.01157,45,0.378132
5.121,4,0,nan,nan,nan,nan,0.857227,0,0.0138489,4.55564,5.79519,33,27,rc,5.121,1.79069e+09,-3.01157,45,0.377345
5.122,4,0,nan,nan,nan,nan,0.857227,0,0.0319589,4.55564,5.79595,33,27,rc,5.122,1.79069e+09,-3.01157,45,0.376557
5.123,4,0,nan,nan,nan,nan,0.699316,0,0.0170448,4.55564,5.79672,33,27,rc,5.123,1.79069e+09,-3.04541,45,0.375376
5.124,4,0,nan,nan,nan,nan,0.699316,0,0.0170448,4.55564,5.79749,33,27,rc,5.124,1.79069e+09,-3.02285,45,0.374928
5.125,4,0,nan,nan,nan,nan,0.530127,-0.00349066,0.0149142,4.55564,5.79826,33,27,rc,5.125,1.79069e+09,-3.13564,45,0.374174
5.126,4,0,nan,nan,nan,nan,0.530127,-0.00349066,0.0127836,4.55564,5.79893,33,27,rc,5.126,1.79069e+09,-3.12437,45,0.373394
5.127,4,0,nan,nan,nan,nan,0.563965,-0.0279253,0.00958767,4.55554,5.7996,33,27,rc,5.127,1.79069e+09,-3.11309,45,0.372224
5.128,4,0,nan,nan,nan,nan,0.563965,-0.0279253,0.00958767,4.55554,5.80036,33,27,rc,5.128,1.79069e+09,-3.07925,45,0.371823
5.129,4,0,nan,nan,nan,nan,0.575244,0.010472,0.00213059,4.55564,5.80104,33,27,rc,5.129,1.79069e+09,-3.01157,45,0.370622
5.13,4,0,nan,nan,nan,nan,0.575244,0.010472,-0.00319589,4.55564,5.8018,33,27,rc,5.13,1.79069e+09,-3.01157,45,0.369847
5.131,4,0,nan,nan,nan,nan,0.64292,0.0383972,-0.0117183,4.55573,5.80257,33,27,rc,5.131,1.79069e+09,-3.01157,45,0.36944
5.132,4,0,nan,nan,nan,nan,0.64292,0.0383972,0.0202406,4.55573,5.80343,33,27,rc,5.132,1.79069e+09,-3.03413,45,0.368239
5.133,4,0,nan,nan,nan,nan,0.755713,0.00872665,0.010653,4.55573,5.8042,33,27,rc,5.133,1.79069e+09,-3.04541,45,0.367428
5.134,4,0,nan,nan,nan,nan,0.755713,0.00872665,0.00745708,4.55573,5.80506,33,27,rc,5.134,1.79069e+09,-3.05669,45,0.366623
5.135,4,0,nan,nan,nan,nan,0.597803,0,0.01811,4.55573,5.80583,33,27,rc,5.135,1.79069e+09,-3.09053,45,0.365837
5.136,4,0,nan,nan,nan,nan,0.597803,0,0.0138489,4.55573,5.8066,33,27,rc,5.136,1.79069e+09,-3.13564,45,0.365441
5.137,4,0,nan,nan,nan,nan,0.654199,-0.00872665,0.0149142,4.55573,5.80736,33,27,rc,5.137,1.79069e+09,-3.09053,45,0.36428
5.138,4,0,nan,nan,nan,nan,0.654199,-0.00872665,4.68356e-17,4.55573,5.80803,33,27,rc,5.138,1.79069e+09,-3.05669,45,0.363529
5.139,4,0,nan,nan,nan,nan,0.597803,0,4.73574e-17,4.55573,5.8088,33,27,rc,5.139,1.79069e+09,-3.04541,45,0.362775
5.14,4,0,nan,nan,nan,nan,0.597803,0,-0.00852238,4.55573,5.80957,33,27,rc,5.14,1.79069e+09,-3.04541,45,0.362041
5.141,4,0,nan,nan,nan,nan,0.710596,0.00872665,-0.00745708,4.55573,5.81034,33,27,rc,5.141,1.79069e+09,-3.06797,45,0.361689
5.142,4,0,nan,nan,nan,nan,0.710596,0.00872665,0.0276977,4.55573,5.8112,33,27,rc,5.142,1.79069e+09,-3.02285,45,0.360576
5.143,4,0,nan,nan,nan,nan,0.812109,0.0279253,4.49439e-17,4.55573,5.81206,33,27,rc,5.143,1.79069e+09,-3.01157,45,0.359815
5.144,4,0,nan,nan,nan,nan,0.812109,0.0279253,-0.00532648,4.55573,5.81283,33,27,rc,5.144,1.79069e+09,-3.07925,45,0.359054
5.145,4,0,nan,nan,nan,nan,0.563965,0.00174533,-0.0159795,4.55583,5.81369,33,27,rc,5.145,1.79069e+09,-3.06797,45,0.358277
5.146,4,0,nan,nan,nan,nan,0.563965,0.00174533,-0.0191753,4.55583,5.81446,33,27,rc,5.146,1.79069e+09,-3.11309,45,0.357879
5.147,4,0,nan,nan,nan,nan,0.766992,-0.0314159,0.00745708,4.55573,5.81513,33,27,rc,5.147,1.79069e+09,-3.11309,45,0.35671
5.148,4,0,nan,nan,nan,nan,0.766992,-0.0314159,-0.010653,4.55573,5.8159,33,27,rc,5.148,1.79069e+09,-3.05669,45,0.35596
5.149,4,0,nan,nan,nan,nan,0.879785,0.0401426,-0.0138489,4.55583,5.81657,33,27,rc,5.149,1.79069e+09,-3.03413,45,0.355242
5.15,4,0,nan,nan,nan,nan,0.879785,0.0401426,-0.0213059,4.55583,5.81724,33,27,rc,5.15,1.79069e+09,-3.01157,45,0.354512
5.151,4,0,nan,nan,nan,nan,0.879785,0.0558505,-0.0202406,4.55592,5.81801,33,27,rc,5.151,1.79069e+09,-3.02285,45,0.354146
5.152,4,0,nan,nan,nan,nan,0.879785,0.0558505,0.010653,4.55592,5.81868,33,27,rc,5.152,1.79069e+09,-3.04541,45,0.35304
5.153,4,0,nan,nan,nan,nan,1.00386,0,0.0170448,4.55592,5.81944,33,27,rc,5.153,1.79069e+09,-3.07925,45,0.352297
5.154,4,0,nan,nan,nan,nan,1.00386,0,0.0234365,4.55592,5.82021,33,27,rc,5.154,1.79069e+09,-3.11309,45,0.351554
5.155,4,0,nan,nan,nan,nan,0.744434,0,0.00639178,4.55592,5.82098,33,27,rc,5.155,1.79069e+09,-3.11309,45,0.350841
5.156,4,0,nan,nan,nan,nan,0.744434,0,0.01811,4.55592,5.82165,33,27,rc,5.156,1.79069e+09,-3.12437,45,0.350074
5.157,4,0,nan,nan,nan,nan,0.597803,-0.0541052,0.0138489,4.55583,5.82222,33,27,rc,5.157,1.79069e+09,-3.10181,45,0.349361
5.158,4,0,nan,nan,nan,nan,0.597803,-0.0541052,-0.00426119,4.55583,5.8229,33,27,rc,5.158,1.79069e+09,-3.12437,45,0.348637
5.159,4,0,nan,nan,nan,nan,0.552686,-0.0226893,0.01811,4.55573,5.82357,33,27,rc,5.159,1.79069e+09,-3.07925,45,0.347978
5.16,4,0,nan,nan,nan,nan,0.552686,-0.0226893,0.01811,4.55573,5.82424,33,27,rc,5.16,1.79069e+09,-3.07925,45,0.347288
5.161,4,0,nan,nan,nan,nan,0.710596,0.0296706,0.01811,4.55583,5.82491,33,27,rc,5.161,1.79069e+09,-3.04541,45,0.346583
5.162,4,0,nan,nan,nan,nan,0.710596,0.0296706,0.0170448,4.55583,5.82558,33,27,rc,5.162,1.79069e+09,-3.07925,45,0.345962
5.163,4,0,nan,nan,nan,nan,0.586523,0.0296706,0.0223712,4.55592,5.82644,33,27,rc,5.163,1.79069e+09,-3.04541,45,0.345311
5.164,4,0,nan,nan,nan,nan,0.586523,0.0296706,-0.00958767,4.55592,5.82721,33,27,rc,5.164,1.79069e+09,-3.00029,45,0.34462
5.165,4,0,nan,nan,nan,nan,0.586523,-0.0226893,0.0245018,4.55583,5.82798,33,27,rc,5.165,1.79069e+09,-3.00029,45,0.343917
5.166,4,0,nan,nan,nan,nan,0.586523,-0.0226893,0.010653,4.55583,5.82884,33,27,rc,5.166,1.79069e+09,-3.04541,45,0.343172
5.167,4,0,nan,nan,nan,nan,0.744434,-0.00523599,0.00852238,4.55583,5.82961,33,27,rc,5.167,1.79069e+09,-3.06797,45,0.342491
5.168,4,0,nan,nan,nan,nan,0.744434,-0.00523599,-0.00319589,4.55583,5.83028,33,27,rc,5.168,1.79069e+09,-3.03413,45,0.341815
5.169,4,0,nan,nan,nan,nan,0.620361,0.0645772,0.0170448,4.55592,5.83095,33,27,rc,5.169,1.79069e+09,-2.95518,45,0.341142
5.17,4,0,nan,nan,nan,nan,0.620361,0.0645772,0.00745708,4.55592,5.83162,33,27,rc,5.17,1.79069e+09,-2.8875,45,0.340476
5.171,4,0,nan,nan,nan,nan,0.744434,0.00349066,0.0010653,4.55592,5.83229,33,27,rc,5.171,1.79069e+09,-2.89878,45,0.339774
5.172,4,0,nan,nan,nan,nan,0.744434,0.00349066,-0.00958767,4.55592,5.83296,33,27,rc,5.172,1.79069e+09,-2.91006,45,0.339144
5.173,4,0,nan,nan,nan,nan,0.654199,0,0.00319589,4.55592,5.83363,33,27,rc,5.173,1.79069e+09,-2.97773,45,0.33848
5.174,4,0,nan,nan,nan,nan,0.654199,0,0.0245018,4.55592,5.8344,33,27,rc,5.174,1.79069e+09,-2.97773,45,0.337828
5.175,4,0,nan,nan,nan,nan,0.778271,-0.00698132,0.0255671,4.55592,5.83507,33,27,rc,5.175,1.79069e+09,-2.97773,45,0.337186
5.176,4,0,nan,nan,nan,nan,0.778271,-0.00698132,0.01811,4.55592,5.83584,33,27,rc,5.176,1.79069e+09,-2.96646,45,0.336486
5.177,4,0,nan,nan,nan,nan,0.541406,0.0174533,0.01811,4.55602,5.83651,33,27,rc,5.177,1.79069e+09,-2.93262,45,0.335844
5.178,4,0,nan,nan,nan,nan,0.541406,0.0174533,0.00532648,4.55602,5.83718,33,27,rc,5.178,1.79069e+09,-2.98901,45,0.335155
5.179,4,0,nan,nan,nan,nan,0.541406,-0.0314159,-0.00532648,4.55592,5.83785,33,27,rc,5.179,1.79069e+09,-2.93262,45,0.334455
5.18,4,0,nan,nan,nan,nan,0.541406,-0.0314159,0.00639178,4.55592,5.83852,33,27,rc,5.18,1.79069e+09,-2.93262,45,0.333785
5.181,4,0,nan,nan,nan,nan,0.597803,0,0.00213059,4.55592,5.83919,33,27,rc,5.181,1.79069e+09,-2.91006,45,0.333089
5.182,4,0,nan,nan,nan,nan,0.597803,0,-0.01811,4.55592,5.83996,33,27,rc,5.182,1.79069e+09,-2.89878,45,0.332459
5.183,4,0,nan,nan,nan,nan,0.620361,0.0401426,-0.0010653,4.55592,5.84063,33,27,rc,5.183,1.79069e+09,-2.87622,45,0.33181
5.184,4,0,nan,nan,nan,nan,0.620361,0.0401426,0.0159795,4.55592,5.8413,33,27,rc,5.184,1.79069e+09,-2.85366,45,0.331128
5.185,4,0,nan,nan,nan,nan,0.834668,0.0139626,0.0138489,4.55602,5.84197,33,27,rc,5.185,1.79069e+09,-2.87622,45,0.33044
5.186,4,0,nan,nan,nan,nan,0.834668,0.0139626,0.0159795,4.55602,5.84274,33,27,rc,5.186,1.79069e+09,-2.9439,45,0.329728
5.187,4,0,nan,nan,nan,nan,0.620361,0.00872665,-0.0138489,4.55602,5.84341,33,27,rc,5.187,1.79069e+09,-2.9439,45,0.329074
5.188,4,0,nan,nan,nan,nan,0.620361,0.00872665,-0.0159795,4.55602,5.84408,33,27,rc,5.188,1.79069e+09,-2.9439,45,0.328383
5.189,4,0,nan,nan,nan,nan,0.575244,-0.0453786,4.23999e-17,4.55602,5.84466,33,27,rc,5.189,1.79069e+09,-2.9439,45,0.327679
5.19,4,0,nan,nan,nan,nan,0.575244,-0.0453786,0.00532648,4.55602,5.84533,33,27,rc,5.19,1.79069e+09,-2.9439,45,0.327004
5.191,4,0,nan,nan,nan,nan,0.778271,0,-0.0010653,4.55592,5.846,33,27,rc,5.191,1.79069e+09,-2.93262,45,0.326661
5.192,4,0,nan,nan,nan,nan,0.778271,0,-0.00532648,4.55592,5.84658,33,27,rc,5.192,1.79069e+09,-2.8875,45,0.325629
5.193,4,0,nan,nan,nan,nan,0.609082,0.0558505,0.00213059,4.55602,5.84725,33,27,rc,5.193,1.79069e+09,-2.85366,45,0.324952
5.194,4,0,nan,nan,nan,nan,0.609082,0.0558505,0.01811,4.55602,5.84792,33,27,rc,5.194,1.79069e+09,-2.92134,45,0.324279
5.195,4,0,nan,nan,nan,nan,0.755713,0,0.010653,4.55611,5.84859,33,27,rc,5.195,1.79069e+09,-2.91006,45,0.323588
5.196,4,0,nan,nan,nan,nan,0.755713,0,4.1291e-17,4.55611,5.84936,33,27,rc,5.196,1.79069e+09,-3.00029,45,0.322882
5.197,4,0,nan,nan,nan,nan,0.586523,-0.0279253,-0.0010653,4.55602,5.85003,33,27,rc,5.197,1.79069e+09,-2.98901,45,0.322259
5.198,4,0,nan,nan,nan,nan,0.586523,-0.0279253,-0.00639178,4.55602,5.8507,33,27,rc,5.198,1.79069e+09,-2.95518,45,0.321579
5.199,4,0,nan,nan,nan,nan,0.654199,-0.0174533,-0.0117183,4.55602,5.85137,33,27,rc,5.199,1.79069e+09,-2.98901,45,0.32089
5.2,4,0,nan,nan,nan,nan,0.654199,-0.0174533,-0.00958767,4.55602,5.85194,33,27,rc,5.2,1.79069e+09,-3.00029,45,0.320174
5.201,4,0,nan,nan,nan,nan,0.733154,0.0366519,0.0234365,4.55602,5.85262,33,27,rc,5.201,1.79069e+09,-3.01157,45,0.319444
5.202,4,0,nan,nan,nan,nan,0.733154,0.0366519,-0.0159795,4.55602,5.85319,33,27,rc,5.202,1.79069e+09,-2.97773,45,0.318794
5.203,4,0,nan,nan,nan,nan,0.789551,0.0191986,-0.0138489,4.55611,5.85377,33,27,rc,5.203,1.79069e+09,-2.95518,45,0.318103
5.204,4,0,nan,nan,nan,nan,0.789551,0.0191986,0.00532648,4.55611,5.85434,33,27,rc,5.204,1.79069e+09,-2.9439,45,0.317424
5.205,4,0,nan,nan,nan,nan,0.868506,0.00872665,-0.0159795,4.55611,5.85501,33,27,rc,5.205,1.79069e+09,-2.97773,45,0.316739
5.206,4,0,nan,nan,nan,nan,0.868506,0.00872665,-0.0010653,4.55611,5.85568,33,27,rc,5.206,1.79069e+09,-2.95518,45,0.316001
5.207,4,0,nan,nan,nan,nan,0.699316,0,0.0127836,4.55611,5.85636,33,27,rc,5.207,1.79069e+09,-3.00029,45,0.315328
5.208,4,0,nan,nan,nan,nan,0.699316,0,0.0266324,4.55611,5.85693,33,27,rc,5.208,1.79069e+09,-3.04541,45,0.314639
5.209,4,0,nan,nan,nan,nan,0.721875,-0.015708,0.01811,4.55611,5.8576,33,27,rc,5.209,1.79069e+09,-3.04541,45,0.313974
5.21,4,0,nan,nan,nan,nan,0.721875,-0.015708,-0.0117183,4.55611,5.85818,33,27,rc,5.21,1.79069e+09,-3.03413,45,0.313312
5.211,4,0,nan,nan,nan,nan,0.451172,0,0.0127836,4.55611,5.85885,33,27,rc,5.211,1.79069e+09,-3.04541,45,0.312605
5.212,4,0,nan,nan,nan,nan,0.451172,0,4.16171e-17,4.55611,5.85933,33,27,rc,5.212,1.79069e+09,-3.05669,45,0.311964
5.213,4,0,nan,nan,nan,nan,0.744434,-0.0122173,-0.00213059,4.55602,5.8599,33,27,rc,5.213,1.79069e+09,-3.09053,45,0.311304
5.214,4,0,nan,nan,nan,nan,0.744434,-0.0122173,0.01811,4.55602,5.86048,33,27,rc,5.214,1.79069e+09,-3.05669,45,0.310656
5.215,4,0,nan,nan,nan,nan,0.676758,0.0453786,0.0213059,4.55611,5.86105,33,27,rc,5.215,1.79069e+09,-3.04541,45,0.310039
5.216,4,0,nan,nan,nan,nan,0.676758,0.0453786,0.00213059,4.55611,5.86172,33,27,rc,5.216,1.79069e+09,-3.02285,45,0.309394
5.217,4,0,nan,nan,nan,nan,0.563965,0.00349066,3.80947e-17,4.55611,5.8624,33,27,rc,5.217,1.79069e+09,-2.98901,45,0.3088
5.218,4,0,nan,nan,nan,nan,0.563965,0.00349066,0.0234365,4.55611,5.86307,33,27,rc,5.218,1.79069e+09,-2.98901,45,0.308165
5.219,4,0,nan,nan,nan,nan,0.64292,-0.0436332,0.0276977,4.55602,5.86383,33,27,rc,5.219,1.79069e+09,-3.01157,45,0.307519
5.22,4,0,nan,nan,nan,nan,0.64292,-0.0436332,-0.0010653,4.55602,5.8646,33,27,rc,5.22,1.79069e+09,-3.04541,45,0.306888
5.221,4,0,nan,nan,nan,nan,0.48501,0,0.00745708,4.55602,5.86527,33,27,rc,5.221,1.79069e+09,-3.04541,45,0.306217
5.222,4,0,nan,nan,nan,nan,0.48501,0,0.00958767,4.55602,5.86594,33,27,rc,5.222,1.79069e+09,-3.04541,45,0.305627
5.223,4,0,nan,nan,nan,nan,0.64292,0,0.00213059,4.55602,5.86661,33,27,rc,5.223,1.79069e+09,-3.04541,45,0.304987
5.224,4,0,nan,nan,nan,nan,0.64292,0,3.7899e-17,4.55602,5.86719,33,27,rc,5.224,1.79069e+09,-3.03413,45,0.304355
5.225,4,0,nan,nan,nan,nan,0.575244,0.0174533,-0.00319589,4.55611,5.86776,33,27,rc,5.225,1.79069e+09,-3.00029,45,0.303745
5.226,4,0,nan,nan,nan,nan,0.575244,0.0174533,0.00745708,4.55611,5.86834,33,27,rc,5.226,1.79069e+09,-2.97773,45,0.30312
5.227,4,0,nan,nan,nan,nan,0.64292,0,-0.0010653,4.55611,5.86891,33,27,rc,5.227,1.79069e+09,-2.96646,45,0.302537
5.228,4,0,nan,nan,nan,nan,0.64292,0,-0.00958767,4.55611,5.86939,33,27,rc,5.228,1.79069e+09,-3.00029,45,0.30195
5.229,4,0,nan,nan,nan,nan,0.597803,0,-0.0010653,4.55611,5.86997,33,27,rc,5.229,1.79069e+09,-2.98901,45,0.301376
5.23,4,0,nan,nan,nan,nan,0.597803,0,-0.0298283,4.55611,5.87054,33,27,rc,5.23,1.79069e+09,-3.01157,45,0.300806
5.231,4,0,nan,nan,nan,nan,0.733154,0,0.00958767,4.55611,5.87112,33,27,rc,5.231,1.79069e+09,-2.98901,45,0.300185
5.232,4,0,nan,nan,nan,nan,0.733154,0,-0.00319589,4.55611,5.87169,33,27,rc,5.232,1.79069e+09,-3.02285,45,0.29964
5.233,4,0,nan,nan,nan,nan,0.936182,0.0453786,-0.0127836,4.55611,5.87227,33,27,rc,5.233,1.79069e+09,-3.04541,45,0.299045
5.234,4,0,nan,nan,nan,nan,0.936182,0.0453786,0.00852238,4.55611,5.87285,33,27,rc,5.234,1.79069e+09,-2.97773,45,0.298452
5.235,4,0,nan,nan,nan,nan,0.789551,0.0331613,-0.0010653,4.55621,5.87332,33,27,rc,5.235,1.79069e+09,-3.09053,45,0.297884
5.236,4,0,nan,nan,nan,nan,0.789551,0.0331613,0.00532648,4.55621,5.8738,33,27,rc,5.236,1.79069e+09,-3.05669,45,0.297297
5.237,4,0,nan,nan,nan,nan,0.699316,-0.0383972,-0.0213059,4.55621,5.87428,33,27,rc,5.237,1.79069e+09,-3.07925,45,0.296782
5.238,4,0,nan,nan,nan,nan,0.699316,-0.0383972,-0.0298283,4.55621,5.87476,33,27,rc,5.238,1.79069e+09,-3.07925,45,0.296278
5.239,4,0,nan,nan,nan,nan,0.586523,-0.0314159,-0.00852238,4.55611,5.87524,33,27,rc,5.239,1.79069e+09,-3.04541,45,0.295743
5.24,4,0,nan,nan,nan,nan,0.586523,-0.0314159,0.0138489,4.55611,5.87563,33,27,rc,5.24,1.79069e+09,-2.98901,45,0.295199
5.241,4,0,nan,nan,nan,nan,0.891064,0.020944,0.0127836,4.55611,5.8762,33,27,rc,5.241,1.79069e+09,-3.05669,45,0.294669
5.242,4,0,nan,nan,nan,nan,0.891064,0.020944,0.010653,4.55611,5.87668,33,27,rc,5.242,1.79069e+09,-3.02285,45,0.294169
5.243,4,0,nan,nan,nan,nan,0.631641,0.0523599,-0.00532648,4.55631,5.87726,33,27,rc,5.243,1.79069e+09,-3.02285,45,0.293654
5.244,4,0,nan,nan,nan,nan,0.631641,0.0523599,0.0138489,4.55631,5.87783,33,27,rc,5.244,1.79069e+09,-3.03413,45,0.29315
5.245,4,0,nan,nan,nan,nan,0.64292,-0.0802851,0.0298283,4.55621,5.8785,33,27,rc,5.245,1.79069e+09,-3.03413,45,0.292617
5.246,4,0,nan,nan,nan,nan,0.64292,-0.0802851,0.0138489,4.55621,5.87908,33,27,rc,5.246,1.79069e+09,-3.04541,45,0.292047
5.247,4,0,nan,nan,nan,nan,0.552686,-0.0418879,0.0117183,4.55611,5.87975,33,27,rc,5.247,1.79069e+09,-3.09053,45,0.291551
5.248,4,0,nan,nan,nan,nan,0.552686,-0.0418879,0.0149142,4.55611,5.88032,33,27,rc,5.248,1.79069e+09,-3.10181,45,0.29105
5.249,4,0,nan,nan,nan,nan,0.496289,0.0122173,0.010653,4.55611,5.8809,33,27,rc,5.249,1.79069e+09,-3.07925,45,0.29056
5.25,4,0,nan,nan,nan,nan,0.496289,0.0122173,-0.0010653,4.55611,5.88138,33,27,rc,5.25,1.79069e+09,-3.05669,45,0.290067
5.251,4,0,nan,nan,nan,nan,0.462451,0.010472,-0.00213059,4.55611,5.88186,33,27,rc,5.251,1.79069e+09,-3.06797,45,0.289588
5.252,4,0,nan,nan,nan,nan,0.462451,0.010472,-0.0276977,4.55611,5.88224,33,27,rc,5.252,1.79069e+09,-3.05669,45,0.289125
5.253,4,0,nan,nan,nan,nan,0.631641,0,-0.0223712,4.55611,5.88253,33,27,rc,5.253,1.79069e+09,-3.01157,45,0.288657
5.254,4,0,nan,nan,nan,nan,0.631641,0,2.83753e-17,4.55611,5.88291,33,27,rc,5.254,1.79069e+09,-3.05669,45,0.288221
5.255,4,0,nan,nan,nan,nan,0.845947,0.0366519,2.82449e-17,4.55621,5.8833,33,27,rc,5.255,1.79069e+09,-3.02285,45,0.287765
5.256,4,0,nan,nan,nan,nan,0.845947,0.0366519,0.00319589,4.55621,5.88358,33,27,rc,5.256,1.79069e+09,-3.03413,45,0.287292
5.257,4,0,nan,nan,nan,nan,0.710596,0.0471239,0.010653,4.55631,5.88397,33,27,rc,5.257,1.79069e+09,-3.05669,45,0.286865
5.258,4,0,nan,nan,nan,nan,0.710596,0.0471239,0.00958767,4.55631,5.88435,33,27,rc,5.258,1.79069e+09,-3.06797,45,0.286395
5.259,4,0,nan,nan,nan,nan,0.64292,-0.0296706,0.00213059,4.55631,5.88473,33,27,rc,5.259,1.79069e+09,-3.11309,45,0.285914
5.26,4,0,nan,nan,nan,nan,0.64292,-0.0296706,0.00319589,4.55631,5.88502,33,27,rc,5.26,1.79069e+09,-3.12437,45,0.285482
5.261,4,0,nan,nan,nan,nan,0.609082,-0.0453786,0.00639178,4.55621,5.8854,33,27,rc,5.261,1.79069e+09,-3.16948,45,0.285043
5.262,4,0,nan,nan,nan,nan,0.609082,-0.0453786,0.0223712,4.55621,5.88579,33,27,rc,5.262,1.79069e+09,-3.12437,45,0.284644
5.263,4,0,nan,nan,nan,nan,0.609082,0,0.00852238,4.55611,5.88627,33,27,rc,5.263,1.79069e+09,-3.18076,45,0.284217
5.264,4,0,nan,nan,nan,nan,0.609082,0,0.00852238,4.55611,5.88665,33,27,rc,5.264,1.79069e+09,-3.1582,45,0.283822
5.265,4,0,nan,nan,nan,nan,0.47373,0.0226893,0.00639178,4.55621,5.88713,33,27,rc,5.265,1.79069e+09,-3.16948,45,0.283446
5.266,4,0,nan,nan,nan,nan,0.47373,0.0226893,-0.0170448,4.55621,5.88761,33,27,rc,5.266,1.79069e+09,-3.19204,45,0.283037
5.267,4,0,nan,nan,nan,nan,0.552686,-0.0122173,-0.0255671,4.55621,5.88809,33,27,rc,5.267,1.79069e+09,-3.18076,45,0.282674
5.268,4,0,nan,nan,nan,nan,0.552686,-0.0122173,0.00319589,4.55621,5.88847,33,27,rc,5.268,1.79069e+09,-3.20332,45,0.282308
5.269,4,0,nan,nan,nan,nan,0.699316,0.020944,-0.00319589,4.55621,5.88895,33,27,rc,5.269,1.79069e+09,-3.2146,45,0.28194
5.27,4,0,nan,nan,nan,nan,0.699316,0.020944,0.00958767,4.55621,5.88934,33,27,rc,5.27,1.79069e+09,-3.19204,45,0.281568
5.271,4,0,nan,nan,nan,nan,0.665479,0.0523599,0.01811,4.55631,5.88972,33,27,rc,5.271,1.79069e+09,-3.20332,45,0.28119
5.272,4,0,nan,nan,nan,nan,0.665479,0.0523599,-0.00319589,4.55631,5.8901,33,27,rc,5.272,1.79069e+09,-3.22588,45,0.280853
5.273,4,0,nan,nan,nan,nan,0.620361,-0.015708,0.0010653,4.55631,5.89049,33,27,rc,5.273,1.79069e+09,-3.1582,45,0.280503
5.274,4,0,nan,nan,nan,nan,0.620361,-0.015708,-0.010653,4.55631,5.89077,33,27,rc,5.274,1.79069e+09,-3.14692,45,0.280167
5.275,4,0,nan,nan,nan,nan,0.676758,-0.0261799,-0.0117183,4.55621,5.89116,33,27,rc,5.275,1.79069e+09,-3.18076,45,0.279847
5.276,4,0,nan,nan,nan,nan,0.676758,-0.0261799,0.010653,4.55621,5.89144,33,27,rc,5.276,1.79069e+09,-3.16948,45,0.279518
5.277,4,0,nan,nan,nan,nan,0.733154,0.0383972,0.028763,4.55631,5.89173,33,27,rc,5.277,1.79069e+09,-3.13564,45,0.279221
5.278,4,0,nan,nan,nan,nan,0.733154,0.0383972,0.00852238,4.55631,5.89202,33,27,rc,5.278,1.79069e+09,-3.13564,45,0.278933
5.279,4,0,nan,nan,nan,nan,0.609082,0.0174533,-0.0202406,4.55631,5.89231,33,27,rc,5.279,1.79069e+09,-3.11309,45,0.278622
5.28,4,0,nan,nan,nan,nan,0.609082,0.0174533,0.00213059,4.55631,5.8926,33,27,rc,5.28,1.79069e+09,-3.12437,45,0.278288
5.281,4,0,nan,nan,nan,nan,0.609082,-0.0541052,0.00639178,4.55631,5.89288,33,27,rc,5.281,1.79069e+09,-3.20332,45,0.277962
5.282,4,0,nan,nan,nan,nan,0.609082,-0.0541052,0.01811,4.55631,5.89307,33,27,rc,5.282,1.79069e+09,-3.24844,45,0.277679
5.283,4,0,nan,nan,nan,nan,0.563965,-0.0174533,0.0138489,4.55621,5.89336,33,27,rc,5.283,1.79069e+09,-3.22588,45,0.277383
5.284,4,0,nan,nan,nan,nan,0.563965,-0.0174533,0.00639178,4.55621,5.89365,33,27,rc,5.284,1.79069e+09,-3.25972,45,0.277077
5.285,4,0,nan,nan,nan,nan,0.428613,0.0244346,0.00213059,4.55621,5.89384,33,27,rc,5.285,1.79069e+09,-3.24844,45,0.276799
5.286,4,0,nan,nan,nan,nan,0.428613,0.0244346,-0.00213059,4.55621,5.89413,33,27,rc,5.286,1.79069e+09,-3.24844,45,0.276505
5.287,4,0,nan,nan,nan,nan,0.563965,0,0.00639178,4.55621,5.89432,33,27,rc,5.287,1.79069e+09,-3.25972,45,0.276242
5.288,4,0,nan,nan,nan,nan,0.563965,0,0.0298283,4.55621,5.89451,33,27,rc,5.288,1.79069e+09,-3.30483,45,0.275959
5.289,4,0,nan,nan,nan,nan,0.631641,0,0.0149142,4.55621,5.8947,33,27,rc,5.289,1.79069e+09,-3.30483,45,0.275683
5.29,4,0,nan,nan,nan,nan,0.631641,0,0.00852238,4.55621,5.89499,33,27,rc,5.29,1.79069e+09,-3.33867,45,0.275448
5.291,4,0,nan,nan,nan,nan,0.360938,0,-0.0117183,4.55621,5.89509,33,27,rc,5.291,1.79069e+09,-3.32739,45,0.275219
5.292,4,0,nan,nan,nan,nan,0.360938,0,0.0170448,4.55621,5.89528,33,27,rc,5.292,1.79069e+09,-3.30483,45,0.275
5.293,4,0,nan,nan,nan,nan,0.451172,-0.0418879,0.00958767,4.55621,5.89547,33,27,rc,5.293,1.79069e+09,-3.30483,45,0.274767
5.294,4,0,nan,nan,nan,nan,0.451172,-0.0418879,-0.010653,4.55621,5.89566,33,27,rc,5.294,1.79069e+09,-3.33867,45,0.274536
5.295,4,0,nan,nan,nan,nan,0.394775,0,0.00639178,4.55621,5.89576,33,27,rc,5.295,1.79069e+09,-3.33867,45,0.274323
5.296,4,0,nan,nan,nan,nan,0.394775,0,-0.00213059,4.55621,5.89595,33,27,rc,5.296,1.79069e+09,-3.34995,45,0.27411
5.297,4,0,nan,nan,nan,nan,0.597803,0.0261799,-0.00639178,4.55621,5.89605,33,27,rc,5.297,1.79069e+09,-3.44019,45,0.273933
5.298,4,0,nan,nan,nan,nan,0.597803,0.0261799,0.0223712,4.55621,5.89624,33,27,rc,5.298,1.79069e+09,-3.32739,45,0.273765
5.299,4,0,nan,nan,nan,nan,0.654199,0.0279253,0.010653,4.55631,5.89633,33,27,rc,5.299,1.79069e+09,-3.32739,45,0.273593
5.3,4,0,nan,nan,nan,nan,0.654199,0.0279253,8.7409e-18,4.55631,5.89653,33,27,rc,5.3,1.79069e+09,-3.34995,45,0.273444
5.301,4,0,nan,nan,nan,nan,0.417334,-0.00698132,0.00532648,4.55631,5.89662,33,27,rc,5.301,1.79069e+09,-3.31611,45,0.273298
5.302,4,0,nan,nan,nan,nan,0.417334,-0.00698132,-0.00426119,4.55631,5.89681,33,27,rc,5.302,1.79069e+09,-3.32739,45,0.273155
5.303,4,0,nan,nan,nan,nan,0.541406,-0.0401426,0.00639178,4.55621,5.89691,33,27,rc,5.303,1.79069e+09,-3.31611,45,0.273019
5.304,4,0,nan,nan,nan,nan,0.541406,-0.0401426,0.0127836,4.55621,5.8971,33,27,rc,5.304,1.79069e+09,-3.30483,45,0.272876
5.305,4,0,nan,nan,nan,nan,0.575244,0.0471239,6.45783e-18,4.55621,5.89729,33,27,rc,5.305,1.79069e+09,-3.28228,45,0.272745
5.306,4,0,nan,nan,nan,nan,0.575244,0.0471239,-0.0202406,4.55621,5.89739,33,27,rc,5.306,1.79069e+09,-3.29355,45,0.272644
5.307,4,0,nan,nan,nan,nan,0.496289,0.0139626,-0.0127836,4.55631,5.89758,33,27,rc,5.307,1.79069e+09,-3.24844,45,0.272544
5.308,4,0,nan,nan,nan,nan,0.496289,0.0139626,-0.00639178,4.55631,5.89777,33,27,rc,5.308,1.79069e+09,-3.2146,45,0.272419
5.309,4,0,nan,nan,nan,nan,0.733154,-0.0261799,-0.0245018,4.55631,5.89787,33,27,rc,5.309,1.79069e+09,-3.22588,45,0.272322
5.31,4,0,nan,nan,nan,nan,0.733154,-0.0261799,0.00639178,4.55631,5.89806,33,27,rc,5.31,1.79069e+09,-3.24844,45,0.272242
5.311,4,0,nan,nan,nan,nan,0.654199,0.0122173,0.00958767,4.55631,5.89825,33,27,rc,5.311,1.79069e+09,-3.22588,45,0.272174
5.312,4,0,nan,nan,nan,nan,0.654199,0.0122173,-0.0149142,4.55631,5.89835,33,27,rc,5.312,1.79069e+09,-3.18076,45,0.272126
5.313,4,0,nan,nan,nan,nan,0.631641,0,-0.0159795,4.55631,5.89854,33,27,rc,5.313,1.79069e+09,-3.1582,45,0.272074
5.314,4,0,nan,nan,nan,nan,0.631641,0,-0.00213059,4.55631,5.89864,33,27,rc,5.314,1.79069e+09,-3.14692,45,0.272036
5.315,4,0,nan,nan,nan,nan,0.721875,-0.0191986,0.00319589,4.55631,5.89873,33,27,rc,5.315,1.79069e+09,-3.20332,45,0.271969
5.316,4,0,nan,nan,nan,nan,0.721875,-0.0191986,0.0117183,4.55631,5.89883,33,27,rc,5.316,1.79069e+09,-3.12437,45,0.271915
5.317,4,0,nan,nan,nan,nan,0.631641,0.0174533,-0.0010653,4.55631,5.89892,33,27,rc,5.317,1.79069e+09,-3.16948,45,0.271874
5.318,4,0,nan,nan,nan,nan,0.631641,0.0174533,-0.00745708,4.55631,5.89892,33,27,rc,5.318,1.79069e+09,-3.1582,45,0.271852
5.319,4,0,nan,nan,nan,nan,0.586523,0,0.0159795,4.55631,5.89902,33,27,rc,5.319,1.79069e+09,-3.13564,45,0.271823
5.32,4,0,nan,nan,nan,nan,0.586523,0,0.0117183,4.55631,5.89902,33,27,rc,5.32,1.79069e+09,-3.11309,45,0.271787
5.321,4,0,nan,nan,nan,nan,0.710596,-0.0191986,-0.00532648,4.55621,5.89902,33,27,rc,5.321,1.79069e+09,-3.11309,45,0.27173
5.322,4,0,nan,nan,nan,nan,0.710596,-0.0191986,-0.0010653,4.55621,5.89902,33,27,rc,5.322,1.79069e+09,-3.1582,45,0.271706
5.323,4,0,nan,nan,nan,nan,0.575244,0,0.00958767,4.55631,5.89902,33,27,rc,5.323,1.79069e+09,-3.24844,45,0.271664
5.324,4,0,nan,nan,nan,nan,0.575244,0,0.0234365,4.55631,5.89902,33,27,rc,5.324,1.79069e+09,-3.22588,45,0.271652
5.325,4,0,nan,nan,nan,nan,0.609082,0,-0.00745708,4.55631,5.89902,33,27,rc,5.325,1.79069e+09,-3.16948,45,0.27164
5.326,4,0,nan,nan,nan,nan,0.609082,0,0.00319589,4.55631,5.89902,33,27,rc,5.326,1.79069e+09,-3.18076,45,0.271637
5.327,4,0,nan,nan,nan,nan,0.417334,0,0.00532648,4.55631,5.89902,33,27,rc,5.327,1.79069e+09,-3.19204,45,0.271631
5.328,4,0,nan,nan,nan,nan,0.417334,0,0.0159795,4.55631,5.89902,33,27,rc,5.328,1.79069e+09,-3.19204,45,0.271633
5.329,4,0,nan,nan,nan,nan,0.507568,-0.0226893,0.0170448,4.55621,5.89902,33,27,rc,5.329,1.79069e+09,-3.20332,45,0.271623
5.33,4,0,nan,nan,nan,nan,0.507568,-0.0226893,0.00852238,4.55621,5.89902,33,27,rc,5.33,1.79069e+09,-3.13564,45,0.27161
5.331,4,0,nan,nan,nan,nan,0.48501,0.00174533,0.00426119,4.55621,5.89902,33,27,rc,5.331,1.79069e+09,-3.19204,45,0.271589
5.332,4,0,nan,nan,nan,nan,0.48501,0.00174533,0.0117183,4.55621,5.89902,33,27,rc,5.332,1.79069e+09,-3.20332,45,0.271605
5.333,4,0,nan,nan,nan,nan,0.541406,0,0.0010653,4.55621,5.89911,33,27,rc,5.333,1.79069e+09,-3.18076,45,0.271621
5.334,4,0,nan,nan,nan,nan,0.541406,0,0.00213059,4.55621,5.89911,33,27,rc,5.334,1.79069e+09,-3.14692,45,0.271632
5.335,4,0,nan,nan,nan,nan,0.462451,0,0.0138489,4.55621,5.89911,33,27,rc,5.335,1.79069e+09,-3.09053,45,0.271627
5.336,4,0,nan,nan,nan,nan,0.462451,0,-0.00532648,4.55621,5.89911,33,27,rc,5.336,1.79069e+09,-3.1582,45,0.271636
5.337,4,0,nan,nan,nan,nan,0.597803,0,-0.00639178,4.55621,5.89911,33,27,rc,5.337,1.79069e+09,-3.19204,45,0.271656
5.338,4,0,nan,nan,nan,nan,0.597803,0,0.0010653,4.55621,5.89911,33,27,rc,5.338,1.79069e+09,-3.1582,45,0.271658
5.339,4,0,nan,nan,nan,nan,0.597803,0.0174533,-2.3483e-18,4.55621,5.89911,33,27,rc,5.339,1.79069e+09,-3.14692,45,0.271683
5.34,4,0,nan,nan,nan,nan,0.597803,0.0174533,0.0127836,4.55621,5.89911,33,27,rc,5.34,1.79069e+09,-3.1582,45,0.271704
5.341,4,0,nan,nan,nan,nan,0.575244,0,0.0170448,4.55631,5.89911,33,27,rc,5.341,1.79069e+09,-3.12437,45,0.271715
5.342,4,0,nan,nan,nan,nan,0.575244,0,0.00639178,4.55631,5.89911,33,27,rc,5.342,1.79069e+09,-3.14692,45,0.271715
5.343,4,0,nan,nan,nan,nan,0.47373,0,-0.00852238,4.55631,5.89911,33,27,rc,5.343,1.79069e+09,-3.14692,45,0.271709
5.344,4,0,nan,nan,nan,nan,0.47373,0,-0.0138489,4.55631,5.89911,33,27,rc,5.344,1.79069e+09,-3.19204,45,0.27173
5.345,4,0,nan,nan,nan,nan,0.563965,-0.00698132,0.00958767,4.55621,5.89911,33,27,rc,5.345,1.79069e+09,-3.16948,45,0.271746
5.346,4,0,nan,nan,nan,nan,0.563965,-0.00698132,0.0213059,4.55621,5.89911,33,27,rc,5.346,1.79069e+09,-3.14692,45,0.271753
5.347,4,0,nan,nan,nan,nan,0.744434,0.00174533,-0.00745708,4.55621,5.89911,33,27,rc,5.347,1.79069e+09,-3.14692,45,0.271757
5.348,4,0,nan,nan,nan,nan,0.744434,0.00174533,-0.0149142,4.55621,5.89911,33,27,rc,5.348,1.79069e+09,-3.1582,45,0.271769
5.349,4,0,nan,nan,nan,nan,0.428613,0.020944,-0.00745708,4.55631,5.89911,33,27,rc,5.349,1.79069e+09,-3.14692,45,0.271764
5.35,4,0,nan,nan,nan,nan,0.428613,0.020944,0.00319589,4.55631,5.89911,33,27,rc,5.35,1.79069e+09,-3.16948,45,0.271763
5.351,4,0,nan,nan,nan,nan,0.744434,-0.0453786,0.0117183,4.55621,5.89911,33,27,rc,5.351,1.79069e+09,-3.16948,45,0.271784
5.352,4,0,nan,nan,nan,nan,0.744434,-0.0453786,-0.00319589,4.55621,5.89911,33,27,rc,5.352,1.79069e+09,-3.18076,45,0.271797
5.353,4,0,nan,nan,nan,nan,0.563965,0.00872665,-0.00213059,4.55621,5.89911,33,27,rc,5.353,1.79069e+09,-3.14692,45,0.271819
5.354,4,0,nan,nan,nan,nan,0.563965,0.00872665,-0.00426119,4.55621,5.89911,33,27,rc,5.354,1.79069e+09,-3.14692,45,0.271822
5.355,4,0,nan,nan,nan,nan,0.676758,0,-0.00852238,4.55631,5.89911,33,27,rc,5.355,1.79069e+09,-3.14692,45,0.271819
5.356,4,0,nan,nan,nan,nan,0.676758,0,0.00852238,4.55631,5.89911,33,27,rc,5.356,1.79069e+09,-3.18076,45,0.271825
5.357,4,0,nan,nan,nan,nan,0.620361,0,0.0170448,4.55631,5.89911,33,27,rc,5.357,1.79069e+09,-3.16948,45,0.27184
5.358,4,0,nan,nan,nan,nan,0.620361,0,-0.00745708,4.55631,5.89911,33,27,rc,5.358,1.79069e+09,-3.1582,45,0.271859
5.359,4,0,nan,nan,nan,nan,0.586523,0,0.0191753,4.55631,5.89911,33,27,rc,5.359,1.79069e+09,-3.1582,45,0.271867
5.36,4,0,nan,nan,nan,nan,0.586523,0,0.00958767,4.55631,5.89911,33,27,rc,5.36,1.79069e+09,-3.13564,45,0.271874
5.361,4,0,nan,nan,nan,nan,0.710596,-0.00872665,0.00639178,4.55621,5.89911,33,27,rc,5.361,1.79069e+09,-3.14692,45,0.271883
5.362,4,0,nan,nan,nan,nan,0.710596,-0.00872665,-0.0010653,4.55621,5.89911,33,27,rc,5.362,1.79069e+09,-3.16948,45,0.271879
5.363,4,0,nan,nan,nan,nan,0.518848,0.00349066,-0.00213059,4.55631,5.89911,33,27,rc,5.363,1.79069e+09,-3.16948,45,0.271879
5.364,4,0,nan,nan,nan,nan,0.518848,0.00349066,0.0223712,4.55631,5.89911,33,27,rc,5.364,1.79069e+09,-3.09053,45,0.271873
5.365,4,0,nan,nan,nan,nan,0.64292,0,0.0234365,4.55631,5.89911,33,27,rc,5.365,1.79069e+09,-3.18076,45,0.271867
5.366,4,0,nan,nan,nan,nan,0.64292,0,0.0117183,4.55631,5.89911,33,27,rc,5.366,1.79069e+09,-3.1582,45,0.271885
5.367,4,0,nan,nan,nan,nan,0.439893,0,0.00745708,4.55621,5.89911,33,27,rc,5.367,1.79069e+09,-3.1582,45,0.271887
5.368,4,0,nan,nan,nan,nan,0.439893,0,0.00213059,4.55621,5.89911,33,27,rc,5.368,1.79069e+09,-3.13564,45,0.271884
5.369,4,0,nan,nan,nan,nan,0.428613,-0.020944,-0.0223712,4.55621,5.89911,33,27,rc,5.369,1.79069e+09,-3.09053,45,0.271865
5.37,4,0,nan,nan,nan,nan,0.428613,-0.020944,-0.01811,4.55621,5.89902,33,27,rc,5.37,1.79069e+09,-3.18076,45,0.271855
5.371,4,0,nan,nan,nan,nan,0.541406,0,-0.010653,4.55621,5.89902,33,27,rc,5.371,1.79069e+09,-3.19204,45,0.271836
5.372,4,0,nan,nan,nan,nan,0.541406,0,-0.00213059,4.55621,5.89902,33,27,rc,5.372,1.79069e+09,-3.12437,45,0.271851
5.373,4,0,nan,nan,nan,nan,0.733154,0.0436332,0.00213059,4.55631,5.89902,33,27,rc,5.373,1.79069e+09,-3.19204,45,0.271843
5.374,4,0,nan,nan,nan,nan,0.733154,0.0436332,0.00319589,4.55631,5.89902,33,27,rc,5.374,1.79069e+09,-3.06797,45,0.271841
5.375,4,0,nan,nan,nan,nan,0.676758,0.0191986,-0.00319589,4.55631,5.89902,33,27,rc,5.375,1.79069e+09,-3.10181,45,0.271834
5.376,4,0,nan,nan,nan,nan,0.676758,0.0191986,-0.0159795,4.55631,5.89902,33,27,rc,5.376,1.79069e+09,-3.16948,45,0.271812
5.377,4,0,nan,nan,nan,nan,0.64292,-0.0331613,0.00745708,4.55631,5.89911,33,27,rc,5.377,1.79069e+09,-3.13564,45,0.271787
5.378,4,0,nan,nan,nan,nan,0.64292,-0.0331613,0.00319589,4.55631,5.89911,33,27,rc,5.378,1.79069e+09,-3.12437,45,0.271769
5.379,4,0,nan,nan,nan,nan,0.766992,-0.00698132,-0.00532648,4.55631,5.89911,33,27,rc,5.379,1.79069e+09,-3.11309,45,0.271774
5.38,4,0,nan,nan,nan,nan,0.766992,-0.00698132,0.010653,4.55631,5.89911,33,27,rc,5.38,1.79069e+09,-3.20332,45,0.27177
5.381,4,0,nan,nan,nan,nan,0.64292,0.0331613,-0.0010653,4.55631,5.89911,33,27,rc,5.381,1.79069e+09,-3.1582,45,0.271775
5.382,4,0,nan,nan,nan,nan,0.64292,0.0331613,0.0010653,4.55631,5.89911,33,27,rc,5.382,1.79069e+09,-3.19204,45,0.27178
5.383,4,0,nan,nan,nan,nan,0.597803,-0.00872665,0.0213059,4.55631,5.89911,33,27,rc,5.383,1.79069e+09,-3.1582,45,0.271765
5.384,4,0,nan,nan,nan,nan,0.597803,-0.00872665,-0.0127836,4.55631,5.89911,33,27,rc,5.384,1.79069e+09,-3.19204,45,0.271761
5.385,4,0,nan,nan,nan,nan,0.597803,-0.0226893,0.00639178,4.55621,5.89911,33,27,rc,5.385,1.79069e+09,-3.10181,45,0.271762
5.386,4,0,nan,nan,nan,nan,0.597803,-0.0226893,0.0266324,4.55621,5.89911,33,27,rc,5.386,1.79069e+09,-3.09053,45,0.271778
5.387,4,0,nan,nan,nan,nan,0.733154,0.0174533,0.00532648,4.55631,5.89911,33,27,rc,5.387,1.79069e+09,-3.09053,45,0.271773
5.388,4,0,nan,nan,nan,nan,0.733154,0.0174533,-0.010653,4.55631,5.89911,33,27,rc,5.388,1.79069e+09,-3.07925,45,0.271765
5.389,4,0,nan,nan,nan,nan,0.451172,0.0122173,0.0223712,4.55631,5.89911,33,27,rc,5.389,1.79069e+09,-3.19204,45,0.271745
5.39,4,0,nan,nan,nan,nan,0.451172,0.0122173,-0.0149142,4.55631,5.89911,33,27,rc,5.39,1.79069e+09,-3.16948,45,0.271749
5.391,4,0,nan,nan,nan,nan,0.688037,-0.0541052,-0.0202406,4.55621,5.89911,33,27,rc,5.391,1.79069e+09,-3.19204,45,0.271774
5.392,4,0,nan,nan,nan,nan,0.688037,-0.0541052,-0.00639178,4.55621,5.89911,33,27,rc,5.392,1.79069e+09,-3.14692,45,0.271775
5.393,4,0,nan,nan,nan,nan,0.733154,0.0349066,0.00958767,4.55631,5.89911,33,27,rc,5.393,1.79069e+09,-3.14692,45,0.271786
5.394,4,0,nan,nan,nan,nan,0.733154,0.0349066,0.0308936,4.55631,5.89911,33,27,rc,5.394,1.79069e+09,-3.19204,45,0.271802
5.395,4,0,nan,nan,nan,nan,0.733154,0.0331613,-0.0010653,4.5564,5.89911,33,27,rc,5.395,1.79069e+09,-3.14692,45,0.271824
5.396,4,0,nan,nan,nan,nan,0.733154,0.0331613,-0.0149142,4.5564,5.89911,33,27,rc,5.396,1.79069e+09,-3.13564,45,0.271829
5.397,4,0,nan,nan,nan,nan,0.439893,-0.0366519,-0.00745708,4.55631,5.89911,33,27,rc,5.397,1.79069e+09,-3.05669,45,0.271812
5.398,4,0,nan,nan,nan,nan,0.439893,-0.0366519,0.0234365,4.55631,5.89911,33,27,rc,5.398,1.79069e+09,-3.10181,45,0.271811
5.399,4,0,nan,nan,nan,nan,0.710596,-0.0541052,0.00639178,4.55611,5.89911,33,27,rc,5.399,1.79069e+09,-3.09053,45,0.271826
5.4,4,0,nan,nan,nan,nan,0.710596,-0.0541052,-0.00426119,4.55611,5.89911,33,27,rc,5.4,1.79069e+09,-3.1582,45,0.271838
5.401,4,0,nan,nan,nan,nan,0.428613,0.0767945,0.00745708,4.55621,5.89911,33,27,rc,5.401,1.79069e+09,-3.04541,45,0.271852
5.402,4,0,nan,nan,nan,nan,0.428613,0.0767945,0.00958767,4.55621,5.89911,33,27,rc,5.402,1.79069e+09,-3.14692,45,0.271842
5.403,4,0,nan,nan,nan,nan,0.64292,0,0.0149142,4.55631,5.89911,33,27,rc,5.403,1.79069e+09,-3.03413,45,0.27182
5.404,4,0,nan,nan,nan,nan,0.64292,0,-0.0010653,4.55631,5.89911,33,27,rc,5.404,1.79069e+09,-3.18076,45,0.271822
5.405,4,0,nan,nan,nan,nan,0.541406,0,0.00319589,4.55631,5.89911,33,27,rc,5.405,1.79069e+09,-3.09053,45,0.271824
5.406,4,0,nan,nan,nan,nan,0.541406,0,0.00426119,4.55631,5.89911,33,27,rc,5.406,1.79069e+09,-3.09053,45,0.27183
5.407,4,0,nan,nan,nan,nan,0.609082,-0.0174533,0.00426119,4.55621,5.89911,33,27,rc,5.407,1.79069e+09,-3.10181,45,0.271857
5.408,4,0,nan,nan,nan,nan,0.609082,-0.0174533,0.00745708,4.55621,5.89911,33,27,rc,5.408,1.79069e+09,-3.16948,45,0.271848
5.409,4,0,nan,nan,nan,nan,0.586523,0,-0.010653,4.55621,5.89911,33,27,rc,5.409,1.79069e+09,-3.07925,45,0.271844
5.41,4,0,nan,nan,nan,nan,0.586523,0,0.00852238,4.55621,5.89911,33,27,rc,5.41,1.79069e+09,-3.11309,45,0.271844
5.411,4,0,nan,nan,nan,nan,0.563965,0,1.5003e-18,4.55621,5.89911,33,27,rc,5.411,1.79069e+09,-3.1582,45,0.271822
5.412,4,0,nan,nan,nan,nan,0.563965,0,-0.00852238,4.55621,5.89911,33,27,rc,5.412,1.79069e+09,-3.06797,45,0.271817
5.413,4,0,nan,nan,nan,nan,0.541406,0,-0.00319589,4.55621,5.89911,33,27,rc,5.413,1.79069e+09,-3.09053,45,0.271825
5.414,4,0,nan,nan,nan,nan,0.541406,0,-0.0170448,4.55621,5.89911,33,27,rc,5.414,1.79069e+09,-3.09053,45,0.271837
5.415,4,0,nan,nan,nan,nan,0.654199,0,-0.0202406,4.55621,5.89911,33,27,rc,5.415,1.79069e+09,-3.06797,45,0.271857
5.416,4,0,nan,nan,nan,nan,0.654199,0,0.00213059,4.55621,5.89911,33,27,rc,5.416,1.79069e+09,-3.05669,45,0.271863
5.417,4,0,nan,nan,nan,nan,0.766992,0.0331613,1.17415e-18,4.55631,5.89911,33,27,rc,5.417,1.79069e+09,-3.05669,45,0.271859
5.418,4,0,nan,nan,nan,nan,0.766992,0.0331613,-0.00852238,4.55631,5.89911,33,27,rc,5.418,1.79069e+09,-3.07925,45,0.271851
5.419,4,0,nan,nan,nan,nan,0.654199,0.00872665,0.0010653,4.55631,5.89911,33,27,rc,5.419,1.79069e+09,-3.09053,45,0.271852
5.42,4,0,nan,nan,nan,nan,0.654199,0.00872665,-4.56614e-19,4.55631,5.89911,33,27,rc,5.42,1.79069e+09,-3.09053,45,0.271865
5.421,4,0,nan,nan,nan,nan,0.710596,-0.0279253,0.00213059,4.55631,5.89911,33,27,rc,5.421,1.79069e+09,-3.07925,45,0.27186
5.422,4,0,nan,nan,nan,nan,0.710596,-0.0279253,-0.00639178,4.55631,5.89911,33,27,rc,5.422,1.79069e+09,-3.05669,45,0.271876
5.423,4,0,nan,nan,nan,nan,0.665479,0,0.00852238,4.55631,5.89911,33,27,rc,5.423,1.79069e+09,-3.07925,45,0.271889
5.424,4,0,nan,nan,nan,nan,0.665479,0,0.00639178,4.55631,5.89911,33,27,rc,5.424,1.79069e+09,-3.07925,45,0.271888
5.425,4,0,nan,nan,nan,nan,0.699316,0,0.00319589,4.55631,5.89911,33,27,rc,5.425,1.79069e+09,-3.06797,45,0.2719
5.426,4,0,nan,nan,nan,nan,0.699316,0,-0.00958767,4.55631,5.89911,33,27,rc,5.426,1.79069e+09,-3.06797,45,0.271915
5.427,4,0,nan,nan,nan,nan,0.620361,0,0.0127836,4.55631,5.89911,33,27,rc,5.427,1.79069e+09,-3.05669,45,0.271906
5.428,4,0,nan,nan,nan,nan,0.620361,0,-0.00319589,4.55631,5.89911,33,27,rc,5.428,1.79069e+09,-3.04541,45,0.271915
5.429,4,0,nan,nan,nan,nan,0.688037,0,-0.0010653,4.55631,5.89911,33,27,rc,5.429,1.79069e+09,-3.06797,45,0.271924
5.43,4,0,nan,nan,nan,nan,0.688037,0,0.0138489,4.55631,5.89911,33,27,rc,5.43,1.79069e+09,-3.06797,45,0.271933
5.431,4,0,nan,nan,nan,nan,0.676758,0.00872665,0.00852238,4.55631,5.89911,33,27,rc,5.431,1.79069e+09,-3.05669,45,0.271893
5.432,4,0,nan,nan,nan,nan,0.676758,0.00872665,0.00213059,4.55631,5.89911,33,27,rc,5.432,1.79069e+09,-3.05669,45,0.271866
5.433,4,0,nan,nan,nan,nan,0.563965,0,0.00532648,4.55631,5.89911,33,27,rc,5.433,1.79069e+09,-3.12437,45,0.271867
5.434,4,0,nan,nan,nan,nan,0.563965,0,0.00745708,4.55631,5.89911,33,27,rc,5.434,1.79069e+09,-3.10181,45,0.27186
5.435,4,0,nan,nan,nan,nan,0.597803,-0.0279253,0.00639178,4.55621,5.89911,33,27,rc,5.435,1.79069e+09,-3.07925,45,0.271854
5.436,4,0,nan,nan,nan,nan,0.597803,-0.0279253,-0.00745708,4.55621,5.89911,33,27,rc,5.436,1.79069e+09,-3.09053,45,0.271858
5.437,4,0,nan,nan,nan,nan,0.552686,0,0.00745708,4.55621,5.89911,33,27,rc,5.437,1.79069e+09,-3.06797,45,0.271853
5.438,4,0,nan,nan,nan,nan,0.552686,0,-6.52306e-20,4.55621,5.89911,33,27,rc,5.438,1.79069e+09,-3.07925,45,0.27185
5.439,4,0,nan,nan,nan,nan,0.665479,0.0122173,0.00426119,4.55631,5.89911,33,27,rc,5.439,1.79069e+09,-3.11309,45,0.27186
5.44,4,0,nan,nan,nan,nan,0.665479,0.0122173,3.91384e-19,4.55631,5.89911,33,27,rc,5.44,1.79069e+09,-3.07925,45,0.271847
5.441,4,0,nan,nan,nan,nan,0.64292,0.015708,-0.00213059,4.55631,5.89911,33,27,rc,5.441,1.79069e+09,-3.11309,45,0.27187
5.442,4,0,nan,nan,nan,nan,0.64292,0.015708,0.00532648,4.55631,5.89911,33,27,rc,5.442,1.79069e+09,-3.07925,45,0.271881
5.443,4,0,nan,nan,nan,nan,0.64292,0,-0.0010653,4.55631,5.89911,33,27,rc,5.443,1.79069e+09,-3.03413,45,0.27186
5.444,4,0,nan,nan,nan,nan,0.64292,0,0.0202406,4.55631,5.89911,33,27,rc,5.444,1.79069e+09,-3.07925,45,0.271841
5.445,4,0,nan,nan,nan,nan,0.586523,-0.00872665,0.0191753,4.55631,5.89911,33,27,rc,5.445,1.79069e+09,-3.11309,45,0.271847
5.446,4,0,nan,nan,nan,nan,0.586523,-0.00872665,-0.0010653,4.55631,5.89911,33,27,rc,5.446,1.79069e+09,-3.11309,45,0.271859
5.447,4,0,nan,nan,nan,nan,0.451172,0,-0.010653,4.55631,5.89921,33,27,rc,5.447,1.79069e+09,-3.09053,45,0.271874
5.448,4,0,nan,nan,nan,nan,0.451172,0,-0.00958767,4.55631,5.89921,33,27,rc,5.448,1.79069e+09,-3.05669,45,0.271901
5.449,4,0,nan,nan,nan,nan,0.586523,-0.0174533,-0.0010653,4.55621,5.89921,33,27,rc,5.449,1.79069e+09,-3.04541,45,0.271934
5.45,4,0,nan,nan,nan,nan,0.586523,-0.0174533,0.00958767,4.55621,5.89921,33,27,rc,5.45,1.79069e+09,-3.03413,45,0.271927
5.451,4,0,nan,nan,nan,nan,0.654199,0.0244346,0.00639178,4.55631,5.89921,33,27,rc,5.451,1.79069e+09,-3.03413,45,0.271903
5.452,4,0,nan,nan,nan,nan,0.654199,0.0244346,0.0010653,4.55631,5.89921,33,27,rc,5.452,1.79069e+09,-3.09053,45,0.271906
5.453,4,0,nan,nan,nan,nan,0.552686,0.010472,-0.00213059,4.55631,5.89921,33,27,rc,5.453,1.79069e+09,-3.07925,45,0.271918
5.454,4,0,nan,nan,nan,nan,0.552686,0.010472,-0.0010653,4.55631,5.89921,33,27,rc,5.454,1.79069e+09,-3.06797,45,0.271918
5.455,4,0,nan,nan,nan,nan,0.620361,-0.0418879,-0.00213059,4.55631,5.89921,33,27,rc,5.455,1.79069e+09,-3.05669,45,0.271925
5.456,4,0,nan,nan,nan,nan,0.620361,-0.0418879,-0.00319589,4.55631,5.89921,33,27,rc,5.456,1.79069e+09,-3.06797,45,0.27195
5.457,4,0,nan,nan,nan,nan,0.597803,0,-0.00958767,4.55621,5.89921,33,27,rc,5.457,1.79069e+09,-3.03413,45,0.271958
5.458,4,0,nan,nan,nan,nan,0.597803,0,-0.010653,4.55621,5.89921,33,27,rc,5.458,1.79069e+09,-3.03413,45,0.271944
5.459,4,0,nan,nan,nan,nan,0.654199,0.0174533,-0.0170448,4.55631,5.89921,33,27,rc,5.459,1.79069e+09,-3.07925,45,0.271947
5.46,4,0,nan,nan,nan,nan,0.654199,0.0174533,-0.00958767,4.55631,5.89921,33,27,rc,5.46,1.79069e+09,-3.11309,45,0.271964
5.461,4,0,nan,nan,nan,nan,0.654199,0.00523599,0.0117183,4.55631,5.89921,33,27,rc,5.461,1.79069e+09,-3.06797,45,0.271992
5.462,4,0,nan,nan,nan,nan,0.654199,0.00523599,-0.0010653,4.55631,5.89921,33,27,rc,5.462,1.79069e+09,-3.06797,45,0.272006
5.463,4,0,nan,nan,nan,nan,0.733154,0,0.0127836,4.55631,5.89921,33,27,rc,5.463,1.79069e+09,-3.03413,45,0.272002
5.464,4,0,nan,nan,nan,nan,0.733154,0,0.0127836,4.55631,5.89921,33,27,rc,5.464,1.79069e+09,-3.05669,45,0.27199
5.465,4,0,nan,nan,nan,nan,0.654199,0,0.0170448,4.55631,5.89921,33,27,rc,5.465,1.79069e+09,-3.10181,45,0.27199
5.466,4,0,nan,nan,nan,nan,0.654199,0,0.00213059,4.55631,5.89921,33,27,rc,5.466,1.79069e+09,-3.06797,45,0.271983
5.467,4,0,nan,nan,nan,nan,0.518848,-0.00872665,0.0010653,4.55631,5.89921,33,27,rc,5.467,1.79069e+09,-3.06797,45,0.271994
5.468,4,0,nan,nan,nan,nan,0.518848,-0.00872665,-0.00426119,4.55631,5.89921,33,27,rc,5.468,1.79069e+09,-3.07925,45,0.272011
5.469,4,0,nan,nan,nan,nan,0.575244,-0.015708,-0.00958767,4.55621,5.89921,33,27,rc,5.469,1.79069e+09,-3.06797,45,0.272017
5.47,4,0,nan,nan,nan,nan,0.575244,-0.015708,0.00958767,4.55621,5.89921,33,27,rc,5.47,1.79069e+09,-3.06797,45,0.272006
5.471,4,0,nan,nan,nan,nan,0.631641,0.00698132,0.00213059,4.55631,5.89921,33,27,rc,5.471,1.79069e+09,-3.10181,45,0.272006
5.472,4,0,nan,nan,nan,nan,0.631641,0.00698132,0.00213059,4.55631,5.89921,33,27,rc,5.472,1.79069e+09,-3.10181,45,0.271989
5.473,4,0,nan,nan,nan,nan,0.552686,0.00523599,0.00958767,4.55631,5.89921,33,27,rc,5.473,1.79069e+09,-3.07925,45,0.271975
5.474,4,0,nan,nan,nan,nan,0.552686,0.00523599,0.00639178,4.55631,5.89921,33,27,rc,5.474,1.79069e+09,-3.11309,45,0.271987
5.475,4,0,nan,nan,nan,nan,0.586523,-0.0174533,-0.00532648,4.55631,5.89921,33,27,rc,5.475,1.79069e+09,-3.07925,45,0.272002
5.476,4,0,nan,nan,nan,nan,0.586523,-0.0174533,-0.00639178,4.55631,5.89921,33,27,rc,5.476,1.79069e+09,-3.04541,45,0.272004
5.477,4,0,nan,nan,nan,nan,0.541406,0,0.00532648,4.55631,5.89921,33,27,rc,5.477,1.79069e+09,-3.04541,45,0.271992
5.478,4,0,nan,nan,nan,nan,0.541406,0,0.00852238,4.55631,5.89921,33,27,rc,5.478,1.79069e+09,-3.07925,45,0.271995
5.479,4,0,nan,nan,nan,nan,0.64292,0,0.0149142,4.55631,5.89921,33,27,rc,5.479,1.79069e+09,-3.06797,45,0.271989
5.48,4,0,nan,nan,nan,nan,0.64292,0,0.00532648,4.55631,5.89921,33,27,rc,5.48,1.79069e+09,-3.06797,45,0.271981
5.481,4,0,nan,nan,nan,nan,0.552686,0,-0.0010653,4.55631,5.89921,33,27,rc,5.481,1.79069e+09,-3.07925,45,0.271972
5.482,4,0,nan,nan,nan,nan,0.552686,0,-0.0010653,4.55631,5.89921,33,27,rc,5.482,1.79069e+09,-3.1582,45,0.271983
5.483,4,0,nan,nan,nan,nan,0.552686,0,0.0191753,4.55631,5.89921,33,27,rc,5.483,1.79069e+09,-3.07925,45,0.271992
5.484,4,0,nan,nan,nan,nan,0.552686,0,0.0117183,4.55631,5.89921,33,27,rc,5.484,1.79069e+09,-3.06797,45,0.271994
5.485,4,0,nan,nan,nan,nan,0.597803,0,0.0127836,4.55631,5.89921,33,27,rc,5.485,1.79069e+09,-3.06797,45,0.272
5.486,4,0,nan,nan,nan,nan,0.597803,0,-0.00319589,4.55631,5.89921,33,27,rc,5.486,1.79069e+09,-3.06797,45,0.271986
5.487,4,0,nan,nan,nan,nan,0.496289,0,-0.0010653,4.55631,5.89921,33,27,rc,5.487,1.79069e+09,-3.06797,45,0.271997
5.488,4,0,nan,nan,nan,nan,0.496289,0,0.0010653,4.55631,5.89921,33,27,rc,5.488,1.79069e+09,-3.09053,45,0.271998
5.489,4,0,nan,nan,nan,nan,0.597803,0,-0.0276977,4.55631,5.89921,33,27,rc,5.489,1.79069e+09,-3.04541,45,0.272005
5.49,4,0,nan,nan,nan,nan,0.597803,0,-0.0010653,4.55631,5.89921,33,27,rc,5.49,1.79069e+09,-3.06797,45,0.271997
5.491,4,0,nan,nan,nan,nan,0.530127,0,0.0117183,4.55631,5.89921,33,27,rc,5.491,1.79069e+09,-3.04541,45,0.272004
5.492,4,0,nan,nan,nan,nan,0.530127,0,0.00426119,4.55631,5.89921,33,27,rc,5.492,1.79069e+09,-3.07925,45,0.271986
5.493,4,0,nan,nan,nan,nan,0.552686,0,-0.00639178,4.55631,5.89921,33,27,rc,5.493,1.79069e+09,-3.06797,45,0.271965
5.494,4,0,nan,nan,nan,nan,0.552686,0,-0.00319589,4.55631,5.89921,33,27,rc,5.494,1.79069e+09,-3.11309,45,0.271964
5.495,4,0,nan,nan,nan,nan,0.575244,0,0.0127836,4.55631,5.89921,33,27,rc,5.495,1.79069e+09,-3.10181,45,0.27199
5.496,4,0,nan,nan,nan,nan,0.575244,0,0.00852238,4.55631,5.89921,33,27,rc,5.496,1.79069e+09,-3.07925,45,0.272028
5.497,4,0,nan,nan,nan,nan,0.631641,0,-0.00745708,4.55631,5.89921,33,27,rc,5.497,1.79069e+09,-3.04541,45,0.272033
5.498,4,0,nan,nan,nan,nan,0.631641,0,-0.0255671,4.55631,5.89921,33,27,rc,5.498,1.79069e+09,-3.01157,45,0.272034
5.499,4,0,nan,nan,nan,nan,0.541406,0,0.00639178,4.55631,5.89921,33,27,rc,5.499,1.79069e+09,-3.06797,45,0.272023
5.5,4,0,nan,nan,nan,nan,0.541406,0,0.00319589,4.55631,5.89921,33,27,rc,5.5,1.79069e+09,-3.07925,45,0.272014
5.501,4,0,nan,nan,nan,nan,0.80083,0,-0.0127836,4.55631,5.89921,33,27,rc,5.501,1.79069e+09,-3.07925,45,0.272012
5.502,4,0,nan,nan,nan,nan,0.80083,0,-0.00745708,4.55631,5.89921,33,27,rc,5.502,1.79069e+09,-3.07925,45,0.272039
5.503,4,0,nan,nan,nan,nan,0.620361,0.0331613,0.00213059,4.55631,5.89921,33,27,rc,5.503,1.79069e+09,-3.03413,45,0.272054
5.504,4,0,nan,nan,nan,nan,0.620361,0.0331613,0.00319589,4.55631,5.89921,33,27,rc,5.504,1.79069e+09,-3.03413,45,0.272033
5.505,4,0,nan,nan,nan,nan,0.710596,-0.00349066,-0.00532648,4.55631,5.89921,33,27,rc,5.505,1.79069e+09,-3.04541,45,0.272032
5.506,4,0,nan,nan,nan,nan,0.710596,-0.00349066,-0.0010653,4.55631,5.89921,33,27,rc,5.506,1.79069e+09,-3.10181,45,0.272063
5.507,4,0,nan,nan,nan,nan,0.609082,0,-0.0117183,4.55631,5.89921,33,27,rc,5.507,1.79069e+09,-3.05669,45,0.272065
5.508,4,0,nan,nan,nan,nan,0.609082,0,0.00213059,4.55631,5.89921,33,27,rc,5.508,1.79069e+09,-3.04541,45,0.272055
5.509,4,0,nan,nan,nan,nan,0.631641,0,0.010653,4.55631,5.89921,33,27,rc,5.509,1.79069e+09,-3.09053,45,0.272064
5.51,4,0,nan,nan,nan,nan,0.631641,0,-0.00745708,4.55631,5.89921,33,27,rc,5.51,1.79069e+09,-3.07925,45,0.272085
5.511,4,0,nan,nan,nan,nan,0.597803,0,-0.00958767,4.55631,5.89921,33,27,rc,5.511,1.79069e+09,-3.04541,45,0.272082
5.512,4,0,nan,nan,nan,nan,0.597803,0,-0.00639178,4.55631,5.89921,33,27,rc,5.512,1.79069e+09,-3.04541,45,0.272067
5.513,4,0,nan,nan,nan,nan,0.654199,0,-0.00745708,4.55631,5.89921,33,27,rc,5.513,1.79069e+09,-3.07925,45,0.272065
5.514,4,0,nan,nan,nan,nan,0.654199,0,0.0245018,4.55631,5.89921,33,27,rc,5.514,1.79069e+09,-3.09053,45,0.272058
5.515,4,0,nan,nan,nan,nan,0.688037,0,0.0127836,4.55631,5.89921,33,27,rc,5.515,1.79069e+09,-3.06797,45,0.272048
5.516,4,0,nan,nan,nan,nan,0.688037,0,0.00745708,4.55631,5.89921,33,27,rc,5.516,1.79069e+09,-3.06797,45,0.272056
5.517,4,0,nan,nan,nan,nan,0.439893,0.00872665,0.00745708,4.55631,5.89921,33,27,rc,5.517,1.79069e+09,-3.07925,45,0.27205
5.518,4,0,nan,nan,nan,nan,0.439893,0.00872665,0.00213059,4.55631,5.89921,33,27,rc,5.518,1.79069e+09,-3.05669,45,0.272043
5.519,4,0,nan,nan,nan,nan,0.507568,-0.0453786,-0.010653,4.55621,5.89921,33,27,rc,5.519,1.79069e+09,-3.07925,45,0.272029
5.52,4,0,nan,nan,nan,nan,0.507568,-0.0453786,-0.010653,4.55621,5.89921,33,27,rc,5.52,1.79069e+09,-3.07925,45,0.27202
5.521,4,0,nan,nan,nan,nan,0.541406,0.00174533,0.00745708,4.55621,5.89921,33,27,rc,5.521,1.79069e+09,-3.09053,45,0.272025
5.522,4,0,nan,nan,nan,nan,0.541406,0.00174533,0.010653,4.55621,5.89921,33,27,rc,5.522,1.79069e+09,-3.10181,45,0.272025
5.523,4,0,nan,nan,nan,nan,0.676758,0.0383972,0.0010653,4.55631,5.89921,33,27,rc,5.523,1.79069e+09,-3.06797,45,0.272025
5.524,4,0,nan,nan,nan,nan,0.676758,0.0383972,0.00958767,4.55631,5.89921,33,27,rc,5.524,1.79069e+09,-3.07925,45,0.272035
5.525,4,0,nan,nan,nan,nan,0.530127,0,-0.00745708,4.55631,5.89921,33,27,rc,5.525,1.79069e+09,-3.06797,45,0.272024
5.526,4,0,nan,nan,nan,nan,0.530127,0,0.00213059,4.55631,5.89921,33,27,rc,5.526,1.79069e+09,-3.06797,45,0.272021
5.527,4,0,nan,nan,nan,nan,0.530127,-0.0471239,0.00745708,4.55621,5.89921,33,27,rc,5.527,1.79069e+09,-3.10181,45,0.272002
5.528,4,0,nan,nan,nan,nan,0.530127,-0.0471239,0.010653,4.55621,5.89921,33,27,rc,5.528,1.79069e+09,-3.10181,45,0.272003
5.529,4,0,nan,nan,nan,nan,0.541406,0,0.0138489,4.55621,5.89921,33,27,rc,5.529,1.79069e+09,-3.09053,45,0.272013
5.53,4,0,nan,nan,nan,nan,0.541406,0,-0.00852238,4.55621,5.89921,33,27,rc,5.53,1.79069e+09,-3.07925,45,0.272019
5.531,4,0,nan,nan,nan,nan,0.48501,0.0261799,-0.00958767,4.55631,5.89921,33,27,rc,5.531,1.79069e+09,-3.05669,45,0.27204
5.532,4,0,nan,nan,nan,nan,0.48501,0.0261799,0.0010653,4.55631,5.89921,33,27,rc,5.532,1.79069e+09,-3.06797,45,0.27203
5.533,4,0,nan,nan,nan,nan,0.64292,0,-0.00213059,4.55631,5.89921,33,27,rc,5.533,1.79069e+09,-3.04541,45,0.272022
5.534,4,0,nan,nan,nan,nan,0.64292,0,0.0202406,4.55631,5.89921,33,27,rc,5.534,1.79069e+09,-3.10181,45,0.272027
5.535,4,0,nan,nan,nan,nan,0.597803,0,0.0138489,4.55631,5.89921,33,27,rc,5.535,1.79069e+09,-3.09053,45,0.272038
5.536,4,0,nan,nan,nan,nan,0.597803,0,-0.00319589,4.55631,5.89921,33,27,rc,5.536,1.79069e+09,-3.05669,45,0.272048
5.537,4,0,nan,nan,nan,nan,0.439893,0,0.00639178,4.55631,5.89921,33,27,rc,5.537,1.79069e+09,-3.05669,45,0.272069
5.538,4,0,nan,nan,nan,nan,0.439893,0,0.010653,4.55631,5.89921,33,27,rc,5.538,1.79069e+09,-3.05669,45,0.272081
5.539,4,0,nan,nan,nan,nan,0.586523,-0.0174533,0.00532648,4.55621,5.89921,33,27,rc,5.539,1.79069e+09,-3.04541,45,0.272088
5.54,4,0,nan,nan,nan,nan,0.586523,-0.0174533,0.00852238,4.55621,5.89921,33,27,rc,5.54,1.79069e+09,-3.03413,45,0.272073
5.541,4,0,nan,nan,nan,nan,0.496289,0.020944,-0.0010653,4.55621,5.89921,33,27,rc,5.541,1.79069e+09,-3.09053,45,0.272087
5.542,4,0,nan,nan,nan,nan,0.496289,0.020944,-0.0159795,4.55621,5.89921,33,27,rc,5.542,1.79069e+09,-3.07925,45,0.272099
5.543,4,0,nan,nan,nan,nan,0.507568,0,-0.00532648,4.55631,5.89921,33,27,rc,5.543,1.79069e+09,-3.06797,45,0.272113
5.544,4,0,nan,nan,nan,nan,0.507568,0,0.00426119,4.55631,5.89921,33,27,rc,5.544,1.79069e+09,-3.05669,45,0.272142
5.545,4,0,nan,nan,nan,nan,0.676758,0,0.00639178,4.55621,5.89921,33,27,rc,5.545,1.79069e+09,-3.03413,45,0.27214
5.546,4,0,nan,nan,nan,nan,0.676758,0,0.00426119,4.55621,5.89921,33,27,rc,5.546,1.79069e+09,-3.03413,45,0.272158
5.547,4,0,nan,nan,nan,nan,0.586523,0.0349066,-0.01811,4.55631,5.89921,33,27,rc,5.547,1.79069e+09,-3.07925,45,0.272168
5.548,4,0,nan,nan,nan,nan,0.586523,0.0349066,-0.00426119,4.55631,5.89921,33,27,rc,5.548,1.79069e+09,-3.05669,45,0.272168
5.549,4,0,nan,nan,nan,nan,0.586523,-0.010472,0.0234365,4.55631,5.89921,33,27,rc,5.549,1.79069e+09,-3.06797,45,0.272177
5.55,4,0,nan,nan,nan,nan,0.586523,-0.010472,0.0010653,4.55631,5.89921,33,27,rc,5.55,1.79069e+09,-3.05669,45,0.272195
5.551,4,0,nan,nan,nan,nan,0.64292,-0.00872665,-0.00319589,4.55631,5.89921,33,27,rc,5.551,1.79069e+09,-3.04541,45,0.272188
5.552,4,0,nan,nan,nan,nan,0.64292,-0.00872665,0.00426119,4.55631,5.89921,33,27,rc,5.552,1.79069e+09,-3.02285,45,0.27218
5.553,4,0,nan,nan,nan,nan,0.552686,0.0174533,0.0127836,4.55631,5.89921,33,27,rc,5.553,1.79069e+09,-3.07925,45,0.272159
5.554,4,0,nan,nan,nan,nan,0.552686,0.0174533,0.00426119,4.55631,5.89921,33,27,rc,5.554,1.79069e+09,-3.09053,45,0.272136
5.555,4,0,nan,nan,nan,nan,0.609082,0.00872665,0.0010653,4.55631,5.89921,33,27,rc,5.555,1.79069e+09,-3.10181,45,0.27214
5.556,4,0,nan,nan,nan,nan,0.609082,0.00872665,-0.00745708,4.55631,5.89921,33,27,rc,5.556,1.79069e+09,-3.09053,45,0.272149
5.557,4,0,nan,nan,nan,nan,0.541406,-0.00872665,-0.0149142,4.55631,5.89921,33,27,rc,5.557,1.79069e+09,-3.11309,45,0.272178
5.558,4,0,nan,nan,nan,nan,0.541406,-0.00872665,0.00852238,4.55631,5.89921,33,27,rc,5.558,1.79069e+09,-3.07925,45,0.272184
5.559,4,0,nan,nan,nan,nan,0.699316,0,0.0138489,4.55631,5.89921,33,27,rc,5.559,1.79069e+09,-3.03413,45,0.272177
5.56,4,0,nan,nan,nan,nan,0.699316,0,0.0276977,4.55631,5.89921,33,27,rc,5.56,1.79069e+09,-3.06797,45,0.272165
5.561,4,0,nan,nan,nan,nan,0.597803,0.00698132,0.0159795,4.55631,5.89921,33,27,rc,5.561,1.79069e+09,-3.11309,45,0.272152
5.562,4,0,nan,nan,nan,nan,0.597803,0.00698132,-0.00426119,4.55631,5.89921,33,27,rc,5.562,1.79069e+09,-3.09053,45,0.272144
5.563,4,0,nan,nan,nan,nan,0.462451,-0.0122173,0.00958767,4.55631,5.89921,33,27,rc,5.563,1.79069e+09,-3.11309,45,0.272143
5.564,4,0,nan,nan,nan,nan,0.462451,-0.0122173,-0.010653,4.55631,5.89921,33,27,rc,5.564,1.79069e+09,-3.06797,45,0.272146
5.565,4,0,nan,nan,nan,nan,0.609082,-0.00872665,0.00639178,4.55621,5.89921,33,27,rc,5.565,1.79069e+09,-3.07925,45,0.272155
5.566,4,0,nan,nan,nan,nan,0.609082,-0.00872665,0.00852238,4.55621,5.89921,33,27,rc,5.566,1.79069e+09,-3.05669,45,0.272152
5.567,4,0,nan,nan,nan,nan,0.778271,0.0837758,0.00426119,4.55631,5.89921,33,27,rc,5.567,1.79069e+09,-3.07925,45,0.272152
5.568,4,0,nan,nan,nan,nan,0.778271,0.0837758,0.0010653,4.55631,5.89921,33,27,rc,5.568,1.79069e+09,-3.05669,45,0.272145
5.569,4,0,nan,nan,nan,nan,0.64292,0.0191986,0.0202406,4.5564,5.89921,33,27,rc,5.569,1.79069e+09,-3.07925,45,0.272127
5.57,4,0,nan,nan,nan,nan,0.64292,0.0191986,0.0010653,4.5564,5.89921,33,27,rc,5.57,1.79069e+09,-3.07925,45,0.272137
5.571,4,0,nan,nan,nan,nan,0.766992,-0.0401426,0.00213059,4.5564,5.89921,33,27,rc,5.571,1.79069e+09,-3.07925,45,0.27216
5.572,4,0,nan,nan,nan,nan,0.766992,-0.0401426,0.0149142,4.5564,5.89921,33,27,rc,5.572,1.79069e+09,-3.05669,45,0.272171
5.573,4,0,nan,nan,nan,nan,0.766992,0,0.0159795,4.55631,5.89921,33,27,rc,5.573,1.79069e+09,-3.03413,45,0.27217
5.574,4,0,nan,nan,nan,nan,0.766992,0,0.0330242,4.55631,5.89921,33,27,rc,5.574,1.79069e+09,-3.05669,45,0.272157
5.575,4,0,nan,nan,nan,nan,0.733154,0.015708,0.00745708,4.5564,5.89921,33,27,rc,5.575,1.79069e+09,-3.06797,45,0.272161
5.576,4,0,nan,nan,nan,nan,0.733154,0.015708,-0.0010653,4.5564,5.89921,33,27,rc,5.576,1.79069e+09,-3.07925,45,0.272162
5.577,4,0,nan,nan,nan,nan,0.530127,-0.00523599,0.00745708,4.5564,5.89921,33,27,rc,5.577,1.79069e+09,-3.03413,45,0.27215
5.578,4,0,nan,nan,nan,nan,0.530127,-0.00523599,0.00213059,4.5564,5.89931,33,27,rc,5.578,1.79069e+09,-3.06797,45,0.272185
5.579,4,0,nan,nan,nan,nan,0.845947,-0.00872665,0.00958767,4.55631,5.89931,33,27,rc,5.579,1.79069e+09,-3.05669,45,0.272216
5.58,4,0,nan,nan,nan,nan,0.845947,-0.00872665,-0.0117183,4.55631,5.89931,33,27,rc,5.58,1.79069e+09,-3.01157,45,0.272216
5.581,4,0,nan,nan,nan,nan,0.834668,0.0750492,0.00426119,4.5564,5.89931,33,27,rc,5.581,1.79069e+09,-3.02285,45,0.272208
5.582,4,0,nan,nan,nan,nan,0.834668,0.0750492,-0.0159795,4.5564,5.89931,33,27,rc,5.582,1.79069e+09,-3.05669,45,0.272193
5.583,4,0,nan,nan,nan,nan,1.0377,0.0558505,-0.010653,4.55659,5.89931,33,27,rc,5.583,1.79069e+09,-3.07925,45,0.272197
5.584,4,0,nan,nan,nan,nan,1.0377,0.0558505,0.010653,4.55659,5.89931,33,27,rc,5.584,1.79069e+09,-3.06797,45,0.272225
5.585,4,0,nan,nan,nan,nan,1.17305,0.0453786,0.00532648,4.55669,5.89931,33,27,rc,5.585,1.79069e+09,-3.04541,45,0.27225
5.586,4,0,nan,nan,nan,nan,1.17305,0.0453786,0.0170448,4.55669,5.89931,33,27,rc,5.586,1.79069e+09,-3.03413,45,0.272248
5.587,4,0,nan,nan,nan,nan,1.0377,0.0174533,0.0138489,4.55669,5.89931,33,27,rc,5.587,1.79069e+09,-3.03413,45,0.272262
5.588,4,0,nan,nan,nan,nan,1.0377,0.0174533,0.01811,4.55669,5.89931,33,27,rc,5.588,1.79069e+09,-3.05669,45,0.272253
5.589,4,0,nan,nan,nan,nan,1.01514,-0.00872665,0.0149142,4.55669,5.89931,33,27,rc,5.589,1.79069e+09,-3.05669,45,0.272267
5.59,4,0,nan,nan,nan,nan,1.01514,-0.00872665,0.039416,4.55669,5.89931,33,27,rc,5.59,1.79069e+09,-3.06797,45,0.272305
5.591,4,0,nan,nan,nan,nan,1.00386,-0.00872665,0.0223712,4.55669,5.89931,33,27,rc,5.591,1.79069e+09,-3.04541,45,0.272322
5.592,4,0,nan,nan,nan,nan,1.00386,-0.00872665,0.0223712,4.55669,5.89931,33,27,rc,5.592,1.79069e+09,-3.00029,45,0.272305
5.593,4,0,nan,nan,nan,nan,0.891064,0.0174533,0.0468731,4.55669,5.89931,33,27,rc,5.593,1.79069e+09,-3.05669,45,0.272322
5.594,4,0,nan,nan,nan,nan,0.891064,0.0174533,0.0372854,4.55669,5.89931,33,27,rc,5.594,1.79069e+09,-3.05669,45,0.272322
5.595,4,0,nan,nan,nan,nan,1.11665,0.00523599,0.0255671,4.55669,5.89931,33,27,rc,5.595,1.79069e+09,-3.04541,45,0.272307
5.596,4,0,nan,nan,nan,nan,1.11665,0.00523599,0.0202406,4.55669,5.89931,33,27,rc,5.596,1.79069e+09,-3.06797,45,0.272301
5.597,4,0,nan,nan,nan,nan,1.0377,0.0488692,0.0213059,4.55679,5.89931,33,27,rc,5.597,1.79069e+09,-3.07925,45,0.272311
5.598,4,0,nan,nan,nan,nan,1.0377,0.0488692,0.0159795,4.55679,5.89931,33,27,rc,5.598,1.79069e+09,-3.04541,45,0.27234
5.599,4,0,nan,nan,nan,nan,1.17305,0.0558505,0.0127836,4.55688,5.89931,33,27,rc,5.599,1.79069e+09,-3.02285,45,0.272349
5.6,4,0,nan,nan,nan,nan,1.17305,0.0558505,0.0308936,4.55688,5.89931,33,27,rc,5.6,1.79069e+09,-3.02285,45,0.272339
5.601,4,0,nan,nan,nan,nan,1.31968,0.101229,0.0436772,4.55707,5.89931,33,27,rc,5.601,1.79069e+09,-3.13564,45,0.272322
5.602,4,0,nan,nan,nan,nan,1.31968,0.101229,0.0308936,4.55707,5.89931,33,27,rc,5.602,1.79069e+09,-3.10181,45,0.272335
5.603,4,0,nan,nan,nan,nan,1.36479,0.0890118,0.039416,4.55727,5.89931,33,27,rc,5.603,1.79069e+09,-3.06797,45,0.272356
5.604,4,0,nan,nan,nan,nan,1.36479,0.0890118,0.0308936,4.55727,5.89931,33,27,rc,5.604,1.79069e+09,-3.04541,45,0.272376
5.605,4,0,nan,nan,nan,nan,1.40991,0.0471239,0.0404813,4.55736,5.89931,33,27,rc,5.605,1.79069e+09,-3.11309,45,0.272402
5.606,4,0,nan,nan,nan,nan,1.40991,0.0471239,0.0628525,4.55736,5.89931,33,27,rc,5.606,1.79069e+09,-3.02285,45,0.272388
5.607,4,0,nan,nan,nan,nan,1.51143,0.0471239,0.0585913,4.55746,5.89931,33,27,rc,5.607,1.79069e+09,-3.01157,45,0.272381
5.608,4,0,nan,nan,nan,nan,1.51143,0.0471239,0.039416,4.55746,5.89931,33,27,rc,5.608,1.79069e+09,-3.07925,45,0.272374
5.609,4,0,nan,nan,nan,nan,1.3084,0.0523599,0.0660484,4.55765,5.89931,33,27,rc,5.609,1.79069e+09,-3.07925,45,0.272367
5.61,4,0,nan,nan,nan,nan,1.3084,0.0523599,0.0521996,4.55765,5.89931,33,27,rc,5.61,1.79069e+09,-3.1582,45,0.2724
5.611,4,0,nan,nan,nan,nan,1.52271,0.0418879,0.0532648,4.55765,5.89931,33,27,rc,5.611,1.79069e+09,-3.05669,45,0.272428
5.612,4,0,nan,nan,nan,nan,1.52271,0.0418879,0.0745708,4.55765,5.89931,33,27,rc,5.612,1.79069e+09,-3.10181,45,0.272423
5.613,4,0,nan,nan,nan,nan,1.51143,0.125664,0.0671137,4.55794,5.89931,33,27,rc,5.613,1.79069e+09,-3.10181,45,0.272417
5.614,4,0,nan,nan,nan,nan,1.51143,0.125664,0.0617872,4.55794,5.89931,33,27,rc,5.614,1.79069e+09,-3.1582,45,0.272409
5.615,4,0,nan,nan,nan,nan,1.42119,0.106465,0.0724402,4.55813,5.89931,33,27,rc,5.615,1.79069e+09,-3.1582,45,0.27242
5.616,4,0,nan,nan,nan,nan,1.42119,0.106465,0.101203,4.55813,5.89931,33,27,rc,5.616,1.79069e+09,-3.14692,45,0.272432
5.617,4,0,nan,nan,nan,nan,1.59038,0.0802851,0.0937461,4.55832,5.89931,33,27,rc,5.617,1.79069e+09,-3.13564,45,0.272473
5.618,4,0,nan,nan,nan,nan,1.59038,0.0802851,0.0873543,4.55832,5.89931,33,27,rc,5.618,1.79069e+09,-3.12437,45,0.272494
5.619,4,0,nan,nan,nan,nan,1.37607,0.0977384,0.0948114,4.55851,5.89931,33,27,rc,5.619,1.79069e+09,-3.07925,45,0.272498
5.62,4,0,nan,nan,nan,nan,1.37607,0.0977384,0.0777667,4.55851,5.89931,33,27,rc,5.62,1.79069e+09,-3.11309,45,0.272519
5.621,4,0,nan,nan,nan,nan,1.51143,0.0645772,0.0809626,4.55861,5.8994,33,27,rc,5.621,1.79069e+09,-3.11309,45,0.27253
5.622,4,0,nan,nan,nan,nan,1.51143,0.0645772,0.0937461,4.55861,5.8994,33,27,rc,5.622,1.79069e+09,-3.07925,45,0.272521
5.623,4,0,nan,nan,nan,nan,1.65806,0.150098,0.0958767,4.5589,5.8994,33,27,rc,5.623,1.79069e+09,-3.11309,45,0.272524
5.624,4,0,nan,nan,nan,nan,1.65806,0.150098,0.115052,4.5589,5.8994,33,27,rc,5.624,1.79069e+09,-3.13564,45,0.272523
5.625,4,0,nan,nan,nan,nan,1.66934,0.223402,0.125705,4.55937,5.8994,33,27,rc,5.625,1.79069e+09,-3.11309,45,0.272535
5.626,4,0,nan,nan,nan,nan,1.66934,0.223402,0.105464,4.55937,5.8994,33,27,rc,5.626,1.79069e+09,-3.03413,45,0.272558
5.627,4,0,nan,nan,nan,nan,1.61294,0.178024,0.123574,4.55976,5.8994,33,27,rc,5.627,1.79069e+09,-3.11309,45,0.272564
5.628,4,0,nan,nan,nan,nan,1.61294,0.178024,0.12677,4.55976,5.8994,33,27,rc,5.628,1.79069e+09,-3.10181,45,0.272583
5.629,4,0,nan,nan,nan,nan,1.75957,0.120428,0.128901,4.55995,5.8994,33,27,rc,5.629,1.79069e+09,-3.13564,45,0.272583
5.63,4,0,nan,nan,nan,nan,1.75957,0.120428,0.156599,4.55995,5.8994,33,27,rc,5.63,1.79069e+09,-3.11309,45,0.272611
5.631,4,0,nan,nan,nan,nan,1.66934,0.125664,0.156599,4.56024,5.8994,33,27,rc,5.631,1.79069e+09,-3.12437,45,0.272648
5.632,4,0,nan,nan,nan,nan,1.66934,0.125664,0.154468,4.56024,5.8994,33,27,rc,5.632,1.79069e+09,-3.10181,45,0.272683
5.633,4,0,nan,nan,nan,nan,1.47759,0.10821,0.165121,4.56052,5.8994,33,27,rc,5.633,1.79069e+09,-3.09053,45,0.272732
5.634,4,0,nan,nan,nan,nan,1.47759,0.10821,0.165121,4.56052,5.8994,33,27,rc,5.634,1.79069e+09,-3.05669,45,0.272726
5.635,4,0,nan,nan,nan,nan,1.52271,0.106465,0.171513,4.56072,5.8994,33,27,rc,5.635,1.79069e+09,-3.06797,45,0.272726
5.636,4,0,nan,nan,nan,nan,1.52271,0.106465,0.185362,4.56072,5.8994,33,27,rc,5.636,1.79069e+09,-3.11309,45,0.272726
5.637,4,0,nan,nan,nan,nan,1.46631,0.179769,0.202406,4.561,5.8994,33,27,rc,5.637,1.79069e+09,-3.03413,45,0.272734
5.638,4,0,nan,nan,nan,nan,1.46631,0.179769,0.209863,4.561,5.8995,33,27,rc,5.638,1.79069e+09,-3.10181,45,0.272752
5.639,4,0,nan,nan,nan,nan,1.37607,0.219911,0.180035,4.56148,5.8995,33,27,rc,5.639,1.79069e+09,-3.05669,45,0.272753
5.64,4,0,nan,nan,nan,nan,1.37607,0.219911,0.175774,4.56148,5.8995,33,27,rc,5.64,1.79069e+09,-3.06797,45,0.272761
5.641,4,0,nan,nan,nan,nan,1.22944,0.185005,0.183231,4.56187,5.8995,33,27,rc,5.641,1.79069e+09,-3.07925,45,0.27274
5.642,4,0,nan,nan,nan,nan,1.22944,0.185005,0.182166,4.56187,5.8995,33,27,rc,5.642,1.79069e+09,-3.07925,45,0.272726
5.643,4,0,nan,nan,nan,nan,1.54526,0.185005,0.221582,4.56215,5.8995,33,27,rc,5.643,1.79069e+09,-3.12437,45,0.272762
5.644,4,0,nan,nan,nan,nan,1.54526,0.185005,0.210929,4.56215,5.8995,33,27,rc,5.644,1.79069e+09,-3.02285,45,0.272784
5.645,4,0,nan,nan,nan,nan,1.61294,0.31765,0.176839,4.56283,5.8995,33,27,rc,5.645,1.79069e+09,-3.06797,45,0.27281
5.646,4,0,nan,nan,nan,nan,1.61294,0.31765,0.194949,4.56283,5.8995,33,27,rc,5.646,1.79069e+09,-3.00029,45,0.272827
5.647,4,0,nan,nan,nan,nan,1.54526,0.319395,0.223712,4.5635,5.8995,33,27,rc,5.647,1.79069e+09,-3.05669,45,0.272809
5.648,4,0,nan,nan,nan,nan,1.54526,0.319395,0.209863,4.5635,5.8995,33,27,rc,5.648,1.79069e+09,-3.06797,45,0.27283
5.649,4,0,nan,nan,nan,nan,1.89492,0.253073,0.223712,4.56398,5.89959,33,27,rc,5.649,1.79069e+09,-3.12437,45,0.272854
5.65,4,0,nan,nan,nan,nan,1.89492,0.253073,0.238627,4.56398,5.89959,33,27,rc,5.65,1.79069e+09,-3.06797,45,0.272859
5.651,4,0,nan,nan,nan,nan,1.83853,0.256563,0.229039,4.56455,5.89959,33,27,rc,5.651,1.79069e+09,-3.06797,45,0.272872
5.652,4,0,nan,nan,nan,nan,1.83853,0.256563,0.237561,4.56455,5.89959,33,27,rc,5.652,1.79069e+09,-3.11309,45,0.272898
5.653,4,0,nan,nan,nan,nan,1.75957,0.23911,0.246084,4.56494,5.89959,33,27,rc,5.653,1.79069e+09,-3.06797,45,0.272923
5.654,4,0,nan,nan,nan,nan,1.75957,0.23911,0.241822,4.56494,5.89969,33,27,rc,5.654,1.79069e+09,-3.05669,45,0.27294
5.655,4,0,nan,nan,nan,nan,1.91748,0.235619,0.247149,4.56551,5.89969,33,27,rc,5.655,1.79069e+09,-3.04541,45,0.272924
5.656,4,0,nan,nan,nan,nan,1.91748,0.235619,0.278043,4.56551,5.89969,33,27,rc,5.656,1.79069e+09,-3.06797,45,0.27292
5.657,4,0,nan,nan,nan,nan,1.89492,0.298451,0.253541,4.56599,5.89969,33,27,rc,5.657,1.79069e+09,-3.09053,45,0.272925
5.658,4,0,nan,nan,nan,nan,1.89492,0.298451,0.270585,4.56599,5.89969,33,27,rc,5.658,1.79069e+09,-3.09053,45,0.27295
5.659,4,0,nan,nan,nan,nan,1.8498,0.342085,0.302544,4.56676,5.89969,33,27,rc,5.659,1.79069e+09,-3.05669,45,0.272962
5.66,4,0,nan,nan,nan,nan,1.8498,0.342085,0.2855,4.56676,5.89969,33,27,rc,5.66,1.79069e+09,-3.04541,45,0.272965
5.661,4,0,nan,nan,nan,nan,1.94004,0.314159,0.290826,4.56733,5.89969,33,27,rc,5.661,1.79069e+09,-3.05669,45,0.272966
5.662,4,0,nan,nan,nan,nan,1.94004,0.314159,0.314263,4.56733,5.89969,33,27,rc,5.662,1.79069e+09,-3.05669,45,0.272957
5.663,4,0,nan,nan,nan,nan,2.03027,0.349066,0.306806,4.568,5.89979,33,27,rc,5.663,1.79069e+09,-3.06797,45,0.272977
5.664,4,0,nan,nan,nan,nan,2.03027,0.349066,0.312132,4.568,5.89979,33,27,rc,5.664,1.79069e+09,-3.00029,45,0.272995
5.665,4,0,nan,nan,nan,nan,1.74829,0.314159,0.32172,4.56867,5.89979,33,27,rc,5.665,1.79069e+09,-3.05669,45,0.272981
5.666,4,0,nan,nan,nan,nan,1.74829,0.314159,0.32385,4.56867,5.89979,33,27,rc,5.666,1.79069e+09,-3.06797,45,0.273001
5.667,4,0,nan,nan,nan,nan,1.87236,0.296706,0.322785,4.56925,5.89979,33,27,rc,5.667,1.79069e+09,-3.06797,45,0.273029
5.668,4,0,nan,nan,nan,nan,1.87236,0.296706,0.331307,4.56925,5.89979,33,27,rc,5.668,1.79069e+09,-3.03413,45,0.273037
5.669,4,0,nan,nan,nan,nan,1.89492,0.385718,0.350483,4.57002,5.89988,33,27,rc,5.669,1.79069e+09,-3.02285,45,0.273034
5.67,4,0,nan,nan,nan,nan,1.89492,0.385718,0.362201,4.57002,5.89988,33,27,rc,5.67,1.79069e+09,-3.05669,45,0.272994
5.671,4,0,nan,nan,nan,nan,1.94004,0.472984,0.373919,4.57088,5.89988,33,27,rc,5.671,1.79069e+09,-3.06797,45,0.272989
5.672,4,0,nan,nan,nan,nan,1.94004,0.472984,0.377115,4.57088,5.89988,33,27,rc,5.672,1.79069e+09,-3.11309,45,0.273
5.673,4,0,nan,nan,nan,nan,1.89492,0.481711,0.379246,4.57193,5.89998,33,27,rc,5.673,1.79069e+09,-3.05669,45,0.273025
5.674,4,0,nan,nan,nan,nan,1.89492,0.481711,0.390964,4.57193,5.89998,33,27,rc,5.674,1.79069e+09,-3.02285,45,0.273058
5.675,4,0,nan,nan,nan,nan,1.95132,0.39619,0.408009,4.5727,5.89998,33,27,rc,5.675,1.79069e+09,-3.01157,45,0.273048
5.676,4,0,nan,nan,nan,nan,1.95132,0.39619,0.415466,4.5727,5.90007,33,27,rc,5.676,1.79069e+09,-3.02285,45,0.273039
5.677,4,0,nan,nan,nan,nan,1.98516,0.357792,0.395225,4.57347,5.90007,33,27,rc,5.677,1.79069e+09,-3.06797,45,0.273041
5.678,4,0,nan,nan,nan,nan,1.98516,0.357792,0.403748,4.57347,5.90017,33,27,rc,5.678,1.79069e+09,-3.09053,45,0.273034
5.679,4,0,nan,nan,nan,nan,1.94004,0.404916,0.425053,4.57423,5.90017,33,27,rc,5.679,1.79069e+09,-3.06797,45,0.273057
5.68,4,0,nan,nan,nan,nan,1.94004,0.404916,0.441033,4.57423,5.90017,33,27,rc,5.68,1.79069e+09,-3.03413,45,0.27306
5.681,4,0,nan,nan,nan,nan,2.13179,0.483456,0.433576,4.57519,5.90027,33,27,rc,5.681,1.79069e+09,-3.02285,45,0.273054
5.682,4,0,nan,nan,nan,nan,2.13179,0.483456,0.441033,4.57519,5.90027,33,27,rc,5.682,1.79069e+09,-3.03413,45,0.273049
5.683,4,0,nan,nan,nan,nan,1.9626,0.525344,0.444229,4.57625,5.90036,33,27,rc,5.683,1.79069e+09,-3.05669,45,0.273026
5.684,4,0,nan,nan,nan,nan,1.9626,0.525344,0.453816,4.57625,5.90036,33,27,rc,5.684,1.79069e+09,-3.05669,45,0.273021
5.685,4,0,nan,nan,nan,nan,2.08667,0.429351,0.462339,4.57711,5.90036,33,27,rc,5.685,1.79069e+09,-3.06797,45,0.273001
5.686,4,0,nan,nan,nan,nan,2.08667,0.429351,0.488971,4.57711,5.90046,33,27,rc,5.686,1.79069e+09,-3.05669,45,0.272989
5.687,4,0,nan,nan,nan,nan,2.13179,0.455531,0.48471,4.57807,5.90046,33,27,rc,5.687,1.79069e+09,-3.01157,45,0.273001
5.688,4,0,nan,nan,nan,nan,2.13179,0.455531,0.481514,4.57807,5.90046,33,27,rc,5.688,1.79069e+09,-3.04541,45,0.273006
5.689,4,0,nan,nan,nan,nan,2.01899,0.539307,0.497494,4.57912,5.90055,33,27,rc,5.689,1.79069e+09,-3.02285,45,0.272993
5.69,4,0,nan,nan,nan,nan,2.01899,0.539307,0.524126,4.57912,5.90055,33,27,rc,5.69,1.79069e+09,-3.02285,45,0.272936
5.691,4,0,nan,nan,nan,nan,2.24458,0.565487,0.524126,4.58018,5.90055,33,27,rc,5.691,1.79069e+09,-3.09053,45,0.272907
5.692,4,0,nan,nan,nan,nan,2.24458,0.565487,0.493232,4.58018,5.90065,33,27,rc,5.692,1.79069e+09,-3.11309,45,0.27291
5.693,4,0,nan,nan,nan,nan,2.14307,0.586431,0.512408,4.58143,5.90065,33,27,rc,5.693,1.79069e+09,-3.07925,45,0.272879
5.694,4,0,nan,nan,nan,nan,2.14307,0.586431,0.529453,4.58143,5.90065,33,27,rc,5.694,1.79069e+09,-3.03413,45,0.272861
5.695,4,0,nan,nan,nan,nan,2.58296,0.577704,0.53691,4.58258,5.90074,33,27,rc,5.695,1.79069e+09,-3.06797,45,0.272834
5.696,4,0,nan,nan,nan,nan,2.58296,0.577704,0.563542,4.58258,5.90074,33,27,rc,5.696,1.79069e+09,-3.01157,45,0.272817
5.697,4,0,nan,nan,nan,nan,2.42505,0.670206,0.572064,4.58382,5.90084,33,27,rc,5.697,1.79069e+09,-3.01157,45,0.272806
5.698,4,0,nan,nan,nan,nan,2.42505,0.670206,0.567803,4.58382,5.90084,33,27,rc,5.698,1.79069e+09,-3.02285,45,0.272761
5.699,4,0,nan,nan,nan,nan,2.34609,0.541052,0.569934,4.58497,5.90094,33,27,rc,5.699,1.79069e+09,-3.01157,45,0.272744
5.7,4,0,nan,nan,nan,nan,2.34609,0.541052,0.582717,4.58497,5.90103,33,27,rc,5.7,1.79069e+09,-3.07925,45,0.272739
5.701,4,0,nan,nan,nan,nan,2.40249,0.495674,0.598697,4.58603,5.90103,33,27,rc,5.701,1.79069e+09,-3.00029,45,0.272705
5.702,4,0,nan,nan,nan,nan,2.40249,0.495674,0.60935,4.58603,5.90113,33,27,rc,5.702,1.79069e+09,-3.03413,45,0.272676
5.703,4,0,nan,nan,nan,nan,2.40249,0.628319,0.612546,4.58718,5.90122,33,27,rc,5.703,1.79069e+09,-3.02285,45,0.272629
5.704,4,0,nan,nan,nan,nan,2.40249,0.628319,0.600827,4.58718,5.90122,33,27,rc,5.704,1.79069e+09,-3.00029,45,0.272598
5.705,4,0,nan,nan,nan,nan,2.39121,0.747001,0.613611,4.58871,5.90132,33,27,rc,5.705,1.79069e+09,-3.02285,45,0.272553
5.706,4,0,nan,nan,nan,nan,2.39121,0.747001,0.64557,4.58871,5.90132,33,27,rc,5.706,1.79069e+09,-3.03413,45,0.272522
5.707,4,0,nan,nan,nan,nan,2.70703,0.788889,0.642374,4.59025,5.90142,33,27,rc,5.707,1.79069e+09,-3.07925,45,0.272506
5.708,4,0,nan,nan,nan,nan,2.70703,0.788889,0.654092,4.59025,5.90142,33,27,rc,5.708,1.79069e+09,-2.98901,45,0.272464
5.709,4,0,nan,nan,nan,nan,2.48145,0.745256,0.662615,4.59178,5.90151,33,27,rc,5.709,1.79069e+09,-2.97773,45,0.272433
5.71,4,0,nan,nan,nan,nan,2.48145,0.745256,0.662615,4.59178,5.90151,33,27,rc,5.71,1.79069e+09,-3.01157,45,0.272409
5.711,4,0,nan,nan,nan,nan,2.5604,0.565487,0.659419,4.59293,5.90161,33,27,rc,5.711,1.79069e+09,-3.03413,45,0.272354
5.712,4,0,nan,nan,nan,nan,2.5604,0.565487,0.693508,4.59293,5.9017,33,27,rc,5.712,1.79069e+09,-3.03413,45,0.27234
5.713,4,0,nan,nan,nan,nan,2.57168,0.628319,0.712684,4.59418,5.9017,33,27,rc,5.713,1.79069e+09,-3.03413,45,0.272298
5.714,4,0,nan,nan,nan,nan,2.57168,0.628319,0.703096,4.59418,5.9017,33,27,rc,5.714,1.79069e+09,-3.01157,45,0.27228
5.715,4,0,nan,nan,nan,nan,2.49272,0.760964,0.708422,4.59561,5.9018,33,27,rc,5.715,1.79069e+09,-3.02285,45,0.272248
5.716,4,0,nan,nan,nan,nan,2.49272,0.760964,0.714814,4.59561,5.9018,33,27,rc,5.716,1.79069e+09,-3.01157,45,0.272189
5.717,4,0,nan,nan,nan,nan,2.6168,0.865683,0.726533,4.59734,5.9019,33,27,rc,5.717,1.79069e+09,-3.01157,45,0.272149
5.718,4,0,nan,nan,nan,nan,2.6168,0.865683,0.731859,4.59734,5.9019,33,27,rc,5.718,1.79069e+09,-3.05669,45,0.272098
5.719,4,0,nan,nan,nan,nan,2.60552,0.919789,0.764883,4.59916,5.90199,33,27,rc,5.719,1.79069e+09,-3.02285,45,0.272036
5.72,4,0,nan,nan,nan,nan,2.60552,0.919789,0.762753,4.59916,5.90199,33,27,rc,5.72,1.79069e+09,-3.05669,45,0.271997
5.721,4,0,nan,nan,nan,nan,2.67319,0.797615,0.773406,4.60079,5.90209,33,27,rc,5.721,1.79069e+09,-3.05669,45,0.271969
5.722,4,0,nan,nan,nan,nan,2.67319,0.797615,0.782993,4.60079,5.90209,33,27,rc,5.722,1.79069e+09,-3.02285,45,0.271963
5.723,4,0,nan,nan,nan,nan,2.62808,0.74351,0.794712,4.60233,5.90218,33,27,rc,5.723,1.79069e+09,-3.01157,45,0.271927
5.724,4,0,nan,nan,nan,nan,2.62808,0.74351,0.804299,4.60233,5.90228,33,27,rc,5.724,1.79069e+09,-3.00029,45,0.271887
5.725,4,0,nan,nan,nan,nan,2.60552,0.755728,0.801103,4.60376,5.90228,33,27,rc,5.725,1.79069e+09,-3.07925,45,0.271897
5.726,4,0,nan,nan,nan,nan,2.60552,0.755728,0.827736,4.60376,5.90237,33,27,rc,5.726,1.79069e+09,-3.01157,45,0.271857
5.727,4,0,nan,nan,nan,nan,2.47017,0.860447,0.830932,4.60559,5.90247,33,27,rc,5.727,1.79069e+09,-2.98901,45,0.271819
5.728,4,0,nan,nan,nan,nan,2.47017,0.860447,0.839454,4.60559,5.90257,33,27,rc,5.728,1.79069e+09,-3.02285,45,0.271781
5.729,4,0,nan,nan,nan,nan,2.42505,0.888373,0.861825,4.60731,5.90257,33,27,rc,5.729,1.79069e+09,-3.01157,45,0.271758
5.73,4,0,nan,nan,nan,nan,2.42505,0.888373,0.866086,4.60731,5.90266,33,27,rc,5.73,1.79069e+09,-3.00029,45,0.271729
5.731,4,0,nan,nan,nan,nan,2.504,0.877901,0.846911,4.60913,5.90276,33,27,rc,5.731,1.79069e+09,-2.97773,45,0.271673
5.732,4,0,nan,nan,nan,nan,2.504,0.877901,0.879935,4.60913,5.90285,33,27,rc,5.732,1.79069e+09,-3.00029,45,0.271633
5.733,4,0,nan,nan,nan,nan,2.42505,0.93026,0.905502,4.61086,5.90285,33,27,rc,5.733,1.79069e+09,-3.01157,45,0.271631
5.734,4,0,nan,nan,nan,nan,2.42505,0.93026,0.904437,4.61086,5.90295,33,27,rc,5.734,1.79069e+09,-3.00029,45,0.271618
5.735,4,0,nan,nan,nan,nan,2.45889,0.987856,0.911894,4.61278,5.90295,33,27,rc,5.735,1.79069e+09,-2.92134,45,0.271569
5.736,4,0,nan,nan,nan,nan,2.45889,0.987856,0.910829,4.61278,5.90305,33,27,rc,5.736,1.79069e+09,-2.95518,45,0.271529
5.737,4,0,nan,nan,nan,nan,2.35737,0.998328,0.928939,4.61479,5.90305,33,27,rc,5.737,1.79069e+09,-3.00029,45,0.271499
5.738,4,0,nan,nan,nan,nan,2.35737,0.998328,0.91509,4.61479,5.90314,33,27,rc,5.738,1.79069e+09,-2.97773,45,0.271478
5.739,4,0,nan,nan,nan,nan,2.49272,0.977384,0.941723,4.6169,5.90314,33,27,rc,5.739,1.79069e+09,-3.00029,45,0.271434
5.74,4,0,nan,nan,nan,nan,2.49272,0.977384,0.966224,4.6169,5.90324,33,27,rc,5.74,1.79069e+09,-2.96646,45,0.271406
5.741,4,0,nan,nan,nan,nan,2.77471,1.01229,0.966224,4.61891,5.90333,33,27,rc,5.741,1.79069e+09,-3.00029,45,0.27137
5.742,4,0,nan,nan,nan,nan,2.77471,1.01229,0.94918,4.61891,5.90333,33,27,rc,5.742,1.79069e+09,-2.98901,45,0.271354
5.743,4,0,nan,nan,nan,nan,2.41377,1.05243,0.974747,4.62102,5.90343,33,27,rc,5.743,1.79069e+09,-2.97773,45,0.271329
5.744,4,0,nan,nan,nan,nan,2.41377,1.05243,0.998183,4.62102,5.90353,33,27,rc,5.744,1.79069e+09,-2.96646,45,0.271262
5.745,4,0,nan,nan,nan,nan,2.75215,1.0088,0.990726,4.62303,5.90353,33,27,rc,5.745,1.79069e+09,-2.98901,45,0.271226
5.746,4,0,nan,nan,nan,nan,2.75215,1.0088,1.00351,4.62303,5.90362,33,27,rc,5.746,1.79069e+09,-3.01157,45,0.271175
5.747,4,0,nan,nan,nan,nan,2.49272,1.07687,1.0131,4.62505,5.90372,33,27,rc,5.747,1.79069e+09,-2.97773,45,0.271142
5.748,4,0,nan,nan,nan,nan,2.49272,1.07687,1.01097,4.62505,5.90372,33,27,rc,5.748,1.79069e+09,-2.96646,45,0.27112
5.749,4,0,nan,nan,nan,nan,2.70703,1.1013,1.0408,4.62725,5.90372,33,27,rc,5.749,1.79069e+09,-2.96646,45,0.2711
5.75,4,0,nan,nan,nan,nan,2.70703,1.1013,1.0653,4.62725,5.90381,33,27,rc,5.75,1.79069e+09,-2.9439,45,0.271073
5.751,4,0,nan,nan,nan,nan,2.75215,1.16064,1.04506,4.62955,5.90391,33,27,rc,5.751,1.79069e+09,-2.9439,45,0.271037
5.752,4,0,nan,nan,nan,nan,2.75215,1.16064,1.0621,4.62955,5.90391,33,27,rc,5.752,1.79069e+09,-3.00029,45,0.270996
5.753,4,0,nan,nan,nan,nan,2.52656,1.06814,1.07808,4.63166,5.904,33,27,rc,5.753,1.79069e+09,-3.00029,45,0.271
5.754,4,0,nan,nan,nan,nan,2.52656,1.06814,1.09832,4.63166,5.9041,33,27,rc,5.754,1.79069e+09,-2.96646,45,0.270991
5.755,4,0,nan,nan,nan,nan,2.72959,1.01753,1.11856,4.63377,5.9042,33,27,rc,5.755,1.79069e+09,-2.92134,45,0.270982
5.756,4,0,nan,nan,nan,nan,2.72959,1.01753,1.09832,4.63377,5.90429,33,27,rc,5.756,1.79069e+09,-2.91006,45,0.270946
5.757,4,0,nan,nan,nan,nan,2.49272,1.15366,1.10045,4.63598,5.90439,33,27,rc,5.757,1.79069e+09,-2.92134,45,0.270893
5.758,4,0,nan,nan,nan,nan,2.49272,1.15366,1.1388,4.63598,5.90448,33,27,rc,5.758,1.79069e+09,-2.9439,45,0.270829
5.759,4,0,nan,nan,nan,nan,2.63936,1.19031,1.12921,4.63837,5.90458,33,27,rc,5.759,1.79069e+09,-2.93262,45,0.270761
5.76,4,0,nan,nan,nan,nan,2.63936,1.19031,1.13454,4.63837,5.90458,33,27,rc,5.76,1.79069e+09,-2.95518,45,0.270705
5.761,4,0,nan,nan,nan,nan,2.49272,1.24442,1.15478,4.64087,5.90468,33,27,rc,5.761,1.79069e+09,-2.9439,45,0.270654
5.762,4,0,nan,nan,nan,nan,2.49272,1.24442,1.16863,4.64087,5.90477,33,27,rc,5.762,1.79069e+09,-2.93262,45,0.270623
5.763,4,0,nan,nan,nan,nan,2.65063,1.30725,1.17609,4.64336,5.90487,33,27,rc,5.763,1.79069e+09,-2.91006,45,0.270586
5.764,4,0,nan,nan,nan,nan,2.65063,1.30725,1.16863,4.64336,5.90487,33,27,rc,5.764,1.79069e+09,-2.89878,45,0.270526
5.765,4,0,nan,nan,nan,nan,2.5604,1.309,1.18887,4.64604,5.90496,33,27,rc,5.765,1.79069e+09,-2.92134,45,0.270487
5.766,4,0,nan,nan,nan,nan,2.5604,1.309,1.18248,4.64604,5.90506,33,27,rc,5.766,1.79069e+09,-2.93262,45,0.270457
5.767,4,0,nan,nan,nan,nan,2.77471,1.25315,1.191,4.64854,5.90515,33,27,rc,5.767,1.79069e+09,-2.92134,45,0.270411
5.768,4,0,nan,nan,nan,nan,2.77471,1.25315,1.21444,4.64854,5.90525,33,27,rc,5.768,1.79069e+09,-2.89878,45,0.270352
5.769,4,0,nan,nan,nan,nan,2.75215,1.33518,1.21657,4.65122,5.90535,33,27,rc,5.769,1.79069e+09,-2.87622,45,0.270306
5.77,4,0,nan,nan,nan,nan,2.75215,1.33518,1.22509,4.65122,5.90544,33,27,rc,5.77,1.79069e+09,-2.89878,45,0.270271
5.771,4,0,nan,nan,nan,nan,2.67319,1.38754,1.25385,4.654,5.90563,33,27,rc,5.771,1.79069e+09,-2.86494,45,0.270214
5.772,4,0,nan,nan,nan,nan,2.67319,1.38754,1.27516,4.654,5.90573,33,27,rc,5.772,1.79069e+09,-2.8875,45,0.270137
5.773,4,0,nan,nan,nan,nan,2.89878,1.31598,1.28155,4.65669,5.90583,33,27,rc,5.773,1.79069e+09,-2.91006,45,0.270074
5.774,4,0,nan,nan,nan,nan,2.89878,1.31598,1.28049,4.65669,5.90592,33,27,rc,5.774,1.79069e+09,-2.91006,45,0.270033
5.775,4,0,nan,nan,nan,nan,2.57168,1.30725,1.30073,4.65927,5.90602,33,27,rc,5.775,1.79069e+09,-2.91006,45,0.269974
5.776,4,0,nan,nan,nan,nan,2.57168,1.30725,1.31777,4.65927,5.90611,33,27,rc,5.776,1.79069e+09,-2.86494,45,0.269925
5.777,4,0,nan,nan,nan,nan,2.65063,1.27235,1.31671,4.66177,5.90621,33,27,rc,5.777,1.79069e+09,-2.87622,45,0.26985
5.778,4,0,nan,nan,nan,nan,2.65063,1.27235,1.3231,4.66177,5.90621,33,27,rc,5.778,1.79069e+09,-2.87622,45,0.269792
5.779,4,0,nan,nan,nan,nan,2.57168,1.33867,1.3476,4.66445,5.90631,33,27,rc,5.779,1.79069e+09,-2.91006,45,0.269728
5.78,4,0,nan,nan,nan,nan,2.57168,1.33867,1.35399,4.66445,5.9064,33,27,rc,5.78,1.79069e+09,-2.89878,45,0.269652
5.781,4,0,nan,nan,nan,nan,2.53784,1.40848,1.35932,4.66723,5.9065,33,27,rc,5.781,1.79069e+09,-2.92134,45,0.269592
5.782,4,0,nan,nan,nan,nan,2.53784,1.40848,1.38169,4.66723,5.9065,33,27,rc,5.782,1.79069e+09,-2.87622,45,0.269477
5.783,4,0,nan,nan,nan,nan,2.49272,1.48528,1.38276,4.6702,5.90659,33,27,rc,5.783,1.79069e+09,-2.89878,45,0.269369
5.784,4,0,nan,nan,nan,nan,2.49272,1.48528,1.38276,4.6702,5.90669,33,27,rc,5.784,1.79069e+09,-2.9439,45,0.26929
5.785,4,0,nan,nan,nan,nan,2.504,1.44513,1.3966,4.67308,5.90678,33,27,rc,5.785,1.79069e+09,-2.93262,45,0.269184
5.786,4,0,nan,nan,nan,nan,2.504,1.44513,1.42217,4.67308,5.90688,33,27,rc,5.786,1.79069e+09,-2.92134,45,0.269105
5.787,4,0,nan,nan,nan,nan,2.6168,1.42942,1.42004,4.67596,5.90698,33,27,rc,5.787,1.79069e+09,-2.92134,45,0.268998
5.788,4,0,nan,nan,nan,nan,2.6168,1.42942,1.44241,4.67596,5.90698,33,27,rc,5.788,1.79069e+09,-2.9439,45,0.268916
5.789,4,0,nan,nan,nan,nan,2.52656,1.49226,1.43922,4.67893,5.90707,33,27,rc,5.789,1.79069e+09,-2.9439,45,0.268849
5.79,4,0,nan,nan,nan,nan,2.52656,1.49226,1.43389,4.67893,5.90717,33,27,rc,5.79,1.79069e+09,-2.93262,45,0.26876
5.791,4,0,nan,nan,nan,nan,2.40249,1.5132,1.46052,4.682,5.90726,33,27,rc,5.791,1.79069e+09,-2.92134,45,0.268665
5.792,4,0,nan,nan,nan,nan,2.40249,1.5132,1.47757,4.682,5.90736,33,27,rc,5.792,1.79069e+09,-2.91006,45,0.268546
5.793,4,0,nan,nan,nan,nan,2.67319,1.47306,1.49142,4.68497,5.90755,33,27,rc,5.793,1.79069e+09,-2.95518,45,0.268458
5.794,4,0,nan,nan,nan,nan,2.67319,1.47306,1.48183,4.68497,5.90765,33,27,rc,5.794,1.79069e+09,-2.9439,45,0.268378
5.795,4,0,nan,nan,nan,nan,2.49272,1.54636,1.48822,4.68804,5.90774,33,27,rc,5.795,1.79069e+09,-2.92134,45,0.26828
5.796,4,0,nan,nan,nan,nan,2.49272,1.54636,1.50313,4.68804,5.90794,33,27,rc,5.796,1.79069e+09,-2.92134,45,0.268204
5.797,4,0,nan,nan,nan,nan,2.53784,1.5324,1.52124,4.6911,5.90803,33,27,rc,5.797,1.79069e+09,-2.91006,45,0.26809
5.798,4,0,nan,nan,nan,nan,2.53784,1.5324,1.51592,4.6911,5.90813,33,27,rc,5.798,1.79069e+09,-2.92134,45,0.267986
5.799,4,0,nan,nan,nan,nan,2.57168,1.56731,1.51059,4.69417,5.90832,33,27,rc,5.799,1.79069e+09,-2.93262,45,0.2679
5.8,4,0,nan,nan,nan,nan,2.57168,1.56731,1.51911,4.69417,5.90841,33,27,rc,5.8,1.79069e+09,-2.9439,45,0.267813
5.801,4,0,nan,nan,nan,nan,2.52656,1.64934,1.55214,4.69753,5.90851,33,27,rc,5.801,1.79069e+09,-2.93262,45,0.267722
5.802,4,0,nan,nan,nan,nan,2.52656,1.64934,1.5564,4.69753,5.90861,33,27,rc,5.802,1.79069e+09,-2.89878,45,0.267628
5.803,4,0,nan,nan,nan,nan,2.74087,1.6825,1.5564,4.70108,5.9087,33,27,rc,5.803,1.79069e+09,-2.9439,45,0.267538
5.804,4,0,nan,nan,nan,nan,2.74087,1.6825,1.57877,4.70108,5.90889,33,27,rc,5.804,1.79069e+09,-2.89878,45,0.267473
5.805,4,0,nan,nan,nan,nan,2.5604,1.75406,1.59795,4.70434,5.90899,33,27,rc,5.805,1.79069e+09,-2.79727,45,0.267363
5.806,4,0,nan,nan,nan,nan,2.5604,1.75406,1.60114,4.70434,5.90909,33,27,rc,5.806,1.79069e+09,-2.86494,45,0.267268
5.807,4,0,nan,nan,nan,nan,2.60552,1.72962,1.61073,4.70779,5.90918,33,27,rc,5.807,1.79069e+09,-2.91006,45,0.267183
5.808,4,0,nan,nan,nan,nan,2.60552,1.72962,1.62032,4.70779,5.90928,33,27,rc,5.808,1.79069e+09,-2.92134,45,0.267085
5.809,4,0,nan,nan,nan,nan,2.60552,1.63712,1.63843,4.71114,5.90947,33,27,rc,5.809,1.79069e+09,-2.91006,45,0.267011
5.81,4,0,nan,nan,nan,nan,2.60552,1.63712,1.6363,4.71114,5.90957,33,27,rc,5.81,1.79069e+09,-2.8875,45,0.26695
5.811,4,0,nan,nan,nan,nan,2.59424,1.57778,1.64588,4.71431,5.90966,33,27,rc,5.811,1.79069e+09,-2.8875,45,0.266891
5.812,4,0,nan,nan,nan,nan,2.59424,1.57778,1.66932,4.71431,5.90966,33,27,rc,5.812,1.79069e+09,-2.85366,45,0.266818
5.813,4,0,nan,nan,nan,nan,2.63936,1.58999,1.67784,4.71747,5.90976,33,27,rc,5.813,1.79069e+09,-2.87622,45,0.266693
5.814,4,0,nan,nan,nan,nan,2.63936,1.58999,1.6885,4.71747,5.90985,33,27,rc,5.814,1.79069e+09,-2.89878,45,0.266612
5.815,4,0,nan,nan,nan,nan,2.42505,1.74184,1.6853,4.72092,5.90995,33,27,rc,5.815,1.79069e+09,-2.89878,45,0.266531
5.816,4,0,nan,nan,nan,nan,2.42505,1.74184,1.69276,4.72092,5.91004,33,27,rc,5.816,1.79069e+09,-2.84238,45,0.266449
5.817,4,0,nan,nan,nan,nan,2.49272,1.76976,1.70234,4.72447,5.91014,33,27,rc,5.817,1.79069e+09,-2.85366,45,0.266365
5.818,4,0,nan,nan,nan,nan,2.49272,1.76976,1.72578,4.72447,5.91024,33,27,rc,5.818,1.79069e+09,-2.86494,45,0.266248
5.819,4,0,nan,nan,nan,nan,2.504,1.79769,1.72578,4.72821,5.91033,33,27,rc,5.819,1.79069e+09,-2.84238,45,0.266148
5.82,4,0,nan,nan,nan,nan,2.504,1.79769,1.72365,4.72821,5.91043,33,27,rc,5.82,1.79069e+09,-2.87622,45,0.266035
5.821,4,0,nan,nan,nan,nan,2.45889,1.85878,1.72578,4.73195,5.91052,33,27,rc,5.821,1.79069e+09,-2.89878,45,0.265954
5.822,4,0,nan,nan,nan,nan,2.45889,1.85878,1.75135,4.73195,5.91062,33,27,rc,5.822,1.79069e+09,-2.8875,45,0.265895
5.823,4,0,nan,nan,nan,nan,2.52656,1.8326,1.762,4.73559,5.91072,33,27,rc,5.823,1.79069e+09,-2.86494,45,0.26582
5.824,4,0,nan,nan,nan,nan,2.52656,1.8326,1.77159,4.73559,5.91081,33,27,rc,5.824,1.79069e+09,-2.80854,45,0.265732
5.825,4,0,nan,nan,nan,nan,2.54912,1.7942,1.78331,4.73923,5.911,33,27,rc,5.825,1.79069e+09,-2.81982,45,0.265645
5.826,4,0,nan,nan,nan,nan,2.54912,1.7942,1.80461,4.73923,5.9111,33,27,rc,5.826,1.79069e+09,-2.86494,45,0.265545
5.827,4,0,nan,nan,nan,nan,2.41377,1.78373,1.81953,4.74278,5.91119,33,27,rc,5.827,1.79069e+09,-2.84238,45,0.265473
5.828,4,0,nan,nan,nan,nan,2.41377,1.78373,1.83018,4.74278,5.91139,33,27,rc,5.828,1.79069e+09,-2.84238,45,0.265384
5.829,4,0,nan,nan,nan,nan,2.41377,1.79943,1.8174,4.74642,5.91148,33,27,rc,5.829,1.79069e+09,-2.81982,45,0.265315
5.83,4,0,nan,nan,nan,nan,2.41377,1.79943,1.82166,4.74642,5.91158,33,27,rc,5.83,1.79069e+09,-2.79727,45,0.265253
5.831,4,0,nan,nan,nan,nan,2.10923,1.87099,1.8419,4.75007,5.91177,33,27,rc,5.831,1.79069e+09,-2.79727,45,0.265152
5.832,4,0,nan,nan,nan,nan,2.10923,1.87099,1.8387,4.75007,5.91187,33,27,rc,5.832,1.79069e+09,-2.77471,45,0.265035
5.833,4,0,nan,nan,nan,nan,2.40249,1.88321,1.86001,4.75381,5.91206,33,27,rc,5.833,1.79069e+09,-2.80854,45,0.264914
5.834,4,0,nan,nan,nan,nan,2.40249,1.88321,1.84722,4.75381,5.91225,33,27,rc,5.834,1.79069e+09,-2.8311,45,0.264828
5.835,4,0,nan,nan,nan,nan,2.32354,2.02982,1.84722,4.75783,5.91235,33,27,rc,5.835,1.79069e+09,-2.84238,45,0.264758
5.836,4,0,nan,nan,nan,nan,2.32354,2.02982,1.87705,4.75783,5.91254,33,27,rc,5.836,1.79069e+09,-2.80854,45,0.264673
5.837,4,0,nan,nan,nan,nan,2.58296,2.00015,1.90156,4.76186,5.91273,33,27,rc,5.837,1.79069e+09,-2.76343,45,0.264597
5.838,4,0,nan,nan,nan,nan,2.58296,2.00015,1.90369,4.76186,5.91292,33,27,rc,5.838,1.79069e+09,-2.75215,45,0.2645
5.839,4,0,nan,nan,nan,nan,2.39121,1.96,1.89197,4.76589,5.91311,33,27,rc,5.839,1.79069e+09,-2.69575,45,0.264403
5.84,4,0,nan,nan,nan,nan,2.39121,1.96,1.90369,4.76589,5.9133,33,27,rc,5.84,1.79069e+09,-2.72959,45,0.264305
5.841,4,0,nan,nan,nan,nan,2.48145,1.85005,1.92286,4.76953,5.9135,33,27,rc,5.841,1.79069e+09,-2.74087,45,0.264185
5.842,4,0,nan,nan,nan,nan,2.48145,1.85005,1.92925,4.76953,5.91378,33,27,rc,5.842,1.79069e+09,-2.74087,45,0.264087
5.843,4,0,nan,nan,nan,nan,2.31226,1.89543,1.94949,4.77336,5.91407,33,27,rc,5.843,1.79069e+09,-2.68447,45,0.263975
5.844,4,0,nan,nan,nan,nan,2.31226,1.89543,1.95375,4.77336,5.91426,33,27,rc,5.844,1.79069e+09,-2.72959,45,0.263851
5.845,4,0,nan,nan,nan,nan,2.33481,2.02458,1.96334,4.77739,5.91445,33,27,rc,5.845,1.79069e+09,-2.70703,45,0.263715
5.846,4,0,nan,nan,nan,nan,2.33481,2.02458,1.97826,4.77739,5.91465,33,27,rc,5.846,1.79069e+09,-2.69575,45,0.263571
5.847,4,0,nan,nan,nan,nan,2.16563,2.10138,1.97613,4.78151,5.91484,33,27,rc,5.847,1.79069e+09,-2.78599,45,0.263407
5.848,4,0,nan,nan,nan,nan,2.16563,2.10138,1.97506,4.78151,5.91503,33,27,rc,5.848,1.79069e+09,-2.79727,45,0.263241
5.849,4,0,nan,nan,nan,nan,2.15435,2.10312,1.98039,4.78554,5.91522,33,27,rc,5.849,1.79069e+09,-2.79727,45,0.263079
5.85,4,0,nan,nan,nan,nan,2.15435,2.10312,1.99104,4.78554,5.91541,33,27,rc,5.85,1.79069e+09,-2.81982,45,0.262926
5.851,4,0,nan,nan,nan,nan,2.26714,2.05076,2.02087,4.78986,5.91561,33,27,rc,5.851,1.79069e+09,-2.85366,45,0.262773
5.852,4,0,nan,nan,nan,nan,2.26714,2.05076,2.01448,4.78986,5.9157,33,27,rc,5.852,1.79069e+09,-2.8311,45,0.262609
5.853,4,0,nan,nan,nan,nan,2.36865,2.08218,2.00382,4.79407,5.91589,33,27,rc,5.853,1.79069e+09,-2.81982,45,0.262421
5.854,4,0,nan,nan,nan,nan,2.36865,2.08218,2.01767,4.79407,5.91608,33,27,rc,5.854,1.79069e+09,-2.89878,45,0.262249
5.855,4,0,nan,nan,nan,nan,2.25586,2.07694,2.0443,4.79791,5.91618,33,27,rc,5.855,1.79069e+09,-2.8875,45,0.262066
5.856,4,0,nan,nan,nan,nan,2.25586,2.07694,2.04963,4.79791,5.91628,33,27,rc,5.856,1.79069e+09,-2.86494,45,0.26185
5.857,4,0,nan,nan,nan,nan,2.31226,2.13803,2.04963,4.80222,5.91647,33,27,rc,5.857,1.79069e+09,-2.8875,45,0.261642
5.858,4,0,nan,nan,nan,nan,2.31226,2.13803,2.03898,4.80222,5.91656,33,27,rc,5.858,1.79069e+09,-2.92134,45,0.261421
5.859,4,0,nan,nan,nan,nan,2.32354,2.1293,2.06987,4.80673,5.91666,33,27,rc,5.859,1.79069e+09,-2.92134,45,0.261202
5.86,4,0,nan,nan,nan,nan,2.32354,2.1293,2.09863,4.80673,5.91685,33,27,rc,5.86,1.79069e+09,-2.93262,45,0.260965
5.861,4,0,nan,nan,nan,nan,2.43633,2.15723,2.08479,4.81076,5.91695,33,27,rc,5.861,1.79069e+09,-2.97773,45,0.260734
5.862,4,0,nan,nan,nan,nan,2.43633,2.15723,2.07733,4.81076,5.91704,33,27,rc,5.862,1.79069e+09,-2.96646,45,0.260519
5.863,4,0,nan,nan,nan,nan,2.06411,2.15548,2.09437,4.81536,5.91724,33,27,rc,5.863,1.79069e+09,-2.95518,45,0.260319
5.864,4,0,nan,nan,nan,nan,2.06411,2.15548,2.09331,4.81536,5.91733,33,27,rc,5.864,1.79069e+09,-2.84238,45,0.260103
5.865,4,0,nan,nan,nan,nan,2.25586,2.08916,2.11248,4.81958,5.91743,33,27,rc,5.865,1.79069e+09,-2.97773,45,0.259892
5.866,4,0,nan,nan,nan,nan,2.25586,2.08916,2.13272,4.81958,5.91762,33,27,rc,5.866,1.79069e+09,-3.01157,45,0.259666
5.867,4,0,nan,nan,nan,nan,2.22202,2.19039,2.13166,4.82389,5.91781,33,27,rc,5.867,1.79069e+09,-3.00029,45,0.25946
5.868,4,0,nan,nan,nan,nan,2.22202,2.19039,2.13379,4.82389,5.918,33,27,rc,5.868,1.79069e+09,-3.04541,45,0.25924
5.869,4,0,nan,nan,nan,nan,2.14307,2.27242,2.13699,4.82849,5.9181,33,27,rc,5.869,1.79069e+09,-3.01157,45,0.259032
5.87,4,0,nan,nan,nan,nan,2.14307,2.27242,2.15083,4.82849,5.91839,33,27,rc,5.87,1.79069e+09,-3.01157,45,0.258818
5.871,4,0,nan,nan,nan,nan,2.22202,2.25846,2.14977,4.833,5.91858,33,27,rc,5.871,1.79069e+09,-3.04541,45,0.25861
5.872,4,0,nan,nan,nan,nan,2.22202,2.25846,2.15723,4.833,5.91877,33,27,rc,5.872,1.79069e+09,-2.89878,45,0.258415
5.873,4,0,nan,nan,nan,nan,2.19946,2.29511,2.18066,4.83731,5.91896,33,27,rc,5.873,1.79069e+09,-3.02285,45,0.258217
5.874,4,0,nan,nan,nan,nan,2.19946,2.29511,2.17747,4.83731,5.91925,33,27,rc,5.874,1.79069e+09,-2.87622,45,0.258008
5.875,4,0,nan,nan,nan,nan,2.26714,2.28289,2.19771,4.84182,5.91944,33,27,rc,5.875,1.79069e+09,-2.97773,45,0.2578
5.876,4,0,nan,nan,nan,nan,2.26714,2.28289,2.20516,4.84182,5.91963,33,27,rc,5.876,1.79069e+09,-3.02285,45,0.257615
5.877,4,0,nan,nan,nan,nan,2.26714,2.28638,2.22754,4.84642,5.91982,33,27,rc,5.877,1.79069e+09,-3.01157,45,0.257433
5.878,4,0,nan,nan,nan,nan,2.26714,2.28638,2.23393,4.84642,5.92002,33,27,rc,5.878,1.79069e+09,-2.95518,45,0.257246
5.879,4,0,nan,nan,nan,nan,2.25586,2.23926,2.22114,4.85121,5.9203,33,27,rc,5.879,1.79069e+09,-2.93262,45,0.257074
5.88,4,0,nan,nan,nan,nan,2.25586,2.23926,2.25843,4.85121,5.92049,33,27,rc,5.88,1.79069e+09,-2.89878,45,0.256885
5.881,4,0,nan,nan,nan,nan,2.01899,2.23228,2.26908,4.85562,5.92078,33,27,rc,5.881,1.79069e+09,-2.89878,45,0.256717
5.882,4,0,nan,nan,nan,nan,2.01899,2.23228,2.25417,4.85562,5.92107,33,27,rc,5.882,1.79069e+09,-2.89878,45,0.25655
5.883,4,0,nan,nan,nan,nan,1.8498,2.23402,2.25843,4.86013,5.92136,33,27,rc,5.883,1.79069e+09,-2.87622,45,0.256377
5.884,4,0,nan,nan,nan,nan,1.8498,2.23402,2.26376,4.86013,5.92165,33,27,rc,5.884,1.79069e+09,-2.85366,45,0.256214
5.885,4,0,nan,nan,nan,nan,1.82725,2.35794,2.26376,4.86483,5.92193,33,27,rc,5.885,1.79069e+09,-2.76343,45,0.256035
5.886,4,0,nan,nan,nan,nan,1.82725,2.35794,2.2776,4.86483,5.92232,33,27,rc,5.886,1.79069e+09,-2.76343,45,0.255835
5.887,4,0,nan,nan,nan,nan,1.9062,2.40332,2.28506,4.86962,5.9226,33,27,rc,5.887,1.79069e+09,-2.78599,45,0.25564
5.888,4,0,nan,nan,nan,nan,1.9062,2.40332,2.28932,4.86962,5.92289,33,27,rc,5.888,1.79069e+09,-2.81982,45,0.255437
5.889,4,0,nan,nan,nan,nan,2.07539,2.39983,2.29145,4.87413,5.92318,33,27,rc,5.889,1.79069e+09,-2.85366,45,0.25525
5.89,4,0,nan,nan,nan,nan,2.07539,2.39983,2.29358,4.87413,5.92347,33,27,rc,5.89,1.79069e+09,-2.80854,45,0.25506
5.891,4,0,nan,nan,nan,nan,2.03027,2.43997,2.29039,4.87921,5.92375,33,27,rc,5.891,1.79069e+09,-2.79727,45,0.254865
5.892,4,0,nan,nan,nan,nan,2.03027,2.43997,2.29998,4.87921,5.92404,33,27,rc,5.892,1.79069e+09,-2.79727,45,0.254684
5.893,4,0,nan,nan,nan,nan,2.14307,2.48535,2.33194,4.88419,5.92423,33,27,rc,5.893,1.79069e+09,-2.80854,45,0.254508
5.894,4,0,nan,nan,nan,nan,2.14307,2.48535,2.33726,4.88419,5.92443,33,27,rc,5.894,1.79069e+09,-2.8311,45,0.254298
5.895,4,0,nan,nan,nan,nan,2.2333,2.53247,2.34152,4.88928,5.92462,33,27,rc,5.895,1.79069e+09,-2.80854,45,0.254087
5.896,4,0,nan,nan,nan,nan,2.2333,2.53247,2.35218,4.88928,5.92471,33,27,rc,5.896,1.79069e+09,-2.84238,45,0.253897
5.897,4,0,nan,nan,nan,nan,2.10923,2.48535,2.34791,4.89426,5.9249,33,27,rc,5.897,1.79069e+09,-2.84238,45,0.253683
5.898,4,0,nan,nan,nan,nan,2.10923,2.48535,2.35537,4.89426,5.925,33,27,rc,5.898,1.79069e+09,-2.87622,45,0.253474
5.899,4,0,nan,nan,nan,nan,2.09795,2.29336,2.36709,4.89896,5.925,33,27,rc,5.899,1.79069e+09,-2.91006,45,0.253288
5.9,4,0,nan,nan,nan,nan,2.09795,2.29336,2.38094,4.89896,5.9251,33,27,rc,5.9,1.79069e+09,-2.87622,45,0.253074
5.901,4,0,nan,nan,nan,nan,2.09795,2.27416,2.38307,4.90347,5.92519,33,27,rc,5.901,1.79069e+09,-2.87622,45,0.252859
5.902,4,0,nan,nan,nan,nan,2.09795,2.27416,2.40011,4.90347,5.92519,33,27,rc,5.902,1.79069e+09,-2.95518,45,0.252629
5.903,4,0,nan,nan,nan,nan,1.8498,2.4679,2.40864,4.90836,5.92529,33,27,rc,5.903,1.79069e+09,-2.9439,45,0.252401
5.904,4,0,nan,nan,nan,nan,1.8498,2.4679,2.38307,4.90836,5.92538,33,27,rc,5.904,1.79069e+09,-2.93262,45,0.252197
5.905,4,0,nan,nan,nan,nan,1.78213,2.5412,2.38413,4.91372,5.92548,33,27,rc,5.905,1.79069e+09,-2.95518,45,0.25202
5.906,4,0,nan,nan,nan,nan,1.78213,2.5412,2.38946,4.91372,5.92558,33,27,rc,5.906,1.79069e+09,-2.93262,45,0.251823
5.907,4,0,nan,nan,nan,nan,2.15435,2.58309,2.40651,4.91852,5.92577,33,27,rc,5.907,1.79069e+09,-2.91006,45,0.251595
5.908,4,0,nan,nan,nan,nan,2.15435,2.58309,2.41183,4.91852,5.92596,33,27,rc,5.908,1.79069e+09,-2.93262,45,0.251349
5.909,4,0,nan,nan,nan,nan,2.16563,2.5988,2.42035,4.92379,5.92615,33,27,rc,5.909,1.79069e+09,-2.98901,45,0.251161
5.91,4,0,nan,nan,nan,nan,2.16563,2.5988,2.42675,4.92379,5.92634,33,27,rc,5.91,1.79069e+09,-2.98901,45,0.250969
5.911,4,0,nan,nan,nan,nan,2.07539,2.55691,2.43953,4.92887,5.92663,33,27,rc,5.911,1.79069e+09,-2.95518,45,0.25078
5.912,4,0,nan,nan,nan,nan,2.07539,2.55691,2.45338,4.92887,5.92682,33,27,rc,5.912,1.79069e+09,-2.97773,45,0.2506
5.913,4,0,nan,nan,nan,nan,2.2333,2.54469,2.44699,4.93395,5.92711,33,27,rc,5.913,1.79069e+09,-2.96646,45,0.250409
5.914,4,0,nan,nan,nan,nan,2.2333,2.54469,2.46723,4.93395,5.9274,33,27,rc,5.914,1.79069e+09,-2.93262,45,0.250239
5.915,4,0,nan,nan,nan,nan,2.05283,2.55865,2.46936,4.93913,5.92769,33,27,rc,5.915,1.79069e+09,-2.91006,45,0.250048
5.916,4,0,nan,nan,nan,nan,2.05283,2.55865,2.47255,4.93913,5.92797,33,27,rc,5.916,1.79069e+09,-2.87622,45,0.249892
5.917,4,0,nan,nan,nan,nan,1.9626,2.56912,2.49066,4.9446,5.92826,33,27,rc,5.917,1.79069e+09,-2.86494,45,0.24973
5.918,4,0,nan,nan,nan,nan,1.9626,2.56912,2.50664,4.9446,5.92855,33,27,rc,5.918,1.79069e+09,-2.79727,45,0.249547
5.919,4,0,nan,nan,nan,nan,2.13179,2.51851,2.49279,4.94929,5.92884,33,27,rc,5.919,1.79069e+09,-2.79727,45,0.249409
5.92,4,0,nan,nan,nan,nan,2.13179,2.51851,2.50025,4.94929,5.92922,33,27,rc,5.92,1.79069e+09,-2.78599,45,0.249252
5.921,4,0,nan,nan,nan,nan,1.86108,2.51153,2.51943,4.95437,5.92951,33,27,rc,5.921,1.79069e+09,-2.78599,45,0.249046
5.922,4,0,nan,nan,nan,nan,1.86108,2.51153,2.49706,4.95437,5.92979,33,27,rc,5.922,1.79069e+09,-2.76343,45,0.248831
5.923,4,0,nan,nan,nan,nan,1.89492,2.54818,2.51304,4.95936,5.93008,33,27,rc,5.923,1.79069e+09,-2.86494,45,0.24865
5.924,4,0,nan,nan,nan,nan,1.89492,2.54818,2.50771,4.95936,5.93037,33,27,rc,5.924,1.79069e+09,-2.81982,45,0.248492
5.925,4,0,nan,nan,nan,nan,1.95132,2.68606,2.52262,4.96473,5.93066,33,27,rc,5.925,1.79069e+09,-2.8311,45,0.248335
5.926,4,0,nan,nan,nan,nan,1.95132,2.68606,2.5418,4.96473,5.93085,33,27,rc,5.926,1.79069e+09,-2.80854,45,0.248153
5.927,4,0,nan,nan,nan,nan,2.04155,2.79602,2.52475,4.97029,5.93114,33,27,rc,5.927,1.79069e+09,-2.79727,45,0.247845
5.928,4,0,nan,nan,nan,nan,2.04155,2.79602,2.52901,4.97029,5.93133,33,27,rc,5.928,1.79069e+09,-2.84238,45,0.247728
5.929,4,0,nan,nan,nan,nan,1.94004,2.70875,2.5663,4.97575,5.93152,33,27,rc,5.929,1.79069e+09,-2.8875,45,0.247416
5.93,4,0,nan,nan,nan,nan,1.94004,2.70875,2.58441,4.97575,5.93171,33,27,rc,5.93,1.79069e+09,-2.89878,45,0.247306
5.931,4,0,nan,nan,nan,nan,2.10923,2.52375,2.57269,4.98084,5.9319,33,27,rc,5.931,1.79069e+09,-2.91006,45,0.24711
5.932,4,0,nan,nan,nan,nan,2.10923,2.52375,2.58121,4.98084,5.9321,33,27,rc,5.932,1.79069e+09,-2.91006,45,0.246811
5.933,4,0,nan,nan,nan,nan,1.75957,2.55342,2.59613,4.98592,5.93229,33,27,rc,5.933,1.79069e+09,-2.93262,45,0.246623
5.934,4,0,nan,nan,nan,nan,1.75957,2.55342,2.59932,4.98592,5.93238,33,27,rc,5.934,1.79069e+09,-2.92134,45,0.246517
5.935,4,0,nan,nan,nan,nan,1.52271,2.52724,2.61637,4.991,5.93248,33,27,rc,5.935,1.79069e+09,-2.96646,45,0.246286
5.936,4,0,nan,nan,nan,nan,1.52271,2.52724,2.61743,4.991,5.93267,33,27,rc,5.936,1.79069e+09,-2.96646,45,0.245953
5.937,4,0,nan,nan,nan,nan,1.40991,2.62498,2.61637,4.99618,5.93277,33,27,rc,5.937,1.79069e+09,-2.98901,45,0.24583
5.938,4,0,nan,nan,nan,nan,1.40991,2.62498,2.6153,4.99618,5.93286,33,27,rc,5.938,1.79069e+09,-3.00029,45,0.245578
5.939,4,0,nan,nan,nan,nan,1.3084,2.68781,2.62063,5.00164,5.93296,33,27,rc,5.939,1.79069e+09,-3.03413,45,0.24527
5.94,4,0,nan,nan,nan,nan,1.3084,2.68781,2.62063,5.00164,5.93315,33,27,rc,5.94,1.79069e+09,-3.01157,45,0.245157
5.941,4,0,nan,nan,nan,nan,1.40991,2.64417,2.61317,5.00691,5.93325,33,27,rc,5.941,1.79069e+09,-3.01157,45,0.244798
5.942,4,0,nan,nan,nan,nan,1.40991,2.64417,2.6217,5.00691,5.93334,33,27,rc,5.942,1.79069e+09,-3.00029,45,0.244589
5.943,4,0,nan,nan,nan,nan,1.45503,2.71573,2.62383,5.01228,5.93353,33,27,rc,5.943,1.79069e+09,-3.02285,45,0.244474
5.944,4,0,nan,nan,nan,nan,1.45503,2.71573,2.62063,5.01228,5.93363,33,27,rc,5.944,1.79069e+09,-2.92134,45,0.244176
5.945,4,0,nan,nan,nan,nan,1.44375,2.77333,2.62915,5.01784,5.93382,33,27,rc,5.945,1.79069e+09,-3.00029,45,0.24408
5.946,4,0,nan,nan,nan,nan,1.44375,2.77333,2.63981,5.01784,5.93401,33,27,rc,5.946,1.79069e+09,-2.98901,45,0.243759
5.947,4,0,nan,nan,nan,nan,1.64678,2.79078,2.6185,5.0234,5.9342,33,27,rc,5.947,1.79069e+09,-2.98901,45,0.243564
5.948,4,0,nan,nan,nan,nan,1.64678,2.79078,2.62489,5.0234,5.9344,33,27,rc,5.948,1.79069e+09,-3.02285,45,0.24337
5.949,4,0,nan,nan,nan,nan,1.50015,2.72097,2.65365,5.02887,5.93459,33,27,rc,5.949,1.79069e+09,-3.00029,45,0.243149
5.95,4,0,nan,nan,nan,nan,1.50015,2.72097,2.66111,5.02887,5.93488,33,27,rc,5.95,1.79069e+09,-2.98901,45,0.243035
5.951,4,0,nan,nan,nan,nan,1.62422,2.61625,2.62809,5.03414,5.93507,33,27,rc,5.951,1.79069e+09,-3.01157,45,0.242729
5.952,4,0,nan,nan,nan,nan,1.62422,2.61625,2.64833,5.03414,5.93536,33,27,rc,5.952,1.79069e+09,-2.98901,45,0.24264
5.953,4,0,nan,nan,nan,nan,1.52271,2.70352,2.67176,5.03951,5.93555,33,27,rc,5.953,1.79069e+09,-2.9439,45,0.242367
5.954,4,0,nan,nan,nan,nan,1.52271,2.70352,2.65685,5.03951,5.93583,33,27,rc,5.954,1.79069e+09,-2.87622,45,0.242195
5.955,4,0,nan,nan,nan,nan,1.61294,2.72795,2.65792,5.04498,5.93612,33,27,rc,5.955,1.79069e+09,-2.91006,45,0.242094
5.956,4,0,nan,nan,nan,nan,1.61294,2.72795,2.66005,5.04498,5.93641,33,27,rc,5.956,1.79069e+09,-2.8875,45,0.241801
5.957,4,0,nan,nan,nan,nan,1.50015,2.79951,2.67283,5.05063,5.9367,33,27,rc,5.957,1.79069e+09,-2.89878,45,0.241622
5.958,4,0,nan,nan,nan,nan,1.50015,2.79951,2.66218,5.05063,5.93699,33,27,rc,5.958,1.79069e+09,-2.8875,45,0.241459
5.959,4,0,nan,nan,nan,nan,1.62422,2.72969,2.68242,5.0561,5.93737,33,27,rc,5.959,1.79069e+09,-2.86494,45,0.241269
5.96,4,0,nan,nan,nan,nan,1.62422,2.72969,2.68455,5.0561,5.93766,33,27,rc,5.96,1.79069e+09,-2.8875,45,0.24118
5.961,4,0,nan,nan,nan,nan,1.6355,2.71224,2.67496,5.06147,5.93794,33,27,rc,5.961,1.79069e+09,-2.8875,45,0.240916
5.962,4,0,nan,nan,nan,nan,1.6355,2.71224,2.66857,5.06147,5.93833,33,27,rc,5.962,1.79069e+09,-2.86494,45,0.240726
5.963,4,0,nan,nan,nan,nan,1.68062,2.78729,2.69307,5.06703,5.93861,33,27,rc,5.963,1.79069e+09,-2.93262,45,0.240531
5.964,4,0,nan,nan,nan,nan,1.68062,2.78729,2.71438,5.06703,5.939,33,27,rc,5.964,1.79069e+09,-2.92134,45,0.240323
5.965,4,0,nan,nan,nan,nan,1.66934,2.82569,2.72183,5.07268,5.93929,33,27,rc,5.965,1.79069e+09,-2.93262,45,0.240217
5.966,4,0,nan,nan,nan,nan,1.66934,2.82569,2.71012,5.07268,5.93957,33,27,rc,5.966,1.79069e+09,-2.92134,45,0.239905
5.967,4,0,nan,nan,nan,nan,1.45503,2.73668,2.72503,5.07824,5.93986,33,27,rc,5.967,1.79069e+09,-2.91006,45,0.239692
5.968,4,0,nan,nan,nan,nan,1.45503,2.73668,2.73355,5.07824,5.94005,33,27,rc,5.968,1.79069e+09,-2.91006,45,0.239461
5.969,4,0,nan,nan,nan,nan,1.51143,2.58658,2.73888,5.08342,5.94034,33,27,rc,5.969,1.79069e+09,-2.93262,45,0.239215
5.97,4,0,nan,nan,nan,nan,1.51143,2.58658,2.74207,5.08342,5.94053,33,27,rc,5.97,1.79069e+09,-2.97773,45,0.239095
5.971,4,0,nan,nan,nan,nan,1.28584,2.64941,2.76338,5.08869,5.94063,33,27,rc,5.971,1.79069e+09,-3.00029,45,0.238735
5.972,4,0,nan,nan,nan,nan,1.28584,2.64941,2.73994,5.08869,5.94082,33,27,rc,5.972,1.79069e+09,-3.03413,45,0.238489
5.973,4,0,nan,nan,nan,nan,1.18433,2.77682,2.72183,5.09425,5.94092,33,27,rc,5.973,1.79069e+09,-3.02285,45,0.23836
5.974,4,0,nan,nan,nan,nan,1.18433,2.77682,2.74207,5.09425,5.94111,33,27,rc,5.974,1.79069e+09,-2.93262,45,0.238051
5.975,4,0,nan,nan,nan,nan,1.16177,2.91295,2.72503,5.10001,5.9412,33,27,rc,5.975,1.79069e+09,-3.02285,45,0.237796
5.976,4,0,nan,nan,nan,nan,1.16177,2.91295,2.71864,5.10001,5.9413,33,27,rc,5.976,1.79069e+09,-3.01157,45,0.237527
5.977,4,0,nan,nan,nan,nan,1.34224,2.82569,2.7442,5.10576,5.94149,33,27,rc,5.977,1.79069e+09,-3.09053,45,0.237241
5.978,4,0,nan,nan,nan,nan,1.34224,2.82569,2.76018,5.10576,5.94159,33,27,rc,5.978,1.79069e+09,-3.12437,45,0.236976
5.979,4,0,nan,nan,nan,nan,1.51143,2.78555,2.73568,5.11132,5.94178,33,27,rc,5.979,1.79069e+09,-3.13564,45,0.236718
5.98,4,0,nan,nan,nan,nan,1.51143,2.78555,2.75592,5.11132,5.94197,33,27,rc,5.98,1.79069e+09,-3.1582,45,0.236461
5.981,4,0,nan,nan,nan,nan,1.19561,2.85885,2.7474,5.11698,5.94216,33,27,rc,5.981,1.79069e+09,-3.13564,45,0.236232
5.982,4,0,nan,nan,nan,nan,1.19561,2.85885,2.73462,5.11698,5.94235,33,27,rc,5.982,1.79069e+09,-3.11309,45,0.235974
5.983,4,0,nan,nan,nan,nan,1.33096,2.76984,2.76871,5.12254,5.94264,33,27,rc,5.983,1.79069e+09,-3.09053,45,0.235715
5.984,4,0,nan,nan,nan,nan,1.33096,2.76984,2.80173,5.12254,5.94283,33,27,rc,5.984,1.79069e+09,-3.09053,45,0.235438
5.985,4,0,nan,nan,nan,nan,1.62422,2.85012,2.78788,5.12819,5.94312,33,27,rc,5.985,1.79069e+09,-3.09053,45,0.235153
5.986,4,0,nan,nan,nan,nan,1.62422,2.85012,2.78256,5.12819,5.94341,33,27,rc,5.986,1.79069e+09,-3.09053,45,0.234919
5.987,4,0,nan,nan,nan,nan,1.07153,2.82394,2.76551,5.13395,5.94379,33,27,rc,5.987,1.79069e+09,-2.96646,45,0.234657
5.988,4,0,nan,nan,nan,nan,1.07153,2.82394,2.73355,5.13395,5.94408,33,27,rc,5.988,1.79069e+09,-2.95518,45,0.234384
5.989,4,0,nan,nan,nan,nan,1.13921,2.68432,2.76445,5.13932,5.94437,33,27,rc,5.989,1.79069e+09,-2.97773,45,0.234088
5.99,4,0,nan,nan,nan,nan,1.13921,2.68432,2.78256,5.13932,5.94475,33,27,rc,5.99,1.79069e+09,-3.07925,45,0.233774
5.991,4,0,nan,nan,nan,nan,1.47759,2.89376,2.78469,5.14497,5.94504,33,27,rc,5.991,1.79069e+09,-3.07925,45,0.233518
5.992,4,0,nan,nan,nan,nan,1.47759,2.89376,2.77936,5.14497,5.94533,33,27,rc,5.992,1.79069e+09,-3.03413,45,0.233258
5.993,4,0,nan,nan,nan,nan,1.29712,3.04385,2.76977,5.15149,5.94561,33,27,rc,5.993,1.79069e+09,-3.06797,45,0.233026
5.994,4,0,nan,nan,nan,nan,1.29712,3.04385,2.76658,5.15149,5.9459,33,27,rc,5.994,1.79069e+09,-3.03413,45,0.23275
5.995,4,0,nan,nan,nan,nan,1.37607,2.86583,2.78575,5.15724,5.94619,33,27,rc,5.995,1.79069e+09,-3.02285,45,0.232485
5.996,4,0,nan,nan,nan,nan,1.37607,2.86583,2.7474,5.15724,5.94638,33,27,rc,5.996,1.79069e+09,-3.04541,45,0.232251
5.997,4,0,nan,nan,nan,nan,1.54526,2.74366,2.77936,5.1628,5.94667,33,27,rc,5.997,1.79069e+09,-3.01157,45,0.23201
5.998,4,0,nan,nan,nan,nan,1.54526,2.74366,2.79854,5.1628,5.94696,33,27,rc,5.998,1.79069e+09,-3.04541,45,0.231752
5.999,4,0,nan,nan,nan,nan,1.70317,2.83965,2.78575,5.16808,5.94715,33,27,rc,5.999,1.79069e+09,-3.04541,45,0.231512
6,4,0,nan,nan,nan,nan,1.70317,2.83965,2.80493,5.16808,5.94744,33,27,rc,6,1.79069e+09,-3.05669,45,0.231258
6.001,4,0,nan,nan,nan,nan,1.31968,2.94961,2.81451,5.17431,5.94763,33,27,rc,6.001,1.79069e+09,-3.04541,45,0.231018
6.002,4,0,nan,nan,nan,nan,1.31968,2.94961,2.82836,5.17431,5.94782,33,27,rc,6.002,1.79069e+09,-3.04541,45,0.230731
6.003,4,0,nan,nan,nan,nan,1.3084,2.88852,2.82517,5.18016,5.94801,33,27,rc,6.003,1.79069e+09,-3.06797,45,0.230432
6.004,4,0,nan,nan,nan,nan,1.3084,2.88852,2.80173,5.18016,5.9482,33,27,rc,6.004,1.79069e+09,-3.11309,45,0.230163
6.005,4,0,nan,nan,nan,nan,1.11665,2.80125,2.82304,5.18543,5.94839,33,27,rc,6.005,1.79069e+09,-3.12437,45,0.229875
6.006,4,0,nan,nan,nan,nan,1.11665,2.80125,2.82517,5.18543,5.94868,33,27,rc,6.006,1.79069e+09,-3.13564,45,0.229625
6.007,4,0,nan,nan,nan,nan,1.19561,2.80998,2.83262,5.19099,5.94878,33,27,rc,6.007,1.79069e+09,-3.14692,45,0.229376
6.008,4,0,nan,nan,nan,nan,1.19561,2.80998,2.83582,5.19099,5.94897,33,27,rc,6.008,1.79069e+09,-3.13564,45,0.229143
6.009,4,0,nan,nan,nan,nan,1.02642,3.0072,2.81878,5.19703,5.94926,33,27,rc,6.009,1.79069e+09,-3.13564,45,0.228912
6.01,4,0,nan,nan,nan,nan,1.02642,3.0072,2.80599,5.19703,5.94945,33,27,rc,6.01,1.79069e+09,-3.12437,45,0.228653
6.011,4,0,nan,nan,nan,nan,1.09409,2.99324,2.83582,5.20298,5.94964,33,27,rc,6.011,1.79069e+09,-3.14692,45,0.228414
6.012,4,0,nan,nan,nan,nan,1.09409,2.99324,2.86565,5.20298,5.94993,33,27,rc,6.012,1.79069e+09,-3.1582,45,0.228179
6.013,4,0,nan,nan,nan,nan,1.34224,2.94263,2.85713,5.20892,5.95022,33,27,rc,6.013,1.79069e+09,-3.13564,45,0.227962
6.014,4,0,nan,nan,nan,nan,1.34224,2.94263,2.83156,5.20892,5.9505,33,27,rc,6.014,1.79069e+09,-3.07925,45,0.227761
6.015,4,0,nan,nan,nan,nan,1.01514,2.81696,2.83369,5.21458,5.95069,33,27,rc,6.015,1.79069e+09,-3.06797,45,0.227539
6.016,4,0,nan,nan,nan,nan,1.01514,2.81696,2.83262,5.21458,5.95098,33,27,rc,6.016,1.79069e+09,-3.03413,45,0.22731
6.017,4,0,nan,nan,nan,nan,1.21816,2.72969,2.86671,5.22004,5.95137,33,27,rc,6.017,1.79069e+09,-3.03413,45,0.227082
6.018,4,0,nan,nan,nan,nan,1.21816,2.72969,2.87098,5.22004,5.95165,33,27,rc,6.018,1.79069e+09,-3.05669,45,0.226854
6.019,4,0,nan,nan,nan,nan,1.24072,2.9147,2.8518,5.22579,5.95194,33,27,rc,6.019,1.79069e+09,-3.03413,45,0.226608
6.02,4,0,nan,nan,nan,nan,1.24072,2.9147,2.85073,5.22579,5.95213,33,27,rc,6.02,1.79069e+09,-3.03413,45,0.226345
6.021,4,0,nan,nan,nan,nan,0.879785,3.01593,2.82517,5.23183,5.95242,33,27,rc,6.021,1.79069e+09,-3.05669,45,0.226145
6.022,4,0,nan,nan,nan,nan,0.879785,3.01593,2.83369,5.23183,5.95261,33,27,rc,6.022,1.79069e+09,-3.03413,45,0.225924
6.023,4,0,nan,nan,nan,nan,0.981299,2.8955,2.83049,5.23768,5.9528,33,27,rc,6.023,1.79069e+09,-3.00029,45,0.225672
6.024,4,0,nan,nan,nan,nan,0.981299,2.8955,2.84647,5.23768,5.95309,33,27,rc,6.024,1.79069e+09,-3.02285,45,0.225415
6.025,4,0,nan,nan,nan,nan,1.07153,2.88154,2.84008,5.24343,5.95328,33,27,rc,6.025,1.79069e+09,-3.09053,45,0.22514
6.026,4,0,nan,nan,nan,nan,1.07153,2.88154,2.82517,5.24343,5.95348,33,27,rc,6.026,1.79069e+09,-3.11309,45,0.224907
6.027,4,0,nan,nan,nan,nan,1.13921,3.00546,2.84541,5.24938,5.95367,33,27,rc,6.027,1.79069e+09,-3.13564,45,0.224695
6.028,4,0,nan,nan,nan,nan,1.13921,3.00546,2.85606,5.24938,5.95386,33,27,rc,6.028,1.79069e+09,-3.14692,45,0.224491
6.029,4,0,nan,nan,nan,nan,1.44375,3.04385,2.855,5.25551,5.95405,33,27,rc,6.029,1.79069e+09,-3.11309,45,0.22427
6.03,4,0,nan,nan,nan,nan,1.44375,3.04385,2.86991,5.25551,5.95424,33,27,rc,6.03,1.79069e+09,-3.11309,45,0.224042
6.031,4,0,nan,nan,nan,nan,1.34224,2.96531,2.8518,5.26146,5.95443,33,27,rc,6.031,1.79069e+09,-3.12437,45,0.223833
6.032,4,0,nan,nan,nan,nan,1.34224,2.96531,2.85713,5.26146,5.95463,33,27,rc,6.032,1.79069e+09,-3.14692,45,0.223616
6.033,4,0,nan,nan,nan,nan,1.18433,2.803,2.87737,5.26711,5.95482,33,27,rc,6.033,1.79069e+09,-3.14692,45,0.223388
6.034,4,0,nan,nan,nan,nan,1.18433,2.803,2.8795,5.26711,5.95501,33,27,rc,6.034,1.79069e+09,-3.13564,45,0.223184
6.035,4,0,nan,nan,nan,nan,1.19561,2.82045,2.86671,5.27277,5.9552,33,27,rc,6.035,1.79069e+09,-3.1582,45,0.222984
6.036,4,0,nan,nan,nan,nan,1.19561,2.82045,2.86032,5.27277,5.95539,33,27,rc,6.036,1.79069e+09,-3.11309,45,0.222783
6.037,4,0,nan,nan,nan,nan,0.97002,2.988,2.90293,5.27872,5.95558,33,27,rc,6.037,1.79069e+09,-3.11309,45,0.222555
6.038,4,0,nan,nan,nan,nan,0.97002,2.988,2.88482,5.27872,5.95578,33,27,rc,6.038,1.79069e+09,-3.12437,45,0.222311
6.039,4,0,nan,nan,nan,nan,1.12793,3.05433,2.85606,5.28476,5.95597,33,27,rc,6.039,1.79069e+09,-3.18076,45,0.222104
6.04,4,0,nan,nan,nan,nan,1.12793,3.05433,2.86352,5.28476,5.95616,33,27,rc,6.04,1.79069e+09,-3.14692,45,0.221871
6.041,4,0,nan,nan,nan,nan,0.981299,3.01069,2.86671,5.2908,5.95635,33,27,rc,6.041,1.79069e+09,-3.13564,45,0.221693
6.042,4,0,nan,nan,nan,nan,0.981299,3.01069,2.86139,5.2908,5.95654,33,27,rc,6.042,1.79069e+09,-3.18076,45,0.221525
6.043,4,0,nan,nan,nan,nan,1.18433,2.86583,2.84967,5.29655,5.95674,33,27,rc,6.043,1.79069e+09,-3.1582,45,0.221341
6.044,4,0,nan,nan,nan,nan,1.18433,2.86583,2.85926,5.29655,5.95693,33,27,rc,6.044,1.79069e+09,-3.1582,45,0.221149
6.045,4,0,nan,nan,nan,nan,1.28584,2.95135,2.88695,5.30249,5.95721,33,27,rc,6.045,1.79069e+09,-3.10181,45,0.220976
6.046,4,0,nan,nan,nan,nan,1.28584,2.95135,2.9008,5.30249,5.95741,33,27,rc,6.046,1.79069e+09,-3.14692,45,0.220807
6.047,4,0,nan,nan,nan,nan,1.40991,2.99848,2.89335,5.30844,5.95769,33,27,rc,6.047,1.79069e+09,-3.10181,45,0.220618
6.048,4,0,nan,nan,nan,nan,1.40991,2.99848,2.9008,5.30844,5.95798,33,27,rc,6.048,1.79069e+09,-3.09053,45,0.220445
6.049,4,0,nan,nan,nan,nan,1.16177,2.96357,2.89122,5.31438,5.95817,33,27,rc,6.049,1.79069e+09,-3.05669,45,0.220279
6.05,4,0,nan,nan,nan,nan,1.16177,2.96357,2.87204,5.31438,5.95846,33,27,rc,6.05,1.79069e+09,-3.02285,45,0.220101
6.051,4,0,nan,nan,nan,nan,1.0377,2.82918,2.9072,5.32013,5.95875,33,27,rc,6.051,1.79069e+09,-3.00029,45,0.219894
6.052,4,0,nan,nan,nan,nan,1.0377,2.82918,2.93063,5.32013,5.95904,33,27,rc,6.052,1.79069e+09,-3.00029,45,0.219691
6.053,4,0,nan,nan,nan,nan,1.12793,2.88503,2.90933,5.32589,5.95923,33,27,rc,6.053,1.79069e+09,-3.05669,45,0.219477
6.054,4,0,nan,nan,nan,nan,1.12793,2.88503,2.90187,5.32589,5.95952,33,27,rc,6.054,1.79069e+09,-3.01157,45,0.219272
6.055,4,0,nan,nan,nan,nan,0.676758,3.01942,2.89335,5.33183,5.95971,33,27,rc,6.055,1.79069e+09,-3.03413,45,0.219087
6.056,4,0,nan,nan,nan,nan,0.676758,3.01942,2.88269,5.33183,5.9599,33,27,rc,6.056,1.79069e+09,-3.00029,45,0.218898
6.057,4,0,nan,nan,nan,nan,0.981299,2.96008,2.89761,5.33777,5.95999,33,27,rc,6.057,1.79069e+09,-3.02285,45,0.2187
6.058,4,0,nan,nan,nan,nan,0.981299,2.96008,2.89761,5.33777,5.96019,33,27,rc,6.058,1.79069e+09,-3.05669,45,0.21848
6.059,4,0,nan,nan,nan,nan,1.17305,2.94786,2.9008,5.34372,5.96038,33,27,rc,6.059,1.79069e+09,-3.06797,45,0.218259
6.06,4,0,nan,nan,nan,nan,1.17305,2.94786,2.91891,5.34372,5.96057,33,27,rc,6.06,1.79069e+09,-3.10181,45,0.218065
6.061,4,0,nan,nan,nan,nan,1.11665,2.93215,2.89974,5.34957,5.96067,33,27,rc,6.061,1.79069e+09,-3.09053,45,0.217896
6.062,4,0,nan,nan,nan,nan,1.11665,2.93215,2.89867,5.34957,5.96086,33,27,rc,6.062,1.79069e+09,-3.06797,45,0.217706
6.063,4,0,nan,nan,nan,nan,0.95874,2.89201,2.89867,5.35532,5.96095,33,27,rc,6.063,1.79069e+09,-3.07925,45,0.2175
6.064,4,0,nan,nan,nan,nan,0.95874,2.89201,2.90613,5.35532,5.96115,33,27,rc,6.064,1.79069e+09,-3.12437,45,0.217308
6.065,4,0,nan,nan,nan,nan,1.15049,2.89376,2.91252,5.36107,5.96124,33,27,rc,6.065,1.79069e+09,-3.12437,45,0.21709
6.066,4,0,nan,nan,nan,nan,1.15049,2.89376,2.91785,5.36107,5.96143,33,27,rc,6.066,1.79069e+09,-3.13564,45,0.216892
6.067,4,0,nan,nan,nan,nan,1.02642,2.99848,2.91039,5.36711,5.96153,33,27,rc,6.067,1.79069e+09,-3.07925,45,0.216704
6.068,4,0,nan,nan,nan,nan,1.02642,2.99848,2.92317,5.36711,5.96172,33,27,rc,6.068,1.79069e+09,-3.07925,45,0.216494
6.069,4,0,nan,nan,nan,nan,0.868506,2.95484,2.93063,5.37306,5.96182,33,27,rc,6.069,1.79069e+09,-3.09053,45,0.216311
6.07,4,0,nan,nan,nan,nan,0.868506,2.95484,2.904,5.37306,5.96201,33,27,rc,6.07,1.79069e+09,-3.09053,45,0.216122
6.071,4,0,nan,nan,nan,nan,0.812109,2.91295,2.91465,5.37881,5.9621,33,27,rc,6.071,1.79069e+09,-3.07925,45,0.215936
6.072,4,0,nan,nan,nan,nan,0.812109,2.91295,2.92317,5.37881,5.9623,33,27,rc,6.072,1.79069e+09,-3.10181,45,0.215755
6.073,4,0,nan,nan,nan,nan,1.02642,2.95484,2.91465,5.38475,5.96249,33,27,rc,6.073,1.79069e+09,-3.10181,45,0.215561
6.074,4,0,nan,nan,nan,nan,1.02642,2.95484,2.91146,5.38475,5.96268,33,27,rc,6.074,1.79069e+09,-3.09053,45,0.215388
6.075,4,0,nan,nan,nan,nan,1.0377,2.99149,2.92104,5.3907,5.96287,33,27,rc,6.075,1.79069e+09,-3.10181,45,0.215243
6.076,4,0,nan,nan,nan,nan,1.0377,2.99149,2.90293,5.3907,5.96297,33,27,rc,6.076,1.79069e+09,-3.05669,45,0.215083
6.077,4,0,nan,nan,nan,nan,1.22944,2.86234,2.92211,5.39683,5.96316,33,27,rc,6.077,1.79069e+09,-3.03413,45,0.214917
6.078,4,0,nan,nan,nan,nan,1.22944,2.86234,2.91146,5.39683,5.96335,33,27,rc,6.078,1.79069e+09,-3.05669,45,0.214761
6.079,4,0,nan,nan,nan,nan,1.20688,2.89725,2.90293,5.40268,5.96345,33,27,rc,6.079,1.79069e+09,-3.03413,45,0.214583
6.08,4,0,nan,nan,nan,nan,1.20688,2.89725,2.93063,5.40268,5.96364,33,27,rc,6.08,1.79069e+09,-3.04541,45,0.214417
6.081,4,0,nan,nan,nan,nan,1.01514,3.02116,2.94874,5.40862,5.96383,33,27,rc,6.081,1.79069e+09,-3.06797,45,0.214254
6.082,4,0,nan,nan,nan,nan,1.01514,3.02116,2.91678,5.40862,5.96402,33,27,rc,6.082,1.79069e+09,-3.06797,45,0.214093
6.083,4,0,nan,nan,nan,nan,0.902344,3.04385,2.91146,5.41476,5.96412,33,27,rc,6.083,1.79069e+09,-3.03413,45,0.213959
6.084,4,0,nan,nan,nan,nan,0.902344,3.04385,2.91785,5.41476,5.96431,33,27,rc,6.084,1.79069e+09,-3.02285,45,0.213826
6.085,4,0,nan,nan,nan,nan,1.11665,2.96357,2.92317,5.42032,5.9645,33,27,rc,6.085,1.79069e+09,-3.01157,45,0.213689
6.086,4,0,nan,nan,nan,nan,1.11665,2.96357,2.93063,5.42032,5.96469,33,27,rc,6.086,1.79069e+09,-3.00029,45,0.213549
6.087,4,0,nan,nan,nan,nan,1.09409,2.96706,2.94448,5.42665,5.96488,33,27,rc,6.087,1.79069e+09,-3.00029,45,0.213394
6.088,4,0,nan,nan,nan,nan,1.09409,2.96706,2.92531,5.42665,5.96508,33,27,rc,6.088,1.79069e+09,-3.00029,45,0.213258
6.089,4,0,nan,nan,nan,nan,0.95874,3.00895,2.90506,5.43269,5.96527,33,27,rc,6.089,1.79069e+09,-2.95518,45,0.213143
6.09,4,0,nan,nan,nan,nan,0.95874,3.00895,2.92744,5.43269,5.96556,33,27,rc,6.09,1.79069e+09,-2.93262,45,0.213027
6.091,4,0,nan,nan,nan,nan,1.07153,2.98277,2.91891,5.43863,5.96584,33,27,rc,6.091,1.79069e+09,-2.89878,45,0.212881
6.092,4,0,nan,nan,nan,nan,1.07153,2.98277,2.92637,5.43863,5.96613,33,27,rc,6.092,1.79069e+09,-2.91006,45,0.212687
6.093,4,0,nan,nan,nan,nan,0.981299,2.98451,2.93063,5.44467,5.96642,33,27,rc,6.093,1.79069e+09,-2.97773,45,0.212519
6.094,4,0,nan,nan,nan,nan,0.981299,2.98451,2.92957,5.44467,5.96671,33,27,rc,6.094,1.79069e+09,-2.97773,45,0.212352
6.095,4,0,nan,nan,nan,nan,1.18433,2.91295,2.93596,5.45014,5.96699,33,27,rc,6.095,1.79069e+09,-2.9439,45,0.212199
6.096,4,0,nan,nan,nan,nan,1.18433,2.91295,2.94342,5.45014,5.96728,33,27,rc,6.096,1.79069e+09,-2.92134,45,0.212065
6.097,4,0,nan,nan,nan,nan,1.0377,2.93041,2.92637,5.45599,5.96757,33,27,rc,6.097,1.79069e+09,-2.91006,45,0.211888
6.098,4,0,nan,nan,nan,nan,1.0377,2.93041,2.94874,5.45599,5.96786,33,27,rc,6.098,1.79069e+09,-2.91006,45,0.21173
6.099,4,0,nan,nan,nan,nan,0.812109,3.01244,2.97857,5.46193,5.96805,33,27,rc,6.099,1.79069e+09,-2.96646,45,0.211545
6.1,4,0,nan,nan,nan,nan,0.812109,3.01244,2.95513,5.46193,5.96824,33,27,rc,6.1,1.79069e+09,-2.93262,45,0.211351
6.101,4,0,nan,nan,nan,nan,0.766992,3.03687,2.93063,5.46807,5.96843,33,27,rc,6.101,1.79069e+09,-2.9439,45,0.211188
6.102,4,0,nan,nan,nan,nan,0.766992,3.03687,2.95194,5.46807,5.96862,33,27,rc,6.102,1.79069e+09,-2.95518,45,0.211005
6.103,4,0,nan,nan,nan,nan,0.812109,2.96881,2.94448,5.47401,5.96872,33,27,rc,6.103,1.79069e+09,-2.93262,45,0.210802
6.104,4,0,nan,nan,nan,nan,0.812109,2.96881,2.93489,5.47401,5.96882,33,27,rc,6.104,1.79069e+09,-2.9439,45,0.210601
6.105,4,0,nan,nan,nan,nan,0.913623,2.92168,2.94342,5.47986,5.96891,33,27,rc,6.105,1.79069e+09,-2.97773,45,0.21038
6.106,4,0,nan,nan,nan,nan,0.913623,2.92168,2.94448,5.47986,5.96901,33,27,rc,6.106,1.79069e+09,-3.00029,45,0.210173
6.107,4,0,nan,nan,nan,nan,0.97002,2.99149,2.97005,5.4858,5.9691,33,27,rc,6.107,1.79069e+09,-3.01157,45,0.209963
6.108,4,0,nan,nan,nan,nan,0.97002,2.99149,2.94022,5.4858,5.9691,33,27,rc,6.108,1.79069e+09,-3.04541,45,0.209752
6.109,4,0,nan,nan,nan,nan,0.891064,3.10494,2.93915,5.49203,5.9692,33,27,rc,6.109,1.79069e+09,-3.03413,45,0.209532
6.11,4,0,nan,nan,nan,nan,0.891064,3.10494,2.93809,5.49203,5.9692,33,27,rc,6.11,1.79069e+09,-3.04541,45,0.209295
6.111,4,0,nan,nan,nan,nan,0.981299,3.05433,2.93809,5.49817,5.96929,33,27,rc,6.111,1.79069e+09,-3.04541,45,0.209065
6.112,4,0,nan,nan,nan,nan,0.981299,3.05433,2.94022,5.49817,5.96939,33,27,rc,6.112,1.79069e+09,-3.09053,45,0.208842
6.113,4,0,nan,nan,nan,nan,0.981299,2.95484,2.95833,5.50411,5.96949,33,27,rc,6.113,1.79069e+09,-3.11309,45,0.208624
6.114,4,0,nan,nan,nan,nan,0.981299,2.95484,2.96898,5.50411,5.96958,33,27,rc,6.114,1.79069e+09,-3.10181,45,0.208382
6.115,4,0,nan,nan,nan,nan,1.01514,3.00022,2.94555,5.51015,5.96977,33,27,rc,6.115,1.79069e+09,-3.13564,45,0.20814
6.116,4,0,nan,nan,nan,nan,1.01514,3.00022,2.95833,5.51015,5.96997,33,27,rc,6.116,1.79069e+09,-3.1582,45,0.207977
6.117,4,0,nan,nan,nan,nan,0.755713,3.02815,2.93276,5.51619,5.97016,33,27,rc,6.117,1.79069e+09,-3.13564,45,0.207783
6.118,4,0,nan,nan,nan,nan,0.755713,3.02815,2.92531,5.51619,5.97025,33,27,rc,6.118,1.79069e+09,-3.09053,45,0.207599
6.119,4,0,nan,nan,nan,nan,0.812109,3.02466,2.95513,5.52223,5.97044,33,27,rc,6.119,1.79069e+09,-3.12437,45,0.207391
6.12,4,0,nan,nan,nan,nan,0.812109,3.02466,2.9562,5.52223,5.97073,33,27,rc,6.12,1.79069e+09,-3.11309,45,0.207165
6.121,4,0,nan,nan,nan,nan,1.12793,2.99498,2.96153,5.52818,5.97092,33,27,rc,6.121,1.79069e+09,-3.12437,45,0.206977
6.122,4,0,nan,nan,nan,nan,1.12793,2.99498,2.94768,5.52818,5.97112,33,27,rc,6.122,1.79069e+09,-3.12437,45,0.206789
6.123,4,0,nan,nan,nan,nan,0.947461,3.01593,2.953,5.53422,5.97131,33,27,rc,6.123,1.79069e+09,-3.11309,45,0.206639
6.124,4,0,nan,nan,nan,nan,0.947461,3.01593,2.96153,5.53422,5.9715,33,27,rc,6.124,1.79069e+09,-3.06797,45,0.206467
6.125,4,0,nan,nan,nan,nan,1.06025,2.99324,2.95833,5.54026,5.97169,33,27,rc,6.125,1.79069e+09,-3.04541,45,0.206279
6.126,4,0,nan,nan,nan,nan,1.06025,2.99324,2.92744,5.54026,5.97188,33,27,rc,6.126,1.79069e+09,-3.06797,45,0.206126
6.127,4,0,nan,nan,nan,nan,0.868506,3.05782,2.91998,5.54668,5.97217,33,27,rc,6.127,1.79069e+09,-3.04541,45,0.205972
6.128,4,0,nan,nan,nan,nan,0.868506,3.05782,2.94555,5.54668,5.97236,33,27,rc,6.128,1.79069e+09,-3.02285,45,0.205824
6.129,4,0,nan,nan,nan,nan,1.08281,3.04734,2.95194,5.55244,5.97255,33,27,rc,6.129,1.79069e+09,-2.97773,45,0.205683
6.13,4,0,nan,nan,nan,nan,1.08281,3.04734,2.94235,5.55244,5.97275,33,27,rc,6.13,1.79069e+09,-2.95518,45,0.205541
6.131,4,0,nan,nan,nan,nan,1.08281,3.07527,2.91678,5.55895,5.97303,33,27,rc,6.131,1.79069e+09,-2.92134,45,0.20541
6.132,4,0,nan,nan,nan,nan,1.08281,3.07527,2.92957,5.55895,5.97323,33,27,rc,6.132,1.79069e+09,-2.89878,45,0.20527
6.133,4,0,nan,nan,nan,nan,1.08281,3.05084,2.953,5.56509,5.97351,33,27,rc,6.133,1.79069e+09,-2.91006,45,0.205124
6.134,4,0,nan,nan,nan,nan,1.08281,3.05084,2.9775,5.56509,5.9738,33,27,rc,6.134,1.79069e+09,-2.8875,45,0.204965
6.135,4,0,nan,nan,nan,nan,1.27456,3.05433,2.96898,5.57084,5.97409,33,27,rc,6.135,1.79069e+09,-2.91006,45,0.204802
6.136,4,0,nan,nan,nan,nan,1.27456,3.05433,2.96046,5.57084,5.97438,33,27,rc,6.136,1.79069e+09,-2.93262,45,0.204686
6.137,4,0,nan,nan,nan,nan,0.902344,2.99848,2.95833,5.57727,5.97457,33,27,rc,6.137,1.79069e+09,-2.8875,45,0.204579
6.138,4,0,nan,nan,nan,nan,0.902344,2.99848,2.96046,5.57727,5.97486,33,27,rc,6.138,1.79069e+09,-2.84238,45,0.204447
6.139,4,0,nan,nan,nan,nan,1.0377,2.88852,2.97005,5.58273,5.97505,33,27,rc,6.139,1.79069e+09,-2.8311,45,0.204293
6.14,4,0,nan,nan,nan,nan,1.0377,2.88852,2.97857,5.58273,5.97524,33,27,rc,6.14,1.79069e+09,-2.8875,45,0.204154
6.141,4,0,nan,nan,nan,nan,0.834668,2.97928,2.97537,5.58896,5.97543,33,27,rc,6.141,1.79069e+09,-2.8875,45,0.204005
6.142,4,0,nan,nan,nan,nan,0.834668,2.97928,2.98177,5.58896,5.97562,33,27,rc,6.142,1.79069e+09,-2.87622,45,0.203827
6.143,4,0,nan,nan,nan,nan,0.64292,3.07178,2.96898,5.59472,5.97581,33,27,rc,6.143,1.79069e+09,-2.8875,45,0.203653
6.144,4,0,nan,nan,nan,nan,0.64292,3.07178,2.97964,5.59472,5.97591,33,27,rc,6.144,1.79069e+09,-2.89878,45,0.203498
6.145,4,0,nan,nan,nan,nan,0.744434,3.08574,2.97964,5.60133,5.97601,33,27,rc,6.145,1.79069e+09,-2.8875,45,0.203318
6.146,4,0,nan,nan,nan,nan,0.744434,3.08574,2.97005,5.60133,5.9761,33,27,rc,6.146,1.79069e+09,-2.87622,45,0.203148
6.147,4,0,nan,nan,nan,nan,0.823389,3.02116,2.953,5.60737,5.9762,33,27,rc,6.147,1.79069e+09,-2.89878,45,0.202955
6.148,4,0,nan,nan,nan,nan,0.823389,3.02116,2.95407,5.60737,5.9762,33,27,rc,6.148,1.79069e+09,-2.93262,45,0.202783
6.149,4,0,nan,nan,nan,nan,0.834668,2.98626,2.95407,5.61332,5.97629,33,27,rc,6.149,1.79069e+09,-2.9439,45,0.202614
6.15,4,0,nan,nan,nan,nan,0.834668,2.98626,2.9562,5.61332,5.97629,33,27,rc,6.15,1.79069e+09,-2.93262,45,0.202432
6.151,4,0,nan,nan,nan,nan,0.879785,3.03338,2.9775,5.61945,5.97639,33,27,rc,6.151,1.79069e+09,-3.00029,45,0.202262
6.152,4,0,nan,nan,nan,nan,0.879785,3.03338,2.97431,5.61945,5.97639,33,27,rc,6.152,1.79069e+09,-2.95518,45,0.202079
6.153,4,0,nan,nan,nan,nan,0.879785,3.05433,2.94555,5.62549,5.97649,33,27,rc,6.153,1.79069e+09,-3.04541,45,0.201907
6.154,4,0,nan,nan,nan,nan,0.879785,3.05433,2.96685,5.62549,5.97658,33,27,rc,6.154,1.79069e+09,-2.97773,45,0.201725
6.155,4,0,nan,nan,nan,nan,0.902344,2.99673,2.9775,5.63115,5.97668,33,27,rc,6.155,1.79069e+09,-2.97773,45,0.201526
6.156,4,0,nan,nan,nan,nan,0.902344,2.99673,2.98177,5.63115,5.97677,33,27,rc,6.156,1.79069e+09,-3.00029,45,0.201359
6.157,4,0,nan,nan,nan,nan,0.913623,2.92343,2.97964,5.637,5.97696,33,27,rc,6.157,1.79069e+09,-3.01157,45,0.201211
6.158,4,0,nan,nan,nan,nan,0.913623,2.92343,2.96366,5.637,5.97706,33,27,rc,6.158,1.79069e+09,-2.97773,45,0.20104
6.159,4,0,nan,nan,nan,nan,0.710596,2.97404,2.96259,5.64294,5.97725,33,27,rc,6.159,1.79069e+09,-2.97773,45,0.200889
6.16,4,0,nan,nan,nan,nan,0.710596,2.97404,2.96472,5.64294,5.97744,33,27,rc,6.16,1.79069e+09,-2.96646,45,0.200708
6.161,4,0,nan,nan,nan,nan,0.778271,3.0648,2.94342,5.64908,5.97754,33,27,rc,6.161,1.79069e+09,-2.96646,45,0.200521
6.162,4,0,nan,nan,nan,nan,0.778271,3.0648,2.93702,5.64908,5.97773,33,27,rc,6.162,1.79069e+09,-3.00029,45,0.200366
6.163,4,0,nan,nan,nan,nan,0.845947,3.12938,2.94874,5.65531,5.97792,33,27,rc,6.163,1.79069e+09,-2.97773,45,0.200224
6.164,4,0,nan,nan,nan,nan,0.845947,3.12938,2.94555,5.65531,5.97811,33,27,rc,6.164,1.79069e+09,-2.9439,45,0.200089
6.165,4,0,nan,nan,nan,nan,1.16177,3.03687,2.95726,5.66183,5.97821,33,27,rc,6.165,1.79069e+09,-2.92134,45,0.19997
6.166,4,0,nan,nan,nan,nan,1.16177,3.03687,2.95833,5.66183,5.9784,33,27,rc,6.166,1.79069e+09,-3.01157,45,0.199882
6.167,4,0,nan,nan,nan,nan,1.18433,3.05433,2.95407,5.66787,5.97859,33,27,rc,6.167,1.79069e+09,-2.86494,45,0.199742
6.168,4,0,nan,nan,nan,nan,1.18433,3.05433,2.96366,5.66787,5.97879,33,27,rc,6.168,1.79069e+09,-2.86494,45,0.199601
6.169,4,0,nan,nan,nan,nan,1.09409,2.98451,2.95939,5.67391,5.97898,33,27,rc,6.169,1.79069e+09,-3.03413,45,0.199506
6.17,4,0,nan,nan,nan,nan,1.09409,2.98451,2.96792,5.67391,5.97917,33,27,rc,6.17,1.79069e+09,-2.89878,45,0.199387
6.171,4,0,nan,nan,nan,nan,1.06025,2.97055,2.97431,5.67947,5.97936,33,27,rc,6.171,1.79069e+09,-2.85366,45,0.199286
6.172,4,0,nan,nan,nan,nan,1.06025,2.97055,2.96579,5.67947,5.97955,33,27,rc,6.172,1.79069e+09,-2.86494,45,0.199187
6.173,4,0,nan,nan,nan,nan,1.00386,2.91994,2.98922,5.68608,5.97974,33,27,rc,6.173,1.79069e+09,-2.80854,45,0.199088
6.174,4,0,nan,nan,nan,nan,1.00386,2.91994,2.96685,5.68608,5.98003,33,27,rc,6.174,1.79069e+09,-2.91006,45,0.198972
6.175,4,0,nan,nan,nan,nan,0.924902,2.96182,2.97964,5.69203,5.98022,33,27,rc,6.175,1.79069e+09,-2.89878,45,0.198851
6.176,4,0,nan,nan,nan,nan,0.924902,2.96182,2.97964,5.69203,5.98042,33,27,rc,6.176,1.79069e+09,-2.76343,45,0.19872
6.177,4,0,nan,nan,nan,nan,0.97002,3.0648,2.97431,5.69778,5.98061,33,27,rc,6.177,1.79069e+09,-2.79727,45,0.198624
6.178,4,0,nan,nan,nan,nan,0.97002,3.0648,2.97005,5.69778,5.9808,33,27,rc,6.178,1.79069e+09,-2.89878,45,0.198525
6.179,4,0,nan,nan,nan,nan,0.936182,3.11018,2.96792,5.70392,5.98109,33,27,rc,6.179,1.79069e+09,-2.71831,45,0.198396
6.18,4,0,nan,nan,nan,nan,0.936182,3.11018,2.98177,5.70392,5.98128,33,27,rc,6.18,1.79069e+09,-2.70703,45,0.198265
6.181,4,0,nan,nan,nan,nan,1.04897,2.988,2.97431,5.70996,5.98157,33,27,rc,6.181,1.79069e+09,-2.75215,45,0.198136
6.182,4,0,nan,nan,nan,nan,1.04897,2.988,2.97857,5.70996,5.98176,33,27,rc,6.182,1.79069e+09,-2.75215,45,0.197999
6.183,4,0,nan,nan,nan,nan,0.924902,2.90423,2.9807,5.7158,5.98195,33,27,rc,6.183,1.79069e+09,-2.77471,45,0.197874
6.184,4,0,nan,nan,nan,nan,0.924902,2.90423,2.9775,5.7158,5.98224,33,27,rc,6.184,1.79069e+09,-2.76343,45,0.197741
6.185,4,0,nan,nan,nan,nan,0.812109,2.91819,3.00094,5.72165,5.98243,33,27,rc,6.185,1.79069e+09,-2.75215,45,0.197574
6.186,4,0,nan,nan,nan,nan,0.812109,2.91819,2.99668,5.72165,5.98253,33,27,rc,6.186,1.79069e+09,-2.76343,45,0.19741
6.187,4,0,nan,nan,nan,nan,0.834668,3.04036,2.96259,5.72769,5.98272,33,27,rc,6.187,1.79069e+09,-2.80854,45,0.19726
6.188,4,0,nan,nan,nan,nan,0.834668,3.04036,2.97537,5.72769,5.98291,33,27,rc,6.188,1.79069e+09,-2.84238,45,0.197077
6.189,4,0,nan,nan,nan,nan,0.654199,3.06654,2.99668,5.73383,5.983,33,27,rc,6.189,1.79069e+09,-2.77471,45,0.196869
6.19,4,0,nan,nan,nan,nan,0.654199,3.06654,2.98496,5.73383,5.9831,33,27,rc,6.19,1.79069e+09,-2.97773,45,0.196668
6.191,4,0,nan,nan,nan,nan,0.891064,3.01593,2.96898,5.73987,5.9832,33,27,rc,6.191,1.79069e+09,-2.85366,45,0.196484
6.192,4,0,nan,nan,nan,nan,0.891064,3.01593,2.96898,5.73987,5.98329,33,27,rc,6.192,1.79069e+09,-2.86494,45,0.196306
6.193,4,0,nan,nan,nan,nan,0.778271,3.04385,2.98177,5.74591,5.98339,33,27,rc,6.193,1.79069e+09,-2.84238,45,0.196106
